bus_number,P_output,Q_output,voltage_mag,gen_status,P_max,P_min
9,57.7175368586197,25.4340401824557,1,1,57.7175368586197,0
12,18.4372838520904,-16.2509356303441,1,1,132.923761610294,0
13,31.7801779833513,79.8604053368764,1,1,31.7801779833513,0
14,10.7000726693002,176.107609886439,1,1,10.7000726693002,0
21,836.21735363032,-143.488168489788,1,1,836.21735363032,0
22,0.0,0.0,1,0,371.263733841729,0
23,346.475127263271,-75.6120973018326,1,1,346.475127263271,0
27,137.173057945701,-53.8412923508319,1,1,545.259635133966,0
35,73.2229338591518,27.1640171341697,1,1,73.2229338591518,0
37,4.34456639389809,-209.441144279835,1,1,21.8505586165858,0
39,354.007064872733,-20.2199126894924,1,1,354.007064872733,0
41,2733.69058682244,192.235090486176,1,1,2609.71786901827,0
42,3.34323695524039,-11.1614497260994,1,1,3.34323695524039,0
45,34.7417266097794,28.3810783122001,1,1,34.7417266097794,0
46,44.2303083556283,60.1961559140725,1,1,44.2303083556283,0
48,214.522870862163,-21.5296496209442,1,1,416.203410163711,0
49,112.049820054356,5.48600926683025,1,1,112.049820054356,0
53,0.0,0.0,1,0,1018.22259817054,0
58,316.768742105603,377.506495355111,1,1,316.768742105603,0
59,223.092586772377,-0.419685619413335,1,1,244.599652930977,0
66,58.3493446168503,54.7446571080443,1,1,58.3493446168503,0
68,41.1229084217367,394.76773474348,1,1,41.1229084217367,0
69,93.4491588782412,-13.8252686057311,1,1,93.4491588782412,0
83,0.0,0.0,1,0,707.218097566008,0
88,0.0,0.0,1,0,823.126254617025,0
95,0.0,0.0,1,0,717.8838287691,0
105,2.95935197873003,144.301832070489,1,1,11.8425635080771,0
107,109.734248654243,-3.42669100428167,1,1,109.734248654243,0
111,260.220000051473,-39.1442337063977,1,1,298.356764709042,0
114,87.6408968742222,-67.5027498124972,1,1,87.6408968742222,0
117,101.88283945383,47.2963634635691,1,1,101.88283945383,0
