bus_number,P_output,Q_output,voltage_mag,gen_status,P_max,P_min
17,141.506118243965,-5.03891391884707,1,1,370.834351558566,0
18,80.9607547145175,134.605463940529,1,1,80.9607547145175,0
19,29.793904305316,348.955676036406,1,1,29.793904305316,0
20,157.736765621108,-41.9957012447296,1,1,277.488080878326,0
33,1918.49101535972,-221.84917059044,1,1,1816.42080112483,0
35,215.913018315651,-34.7355322249746,1,1,215.913018315651,0
36,8.38436247169052,-220.175114730678,1,1,65.1587616225499,0
38,1380.64290360983,-176.100584468317,1,1,1380.64290360983,0
41,1269.85495697209,171.580763103009,1,1,1269.85495697209,0
42,0.0,0.0,1,0,170.413314155531,0
47,11.0445134681233,75.5725709205478,1,1,36.8721308764186,0
51,681.555614876352,128.723461437539,1,1,681.555614876352,0
55,0.0,0.0,1,0,432.4768276563,0
61,0.0,0.0,1,0,990.144097466135,0
64,0.0,0.0,1,0,177.029241266964,0
68,0.0,0.0,1,0,434.299480360283,0
69,127.88267362202,13.9867114708014,1,1,138.962782384956,0
71,485.164574999318,94.2337449731944,1,1,485.164574999318,0
84,98.9660600458707,70.314896143257,1,1,136.817635069557,0
87,0.0,0.0,1,0,126.461734909762,0
92,0.0,0.0,1,0,437.302305463206,0
93,66.5160364441649,96.0934566554741,1,1,66.5160364441649,0
94,0.0,0.0,1,0,155.366047171709,0
96,0.0,0.0,1,0,408.159943386313,0
109,121.099005744107,-12.3767556156264,1,1,146.673574561274,0
115,3.05188852167925,41.1115711528325,1,1,100.619352621889,0
