bus_number,P_output,Q_output,voltage_mag,gen_status,P_max,P_min
7,2249.06910147939,-212.791118271184,1,1,1803.95201604577,0
8,452.904992041496,-6.31957338702985,1,1,452.904992041496,0
9,74.9835173587242,90.9589871421307,1,1,209.949135696346,0
14,81.47973005406,345.70346535793,1,1,184.587674983191,0
15,0.0,0.0,1,0,384.795956347019,0
28,0.0,0.0,1,0,333.300896473518,0
34,63.16357966933,6.53156989412764,1,1,121.013203206558,0
37,0.0,0.0,1,0,312.766664578705,0
43,1.02651090518983,318.267705976591,1,1,152.257103629057,0
46,1451.80728681776,-440.307815221177,1,1,1451.80728681776,0
50,486.578290864733,105.98272694009,1,1,486.578290864733,0
59,73.4241812100855,86.7263165732381,1,1,135.44086196402,0
66,51.1132160338162,236.490402331692,1,1,81.9782064478103,0
68,46.7585219832471,108.049275649399,1,1,62.7705865200141,0
77,10.5567049255429,38.4947618303731,1,1,66.2843832710404,0
81,0.0,0.0,1,0,980.450841215189,0
84,0.0,0.0,1,0,535.76472249449,0
90,531.41745681587,-48.9879366777502,1,1,531.41745681587,0
92,685.871678259801,-27.1797828573942,1,1,685.871678259801,0
96,45.0314766070477,252.02122929998,1,1,66.9098863335524,0
99,5.29058732384684,267.69996697929,1,1,26.8608095278237,0
101,5.22394503616726,-170.272127316598,1,1,6.00089748724743,0
105,0.0,0.0,1,0,336.362381646417,0
106,31.9814007791132,131.313899323083,1,1,69.5620452722922,0
108,0.0,0.0,1,0,339.929698553978,0
113,0.0,0.0,1,0,43.7259019590584,0
118,768.658648319048,106.486947169787,1,1,768.658648319048,0
