bus_number,P_output,Q_output,voltage_mag,gen_status,P_max,P_min
51,129.063997965337,-19.6699556930027,1.02021175203887,1,161.25,37.47
28,10.11,-0.899957145084681,1.01587060837634,1,10.11,10.11
28,23.1,-1.80995715282906,1.01587060837634,1,23.1,23.1
28,35.59,-1.80995715282906,1.01587060837634,1,35.59,35.59
33,0.549999226784936,-0.0299617479743231,1.02736771417152,1,0.55,0.26
33,0.549999226830279,-0.0299617479743231,1.02736771417152,1,0.55,0.15
36,7.49999922445767,0.0,1.02925858307699,1,7.5,1.12
6,229.499998520772,-25.4699560931319,1.02191055175,1,229.5,74.82
35,14.5999987878257,-1.61995967164333,1.02186602418603,1,14.6,3.99
5,111.031263316703,-25.2299564736024,1.02111273044131,1,206.8,43.26
