bus_number,P_output,Q_output,voltage_mag,gen_status,P_max,P_min
7,43.86001071252,-20.3980482861281,0.978871660182086,1,183.77,43.86
36,22.6400033309348,-8.41840365944127,0.979865174056385,1,69.0,22.64
55,0.269991322616179,-0.0287857271441207,0.983165908966233,1,0.27,0.05
55,0.269991315445185,-0.0287857271441207,0.983165908966233,1,0.27,0.13
55,0.269991322208435,-0.0287857271441207,0.983165908966233,1,0.27,0.06
18,9.13001302531564,-3.53850569387399,0.981208145861397,1,31.9,9.13
44,505.304543019952,-98.8179871416533,0.979227183868013,1,1205.1,194.33
