bus_number,P_output,Q_output,voltage_mag,gen_status,P_max,P_min
53,181.36999938946,-20.1283373755797,1.04551051491034,1,181.37,54.41
9,6.09999955667925,-0.299553776082329,1.04341417100122,1,6.1,1.84
9,6.09999955667911,-0.299553776082329,1.04341417100122,1,6.1,1.97
40,30.9999995562929,-1.51970519684221,1.04481733479946,1,31.0,3.81
27,203.51208752193,-19.434814829035,1.04093753628418,1,271.78,115.72
16,175.799999355266,-19.5091412851938,1.04107933060374,1,175.8,80.19
