bus_number,P_output,Q_output,voltage_mag,gen_status,P_max,P_min
41,148.999999715351,6.98826643045225,1.01341703631751,1,149.0,29.18
52,1.99999971696874,0.929478342177716,1.00861828569788,1,2.0,0.2
50,115.129999450344,17.479603520593,1.01171983318436,1,115.13,43.85
23,1.99999971696798,0.92948605002432,1.0086057469578,1,2.0,0.75
23,1.99999971696919,0.92948605002432,1.0086057469578,1,2.0,0.3
40,35.4999996479943,17.6665481126731,1.0130687286074,1,35.5,15.1
45,23.3999997163958,8.95861379669124,1.01149430398358,1,23.4,11.66
34,328.856821770399,58.8891436500235,1.0134071811409,1,429.3,154.55
