bus_number,P_output,Q_output,voltage_mag,gen_status,P_max,P_min
36,186.329999800452,30.3861473679079,1.04829734815601,1,186.33,28.35
46,125.249999815831,63.7497958664923,1.04784274110138,1,125.25,30.88
22,132.642607173857,15.8503006437863,1.03528334785156,1,231.0,45.74
12,13.0,4.98998067227286,1.02624955361479,1,13.0,13.0
15,230.829999799641,-10.8079455937765,1.04548839866895,1,230.83,43.57
