bus_number,P_output,Q_output,voltage_mag,gen_status,P_max,P_min
46,44.9999999420248,-2.20971375649947,1.04759672752787,1,45.0,14.92
57,130.66,-9.17853362873532,1.04980483195408,1,130.66,130.66
1,8.02000044975318,1.14591379736783,1.04669605432033,1,29.38,8.02
1,29.3799884259338,1.14591379736783,1.04669605432033,1,29.38,10.91
1,21.2419027265021,1.14591379736783,1.04669605432033,1,29.38,13.0
1,23.2615257213832,1.14591379736783,1.04669605432033,1,29.38,5.16
1,6.52000075331343,1.14591379736783,1.04669605432033,1,29.38,6.52
54,190.049999802145,5.47500105389587,1.04735806623061,1,190.05,90.68
34,78.6548161084151,-1.63695527659503,1.04763907405816,1,99.92,27.44
34,24.8100018819351,-1.63695527659503,1.04763907405816,1,99.92,24.81
34,64.1688910610812,-1.63695527659503,1.04763907405816,1,99.92,16.29
34,35.8300062834225,-1.63695527659503,1.04763907405816,1,99.92,35.83
34,40.7086268643425,-1.63695527659503,1.04763907405816,1,99.92,29.96
34,42.950001776517,-1.63695527659503,1.04763907405816,1,99.92,42.95
