bus_number,P_output,Q_output,voltage_mag,gen_status,P_max,P_min
18,105.999992762701,-15.2591635402619,1.01913391302992,1,106.0,33.9
8,39.7055740168781,-4.53913044919863,1.01917428192407,1,40.87,10.22
56,92.5400708954814,-34.239090734129,1.01871050923609,1,308.47,92.54
42,2.0700755415363,-1.03912529507849,1.0258144434303,1,9.33,2.07
42,18.3698717933002,-2.03914803593086,1.0258144434303,1,18.37,2.76
42,18.3697420391115,-2.03914803593086,1.0258144434303,1,18.37,5.7
42,2.88005248163601,-2.03914803593086,1.0258144434303,1,18.37,2.88
52,323.999992713017,-15.8791563501221,1.02589259230164,1,324.0,87.91
