bus_number,P_output,Q_output,voltage_mag,gen_status,P_max,P_min
16,26.5999994699743,7.38227071232003,1.04293231322459,1,26.6,7.6
8,158.999999469874,31.3303287233047,1.04394476340721,1,159.0,54.49
17,35.7999948215844,2.54521638944907,1.04332437869742,1,35.8,16.25
17,25.9547252861794,2.54521638944907,1.04332437869742,1,35.8,12.25
22,67.4600007526111,6.37390419252387,1.04280295087834,1,260.1,67.46
14,60.4999952967292,8.12982757642569,1.04233932262088,1,60.5,15.21
14,60.4999101057343,8.12982757642569,1.04233932262088,1,60.5,6.56
14,60.4999936351989,8.12982757642569,1.04233932262088,1,60.5,24.58
14,60.4999893649331,8.12982757642569,1.04233932262088,1,60.5,18.06
14,15.7000097097803,8.12982757642569,1.04233932262088,1,60.5,15.7
14,81.8699912258755,9.53020341289795,1.04233932262088,1,81.87,37.39
14,15.9100073566341,9.53020341289795,1.04233932262088,1,81.87,15.91
14,81.8699433381844,9.53020341289795,1.04233932262088,1,81.87,29.76
