bus_number,P_output,Q_output,voltage_mag,gen_status,P_max,P_min
33,27.14,-1.50450528647548,1.04741629574268,1,27.14,27.14
49,320.329999825702,-27.379222325827,1.04999999218612,1,320.33,140.3
36,143.765704742832,2.39834950357935,1.04783893549265,1,244.92,28.43
10,1.9999999719844,0.429828091675979,1.04472931830063,1,2.0,0.31
53,5.26,-0.349544601264505,1.0476215229023,1,5.26,5.26
