bus_number,P_output,Q_output,voltage_mag,gen_status,P_max,P_min
8,100.829998363428,-11.1856713287814,1.04339069063841,1,100.83,35.23
7,0.999999664673455,-0.119204477316141,1.04333181513724,1,1.0,0.49
7,2.69999966469342,-0.329318969667121,1.04333181513724,1,2.7,0.68
14,230.903338676958,24.7132956367303,1.04411362210474,1,238.93,50.07
45,47.4999988419679,-5.26988911653264,1.04999986410353,1,47.5,8.61
16,120.999998520351,-13.4274352439817,1.04420061471127,1,121.0,51.67
23,22.4800296504137,4.58701717583799,1.0433925011759,1,97.93,10.91
23,46.6000043628017,4.58701717583799,1.0433925011759,1,97.93,46.6
23,35.9200064939732,4.58701717583799,1.0433925011759,1,97.93,35.92
