bus_number,bus_type,P_demand,Q_demand,voltage_mag,voltage_ang
1,1,0.0,0,1,-0.649900102871128
2,2,0.0,0,1,-1.06353462338808
3,1,42.5318919788401,0,1,-1.28858766745223
4,1,494.336896688008,0,1,-0.630901655902639
5,3,0.0,0,1,0.0
6,1,183.290801281182,0,1,-3.44940048822811
7,1,0.0,0,1,-0.796292643942505
8,1,0.0,0,1,-1.71671408769728
9,1,0.0,0,1,-0.0579118727145435
10,1,16.9554545828609,0,1,-0.196985489764183
11,2,0.0,0,1,-0.945630870941204
12,1,0.0,0,1,-0.648555692472097
13,2,0.0,0,1,0.0544410293448977
14,1,0.0,0,1,-1.25096219963131
15,1,0.0,0,1,-0.766114310736759
16,1,0.0,0,1,-0.476374357001678
17,1,0.0,0,1,-1.08578007639315
18,1,458.524723173493,0,1,-1.98787481937394
19,1,767.026539153506,0,1,-3.48380833029577
20,1,0.0,0,1,-1.64627016722139
21,1,0.0,0,1,-1.40834384902532
22,1,0.0,0,1,-2.76603067261904
23,1,0.0,0,1,-2.64733117741249
24,1,0.0,0,1,-3.1288950757104
25,1,0.0,0,1,-2.20545594783778
26,1,0.0,0,1,-2.13561906321459
27,2,0.0,0,1,-2.99859981338311
28,2,0.0,0,1,-3.30788549245471
29,2,0.0,0,1,0.0477171482265294
30,2,0.0,0,1,0.0898321361584336
31,2,0.0,0,1,-1.82004798434018
32,1,46.4140590970848,0,1,-0.0943948644971379
33,2,0.0,0,1,-1.65837753644873
34,1,92.4103670573789,0,1,-2.14915925532646
35,1,0.0,0,1,-1.04603524272325
36,2,0.0,0,1,-2.52419409868646
37,1,0.0,0,1,-0.118487578667096
38,2,0.0,0,1,-1.01625728075447
39,1,132.954322825001,0,1,-3.24334418457818
40,1,0.0,0,1,-0.674170943767645
41,1,0.0,0,1,-1.6268363884388
42,2,0.0,0,1,-2.49230477462726
43,1,206.886886097976,0,1,-2.16912229215024
44,1,2.83924465051241,0,1,-0.948191394162013
45,1,0.0,0,1,-0.451234861692283
46,1,112.787126986166,0,1,-1.42691476961049
47,1,0.0,0,1,-0.692572392553206
48,2,0.0,0,1,-0.470867439678905
49,2,0.0,0,1,-0.649900102871128
50,1,0.0,0,1,-1.9075424274539
51,1,0.0,0,1,-1.03857569320947
52,1,98.5690337947442,0,1,-0.493297255301167
53,1,0.0,0,1,-1.83475991994719
54,1,98.783246115849,0,1,-2.5142038652011
55,1,0.0,0,1,-1.15489843129992
56,2,0.0,0,1,-0.0596587472528025
57,1,0.0,0,1,-0.973063888774801
