bus_number,P_output,Q_output,voltage_mag,gen_status,P_max,P_min
1,370.081785749986,0,1,1,370.081785750549,0
14,138.018578725369,0,1,1,213.603917620966,0
23,511.327519477489,0,1,1,511.327519476942,0
25,58.9965112306113,0,1,1,58.9965112277672,0
26,187.407082989936,0,1,1,218.433892054246,0
31,6.31995146384413,0,1,1,6.31995146730858,0
36,503.792661463398,0,1,1,503.792661463767,0
37,0.0,0,1,0,268.791299221407,0
38,0.0,0,1,0,305.321496667578,0
40,426.94019055136,0,1,1,426.940190552079,0
41,7.06483217833617e-10,0,1,1,345.808904744691,0
44,0.0,0,1,0,232.848877888093,0
46,102.498551117873,0,1,1,337.956638075777,0
48,35.9101207781154,0,1,1,35.9101207864283,0
52,150.154726147059,0,1,1,150.154726145216,0
55,156.984277566384,0,1,1,170.210618063977,0
57,105.878636218577,0,1,1,105.878636217527,0
