bus_number,bus_type,P_demand,Q_demand,voltage_mag,voltage_ang
1,1,0.0,0,1,1.09907785219411
2,1,0.0,0,1,-4.17471847113377
3,1,0.0,0,1,3.15376330610902
4,1,240.478372038853,0,1,-6.69928333606129
5,1,0.0,0,1,0.456290979263747
6,1,0.0,0,1,4.71391125096302
7,1,114.458819136317,0,1,-0.942609969627
8,2,0.0,0,1,1.52383758237891
9,1,14.1078465551671,0,1,-2.98631474409692
10,1,0.0,0,1,5.31806451954838
11,1,0.0,0,1,-1.63366474570534
12,1,117.060342793195,0,1,-3.55514363373742
13,1,0.0,0,1,-3.25247928077699
14,3,0.0,0,1,0.0
15,1,198.412338583418,0,1,-0.82709106944512
16,2,0.0,0,1,-2.77508163017355
17,2,0.0,0,1,-0.21315459498672
18,2,0.0,0,1,-2.69610172249443
19,2,0.0,0,1,-2.23015966676261
20,2,0.0,0,1,6.36173552456598
21,1,98.9383800021562,0,1,6.11644268283688
22,2,0.0,0,1,0.841779763294665
23,1,0.0,0,1,-4.06797544232922
24,1,0.0,0,1,-5.535533968663
25,2,0.0,0,1,-6.69928333606129
26,1,0.0,0,1,-3.63406307267488
27,2,0.0,0,1,-2.18270373538215
28,1,0.0,0,1,-3.59865208300112
29,1,138.491632740338,0,1,-3.17146694481573
30,2,0.0,0,1,6.56189153225482
31,1,0.0,0,1,1.7325151218905
32,1,1030.25605112749,0,1,-5.72449202769567
33,1,0.0,0,1,-4.09836219770077
34,1,0.0,0,1,-2.7313346364121
35,1,0.0,0,1,-2.2399003553358
36,1,45.9918677081707,0,1,-0.678187097046629
37,1,215.120783218373,0,1,-4.25723450198136
38,1,0.0,0,1,1.69251772535739
39,2,0.0,0,1,0.159666664405589
40,1,0.0,0,1,-1.33089355407882
41,1,263.493438488502,0,1,-3.91144864528026
42,1,0.0,0,1,-1.43037928467683
43,2,0.0,0,1,-3.89260979390757
44,1,60.4607715925074,0,1,-5.34521289735639
45,1,0.0,0,1,4.14285369046049
46,2,0.0,0,1,1.14074304819635
47,1,0.0,0,1,-2.8022939504642
48,2,0.0,0,1,-0.0752676185431908
49,1,0.0,0,1,0.736974182610603
50,1,0.0,0,1,0.570471443728004
51,2,0.0,0,1,-0.0319412224417954
52,1,0.0,0,1,-1.17682569780976
53,2,0.0,0,1,-5.69743882460367
54,1,8.80683112598474,0,1,1.92392675413568
55,2,0.0,0,1,-1.54584843078469
56,1,0.0,0,1,1.40906590426183
57,1,75.8061747594897,0,1,-0.602139281704056
