bus_number,P_output,Q_output,voltage_mag,gen_status,P_max,P_min
1,43.8209208544505,0,1,1,43.8209208544505,0
3,716.352613982687,0,1,1,716.352613982687,0
5,0.0,0,1,0,167.893985656489,0
6,153.050590461718,0,1,1,153.050590461718,0
8,4.71972207480033,0,1,1,4.71972207480033,0
14,123.814298734738,0,1,1,123.814298734738,0
15,0.0,0,1,0,462.897577181638,0
17,35.5123318263882,0,1,1,35.5123318263882,0
20,255.234142205553,0,1,1,255.234142205553,0
21,159.4901678724,0,1,1,159.4901678724,0
23,25.4325804843665,0,1,1,162.041942280171,0
27,86.0399578392145,0,1,1,86.0399578392145,0
28,2.6546472402338402e-21,0,1,1,33.007999334017,0
30,0.0,0,1,0,134.129896748199,0
32,271.902161017178,0,1,1,271.902161017178,0
34,0.0,0,1,0,143.54350274145,0
35,0.0,0,1,0,150.233869704219,0
38,57.5675744392183,0,1,1,57.5675744392183,0
39,0.0,0,1,0,66.3498551689739,0
42,342.438480289434,0,1,1,342.438480289434,0
47,79.0240264062152,0,1,1,79.0240264062152,0
49,6.19074576343714,0,1,1,6.19074576343714,0
50,332.045781980046,0,1,1,332.045781980046,0
51,0.0,0,1,0,124.932672081427,0
53,16.7172835524476,0,1,1,16.7172835524476,0
54,25.5039955984249,0,1,1,78.3045087244978,0
56,19.4532180998739,0,1,1,19.4532180998739,0
57,0.0,0,1,0,35.6679204034418,0
