bus_number,P_output,Q_output,voltage_mag,gen_status,P_max,P_min
13,0.0,0,1,0,405.784141627724,0
14,0.0,0,1,0,480.942667425003,0
19,145.602941803081,0,1,1,221.937613869366,0
20,10.8085427057058,0,1,1,10.8085427057066,0
25,0.0,0,1,0,330.530313845045,0
26,852.230183984887,0,1,1,898.452028176884,0
27,-3.3932952522157997e-12,0,1,1,207.748385128705,0
32,248.988672134993,0,1,1,251.698245834738,0
34,136.032394974076,0,1,1,136.032394974075,0
50,0.0,0,1,0,38.1642323418604,0
54,801.435497831475,0,1,1,801.435497831477,0
55,1.54684782067551,0,1,1,1.54684782068373,0
56,557.665512227706,0,1,1,557.665512227707,0
