cost_model,startup,shutdown,n_coefficients,coeff_n,coeff1,coeff0
2,0,0,3,0.0,0.0,0.0
2,0,0,3,0.0043117844983776,49.2218220898909,194.692467087319
2,0,0,3,0.0,0.0,0.0
2,0,0,3,0.0036103425454876,46.1701653019578,3696.63130999063
2,0,0,3,0.0,0.0,0.0
2,0,0,3,0.0025144307798751,35.0577043726641,909.628610048335
2,0,0,3,0.007369453578591,27.9821621141759,404.691702108343
2,0,0,3,0.0,0.0,0.0
2,0,0,3,0.0,0.0,0.0
2,0,0,3,0.0,0.0,0.0
2,0,0,3,0.0,0.0,0.0
2,0,0,3,0.0,0.0,0.0
2,0,0,3,0.0,0.0,0.0
2,0,0,3,0.0024025302320879,35.1228327621238,285.658005633645
2,0,0,3,0.0025893436097941,31.3916408511811,396.185841260464
2,0,0,3,0.0,0.0,0.0
2,0,0,3,0.0,0.0,0.0
2,0,0,3,0.0032368378710095,33.7646088287173,151.972965827268
2,0,0,3,0.0,0.0,0.0
2,0,0,3,0.0060856039469405,23.9739761207283,435.101477896738
2,0,0,3,0.0066114153640822,49.0321576752037,382.677362414396
