bus_number,bus_type,P_demand,Q_demand,voltage_mag,voltage_ang
1,1,99.9333223477598,0,1,-2.37031371306416
2,1,5.03230919876271,0,1,-4.79520087180112
3,1,0.0,0,1,-3.48807865841885
4,2,0.0,0,1,-4.5789350051909
5,1,0.0,0,1,-3.27475162062342
6,1,317.75006171768,0,1,-3.62405331258119
7,1,871.106883766051,0,1,-3.88513530504263
8,2,0.0,0,1,-2.34619014677486
9,1,0.0,0,1,-3.5403225876871
10,1,0.0,0,1,-3.06808124469294
11,2,0.0,0,1,-0.969118411574207
12,1,0.0,0,1,-4.97416038381047
13,1,155.395277998429,0,1,-4.25367210240437
14,1,0.0,0,1,-4.14922746492978
15,1,103.80185948254,0,1,-2.97666373106536
16,1,0.0,0,1,-3.97215308573411
17,2,0.0,0,1,-2.84865384696037
18,1,0.0,0,1,-2.90781896246657
19,1,0.0,0,1,-3.8538188770681
20,1,0.0,0,1,-5.37610366955003
21,2,0.0,0,1,-1.25153615265712
22,1,0.0,0,1,-3.09602333118962
23,1,0.0,0,1,-1.55246917664836
24,2,0.0,0,1,-0.430970227799163
25,1,5.72373434777967,0,1,-2.98355858137051
26,1,10.4186842408711,0,1,-3.95600675854774
27,1,0.0,0,1,-2.71806906337225
28,1,0.0,0,1,-6.12523491854509
29,1,0.0,0,1,-2.24632264317545
30,1,0.0,0,1,-4.68956915951182
31,1,0.0,0,1,-6.5702259075831
32,1,0.0,0,1,-6.84742326671644
33,1,0.0,0,1,-2.38914825523418
34,1,701.967403556775,0,1,-7.27451555350573
35,1,0.0,0,1,-2.98433873187209
36,1,146.571001555439,0,1,-4.4849092406607
37,2,0.0,0,1,-1.61239181469492
38,1,0.0,0,1,-5.99793513144406
39,2,0.0,0,1,-7.09262660745091
40,1,0.0,0,1,-6.59977323089584
41,1,0.0,0,1,-5.91097917465191
42,1,96.4778354699792,0,1,-3.69684264381473
43,1,0.0,0,1,-3.36283663618083
44,2,0.0,0,1,-3.18241396605403
45,1,123.462802285719,0,1,-5.31559278218461
46,1,0.0,0,1,-2.46977299309334
47,1,0.0,0,1,-1.46848793100579
48,2,0.0,0,1,-0.413099402109835
49,1,116.669417514815,0,1,-5.63823097828764
50,1,0.0,0,1,-5.7441062493898
51,1,0.0,0,1,-3.9340011865485
52,1,0.0,0,1,-4.73428555745704
53,1,0.0,0,1,-3.15203840459773
54,3,0.0,0,1,0.0
55,1,0.0,0,1,-2.24670547127302
56,2,0.0,0,1,0.399617865913209
57,2,0.0,0,1,-2.52616313866491
