bus_number,P_output,Q_output,voltage_mag,gen_status,P_max,P_min
1,269.72201596377,0,1,1,269.72201596377,0
2,454.121670759759,0,1,1,569.747885117057,0
7,123.937228419502,0,1,1,358.006001035348,0
9,227.908589229855,0,1,1,237.031938162106,0
10,240.161963993539,0,1,1,272.31941699995,0
12,0.0,0,1,0,93.3541618680366,0
21,432.784403176783,0,1,1,432.784403176784,0
26,380.213151426085,0,1,1,482.354887886236,0
30,347.806248176904,0,1,1,377.964053035599,0
31,2.1010619541288598e-12,0,1,1,199.858409212578,0
33,8.27349072229239e-12,0,1,1,346.95329237489,0
34,-4.47086971402045e-13,0,1,1,256.651266564427,0
44,233.460662665639,0,1,1,319.084046676168,0
50,0.0,0,1,0,46.5459693513707,0
