bus_number,P_output,Q_output,voltage_mag,gen_status,P_max,P_min
6,304.477301280815,0,1,1,304.477301280815,0
7,174.081732267605,0,1,1,174.081732267605,0
8,-1.8070291605491202e-21,0,1,1,108.58338351209,0
9,151.202204775112,0,1,1,151.202204775112,0
11,915.975158883165,0,1,1,915.975158883165,0
14,160.225339763402,0,1,1,302.20636499188,0
20,7.04836237871173e-21,0,1,1,254.908956964173,0
22,0.0,0,1,0,414.871681807976,0
23,0.0,0,1,0,239.311149028899,0
25,49.050835818692,0,1,1,49.050835818692,0
28,182.939554374343,0,1,1,182.939554374343,0
42,59.6486011733329,0,1,1,59.6486011733329,0
43,193.606222244982,0,1,1,246.169687427061,0
44,0.0,0,1,0,37.1350703680279,0
45,222.674626594062,0,1,1,285.375588321012,0
51,169.897564876948,0,1,1,169.897564876948,0
52,96.0729366454397,0,1,1,107.113164881713,0
53,49.4674733243823,0,1,1,49.4674733243823,0
55,24.9910414603611,0,1,1,24.9910414603611,0
