bus_number,bus_type,P_demand,Q_demand,voltage_mag,voltage_ang
1,1,0.0,0,1,-0.182932908850819
2,1,0.0,0,1,-2.8739636991269
3,2,0.0,0,1,-1.50919184361232
4,1,66.4542630223755,0,1,-2.56830274938355
5,2,0.0,0,1,-0.967069633323923
6,1,178.915569220346,0,1,-3.82034435970239
7,3,0.0,0,1,0.0
8,1,0.0,0,1,-1.6798970572772
9,1,565.240734074142,0,1,-3.4987023652104
10,2,0.0,0,1,-0.290769197175324
11,2,0.0,0,1,1.7466470428438
12,1,0.0,0,1,-3.47928610982787
13,2,0.0,0,1,-1.45169370759687
14,2,0.0,0,1,-2.33775540474205
15,1,392.149393806957,0,1,-3.3287923768894
16,2,0.0,0,1,-2.98826860281995
17,2,0.0,0,1,-0.609331388300125
18,2,0.0,0,1,-0.741345500991026
19,1,207.107947569882,0,1,-1.37093837690674
20,1,0.0,0,1,-1.64528745872624
21,2,0.0,0,1,-2.15616491609394
22,1,0.0,0,1,-0.907438523990276
23,1,0.0,0,1,-0.208434414038339
24,2,0.0,0,1,-2.48266934178053
25,1,0.0,0,1,-0.287374576229805
26,1,235.31472453488,0,1,-1.4016052094822
27,1,0.0,0,1,-2.49329705171872
28,2,0.0,0,1,-0.699270037918089
29,2,0.0,0,1,-2.4932970517187
30,1,0.0,0,1,-2.61665745172529
31,1,0.0,0,1,-2.26000825054404
32,2,0.0,0,1,-0.490059046430183
33,2,0.0,0,1,1.44925418884319
34,1,0.0,0,1,-2.81651688469883
35,1,0.0,0,1,-1.98198086223027
36,1,0.0,0,1,-1.99422991932916
37,1,0.0,0,1,-2.47921777597383
38,1,158.847047482002,0,1,-2.90168695369593
39,1,0.0,0,1,-3.36554440066297
40,1,306.502258381241,0,1,-4.52724822489542
41,2,0.0,0,1,-0.301112508297517
42,1,0.0,0,1,-1.7852604782778
43,2,0.0,0,1,-4.04118091746799
44,1,64.6319225409586,0,1,-2.35459059515636
45,1,0.0,0,1,-1.74867688124985
46,2,0.0,0,1,-5.82255097118755
47,2,0.0,0,1,-1.68988299158913
48,1,269.57413325243,0,1,-6.07669861104491
49,1,111.986088541766,0,1,-2.56563360236378
50,2,0.0,0,1,-2.39730665498153
51,1,0.0,0,1,-2.80602847297954
52,1,0.0,0,1,-1.15589768741326
53,1,0.0,0,1,-2.94649930706151
54,1,197.586511055622,0,1,-4.16457016969444
55,2,0.0,0,1,-3.37027784736389
56,1,0.0,0,1,-2.85534371469214
57,1,0.0,0,1,-2.94070685081418
