cost_model,startup,shutdown,n_coefficients,coeff_n,coeff1,coeff0
2,0,0,3,0.0,0.0,0.0
2,0,0,3,0.006388908593384,31.8542327082402,592.019112494116
2,0,0,3,0.005872976897657,48.3576689134926,145.400478470868
2,0,0,3,0.0,0.0,0.0
2,0,0,3,0.0,0.0,0.0
2,0,0,3,0.0042373401421023,40.4866027753177,959.9481211613
2,0,0,3,0.0040568576157647,56.5983908411992,1801.58546476115
2,0,0,3,0.0032675820891577,55.4767405581801,2989.14160495959
2,0,0,3,0.0,0.0,0.0
2,0,0,3,0.0058057576264279,53.7721063223764,153.626355733948
2,0,0,3,0.0,0.0,0.0
2,0,0,3,0.0,0.0,0.0
2,0,0,3,0.0,0.0,0.0
2,0,0,3,0.0,0.0,0.0
