bus_number,bus_type,P_demand,Q_demand,voltage_mag,voltage_ang
1,1,116.242945988445,0,1,-3.29474018218499
2,1,100.025141826069,0,1,-4.32548945915565
3,1,43.4274438332261,0,1,-2.69132727892079
4,2,0.0,0,1,-0.517475716033591
5,2,0.0,0,1,-2.62644752308561
6,1,50.2114752215371,0,1,-1.04131046322363
7,1,190.96031977956,0,1,-2.46735419079758
8,2,0.0,0,1,-0.762525975916987
9,2,0.0,0,1,-0.822807188583939
10,1,179.124236374081,0,1,-1.74848359524762
11,1,129.525132527538,0,1,-0.0961449309888409
12,1,754.692551867918,0,1,-2.04341361876697
13,1,0.0,0,1,-1.02160046755532
14,1,0.0,0,1,-1.70943690689493
15,1,0.0,0,1,-1.67976881860342
16,3,0.0,0,1,0.0
17,2,0.0,0,1,-0.968496456557443
18,2,0.0,0,1,-0.168659273949548
19,1,0.0,0,1,-1.20337580296921
20,2,0.0,0,1,-1.50425336289608
21,1,0.0,0,1,-1.43420603547461
22,1,0.0,0,1,-0.577173960241573
23,2,0.0,0,1,-0.968496456557443
24,1,0.0,0,1,0.103790792583418
25,1,0.0,0,1,-1.19463836048633
26,1,5.22331420212521,0,1,-2.52533652810489
27,1,0.0,0,1,-0.817843708674793
28,1,0.0,0,1,-2.53328934029644
29,2,0.0,0,1,1.14615340083336
30,1,91.7527739758156,0,1,-0.31144996984015
31,1,0.0,0,1,-1.10427274182822
32,1,0.0,0,1,-3.31611548763619
33,2,0.0,0,1,0.103790792583418
34,1,0.0,0,1,-1.20565308152411
35,1,0.0,0,1,-1.63928575094532
36,2,0.0,0,1,-0.68988038517207
37,1,0.0,0,1,-2.28012317542286
38,1,0.0,0,1,-1.32619762325565
39,1,0.0,0,1,-2.85358348764345
40,2,0.0,0,1,5.23130459274446
41,2,0.0,0,1,-3.44549105971718
42,1,0.0,0,1,-1.83759632960279
43,1,145.192133939403,0,1,-6.30567339500414
44,1,378.440209890183,0,1,-3.86708188752326
45,1,0.0,0,1,-1.01357339876654
46,1,0.0,0,1,-5.13922999549354
47,1,77.9980981218844,0,1,-5.58169422265749
48,1,0.0,0,1,-4.50776029903771
49,1,0.0,0,1,-3.48620254144998
50,1,250.17854964037,0,1,-5.16072350502509
51,1,241.316266294446,0,1,-6.51845273836574
52,1,0.0,0,1,-2.67534195111186
53,2,0.0,0,1,-4.29106619640118
54,2,0.0,0,1,-2.95279674826476
55,1,0.0,0,1,-3.74387332825302
56,1,0.0,0,1,-3.64867376389619
57,2,0.0,0,1,-1.34801046030642
