bus_number,P_output,Q_output,voltage_mag,gen_status,P_max,P_min
6,0.0,0,1,0,346.507336572696,0
7,173.722492788024,0,1,1,173.722492788024,0
9,712.826273633922,0,1,1,712.826273633922,0
13,56.815619667396,0,1,1,56.815619667396,0
18,427.985043481013,0,1,1,427.985043481013,0
22,135.706964612885,0,1,1,135.706964612885,0
28,406.152287730909,0,1,1,854.322954856341,0
33,6.23517613818174,0,1,1,6.23517613818174,0
36,0.0,0,1,0,264.772039529707,0
40,2.12463487828454e-21,0,1,1,39.8586461233401,0
41,594.080227157861,0,1,1,594.080227157861,0
50,0.0,0,1,0,248.996302819891,0
53,240.786508272415,0,1,1,240.786508272415,0
54,0.0,0,1,0,115.825394404395,0
57,5.10517457452756e-22,0,1,1,43.8827629949564,0
