bus_number,P_output,Q_output,voltage_mag,gen_status,P_max,P_min
2,0.0,0,1,0,244.987582980845,0
14,822.610664510501,0,1,1,822.610664510501,0
17,507.691154253031,0,1,1,731.364980034969,0
19,9.11166169194694,0,1,1,9.11166169194694,0
21,0.0,0,1,0,440.794436660615,0
25,0.0,0,1,0,272.187563330821,0
27,334.262176629761,0,1,1,334.262176629761,0
33,0.0,0,1,0,234.817055276003,0
37,0.0,0,1,0,91.6066899114962,0
39,608.849866493931,0,1,1,608.849866493931,0
40,191.243885007539,0,1,1,191.243885007539,0
42,186.470633988715,0,1,1,186.470633988715,0
47,53.6578054545354,0,1,1,53.6578054545354,0
50,14.6451545255425,0,1,1,14.6451545255425,0
52,1.4732943368505,0,1,1,1.4732943368505,0
55,6.04090409817517,0,1,1,6.04090409817517,0
56,18.2533924920727,0,1,1,18.2533924920727,0
