cost_model,startup,shutdown,n_coefficients,coeff_n,coeff1,coeff0
2,0,0,3,0.0,0.0,0.0
2,0,0,3,0.0035732570951935,48.0031084976115,3664.70214825642
2,0,0,3,0.0067454711081562,27.7731791696602,45.2440264689658
2,0,0,3,0.0,0.0,0.0
2,0,0,3,0.0,0.0,0.0
2,0,0,3,0.0,0.0,0.0
2,0,0,3,0.0074004312259449,31.8901068637597,1862.32808395235
2,0,0,3,0.0042576889028665,35.6735071214074,2213.28956337804
2,0,0,3,0.0027538478308836,43.8706813643928,148.340500113651
2,0,0,3,0.0,0.0,0.0
2,0,0,3,0.0,0.0,0.0
2,0,0,3,0.0,0.0,0.0
2,0,0,3,0.0,0.0,0.0
2,0,0,3,0.0068581297991964,46.3885398722234,548.005857341204
