bus_number,bus_type,P_demand,Q_demand,voltage_mag,voltage_ang
1,1,0.0,0,1,-1.19907740885714
2,1,0.0,0,1,-2.561218036027
3,1,0.0,0,1,0.0308888182239493
4,1,482.005070931514,0,1,-3.47224966351237
5,1,347.019398533002,0,1,-1.71808675442702
6,1,0.0,0,1,3.41757456545521
7,1,262.406286565991,0,1,-3.01957624619655
8,1,250.690269143641,0,1,-3.78239172476675
9,1,0.0,0,1,-2.53160841798879
10,1,0.0,0,1,-2.94703978034739
11,1,193.922189731043,0,1,-0.960202083384277
12,2,0.0,0,1,0.231539715504401
13,1,27.0780191221625,0,1,-2.03197282605388
14,2,0.0,0,1,-3.26817839833469
15,3,0.0,0,1,0.0
16,1,0.0,0,1,-1.89997500558433
17,1,0.0,0,1,-0.567144231249096
18,1,79.3031641586066,0,1,-1.23602907470548
19,2,0.0,0,1,-0.267405891712802
20,2,0.0,0,1,0.200123117903435
21,2,0.0,0,1,-0.429504225657516
22,1,299.467409671596,0,1,-1.15976899691108
23,1,0.0,0,1,-1.24533446056225
24,1,160.992309929611,0,1,-0.162570676634833
25,1,41.7552834035105,0,1,-1.07945882031812
26,1,0.0,0,1,-1.51181675744927
27,1,0.0,0,1,-0.740583528721833
28,1,80.6242199388793,0,1,-2.91556075814311
29,2,0.0,0,1,6.50517190466471
30,1,0.0,0,1,-0.76567756524113
31,1,0.0,0,1,-1.05919003616859
32,1,0.0,0,1,-0.910392629443232
33,2,0.0,0,1,-1.0458431977686
34,1,211.345401566508,0,1,-2.70417627262368
35,1,0.0,0,1,-0.978453548337412
36,2,0.0,0,1,-1.2343669318792
37,1,0.0,0,1,-1.13848203873959
38,2,0.0,0,1,-1.45604970770867
39,1,0.0,0,1,-1.80553137511136
40,1,36.2212003917498,0,1,-2.09342503666943
41,2,0.0,0,1,-1.72033752361478
42,1,0.0,0,1,-1.61319238611667
43,1,0.0,0,1,-2.05847305204529
44,2,0.0,0,1,0.835164283647806
45,1,10.7109112748316,0,1,-1.73325380554333
46,1,232.543260969143,0,1,-2.90390975504296
47,2,0.0,0,1,-1.78724837550333
48,1,0.0,0,1,-1.84271797779758
49,1,3.40317152907572,0,1,-0.741819834796232
50,1,0.0,0,1,-2.16572813809679
51,2,0.0,0,1,-2.17105265229143
52,1,0.0,0,1,-0.642518263962868
53,1,34.8230266217365,0,1,-2.45777259211092
54,2,0.0,0,1,1.29935690041688
55,1,0.0,0,1,-2.11725100968525
56,1,0.0,0,1,-1.87315272890595
57,1,0.0,0,1,-2.52665723963073
