cost_model,startup,shutdown,n_coefficients,coeff_n,coeff1,coeff0
2,0,0,3,0.0,0.0,0.0
2,0,0,3,0.0041725814150363,24.8787631963212,3019.33956410341
2,0,0,3,0.0023262972996535,47.6908025131131,434.060659229026
2,0,0,3,0.0053276850462183,37.8755411226657,2313.94456422927
2,0,0,3,0.0,0.0,0.0
2,0,0,3,0.0061032843426475,32.5539410445722,165.08903786218
2,0,0,3,0.0047593261204889,39.1035381742163,2407.74695818778
2,0,0,3,0.0023896575349516,45.6491408070426,223.888396387349
2,0,0,3,0.0,0.0,0.0
2,0,0,3,0.0061109458271006,42.2190765950942,157.184150031702
2,0,0,3,0.0,0.0,0.0
2,0,0,3,0.0,0.0,0.0
2,0,0,3,0.0,0.0,0.0
2,0,0,3,0.0,0.0,0.0
2,0,0,3,0.0024973665120354,48.9966564074363,60.8003361070855
2,0,0,3,0.0,0.0,0.0
2,0,0,3,0.0,0.0,0.0
2,0,0,3,0.0,0.0,0.0
2,0,0,3,0.0078816569026006,29.780152666689,227.932708945929
2,0,0,3,0.0,0.0,0.0
2,0,0,3,0.0,0.0,0.0
