cost_model,startup,shutdown,n_coefficients,coeff_n,coeff1,coeff0
2,0,0,3,0.0,0.0,0.0
2,0,0,3,0.0046121585197752,35.9048318719394,2889.18576623057
2,0,0,3,0.0072278905361938,51.6186738073547,489.005014430648
2,0,0,3,0.0,0.0,0.0
2,0,0,3,0.0,0.0,0.0
2,0,0,3,0.0,0.0,0.0
2,0,0,3,0.0,0.0,0.0
2,0,0,3,0.0,0.0,0.0
2,0,0,3,0.0025744304426669,25.2642133738915,203.37802133817
2,0,0,3,0.0,0.0,0.0
2,0,0,3,0.0038630223142764,50.1782870641686,241.008752368038
2,0,0,3,0.007828338368573,51.7027000634972,2252.09720098684
2,0,0,3,0.0,0.0,0.0
2,0,0,3,0.005725330708059,50.2101165741077,129.303228515476
