cost_model,startup,shutdown,n_coefficients,coeff_n,coeff1,coeff0
2,0,0,3,0.0036263539423169,56.6564229985503,3606.38424695032
2,0,0,3,0.0,0.0,0.0
2,0,0,3,0.0025585092258217,45.585824977896,1709.53142728694
2,0,0,3,0.0,0.0,0.0
2,0,0,3,0.0,0.0,0.0
2,0,0,3,0.0,0.0,0.0
2,0,0,3,0.0050996180620095,40.825822374199,0.25803672342346
2,0,0,3,0.0,0.0,0.0
2,0,0,3,0.0,0.0,0.0
2,0,0,3,0.0070786512817583,40.2804516148135,467.014429689915
2,0,0,3,0.0,0.0,0.0
2,0,0,3,0.0,0.0,0.0
2,0,0,3,0.0056569579686894,41.6658735372797,247.677786588157
2,0,0,3,0.0065171413249567,43.9560479216125,496.630017214701
2,0,0,3,0.0,0.0,0.0
2,0,0,3,0.0,0.0,0.0
