bus_number,bus_type,P_demand,Q_demand,voltage_mag,voltage_ang
1,1,0.0,0,1,-3.99713764754009
2,3,0.0,0,1,0.0
3,1,16.937168233561,0,1,-2.29502414918782
4,1,0.0,0,1,-3.61782555564383
5,1,0.0,0,1,-4.31289814404874
6,1,0.721664018160494,0,1,-3.9028330696743
7,1,0.0,0,1,-3.84046778883925
8,2,0.0,0,1,-6.7756708188676
9,1,0.0,0,1,-5.88488716071231
10,2,0.0,0,1,-1.62149027242829
11,1,0.0,0,1,-3.55750038438423
12,1,0.0,0,1,-6.37415014008241
13,2,0.0,0,1,-3.15732871787965
14,1,0.0,0,1,-5.98722425476174
15,1,0.0,0,1,-7.95915305774116
16,2,0.0,0,1,-6.55461001234968
17,1,0.0,0,1,-6.18520947586992
18,1,0.0,0,1,-8.15161621318129
19,1,17.8154893592421,0,1,-7.84494256523897
20,1,321.518345267988,0,1,-9.11380505565274
21,1,0.0,0,1,-8.6069405875802
22,1,0.0,0,1,-7.9629482517541
23,1,789.540520006075,0,1,-7.9833355110757
24,1,3.06651916327608,0,1,-8.0176237472409
25,2,0.0,0,1,-0.690288930894107
26,1,0.0,0,1,-7.32408731729768
27,1,123.173567262073,0,1,-8.9061229732337
28,1,153.693377057684,0,1,-8.72982563836412
29,2,0.0,0,1,-7.86389433221668
30,1,0.245429407591719,0,1,-5.51166768146954
31,1,22.0824562338906,0,1,-7.3568561040077
32,1,0.0,0,1,-7.32201964686639
33,1,421.4488071216,0,1,-4.78666567301052
34,2,0.0,0,1,-7.82235874363172
35,1,0.0,0,1,-4.80695188696904
36,1,293.165807426274,0,1,-4.04324180630545
37,1,347.085297142668,0,1,-4.48424225326946
38,2,0.0,0,1,-1.03525112619849
39,2,0.0,0,1,-1.83613059906598
40,1,0.0,0,1,-2.42401736928702
41,1,85.7375958716399,0,1,-9.73915143272421
42,2,0.0,0,1,-4.0452464605812
43,1,0.0,0,1,-3.63135752021347
44,1,270.593633961247,0,1,-2.95948530601234
45,2,0.0,0,1,-4.46140523283857
46,2,0.0,0,1,-3.0789609214072
47,1,0.0,0,1,-2.4412498589738
48,1,0.0,0,1,-3.55520827099022
49,2,0.0,0,1,-3.00374926301657
50,1,0.0,0,1,-1.93759316293614
51,1,0.0,0,1,-7.08377102872404
52,1,0.0,0,1,-3.02358104870008
53,1,0.0,0,1,-3.65649846673499
54,2,0.0,0,1,-1.94700932949675
55,1,0.0,0,1,-5.39511089854276
56,1,0.0,0,1,-4.50285133247412
57,1,0.0,0,1,-5.05381026447198
