bus_number,bus_type,P_demand,Q_demand,voltage_mag,voltage_ang
1,2,0.0,0,1,1.57075046144089
2,1,63.3460515340289,0,1,3.08557649657655
3,1,0.0,0,1,-0.117271634763332
4,2,0.0,0,1,1.09346504262203
5,1,315.671979788158,0,1,-2.68088701378561
6,1,0.0,0,1,-1.86686263007308
7,1,209.707581309452,0,1,0.50884278692723
8,2,0.0,0,1,1.81687541973872
9,2,0.0,0,1,4.19838395071964
10,1,0.0,0,1,2.78166599557836
11,1,0.0,0,1,3.08410712010691
12,2,0.0,0,1,1.1615204264636
13,2,0.0,0,1,3.92159950614291
14,1,0.0,0,1,-1.71320503195921
15,1,303.144397677656,0,1,-2.10025166091632
16,1,102.978908645642,0,1,-0.411681283077035
17,1,263.659488285915,0,1,-2.52563468651708
18,2,0.0,0,1,-0.510729596147655
19,1,0.0,0,1,1.49411978142596
20,1,253.719555158599,0,1,-1.38945055777398
21,2,0.0,0,1,-0.336821671413143
22,1,52.98137229698,0,1,-0.759993781167143
23,1,61.0048424311142,0,1,-0.670090013429012
24,1,0.0,0,1,0.816086806085362
25,2,0.0,0,1,1.90079975125417
26,1,0.0,0,1,0.794388431745715
27,1,103.337504280256,0,1,-2.28338954888529
28,1,17.9821052103903,0,1,-0.428488737446833
29,2,0.0,0,1,-0.0719929568181229
30,1,157.789596314598,0,1,-0.914733156817598
31,1,0.0,0,1,-0.31286371685204
32,1,0.0,0,1,2.06049983310102
33,1,87.090726365757,0,1,-2.68286402082754
34,3,0.0,0,1,0.0
35,1,0.0,0,1,1.05645909501827
36,1,35.5081089629898,0,1,-1.3398801349428
37,1,0.0,0,1,1.18977319759544
38,1,30.7694598360659,0,1,-6.00038444962357
39,1,54.2744832058445,0,1,1.61188202768725
40,1,0.0,0,1,1.8886227812277
41,1,63.8574944249433,0,1,-1.05179651537757
42,2,0.0,0,1,2.29321529005673
43,1,363.326647307679,0,1,1.37903922775788
44,1,79.8165905800605,0,1,-1.6545399974483
45,2,0.0,0,1,0.1192809942204
46,2,0.0,0,1,1.82070767064964
47,1,56.3595480632968,0,1,-1.44406216062831
48,1,0.0,0,1,1.59627982497976
49,1,0.0,0,1,0.0045202203114675
50,2,0.0,0,1,4.98569801810009
51,1,18.198449990409,0,1,4.7745033902663
52,1,59.7857018127676,0,1,1.65285182755218
53,2,0.0,0,1,0.671281237383947
54,1,0.0,0,1,-2.37823579101724
55,2,0.0,0,1,1.51474307087415
56,1,0.0,0,1,3.3426950107801
57,1,0.0,0,1,4.91907981695491
