bus_number,P_output,Q_output,voltage_mag,gen_status,P_max,P_min
2,305.854918997162,0,1,1,546.806389574405,0
3,1448.42167148615,0,1,1,1813.88907440407,0
8,618.39926518049,0,1,1,618.399265180742,0
10,0.0,0,1,0,75.6031693546497,0
21,0.0,0,1,0,388.654757258361,0
23,39.5926136287452,0,1,1,39.5926136295575,0
26,64.3865966329607,0,1,1,64.3865966338243,0
37,76.5225394140784,0,1,1,76.522539414949,0
44,0.0,0,1,0,362.968308223996,0
46,0.0,0,1,0,74.4220456061853,0
51,201.13298814301,0,1,1,201.132988143581,0
