bus_number,P_output,Q_output,voltage_mag,gen_status,P_max,P_min
5,1561.13605693951,0,1,1,2029.0702375397,0
6,2.06795153138257e-23,0,1,1,162.196962058703,0
14,77.1145648803695,0,1,1,77.1145648803695,0
18,0.0,0,1,0,206.229556232911,0
26,64.3671204685115,0,1,1,64.3671204685115,0
27,298.245133987723,0,1,1,298.245133987723,0
40,212.263258673328,0,1,1,212.263258673328,0
42,353.291176369201,0,1,1,368.731920614717,0
43,169.241540970755,0,1,1,169.241540970755,0
46,18.6517411931999,0,1,1,56.9764919461059,0
47,0.0,0,1,0,617.940960051492,0
