cost_model,startup,shutdown,n_coefficients,coeff_n,coeff1,coeff0
2,0,0,3,0.0,0.0,0.0
2,0,0,3,0.0026578054357106,53.3144786289761,358.393540076428
2,0,0,3,0.0038872199146474,40.310793224504,257.357736550446
2,0,0,3,0.0,0.0,0.0
2,0,0,3,0.0045277735871048,46.9295683633612,115.074731054509
2,0,0,3,0.0025880812260329,56.6989980440464,219.352871082362
2,0,0,3,0.0051466755029222,31.0998536883003,2801.07458225001
2,0,0,3,0.0,0.0,0.0
2,0,0,3,0.0,0.0,0.0
2,0,0,3,0.0050871044290653,27.9335720576978,2272.05705953464
2,0,0,3,0.0,0.0,0.0
2,0,0,3,0.0022166058540395,56.175841670838,377.311742026235
2,0,0,3,0.0,0.0,0.0
2,0,0,3,0.0,0.0,0.0
2,0,0,3,0.0,0.0,0.0
2,0,0,3,0.0,0.0,0.0
2,0,0,3,0.0,0.0,0.0
