cost_model,startup,shutdown,n_coefficients,coeff_n,coeff1,coeff0
2,0,0,3,0.0,0.0,0.0
2,0,0,3,0.0,0.0,0.0
2,0,0,3,0.0062458726257547,38.4438999889593,973.907989555436
2,0,0,3,0.0070148084551109,29.9684875427409,135.795695908505
2,0,0,3,0.0,0.0,0.0
2,0,0,3,0.0,0.0,0.0
2,0,0,3,0.0,0.0,0.0
2,0,0,3,0.0,0.0,0.0
2,0,0,3,0.0,0.0,0.0
2,0,0,3,0.0,0.0,0.0
2,0,0,3,0.004738106633075,52.9142584041759,451.772585037152
2,0,0,3,0.0046700656844872,50.8609781448767,1845.12778833426
2,0,0,3,0.0,0.0,0.0
2,0,0,3,0.0060315379602068,34.151209723748,568.899826661803
2,0,0,3,0.0,0.0,0.0
2,0,0,3,0.0031555458789831,34.3521997524501,63.0006804589888
