bus_number,bus_type,P_demand,Q_demand,voltage_mag,voltage_ang
1,2,0.0,0,1,-4.82493486202734
2,1,53.5813959431989,0,1,-5.10695710619704
3,2,0.0,0,1,-0.250625693989921
4,1,0.0,0,1,-4.06868649717034
5,1,0.0,0,1,-3.65101977303155
6,1,0.0,0,1,-3.83526716244871
7,3,0.0,0,1,0.0
8,2,0.0,0,1,-1.18184252012451
9,1,0.0,0,1,-2.55366788528418
10,1,0.0,0,1,-1.7908289767883
11,1,0.0,0,1,-4.69000296316755
12,1,31.8013498880691,0,1,-2.29011106154494
13,1,0.0,0,1,-0.494072379383464
14,1,145.129812669182,0,1,-1.48247025006678
15,1,0.0,0,1,-2.54315982323387
16,1,134.003741840532,0,1,-2.00238332011008
17,1,0.0,0,1,-1.01817913349131
18,1,0.0,0,1,-1.76381410861078
19,1,0.0,0,1,-2.07147686739663
20,1,0.0,0,1,-2.42424024113401
21,1,0.0,0,1,-2.74203271596414
22,2,0.0,0,1,-2.36715277649857
23,1,799.428120974785,0,1,-3.09972206461607
24,2,0.0,0,1,-1.50233271907755
25,1,350.211696219708,0,1,-2.86190585811458
26,1,0.0,0,1,-1.98885087967
27,1,343.171399642932,0,1,-4.01602314572141
28,1,0.0,0,1,-3.06619295347778
29,1,84.7409451084705,0,1,-3.5799295541565
30,2,0.0,0,1,-1.88041142230006
31,2,0.0,0,1,-3.79964865132112
32,1,169.742294233522,0,1,-3.79964865132112
33,2,0.0,0,1,-1.13542215768368
34,2,0.0,0,1,-2.48977496365338
35,1,0.0,0,1,-3.31620523214317
36,2,0.0,0,1,-1.11207499651343
37,1,6.13933650793157,0,1,-3.71369231377745
38,2,0.0,0,1,2.1560834039112
39,1,0.0,0,1,-2.02577378846149
40,1,0.0,0,1,-2.10895559656284
41,1,0.0,0,1,-2.13987846781012
42,1,0.0,0,1,-3.23801004132128
43,2,0.0,0,1,-0.87440667210052
44,2,0.0,0,1,-2.53335075913316
45,1,0.0,0,1,-2.63421261112055
46,1,0.0,0,1,-2.08934368798126
47,1,0.0,0,1,-3.19902787289607
48,1,76.7919510027529,0,1,-5.28444945175669
49,1,0.0,0,1,-4.20314268357737
50,1,0.0,0,1,-2.31533431323205
51,1,108.077053666514,0,1,-6.33052560495975
52,1,0.0,0,1,-2.97213252911639
53,2,0.0,0,1,0.0969081226968407
54,1,97.171080591188,0,1,-7.50244423351608
55,1,259.627688706779,0,1,-6.48988540447916
56,1,0.0,0,1,-0.970046660497763
57,1,94.6927264870371,0,1,-0.603796069692469
