bus_number,bus_type,P_demand,Q_demand,voltage_mag,voltage_ang
1,1,0.0,0,1,-11.5837553080143
2,3,0.0,0,1,0.0
3,1,320.00888823597,0,1,-15.4756576755277
4,1,0.0,0,1,-11.2067636195153
5,1,0.0,0,1,-7.54815917734174
6,2,0.0,0,1,-0.572547695910324
7,1,0.0,0,1,-9.15828628873463
8,1,0.0,0,1,-13.4958829341317
9,1,264.916784421711,0,1,-15.4944434362421
10,1,42.9056050861876,0,1,-10.1374992381085
11,1,335.451138281584,0,1,-25.4308092826782
12,2,0.0,0,1,-5.03778338976675
13,1,0.0,0,1,-13.2115418926129
14,1,0.0,0,1,-1.95152662493162
15,1,20.7101052579542,0,1,-1.97668310035581
16,1,0.0,0,1,-0.804489086109161
17,2,0.0,0,1,-1.97668310035581
18,1,222.29675777413,0,1,-2.62602578148976
19,1,12.5458040876997,0,1,-7.13755117614826
20,2,0.0,0,1,2.68158055365229
21,1,0.0,0,1,-2.69356241111154
22,2,0.0,0,1,-1.00309948518289
23,1,0.0,0,1,-1.31810836467242
24,1,112.29136309755,0,1,-0.0901866692541879
25,1,0.0,0,1,-1.39792449855027
26,2,0.0,0,1,-25.2753361303422
27,1,0.0,0,1,-6.18534295796847
28,1,0.0,0,1,-1.8741256535236
29,1,293.125356334563,0,1,-14.8727410411887
30,1,0.0,0,1,-7.70633045414779
31,1,0.0,0,1,-6.6165182172692
32,2,0.0,0,1,-3.29084327698148
33,1,60.5045034059122,0,1,-15.2897295579165
34,1,0.0,0,1,-6.29644395169933
35,1,0.0,0,1,-8.52919407448319
36,1,0.0,0,1,-8.65953743339945
37,2,0.0,0,1,-11.9037950819941
38,2,0.0,0,1,-6.93809674718435
39,1,52.8758564971345,0,1,-11.9753282574162
40,1,0.0,0,1,-3.97852112777615
41,1,0.0,0,1,-8.32808696073344
42,1,149.159279086471,0,1,-9.78162213388492
43,2,0.0,0,1,-10.7956368973132
44,1,0.0,0,1,-8.6870045862593
45,1,0.0,0,1,-5.66641162821093
46,1,97.341844653816,0,1,-15.9304236639222
47,1,291.489458983317,0,1,-7.35189622432113
48,1,137.604297853041,0,1,-14.1754128285404
49,1,0.0,0,1,-12.6385151609122
50,1,172.440232978251,0,1,-17.8558013261258
51,1,0.0,0,1,-6.4842183823838
52,1,36.1216660024447,0,1,-14.797215728247
53,1,0.0,0,1,-13.1645466713573
54,2,0.0,0,1,-2.76763842627051
55,1,0.0,0,1,-5.46437961471489
56,1,129.175607989468,0,1,-10.833086996992
57,1,3.34604345539486,0,1,-8.96461336229133
