bus_number,P_output,Q_output,voltage_mag,gen_status,P_max,P_min
2,19.788443684066,0,1,1,19.788443684066,0
3,479.51873537462,0,1,1,707.16260886906,0
4,61.7150468796632,0,1,1,301.03758081263,0
6,669.648367816655,0,1,1,669.648367816655,0
14,435.715806113688,0,1,1,454.711995704475,0
15,337.383863950439,0,1,1,364.469948708452,0
20,277.062806004446,0,1,1,277.062806004446,0
21,2.98724750634509e-14,0,1,1,262.059274298592,0
36,0.0,0,1,0,134.096619598365,0
37,254.657441311958,0,1,1,254.657441311958,0
40,218.820082347065,0,1,1,397.813870717776,0
51,0.0,0,1,0,284.25730730111,0
54,9.56229046682536e-13,0,1,1,135.611482596736,0
