bus_number,bus_type,P_demand,Q_demand,voltage_mag,voltage_ang
1,2,0.0,0,1,-0.245482152783093
2,2,0.0,0,1,-1.1268643633756
3,1,0.0,0,1,-0.589773644284653
4,2,0.0,0,1,-1.35775888860836
5,2,0.0,0,1,0.564720772903741
6,1,0.0,0,1,-1.70881706624415
7,3,0.0,0,1,0.0
8,1,0.0,0,1,-1.35859475739555
9,1,68.1730382359413,0,1,-1.72287328025015
10,1,345.788770010955,0,1,-2.79742356867817
11,2,0.0,0,1,-2.77255073627942
12,1,87.1978813657866,0,1,-2.16388740838155
13,1,900.111505188704,0,1,-3.11236786835254
14,1,64.1409654899226,0,1,-4.10477609930938
15,2,0.0,0,1,-1.27580256428921
16,2,0.0,0,1,-2.41392746024408
17,1,0.0,0,1,-1.6954345095054
18,1,650.523681068819,0,1,-2.94453522477134
19,2,0.0,0,1,-1.91319954806297
20,2,0.0,0,1,-0.359228092037422
21,1,71.3914060637368,0,1,-1.78738878789939
22,2,0.0,0,1,-1.03477215694088
23,1,0.0,0,1,-2.54871204574822
24,1,84.1126446587769,0,1,-3.80172098094826
25,1,0.0,0,1,-1.66329960583286
26,1,37.6324440770647,0,1,-0.847182431624726
27,1,285.650470558329,0,1,-2.35081212177699
28,2,0.0,0,1,-1.3182283153249
29,1,0.0,0,1,-1.46436290260281
30,2,0.0,0,1,-1.23787250298091
31,1,0.0,0,1,-2.06814873803759
32,2,0.0,0,1,-1.0678478457361
33,1,0.0,0,1,-2.25491535079933
34,2,0.0,0,1,-0.809839644150184
35,1,148.468560617211,0,1,-1.08734390320757
36,2,0.0,0,1,-0.847182431624726
37,1,0.0,0,1,-0.506495018613653
38,1,0.0,0,1,-0.197597136135551
39,1,0.0,0,1,-0.892641779316469
40,1,11.1192261473537,0,1,-1.33631275251919
41,2,0.0,0,1,1.00353824003112
42,2,0.0,0,1,0.712361256691552
43,1,0.0,0,1,-1.53370941868725
44,1,0.0,0,1,-0.0917173888464228
45,1,0.0,0,1,-0.952530243907128
46,2,0.0,0,1,-0.0134861598118057
47,2,0.0,0,1,-0.0329873557656223
48,1,0.0,0,1,-0.0005548629369422
49,1,0.0,0,1,-0.813054021994879
50,1,0.0,0,1,-0.270273129918429
51,1,0.0,0,1,-1.43612090091022
52,1,0.0,0,1,-1.03651096879981
53,2,0.0,0,1,-0.0329873557656223
54,1,0.0,0,1,-0.609216952763738
55,2,0.0,0,1,-2.1427437789305
56,1,0.0,0,1,-1.06604024399091
57,2,0.0,0,1,-2.39065286464305
