bus_number,bus_type,P_demand,Q_demand,voltage_mag,voltage_ang
1,1,0.0,0,1,-2.71339390445314
2,1,0.0,0,1,-1.22754925217706
3,1,304.139650539378,0,1,-4.351145675548
4,1,382.621888118223,0,1,-4.59105587009134
5,3,0.0,0,1,0.0
6,2,0.0,0,1,-0.264796737514743
7,1,0.0,0,1,-3.17562943651751
8,2,0.0,0,1,0.877285190501927
9,1,6.12500183790029,0,1,-7.1216708390307
10,1,0.0,0,1,-2.06067317635701
11,2,0.0,0,1,0.34261285941539
12,1,0.0,0,1,-1.73307153166531
13,1,0.0,0,1,-2.15926684110128
14,1,0.0,0,1,-2.1780427408364
15,1,54.0687190473515,0,1,0.449623147750171
16,1,0.0,0,1,-0.889774096403715
17,1,0.0,0,1,1.12643976615846
18,2,0.0,0,1,2.90140777847124
19,1,0.0,0,1,1.4055815418588
20,1,354.775489390164,0,1,-3.10864147231977
21,2,0.0,0,1,3.46534440519524
22,2,0.0,0,1,0.455689614663386
23,2,0.0,0,1,-0.325486664327787
24,2,0.0,0,1,-0.659882904406741
25,1,0.0,0,1,-0.853466869623468
26,1,0.0,0,1,1.16021093731195
27,1,0.0,0,1,-2.03134719092914
28,1,37.2963672591181,0,1,-2.39691555452849
29,1,161.317982705994,0,1,-1.80588644255647
30,1,3.2993890596093,0,1,-1.1397859638952
31,2,0.0,0,1,18.1684537012578
32,2,0.0,0,1,5.8851454515204
33,1,0.0,0,1,-1.3655901773153
34,1,0.0,0,1,-1.64382837434143
35,1,186.134230643818,0,1,-2.18407606298928
36,1,0.0,0,1,-1.49734409392717
37,1,0.0,0,1,-1.56882235519037
38,2,0.0,0,1,18.1684537012578
39,2,0.0,0,1,-1.38634084876923
40,1,0.0,0,1,-1.19477546442319
41,1,0.0,0,1,-3.53188223601723
42,2,0.0,0,1,-0.612888814012964
43,1,0.0,0,1,-1.93566390441674
44,2,0.0,0,1,0.0793419706823757
45,1,0.0,0,1,-0.719242595720189
46,1,536.459097389807,0,1,-2.92747948353564
47,1,398.235578276952,0,1,-4.60648907196104
48,1,109.637320330951,0,1,-2.4098333163348
49,1,141.413374415855,0,1,-1.51659749686354
50,1,78.7865044674803,0,1,-4.64658543900389
51,2,0.0,0,1,0.561403097995962
52,1,0.0,0,1,0.327415186717542
53,1,0.0,0,1,-1.92014969264282
54,1,0.0,0,1,-3.33108905603814
55,2,0.0,0,1,1.56318839346862
56,1,0.0,0,1,-1.57856027059723
57,1,0.0,0,1,-3.28538798284528
