bus_number,bus_type,P_demand,Q_demand,voltage_mag,voltage_ang
1,2,0.0,0,1,0.425954726094417
2,1,0.0,0,1,-0.62769894828813
3,1,0.0,0,1,0.991840928091019
4,1,178.413785272811,0,1,-2.40872606797135
5,1,0.0,0,1,0.140826922294278
6,1,40.2557826514794,0,1,-0.49521126413412
7,1,445.282579430333,0,1,-1.58111766395168
8,1,935.970594895368,0,1,-1.2538487974183
9,1,0.0,0,1,-0.628320701591795
10,2,0.0,0,1,1.60002890794522
11,1,0.0,0,1,1.02936869352784
12,2,0.0,0,1,1.0572117942091
13,1,12.833773091541,0,1,0.097514707152699
14,1,0.0,0,1,1.26765063891881
15,1,0.0,0,1,1.62086584398291
16,2,0.0,0,1,-0.443051428481712
17,1,0.0,0,1,0.96413355354074
18,2,0.0,0,1,1.82096186102332
19,1,0.0,0,1,1.60952860980646
20,2,0.0,0,1,1.38577621268684
21,1,0.0,0,1,0.312651901924134
22,2,0.0,0,1,-0.404247731059395
23,2,0.0,0,1,0.0360074221416609
24,2,0.0,0,1,1.40999454777642
25,1,0.0,0,1,-0.120214450347092
26,2,0.0,0,1,-1.15016440940641
27,2,0.0,0,1,-0.144016318500493
28,1,180.596519230485,0,1,-1.29387013433935
29,1,175.244047570083,0,1,-2.91085265487736
30,3,0.0,0,1,0.0
31,1,0.0,0,1,0.737417184201947
32,1,0.0,0,1,-0.821304242494422
33,2,0.0,0,1,0.334706601745302
34,2,0.0,0,1,-0.491366387144181
35,2,0.0,0,1,-0.538468632003486
36,1,0.0,0,1,0.141794109254501
37,2,0.0,0,1,0.931363862248475
38,2,0.0,0,1,1.31302074773694
39,2,0.0,0,1,-2.10441393780657
40,1,0.0,0,1,-1.81299906570876
41,1,0.0,0,1,-2.06539017660507
42,2,0.0,0,1,0.875956689332415
43,2,0.0,0,1,-2.46218396282012
44,1,0.0,0,1,-1.53250982244859
45,1,477.365134757307,0,1,-3.22430532887376
46,1,0.0,0,1,-0.934535319795829
47,2,0.0,0,1,-0.617327048746278
48,1,0.0,0,1,-0.476773397531651
49,1,0.0,0,1,-1.27424632930579
50,1,0.0,0,1,-1.05913482833423
51,1,0.0,0,1,-0.802096477170508
52,1,4.47164192139564,0,1,-1.30822303057236
53,1,0.0,0,1,-0.275000380801731
54,2,0.0,0,1,-0.934535319795829
55,2,0.0,0,1,-1.73726661378965
56,1,65.0944812427601,0,1,-2.64466915938082
57,1,238.782253419039,0,1,-1.40463063015507
