bus_number,P_output,Q_output,voltage_mag,gen_status,P_max,P_min
3,195.092857909698,0,1,1,195.092857909704,0
4,0.0,0,1,0,119.562104251922,0
6,646.413273991219,0,1,1,876.73243796056,0
16,0.0,0,1,0,299.108982698004,0
17,806.343493101105,0,1,1,806.343493101188,0
23,505.64176693529,0,1,1,505.641766935295,0
27,337.799039751554,0,1,1,337.799039751566,0
29,0.0,0,1,0,316.108732097539,0
41,17.0775117666555,0,1,1,17.0775117666787,0
44,0.0,0,1,0,435.404382460661,0
46,79.5303933579516,0,1,1,79.5303933579642,0
48,19.9278482576696,0,1,1,19.9278482576808,0
53,138.541054535604,0,1,1,246.104842999682,0
54,7.94335387585906,0,1,1,7.94335387587644,0
