bus_number,P_output,Q_output,voltage_mag,gen_status,P_max,P_min
4,150.932358283801,0,1,1,291.199985087796,0
5,620.546560876818,0,1,1,868.362136016156,0
8,116.505268836167,0,1,1,116.505268836167,0
9,721.96572735145,0,1,1,721.96572735145,0
14,190.223542539493,0,1,1,190.223542539493,0
23,0.0,0,1,0,385.590871952523,0
25,16.7597876152711,0,1,1,132.449032534982,0
29,68.6672393838485,0,1,1,68.6672393838485,0
30,61.5159961054549,0,1,1,61.5159961054549,0
33,54.9359123407443,0,1,1,54.9359123407443,0
35,141.721815377934,0,1,1,141.721815377934,0
36,0.0,0,1,0,325.806183816132,0
40,193.376931276129,0,1,1,193.376931276129,0
42,0.0,0,1,0,245.982408558081,0
47,288.275771013914,0,1,1,288.275771013914,0
48,128.883682481579,0,1,1,128.883682481579,0
52,0.0,0,1,0,27.6290652646354,0
56,0.0,0,1,0,19.2861774873022,0
