cost_model,startup,shutdown,n_coefficients,coeff_n,coeff1,coeff0
2,0,0,3,0.0052900331190214,37.2357177407596,2091.32854581846
2,0,0,3,0.0,0.0,0.0
2,0,0,3,0.0,0.0,0.0
2,0,0,3,0.0,0.0,0.0
2,0,0,3,0.0,0.0,0.0
2,0,0,3,0.0070758131753042,33.7428043688042,2095.09583813079
2,0,0,3,0.0,0.0,0.0
2,0,0,3,0.0024833597426894,43.9398580569329,220.057430987303
2,0,0,3,0.0,0.0,0.0
2,0,0,3,0.0,0.0,0.0
2,0,0,3,0.0065864292982761,54.5720075334573,657.82595218312
2,0,0,3,0.0060305892840898,30.1854521756967,227.752811765351
2,0,0,3,0.006823965080316,45.9473286908159,114.459363394584
2,0,0,3,0.0,0.0,0.0
2,0,0,3,0.0,0.0,0.0
2,0,0,3,0.0,0.0,0.0
