bus_number,bus_type,P_demand,Q_demand,voltage_mag,voltage_ang
1,1,276.514949019867,0,1,-0.457919221762679
2,1,0.0,0,1,-0.847205899634313
3,2,0.0,0,1,-0.536835077839614
4,1,0.0,0,1,2.55419572089878
5,3,0.0,0,1,0.0
6,2,0.0,0,1,-0.775799388086601
7,1,549.198837941324,0,1,-0.862173801377368
8,1,0.0,0,1,-0.723933983401272
9,1,0.0,0,1,-0.587210168303516
10,1,185.399944839044,0,1,-4.77313899331446
11,2,0.0,0,1,3.59710218511281
12,1,166.814661742898,0,1,-0.944263804993018
13,1,0.0,0,1,4.90961175450163
14,1,0.0,0,1,3.05058180824572
15,1,78.3422413309523,0,1,4.33460549608777
16,2,0.0,0,1,5.68101089834992
17,1,0.0,0,1,3.64958418318825
18,2,0.0,0,1,6.35977530118774
19,1,0.0,0,1,-2.52967981681597
20,1,0.0,0,1,-0.410493198916007
21,2,0.0,0,1,-0.624322492915735
22,1,0.0,0,1,0.716477664594841
23,2,0.0,0,1,0.232192638242155
24,1,0.0,0,1,3.4629465984951
25,1,74.4515315348769,0,1,5.14511818698478
26,1,0.0,0,1,3.20134969143039
27,1,48.1075689293455,0,1,1.13709761711632
28,1,0.0,0,1,5.12136055248129
29,2,0.0,0,1,3.20134969143039
30,1,66.9766593739163,0,1,1.02807590055435
31,1,0.0,0,1,2.57709079514882
32,1,0.0,0,1,-0.955724852885953
33,1,139.275491585075,0,1,-2.15289058526303
34,2,0.0,0,1,0.167617264702141
35,1,0.0,0,1,2.90086983984411
36,1,0.0,0,1,2.61976717910965
37,1,0.0,0,1,-0.459263803055042
38,1,9.60534005663286,0,1,4.06141195956962
39,1,397.581490547049,0,1,0.342320847660014
40,1,75.8667524814652,0,1,-0.10282337937298
41,1,0.0,0,1,0.827677430299522
42,1,3.41196923830945,0,1,1.38228665044543
43,1,0.0,0,1,1.81307903318977
44,1,0.0,0,1,2.32628005597672
45,1,81.7532357047821,0,1,-0.0440555619350704
46,1,0.0,0,1,0.512230911563081
47,1,0.0,0,1,4.76611109271647
48,1,0.0,0,1,-0.845127342589739
49,1,94.4320275600573,0,1,-1.22802755341175
50,1,76.2142301511337,0,1,-1.43554012368555
51,2,0.0,0,1,5.71102768350985
52,2,0.0,0,1,2.53160980916762
53,1,395.502073475197,0,1,-0.218996493717986
54,1,0.0,0,1,1.41168746729843
55,1,0.0,0,1,-0.109767060015082
56,1,0.0,0,1,2.86429456278919
57,1,34.8615879706756,0,1,-0.218196367857953
