bus_number,bus_type,P_demand,Q_demand,voltage_mag,voltage_ang
1,1,0.0,0,1,-7.21619924635421
2,1,191.495859376806,0,1,-12.0770963163658
3,1,0.0,0,1,-11.5685318064915
4,1,0.0,0,1,-11.5022401776995
5,1,0.0,0,1,-8.34053729981892
6,3,0.0,0,1,0.0
7,1,0.0,0,1,-8.08783267655166
8,1,0.0,0,1,-11.1994624514214
9,1,0.0,0,1,-8.46348215835227
10,1,0.0,0,1,-8.20082721918007
11,1,0.0,0,1,-5.37564129958843
12,1,0.0,0,1,-4.59673296736891
13,2,0.0,0,1,-6.15471996553726
14,2,0.0,0,1,-2.39097993713371
15,2,0.0,0,1,-8.46348215835227
16,1,131.709725358055,0,1,-11.743435046907
17,1,100.582981975352,0,1,-7.82972020217786
18,2,0.0,0,1,-2.45544404847502
19,1,95.6968711426266,0,1,-9.61064467606353
20,1,0.0,0,1,-8.58035740404269
21,2,0.0,0,1,-5.00454499279419
22,1,70.5731819209489,0,1,-5.79808144806131
23,1,0.0,0,1,-6.35657937965925
24,2,0.0,0,1,-5.54271238291506
25,2,0.0,0,1,-4.3639715128474
26,1,0.0,0,1,-6.35137291879051
27,1,0.0,0,1,-6.10060546611244
28,1,221.153143923876,0,1,-7.26440967568657
29,1,90.5511368559249,0,1,-5.9681473313675
30,2,0.0,0,1,2.55935068565763
31,1,120.497717197656,0,1,-9.88447558527369
32,1,0.0,0,1,-6.53750431151405
33,2,0.0,0,1,-3.72081736544843
34,1,0.0,0,1,-8.41775709428966
35,1,0.0,0,1,-9.89137676668003
36,1,80.0098461938031,0,1,-7.27030213330588
37,1,20.5798403480569,0,1,-7.92034916389491
38,1,172.930143228228,0,1,-7.50105275440182
39,1,114.555069782246,0,1,-4.15648883435118
40,1,0.0,0,1,-4.89230109465537
41,1,54.5090988015579,0,1,-7.99829016117195
42,1,0.0,0,1,-6.52074139631504
43,1,91.6538915102848,0,1,-9.89650848075134
44,1,108.46523352442,0,1,-5.71012179773081
45,1,145.524537530568,0,1,-10.3261578997006
46,1,0.0,0,1,-4.3969155108811
47,1,0.0,0,1,-5.10870187190963
48,1,23.3821764682646,0,1,-5.77777126243367
49,2,0.0,0,1,-11.4889433158725
50,1,0.0,0,1,-11.845690181829
51,1,14.286434869315,0,1,-11.6218975503802
52,1,70.9106652706568,0,1,-7.53407803952218
53,1,0.0,0,1,-8.68282408172885
54,1,389.266273576708,0,1,-13.0654845689983
55,1,324.305708386989,0,1,-12.442373913504
56,1,0.0,0,1,-6.10892692552493
57,1,121.671056240257,0,1,-9.6632600849937
