cost_model,startup,shutdown,n_coefficients,coeff_n,coeff1,coeff0
2,0,0,3,0.0034003043058606,55.345893014059,143.3534083755
2,0,0,3,0.0023855118081728,36.8593200550246,2580.74681543993
2,0,0,3,0.0,0.0,0.0
2,0,0,3,0.0,0.0,0.0
2,0,0,3,0.0,0.0,0.0
2,0,0,3,0.0035166969596518,34.7506072795964,1360.79674057357
2,0,0,3,0.0,0.0,0.0
2,0,0,3,0.0,0.0,0.0
2,0,0,3,0.0,0.0,0.0
2,0,0,3,0.0,0.0,0.0
2,0,0,3,0.0,0.0,0.0
2,0,0,3,0.0035543836114982,32.3395018624137,2151.45480368258
2,0,0,3,0.0064851880754577,51.8984438090637,173.475936823867
2,0,0,3,0.0,0.0,0.0
2,0,0,3,0.0043414782842132,48.1582994552635,140.086204216369
2,0,0,3,0.0,0.0,0.0
