bus_number,P_output,Q_output,voltage_mag,gen_status,P_max,P_min
1,479.486778260711,0,1,1,740.053027141258,0
4,646.213822211636,0,1,1,646.213822211636,0
6,301.695288614042,0,1,1,301.695288614042,0
20,250.256087578006,0,1,1,250.256087578007,0
21,403.902177192175,0,1,1,403.902177192175,0
23,81.8023875235005,0,1,1,127.544540169209,0
25,0.0,0,1,0,334.169461707909,0
28,0.0,0,1,0,110.424788608561,0
37,144.421917241759,0,1,1,277.61394194635,0
40,306.487355694237,0,1,1,421.453420140618,0
43,0.0,0,1,0,314.381864566605,0
44,140.044779166534,0,1,1,140.044779166534,0
55,0.0,0,1,0,55.147911484829,0
