bus_number,bus_type,P_demand,Q_demand,voltage_mag,voltage_ang
1,1,54.8283004779092,0,1,-0.61158827140938
2,1,399.965017142047,0,1,-2.34356801999481
3,2,0.0,0,1,-0.199048516016636
4,1,0.0,0,1,-1.24434566608082
5,1,0.0,0,1,-0.778874733534453
6,1,509.619998540389,0,1,-2.19193028649817
7,1,228.145812260426,0,1,-3.18909882179349
8,2,0.0,0,1,-1.00472770384095
9,1,208.936326807047,0,1,-1.65814878803049
10,1,183.57903617418,0,1,-0.563084613875166
11,1,0.0,0,1,-0.861870852246268
12,2,0.0,0,1,-0.0826477731811875
13,1,0.0,0,1,-0.912883998596917
14,1,0.0,0,1,-0.467008623743461
15,1,0.0,0,1,-1.66005218566037
16,1,0.0,0,1,-1.73421145170485
17,1,0.0,0,1,-1.35165419741439
18,1,167.497901743694,0,1,-2.36773465634873
19,1,139.913865152049,0,1,-0.8629418531243
20,1,79.2960113857777,0,1,-2.38423434612025
21,1,60.2209575382839,0,1,-0.101854353511586
22,1,0.0,0,1,-0.06996592820209
23,1,0.0,0,1,-0.523439771304259
24,1,30.6617597956258,0,1,1.22097671491946
25,2,0.0,0,1,1.15335305261605
26,2,0.0,0,1,0.918440413867593
27,2,0.0,0,1,1.05303641687568
28,2,0.0,0,1,1.81551996445412
29,3,0.0,0,1,0.0
30,1,0.0,0,1,1.482307987523
31,2,0.0,0,1,0.360066461549022
32,2,0.0,0,1,1.34958478938168
33,1,28.1563086480219,0,1,0.457508414991626
34,2,0.0,0,1,1.6335056648486
35,2,0.0,0,1,0.792469705760875
36,2,0.0,0,1,1.84191653586497
37,2,0.0,0,1,1.68840568488468
38,1,89.2630797556336,0,1,1.08868741079095
39,1,0.0,0,1,-0.129276275269819
40,2,0.0,0,1,3.07842249411042
41,1,46.693694857466,0,1,0.641328895851706
42,1,35.8022311453851,0,1,-2.11271688029699
43,2,0.0,0,1,0.513416739639469
44,1,0.0,0,1,-1.3546205270478
45,2,0.0,0,1,-0.799781496421446
46,1,49.3751591937939,0,1,-1.35294222506453
47,1,110.66357133593,0,1,-1.12937838893402
48,2,0.0,0,1,-0.454395148708776
49,1,0.0,0,1,0.31098895495122
50,1,285.075710143384,0,1,2.60126602732089
51,1,0.0,0,1,-1.92761397840706
52,1,0.0,0,1,-0.923761895369589
53,1,0.0,0,1,-2.00995735445958
54,2,0.0,0,1,-2.70652659096355
55,2,0.0,0,1,-1.67182415080345
56,2,0.0,0,1,-1.86750407134453
57,1,46.6158513855604,0,1,-0.036100021434713
