bus_number,bus_type,P_demand,Q_demand,voltage_mag,voltage_ang
1,1,0.0,0,1,-4.71534007652654
2,1,0.0,0,1,-2.07993195162656
3,1,0.0,0,1,-0.931726264026492
4,1,25.5346560574894,0,1,-1.3617453902757
5,3,0.0,0,1,0.0
6,1,686.283674436364,0,1,-0.486910168162637
7,1,445.567362786485,0,1,-4.79464720488217
8,1,158.563128696055,0,1,-8.21602331675547
9,1,0.0,0,1,-5.61834714112402
10,1,0.0,0,1,-2.63330516955655
11,1,0.0,0,1,-4.812523310535
12,1,249.252321256706,0,1,-6.69606333667773
13,1,192.658090275593,0,1,-8.81608214603817
14,1,0.0,0,1,-4.322193330722
15,1,210.715021185894,0,1,-7.12808957992771
16,1,0.0,0,1,-3.31164509791264
17,1,218.803109235683,0,1,-5.93245668353996
18,2,0.0,0,1,-6.25895804060709
19,1,18.28724481301,0,1,-4.44159772809129
20,2,0.0,0,1,-5.99356477955165
21,1,0.0,0,1,-5.01015913924795
22,1,35.3018530042506,0,1,-5.51888005081492
23,1,58.5283215644905,0,1,-5.12964221873062
24,1,0.0,0,1,-5.26159694674624
25,1,20.4865012098151,0,1,-6.42511587196404
26,2,0.0,0,1,-3.57093138445893
27,2,0.0,0,1,-4.59572399978655
28,1,0.0,0,1,-6.00964835833344
29,1,0.0,0,1,-3.21714971328195
30,1,104.809646406099,0,1,-6.96466165902573
31,1,0.0,0,1,-4.15261299787953
32,1,0.0,0,1,-6.64182665477483
33,2,0.0,0,1,-1.04057498532325
34,1,0.0,0,1,-5.0564772877942
35,1,16.8233290296362,0,1,-3.61093348201124
36,2,0.0,0,1,-3.59333596367163
37,2,0.0,0,1,-3.61093348201124
38,1,0.0,0,1,-3.28807268915342
39,1,8.7920521040487,0,1,-3.05536623913287
40,1,89.4413982265183,0,1,-5.23098280044885
41,1,0.0,0,1,-3.34603550094801
42,1,0.0,0,1,-5.93156246765269
43,1,16.5477732148808,0,1,-3.43363161792908
44,2,0.0,0,1,-0.437585370652326
45,2,0.0,0,1,-3.14981403644732
46,1,0.0,0,1,-1.76907071102111
47,1,135.110686799768,0,1,-3.37796028317292
48,1,0.0,0,1,-1.66061730996576
49,1,0.0,0,1,-2.44241672183811
50,1,0.0,0,1,-1.07758514429058
51,2,0.0,0,1,-0.488093309244376
52,1,0.0,0,1,-1.42780775950816
53,1,1.11202260324128,0,1,-3.8740623780809
54,2,0.0,0,1,-3.75706986547604
55,1,0.0,0,1,-2.93617758810931
56,1,61.6924005765745,0,1,-1.715952957539
57,1,0.0,0,1,-2.20908851388055
