cost_model,startup,shutdown,n_coefficients,coeff_n,coeff1,coeff0
2,0,0,3,0.0070260259300521,52.4365517405453,176.935108991401
2,0,0,3,0.0036024560156912,40.0571513199516,3102.02969821023
2,0,0,3,0.0,0.0,0.0
2,0,0,3,0.0,0.0,0.0
2,0,0,3,0.00515701598648,36.3703184515415,2232.82232066463
2,0,0,3,0.0,0.0,0.0
2,0,0,3,0.0,0.0,0.0
2,0,0,3,0.0,0.0,0.0
2,0,0,3,0.0,0.0,0.0
2,0,0,3,0.0,0.0,0.0
2,0,0,3,0.0,0.0,0.0
2,0,0,3,0.0077446332532361,35.7072511662539,589.235731022947
2,0,0,3,0.0065869128658872,47.8113535327633,112.993343366212
2,0,0,3,0.0030034136136465,44.7705855037405,300.428265228382
