cost_model,startup,shutdown,n_coefficients,coeff_n,coeff1,coeff0
2,0,0,3,0.0,0.0,0.0
2,0,0,3,0.0,0.0,0.0
2,0,0,3,0.0033862045889228,35.2045533487747,1492.47814629743
2,0,0,3,0.0,0.0,0.0
2,0,0,3,0.0,0.0,0.0
2,0,0,3,0.0041102922300974,28.6767257911511,2313.22940053815
2,0,0,3,0.007910750726653,38.6905774153427,70.313362366642
2,0,0,3,0.0,0.0,0.0
2,0,0,3,0.0,0.0,0.0
2,0,0,3,0.0,0.0,0.0
2,0,0,3,0.0070428605574748,26.8914171998621,3629.88592595747
2,0,0,3,0.0,0.0,0.0
