cost_model,startup,shutdown,n_coefficients,coeff_n,coeff1,coeff0
2,0,0,3,0.0031343409759893,29.7421791264007,453.783820699867
2,0,0,3,0.0070811126107573,42.263138705044,379.492283045302
2,0,0,3,0.0,0.0,0.0
2,0,0,3,0.0030347713815746,31.5094879147405,237.495928412368
2,0,0,3,0.005485440378987,24.5476565965999,502.170005335497
2,0,0,3,0.0057594227474905,35.395162744859,256.603163551897
2,0,0,3,0.0040618091970373,54.7655990747088,1632.50174148449
2,0,0,3,0.0028218774900204,49.4244838019836,144.164460773487
2,0,0,3,0.0,0.0,0.0
2,0,0,3,0.0,0.0,0.0
2,0,0,3,0.0,0.0,0.0
2,0,0,3,0.0,0.0,0.0
2,0,0,3,0.0,0.0,0.0
2,0,0,3,0.0071344194702143,26.0080887158203,23.9288582525104
2,0,0,3,0.0,0.0,0.0
2,0,0,3,0.0,0.0,0.0
2,0,0,3,0.0,0.0,0.0
2,0,0,3,0.0,0.0,0.0
2,0,0,3,0.0,0.0,0.0
