cost_model,startup,shutdown,n_coefficients,coeff_n,coeff1,coeff0
2,0,0,3,0.0031520531363408,32.1024595256818,426.459746049126
2,0,0,3,0.0039120514995521,33.7361549055593,1457.04937477551
2,0,0,3,0.0041777603728089,35.9092036061797,3815.58244429506
2,0,0,3,0.0026850882522897,29.5143621213946,297.380899987011
2,0,0,3,0.0,0.0,0.0
2,0,0,3,0.0023565399509187,42.2506258261967,365.419162934695
2,0,0,3,0.0,0.0,0.0
2,0,0,3,0.0,0.0,0.0
2,0,0,3,0.0,0.0,0.0
2,0,0,3,0.0043136174684716,30.96975991057,1000.44170465252
2,0,0,3,0.0059621535187703,34.6504041269837,0.555293273834523
2,0,0,3,0.0028313316988307,44.3246737026768,321.779675885609
2,0,0,3,0.0,0.0,0.0
2,0,0,3,0.0,0.0,0.0
2,0,0,3,0.0,0.0,0.0
2,0,0,3,0.0,0.0,0.0
2,0,0,3,0.0,0.0,0.0
2,0,0,3,0.0,0.0,0.0
