bus_number,P_output,Q_output,voltage_mag,gen_status,P_max,P_min
1,1063.64258198838,0,1,1,1277.89963233965,0
3,0.0,0,1,0,407.634703240733,0
5,93.3939939725831,0,1,1,93.393993975611,0
6,256.253618641596,0,1,1,256.253618651123,0
10,0.0,0,1,0,492.124862993956,0
11,32.6064297429419,0,1,1,32.6064298158553,0
16,378.095508402376,0,1,1,378.095508405911,0
17,357.117620472617,0,1,1,387.470981697098,0
18,59.3193749463074,0,1,1,117.572927770149,0
22,0.0,0,1,0,167.775462188183,0
28,95.2541557961589,0,1,1,95.2541557990509,0
31,69.6802816910827,0,1,1,69.6802816937161,0
33,1.07515100328391e-07,0,1,1,10.7045629255541,0
44,112.406216855993,0,1,1,112.406216859016,0
45,0.0,0,1,0,4.45757280678817,0
48,0.0,0,1,0,220.938439164884,0
53,138.108397094574,0,1,1,138.108397097044,0
