bus_number,bus_type,P_demand,Q_demand,voltage_mag,voltage_ang
1,1,0.0,0,1,-2.13601979091542
2,1,0.0,0,1,-0.0731825610406463
3,1,7.66864484205589,0,1,-2.19570358989369
4,1,245.638497663401,0,1,-3.95746797260734
5,1,218.643301296622,0,1,0.324458669721538
6,1,0.0,0,1,-0.751373562918437
7,2,0.0,0,1,-1.41706521812908
8,1,237.003463491298,0,1,-2.83861511320061
9,1,64.0978747621058,0,1,-5.23416706743396
10,1,33.1886282322757,0,1,-5.44847149803438
11,1,35.4703671066065,0,1,-3.48278615384162
12,1,65.3521167921513,0,1,-1.43335688910314
13,1,0.0,0,1,-0.0884651583891789
14,1,631.75884778301,0,1,-3.1950906660972
15,1,2.31184822646132,0,1,0.025488105981229
16,1,0.0,0,1,-0.783643252390468
17,2,0.0,0,1,-2.27086427361961
18,1,0.0,0,1,-0.614392850257679
19,2,0.0,0,1,0.70360316931649
20,1,0.0,0,1,-0.785043300649712
21,2,0.0,0,1,-1.15790297055718
22,1,0.0,0,1,-0.913280404359682
23,1,0.0,0,1,-0.186268621311619
24,1,0.0,0,1,-1.5700693961618
25,1,12.3346406022182,0,1,-1.07013148132094
26,1,0.0,0,1,-0.492603288538102
27,3,0.0,0,1,0.0
28,1,28.1858494698882,0,1,-1.53579011867597
29,1,0.0,0,1,-0.95554041737096
30,2,0.0,0,1,-1.09495037808299
31,1,161.637086494241,0,1,-1.76267302879645
32,2,0.0,0,1,2.40249225788365
33,1,147.389970564176,0,1,0.343260925738019
34,1,209.348880912489,0,1,-1.86054505902895
35,1,0.0,0,1,-0.569225712514724
36,1,0.0,0,1,-1.42859668054861
37,2,0.0,0,1,0.721459872820106
38,1,0.0,0,1,-0.137528953452737
39,1,171.829612296978,0,1,-2.31230219835472
40,1,0.0,0,1,-0.856622390388682
41,1,251.55923295892,0,1,-0.873638006722483
42,1,25.0185543139814,0,1,0.9890593065157
43,1,0.0,0,1,-1.73314017909222
44,1,25.9449703421376,0,1,-0.913720799119473
45,1,0.0,0,1,-0.531395265488441
46,2,0.0,0,1,9.64778362808702
47,2,0.0,0,1,2.84256161449912
48,1,0.0,0,1,1.85556717093793
49,2,0.0,0,1,2.41051015900817
50,2,0.0,0,1,-0.662182992711529
51,1,2.96024738256751,0,1,-2.38305444445186
52,1,150.977031688065,0,1,-2.36354953953502
53,1,0.0,0,1,2.41205342945938
54,1,0.0,0,1,2.46412231371033
55,1,25.9909262609512,0,1,1.14233405374183
56,1,0.0,0,1,-1.41912864925187
57,1,0.0,0,1,-1.49259856919292
