bus_number,bus_type,P_demand,Q_demand,voltage_mag,voltage_ang
1,1,15.3901514695722,0,1,-1.18680742376786
2,1,0.0,0,1,-0.726958122569412
3,1,0.0,0,1,-0.535017275754129
4,1,0.0,0,1,-0.993139431466705
5,1,0.0,0,1,-1.12976101665653
6,2,0.0,0,1,-2.52586462739462
7,2,0.0,0,1,-0.741064718418958
8,1,0.0,0,1,-1.20976355628162
9,1,0.0,0,1,-2.04653551618721
10,2,0.0,0,1,-2.02669194906738
11,1,0.0,0,1,-0.3575937181141
12,1,0.0,0,1,-1.92694422127015
13,1,0.0,0,1,-0.332785500276916
14,1,266.437274269391,0,1,-2.99497669279995
15,1,0.0,0,1,-0.23148570734578
16,1,0.0,0,1,-0.366637851309515
17,1,0.0,0,1,-0.64252834515013
18,1,0.0,0,1,0.174058078636671
19,1,0.0,0,1,-1.49817283746586
20,3,0.0,0,1,0.0
21,1,0.0,0,1,-1.20282571834809
22,1,0.0,0,1,-0.410360010439987
23,1,0.0,0,1,-0.703228072107804
24,2,0.0,0,1,0.73482514793259
25,2,0.0,0,1,0.202042535886522
26,2,0.0,0,1,0.163221707552795
27,1,383.926447462963,0,1,-0.921900208287439
28,2,0.0,0,1,1.16750465143236
29,1,0.0,0,1,-2.41192552070047
30,1,0.0,0,1,-0.690299167413348
31,1,140.719880268384,0,1,-2.77455711564972
32,1,163.526794285525,0,1,0.520191973965979
33,1,58.3186097007135,0,1,-4.13558720886989
34,1,0.0,0,1,-0.102408873566069
35,2,0.0,0,1,1.54017069890213
36,1,264.289215259513,0,1,0.104703029503353
37,1,106.674918670596,0,1,0.763664763549568
38,1,182.357092006927,0,1,0.609983843942723
39,1,0.0,0,1,-1.13760180538111
40,1,0.0,0,1,-1.74704173360277
41,1,410.356640581824,0,1,-1.91166240577044
42,2,0.0,0,1,-0.574752445553917
43,1,17.7701106582835,0,1,-1.82622528596513
44,1,0.0,0,1,-0.437741926830034
45,1,198.521575621979,0,1,-4.59523210069098
46,1,0.0,0,1,-3.75995446874065
47,2,0.0,0,1,-1.4964804526327
48,2,0.0,0,1,-1.54625110523344
49,1,0.0,0,1,-1.81396802204203
50,1,399.547243583501,0,1,-1.75700590520254
51,1,0.0,0,1,-1.65549914793462
52,1,0.0,0,1,-0.606775967604806
53,1,16.294835925284,0,1,-5.16038077655541
54,1,68.4759843446613,0,1,-1.30527371764935
55,1,0.0,0,1,-1.33967118898656
56,2,0.0,0,1,-1.04658259606903
57,1,0.0,0,1,-1.25555534293526
