bus_number,bus_type,P_demand,Q_demand,voltage_mag,voltage_ang
1,1,6.56609114971035,0,1,-6.21596656607887
2,1,0.0,0,1,-2.02503677030716
3,2,0.0,0,1,-3.39055191757072
4,1,10.015487709871,0,1,-1.85550936756675
5,1,271.066338069282,0,1,-7.84074705408377
6,1,0.0,0,1,-0.156698564131147
7,2,0.0,0,1,-2.36873636817322
8,1,492.031662677977,0,1,-4.7480278662184
9,1,0.0,0,1,-1.62259063677869
10,1,223.830723589255,0,1,-10.107583691216
11,2,0.0,0,1,-1.25692457438761
12,2,0.0,0,1,-1.50574294910746
13,3,0.0,0,1,0.0
14,1,0.0,0,1,-4.06886270796197
15,1,0.0,0,1,-0.880468291213899
16,2,0.0,0,1,-1.86490211202099
17,1,0.0,0,1,-4.74564262122459
18,2,0.0,0,1,-4.21236657327856
19,1,0.0,0,1,-9.8858792745078
20,1,0.0,0,1,-2.42505524351252
21,2,0.0,0,1,-2.89695324518195
22,1,417.395686835552,0,1,-4.67755574863923
23,2,0.0,0,1,-4.69787085527304
24,1,221.028352970921,0,1,-3.85382045766968
25,2,0.0,0,1,-3.26224412624636
26,2,0.0,0,1,-0.533253632651671
27,1,0.0,0,1,-6.77852124342127
28,2,0.0,0,1,-8.37702443397801
29,2,0.0,0,1,-4.41577236023652
30,1,57.745192175943,0,1,-4.17561798001855
31,1,0.0,0,1,-5.25294431479866
32,1,60.8571880907636,0,1,-7.58850646810647
33,1,0.0,0,1,-1.86927318834383
34,2,0.0,0,1,-2.40454755211075
35,1,0.0,0,1,-5.15517574050195
36,1,49.6146192939439,0,1,-5.67010134450336
37,2,0.0,0,1,-3.94871285393241
38,2,0.0,0,1,-4.83556698301197
39,2,0.0,0,1,-6.09185366806081
40,2,0.0,0,1,-5.42737482432424
41,1,176.286260464159,0,1,-3.29502454876663
42,1,103.585578722247,0,1,-5.07623887943528
43,1,202.911752054431,0,1,-7.70752319240878
44,2,0.0,0,1,-6.21953276081078
45,1,0.0,0,1,-6.10346287291284
46,1,30.3171477357381,0,1,-7.98304812140248
47,1,9.61804661596577,0,1,-6.64640234484312
48,2,0.0,0,1,-6.83933120323226
49,2,0.0,0,1,-7.2366042726295
50,1,161.218925359385,0,1,-5.63989586354848
51,2,0.0,0,1,-3.88537785927693
52,1,0.0,0,1,-5.00057424315269
53,1,67.9900626470177,0,1,-8.71825397735388
54,1,135.027197675842,0,1,-9.04186556382869
55,1,57.2042796445975,0,1,-8.2308267354289
56,2,0.0,0,1,-7.01724577323008
57,2,0.0,0,1,-8.71825397735388
