bus_number,bus_type,P_demand,Q_demand,voltage_mag,voltage_ang
1,1,0.0,0,1,-2.43746093563569
2,1,0.0,0,1,-0.838162236511597
3,1,0.0,0,1,-0.482323476997869
4,1,0.0,0,1,-1.00377140452305
5,1,219.84904988106,0,1,-3.92351295955024
6,2,0.0,0,1,0.105678672892817
7,1,62.1189345354603,0,1,-1.90645483540724
8,2,0.0,0,1,-1.91435227752592
9,1,0.0,0,1,-1.96182311468762
10,1,0.0,0,1,-1.11454070882989
11,1,0.0,0,1,-1.43798349727779
12,1,0.0,0,1,-1.40881018103015
13,1,0.0,0,1,-0.188556584139329
14,2,0.0,0,1,-1.13447484599759
15,1,0.0,0,1,-0.905456920975946
16,1,135.168846357026,0,1,-2.01732804041084
17,1,78.0391484305011,0,1,-0.752570096372961
18,1,0.0,0,1,-0.233401400623074
19,1,0.0,0,1,-1.32107268290627
20,1,165.477860039862,0,1,-1.57457080442964
21,2,0.0,0,1,0.0485617108078275
22,2,0.0,0,1,-1.01860180461055
23,1,0.0,0,1,-1.14311108086067
24,2,0.0,0,1,-0.333932939451175
25,1,0.0,0,1,-0.194698857932656
26,1,0.0,0,1,-0.714942783318044
27,1,0.0,0,1,-1.70603921174128
28,2,0.0,0,1,-0.284644479759217
29,1,0.0,0,1,-0.465600040056637
30,1,52.3720144432224,0,1,-0.491260373603356
31,1,100.581129973068,0,1,-1.27869030859439
32,1,202.445670532427,0,1,-1.32188076174362
33,1,551.58786474019,0,1,-0.732606777324481
34,3,0.0,0,1,0.0
35,1,0.0,0,1,-0.585236926098038
36,1,67.1875700853546,0,1,-1.47465786442167
37,1,91.7383155921743,0,1,-2.13769586518653
38,1,0.0,0,1,-1.03110990287912
39,1,0.0,0,1,-0.846687449250495
40,1,37.0525631782105,0,1,-1.04644571810439
41,1,0.0,0,1,0.730932579406208
42,1,21.7152041542208,0,1,-0.793785259861403
43,1,267.967196346648,0,1,-0.852198111440176
44,1,13.998962389727,0,1,-0.138456467606993
45,2,0.0,0,1,1.22526011343581
46,1,168.152656357254,0,1,-1.77387572427675
47,1,167.585466366103,0,1,-1.64740056641203
48,2,0.0,0,1,-0.189338362302313
49,1,84.6227609538097,0,1,-2.9795666380549
50,1,0.0,0,1,-0.358570453574372
51,1,0.0,0,1,-0.813594738275456
52,1,0.0,0,1,-0.55422655028868
53,1,0.0,0,1,-1.49831201989218
54,1,0.0,0,1,-0.890734514667078
55,2,0.0,0,1,-1.14128007584703
56,1,61.6762920838906,0,1,-0.965718310973378
57,1,0.0,0,1,-1.76503521426361
