bus_number,P_output,Q_output,voltage_mag,gen_status,P_max,P_min
1,544.950386515371,0,1,1,663.290775576895,0
4,0.0,0,1,0,286.128652039605,0
6,53.8955889716931,0,1,1,53.8955889716931,0
7,454.25323497288,0,1,1,454.25323497288,0
14,148.603682282152,0,1,1,148.603682282152,0
15,0.0,0,1,0,225.858093417729,0
17,0.0,0,1,0,59.2274547434902,0
26,0.0,0,1,0,212.504963434916,0
27,53.2431996851269,0,1,1,53.2431996851269,0
28,371.256535261602,0,1,1,563.205690167277,0
29,60.0787781759719,0,1,1,153.428400791724,0
30,503.080624160715,0,1,1,503.080624160715,0
37,0.0,0,1,0,320.70882372303,0
38,283.097723473808,0,1,1,283.097723473808,0
39,136.921929208028,0,1,1,136.921929208028,0
41,120.742976034914,0,1,1,120.742976034914,0
54,24.1859347403353,0,1,1,24.1859347403353,0
