bus_number,P_output,Q_output,voltage_mag,gen_status,P_max,P_min
3,612.214982059018,0,1,1,783.210515443753,0
8,417.874234602605,0,1,1,515.784158891133,0
10,1.2041853396981399e-12,0,1,1,97.0969414148522,0
11,0.0,0,1,0,477.315501812667,0
14,337.62412959386,0,1,1,387.087875914934,0
16,77.9777466396496,0,1,1,77.9777466396496,0
20,18.7500368043156,0,1,1,181.964128771309,0
21,332.371354572568,0,1,1,332.371354572569,0
22,19.3820401424534,0,1,1,19.3820401424535,0
36,654.211259323816,0,1,1,654.211259323816,0
41,0.0,0,1,0,452.071414752871,0
51,178.225725565316,0,1,1,178.225725565316,0
54,105.679084178997,0,1,1,105.679084178998,0
