bus_number,P_output,Q_output,voltage_mag,gen_status,P_max,P_min
3,682.542633942561,0,1,1,812.663244271335,0
6,76.8425084434291,0,1,1,345.974472725372,0
7,0.0,0,1,0,325.564217178454,0
10,185.923866852079,0,1,1,185.923866852079,0
16,0.0,0,1,0,425.072023710486,0
18,530.491765627529,0,1,1,530.491765627529,0
23,0.0,0,1,0,358.178338442063,0
30,397.919195266055,0,1,1,397.919195266055,0
32,114.071544623356,0,1,1,114.071544623356,0
36,68.5173581055374,0,1,1,68.5173581055374,0
46,354.516586059813,0,1,1,354.516586059813,0
47,111.077105415151,0,1,1,111.077105415151,0
51,232.408029147089,0,1,1,232.408029147089,0
