bus_number,P_output,Q_output,voltage_mag,gen_status,P_max,P_min
2,361.056229687778,0,1,1,361.056229690457,0
4,498.578609939855,0,1,1,721.52556204148,0
6,0.0,0,1,0,376.471017633155,0
10,137.163584104884,0,1,1,137.163584108013,0
11,190.42892027583,0,1,1,190.428920278393,0
13,0.0,0,1,0,323.959697342395,0
14,106.616482742271,0,1,1,106.616482950045,0
21,23.6894439000107,0,1,1,23.6894439030039,0
31,18.7652226718197,0,1,1,18.7652226747041,0
34,215.299462140771,0,1,1,524.790383468736,0
39,450.587573038008,0,1,1,450.587573047425,0
46,0.0,0,1,0,275.198565298266,0
48,136.177348114256,0,1,1,136.177348116027,0
53,514.875709606227,0,1,1,514.875709608878,0
56,101.072007260892,0,1,1,101.072007263342,0
