bus_number,P_output,Q_output,voltage_mag,gen_status,P_max,P_min
1,74.3515791955312,0,1,1,525.666288353357,0
3,469.815677869513,0,1,1,469.815677869513,0
4,395.148990311104,0,1,1,395.148990311105,0
6,276.818722968747,0,1,1,296.85413905113,0
7,9.48790111475188e-13,0,1,1,33.0726548249881,0
8,241.359104132305,0,1,1,241.359104132305,0
12,0.0,0,1,0,325.510220875907,0
17,431.868963039295,0,1,1,431.868963039295,0
22,34.7202807763756,0,1,1,34.7202807763761,0
24,0.0,0,1,0,345.374578092062,0
25,365.24760941486,0,1,1,365.24760941486,0
28,0.0,0,1,0,20.2429436631361,0
30,26.9230710405497,0,1,1,26.9230710405499,0
36,34.1985472129914,0,1,1,34.1985472129916,0
37,0.0,0,1,0,354.742366733829,0
41,58.3683187426397,0,1,1,58.3683187426399,0
44,5.46835083672378,0,1,1,33.749914060776,0
54,211.609484553591,0,1,1,211.609484553591,0
55,57.9045946759071,0,1,1,57.9045946759078,0
