cost_model,startup,shutdown,n_coefficients,coeff_n,coeff1,coeff0
2,0,0,3,0.0,0.0,0.0
2,0,0,3,0.0,0.0,0.0
2,0,0,3,0.0072911539722864,48.8230382061756,311.660730420472
2,0,0,3,0.0,0.0,0.0
2,0,0,3,0.0,0.0,0.0
2,0,0,3,0.0049121023208063,31.6871521116058,220.473053916602
2,0,0,3,0.0,0.0,0.0
2,0,0,3,0.0054061162286298,48.0724849943796,557.867491356587
2,0,0,3,0.0052244879736534,35.7946111358659,2341.05376116692
2,0,0,3,0.0069874679837619,55.92328380314,580.153555263795
2,0,0,3,0.0,0.0,0.0
2,0,0,3,0.0067351752436502,47.1308666651488,558.121858157054
2,0,0,3,0.0,0.0,0.0
2,0,0,3,0.0,0.0,0.0
