cost_model,startup,shutdown,n_coefficients,coeff_n,coeff1,coeff0
2,0,0,3,0.0038419624166829,49.3885367422244,52.5576254296295
2,0,0,3,0.0,0.0,0.0
2,0,0,3,0.0045675325390929,54.2571812423107,249.322678604086
2,0,0,3,0.0023240641726353,54.7670982589961,3722.19790008898
2,0,0,3,0.004573246043298,24.9637847262691,3076.04998579223
2,0,0,3,0.0,0.0,0.0
2,0,0,3,0.0028648462539195,41.2501498803294,264.437407644802
2,0,0,3,0.0,0.0,0.0
2,0,0,3,0.0,0.0,0.0
2,0,0,3,0.0,0.0,0.0
2,0,0,3,0.0,0.0,0.0
2,0,0,3,0.0,0.0,0.0
2,0,0,3,0.0,0.0,0.0
