bus_number,bus_type,P_demand,Q_demand,voltage_mag,voltage_ang
1,1,172.857243402052,0,1,-7.74466568585257
2,2,0.0,0,1,-4.36095185445554
3,1,0.0,0,1,-7.02599283993584
4,1,307.421190254191,0,1,-8.01215475993649
5,1,0.0,0,1,-6.39395100429462
6,1,0.0,0,1,-7.50359403211345
7,2,0.0,0,1,-3.02767814207383
8,1,0.0,0,1,-7.14358370500663
9,1,103.958545084936,0,1,-8.51614684937401
10,1,0.0,0,1,-7.35903681369656
11,2,0.0,0,1,-5.28403032966281
12,1,0.0,0,1,-7.10491581625445
13,1,0.0,0,1,-6.91588630818709
14,1,0.0,0,1,-6.84946941414522
15,1,10.7995231992757,0,1,-7.013261377303
16,1,0.0,0,1,-0.398799890622498
17,1,0.0,0,1,-6.4054889001862
18,1,0.0,0,1,-6.79013477503639
19,1,0.0,0,1,-5.9826185226595
20,1,0.0,0,1,-6.53115679371272
21,1,138.291533870824,0,1,-7.69007401402114
22,2,0.0,0,1,-5.89134721047756
23,3,0.0,0,1,0.0
24,1,0.0,0,1,-6.09378604669224
25,2,0.0,0,1,-2.52433415792319
26,1,277.122176251076,0,1,-6.19521262007565
27,1,0.0,0,1,-3.97062846791847
28,1,285.810605133241,0,1,-5.10872761713079
29,2,0.0,0,1,-4.51430915813364
30,2,0.0,0,1,11.5422100358181
31,2,0.0,0,1,-3.42175825815499
32,1,0.0,0,1,-5.03791275146192
33,1,450.649825911471,0,1,-4.99681453931842
34,1,0.0,0,1,-4.87546826021634
35,1,0.0,0,1,-5.9264974291859
36,1,240.73312693084,0,1,-5.07863469850506
37,2,0.0,0,1,-4.21134158027016
38,1,0.0,0,1,-5.7862111655454
39,2,0.0,0,1,-5.98887940045711
40,1,0.0,0,1,-5.78007493205835
41,1,0.0,0,1,-6.65342347387715
42,1,0.0,0,1,-5.77398158247984
43,2,0.0,0,1,-7.06603468571029
44,1,9.67487775281658,0,1,-6.16844300504709
45,1,0.0,0,1,-5.48399180234162
46,2,0.0,0,1,-5.74011182027741
47,1,0.0,0,1,-5.83430156453524
48,1,1.63715496206079,0,1,-6.19404790915169
49,1,399.545598883154,0,1,-7.2861034055083
50,2,0.0,0,1,-5.26509205162386
51,2,0.0,0,1,-6.19404790915169
52,1,0.0,0,1,-5.4606738374585
53,2,0.0,0,1,-5.64424070124842
54,1,0.0,0,1,-6.68605539101845
55,1,0.0,0,1,-5.76095094973821
56,1,355.809191846663,0,1,-6.35135471936495
57,1,0.0,0,1,-6.88743050997365
