bus_number,bus_type,P_demand,Q_demand,voltage_mag,voltage_ang
1,1,268.78509252345,0,1,-1.92756825901327
2,1,56.9545079514963,0,1,-3.0502655659185
3,1,0.0,0,1,-1.35184119386546
4,2,0.0,0,1,-2.71287050122566
5,1,0.0,0,1,-1.09002989162198
6,1,0.0,0,1,-0.0835067521490779
7,1,218.600451639118,0,1,-2.80263039590452
8,1,0.0,0,1,-1.44928306797015
9,1,0.0,0,1,-2.00087555293459
10,1,0.0,0,1,-0.849752446515164
11,2,0.0,0,1,-0.858079029613489
12,1,0.0,0,1,-0.129154311539937
13,1,0.0,0,1,-1.25159986726664
14,2,0.0,0,1,-0.341217522687969
15,2,0.0,0,1,-1.3211473686622
16,1,0.0,0,1,-1.34800642115281
17,1,0.0,0,1,-1.69391246022877
18,3,0.0,0,1,0.0
19,1,761.984044805808,0,1,-2.41440806369429
20,1,0.0,0,1,-0.617436062362699
21,1,0.0,0,1,-0.632099080351457
22,1,0.0,0,1,-2.48916174717648
23,2,0.0,0,1,-2.58564962148556
24,2,0.0,0,1,-2.1911698437233
25,1,338.481237983374,0,1,-3.30619203755956
26,1,0.0,0,1,-2.02012752856396
27,2,0.0,0,1,-2.08849134994893
28,1,111.889359375375,0,1,-2.3047088669766
29,1,0.0,0,1,-1.50885523212375
30,2,0.0,0,1,-0.0460859369078909
31,2,0.0,0,1,-2.22821568841991
32,1,0.0,0,1,-2.41742042890283
33,2,0.0,0,1,-2.24002391971997
34,1,0.0,0,1,-2.82374766267348
35,1,0.0,0,1,-1.87296983683523
36,2,0.0,0,1,-1.28249824434341
37,1,86.4274445666852,0,1,-2.54144054473546
38,1,0.0,0,1,-0.756846264930801
39,1,238.18229945003,0,1,-4.22980489897977
40,1,0.0,0,1,-3.79001126720348
41,1,0.0,0,1,-0.145978474930701
42,2,0.0,0,1,3.54854385216128
43,2,0.0,0,1,-0.669341116439497
44,2,0.0,0,1,-2.42130990939884
45,2,0.0,0,1,-1.81529250490331
46,1,263.202271909967,0,1,-2.87198868182172
47,1,0.0,0,1,0.982758356146652
48,1,0.0,0,1,-1.807613289832
49,1,266.389142493888,0,1,-2.95904731297698
50,1,0.0,0,1,-2.26874400134518
51,1,70.460044841765,0,1,-1.55328381200227
52,1,35.460533635414,0,1,-1.04026333975609
53,2,0.0,0,1,-1.32941868107914
54,2,0.0,0,1,-1.663269949756
55,1,37.4941623062307,0,1,1.83557250951977
56,2,0.0,0,1,3.55136902769744
57,1,0.0,0,1,-0.817377042446639
