bus_number,bus_type,P_demand,Q_demand,voltage_mag,voltage_ang
1,2,0.0,0,1,0.357168767254266
2,1,0.0,0,1,-0.0972332480163791
3,2,0.0,0,1,-0.142829033358666
4,1,0.0,0,1,-0.464801806044759
5,2,0.0,0,1,0.0182844329597441
6,1,0.0,0,1,-0.488589243610446
7,1,13.3061378642608,0,1,-0.477103621861982
8,1,0.0,0,1,0.243550767478445
9,1,0.0,0,1,-0.445353959535637
10,1,0.0,0,1,-1.27372006666382
11,1,0.0,0,1,-1.16540723492135
12,1,0.0,0,1,-0.357549232372205
13,1,0.0,0,1,-0.385486945598188
14,1,0.0,0,1,-1.02265935326657
15,1,0.0,0,1,-0.262347529807382
16,2,0.0,0,1,-1.66764215276009
17,1,0.0,0,1,0.138374837134494
18,2,0.0,0,1,-1.47461061726882
19,1,53.7468168395045,0,1,-2.04100596484519
20,2,0.0,0,1,0.689344747325594
21,2,0.0,0,1,0.533235168960493
22,1,306.836964082828,0,1,-0.498078271046503
23,1,788.145866712544,0,1,-3.1153130391417
24,1,433.298238315714,0,1,-1.26459274605793
25,2,0.0,0,1,-1.93823627339222
26,2,0.0,0,1,-0.0890421069716643
27,1,0.0,0,1,-0.307576393098055
28,2,0.0,0,1,-0.831742707510746
29,1,265.373088296039,0,1,-2.44665191753254
30,3,0.0,0,1,0.0
31,1,45.7946184703103,0,1,0.0881596794013663
32,1,0.0,0,1,-2.64731528624122
33,2,0.0,0,1,-0.482098675209839
34,1,0.0,0,1,-1.1656651948544
35,1,0.0,0,1,-1.13227656314262
36,2,0.0,0,1,-2.98250033285433
37,1,0.0,0,1,-0.12576659065648
38,1,0.0,0,1,-0.924063888657874
39,1,0.0,0,1,-1.78725468803364
40,1,133.23675149037,0,1,-1.05350954497903
41,1,150.588821559277,0,1,-1.59780522837673
42,1,0.0,0,1,-1.11567102545381
43,1,14.5229775853439,0,1,-1.57502685623962
44,1,148.668992411375,0,1,0.220261627618335
45,2,0.0,0,1,0.434399573743714
46,1,68.153246902234,0,1,0.0750611704131601
47,1,0.0,0,1,-0.533533116741492
48,1,103.208084160289,0,1,-0.962989084635186
49,1,0.0,0,1,-0.443411450582785
50,2,0.0,0,1,-0.529134367694842
51,1,0.0,0,1,-1.02862833886085
52,2,0.0,0,1,-0.124811920261054
53,1,0.0,0,1,-0.487146607071361
54,2,0.0,0,1,-0.5251938171849
55,1,229.429988792512,0,1,-0.878800948290934
56,2,0.0,0,1,-0.193388997808662
57,1,0.0,0,1,-0.360486189100021
