cost_model,startup,shutdown,n_coefficients,coeff_n,coeff1,coeff0
2,0,0,3,0.0,0.0,0.0
2,0,0,3,0.0070155652585707,30.3547763541071,29.3231018358943
2,0,0,3,0.0051463444240678,39.9166969200002,509.884115562871
2,0,0,3,0.0,0.0,0.0
2,0,0,3,0.0034251492553715,39.4433781812322,532.266099838162
2,0,0,3,0.0,0.0,0.0
2,0,0,3,0.0,0.0,0.0
2,0,0,3,0.0020556190360013,40.6766538170909,1909.92335571835
2,0,0,3,0.0,0.0,0.0
2,0,0,3,0.0,0.0,0.0
2,0,0,3,0.0,0.0,0.0
2,0,0,3,0.0025965756332748,31.9641152029867,218.2475299603
2,0,0,3,0.0057065306344115,28.5314356921135,2820.10508567601
2,0,0,3,0.0,0.0,0.0
