bus_number,bus_type,P_demand,Q_demand,voltage_mag,voltage_ang
1,1,0.0,0,1,-2.9974566481653
2,2,0.0,0,1,-2.34964269022283
3,1,0.0,0,1,-1.92786221635562
4,1,274.594239954418,0,1,-3.66988659131524
5,1,0.0,0,1,-0.562746177798596
6,1,53.0094106755874,0,1,-2.44533873856208
7,1,166.237006804274,0,1,-2.08085127217202
8,1,255.164969264526,0,1,-4.65756210428451
9,2,0.0,0,1,-0.603130449939888
10,2,0.0,0,1,-0.12624620899716
11,1,0.0,0,1,-3.47802320099611
12,1,199.170839450571,0,1,-0.0309634418248326
13,1,0.0,0,1,-0.331803596510889
14,1,139.51072160269,0,1,-0.457866079237371
15,3,0.0,0,1,0.0
16,1,121.683669248066,0,1,0.717615104576222
17,1,0.0,0,1,-0.39652377161175
18,1,0.0,0,1,0.452058803946649
19,1,42.960667350652,0,1,-0.321231883586406
20,1,0.0,0,1,0.560450481726536
21,1,62.4817411547244,0,1,-1.78814030017265
22,1,261.4057198677,0,1,-0.861621195448699
23,1,0.0,0,1,1.06308914381298
24,1,0.0,0,1,-0.514741283454507
25,2,0.0,0,1,0.911178279932849
26,2,0.0,0,1,2.89423171288471
27,1,49.6887116245352,0,1,-1.18970232311055
28,1,0.0,0,1,2.07909870945332
29,1,0.0,0,1,-2.39238527797653
30,1,0.0,0,1,-3.81701713410665
31,1,0.776991058268302,0,1,-2.1890397554267
32,1,0.0,0,1,-2.3354577415807
33,2,0.0,0,1,1.68923613937722
34,1,0.0,0,1,-2.27741480885649
35,1,276.82997714226,0,1,-4.96722971981318
36,2,0.0,0,1,2.07909870945332
37,1,0.0,0,1,-3.95535647717196
38,1,0.0,0,1,-2.77589350146115
39,1,4.08230974431491,0,1,-2.59050055303932
40,2,0.0,0,1,2.56851578920628
41,1,93.595376528833,0,1,-2.71084025065846
42,1,263.208661436463,0,1,-4.03534509338297
43,1,0.0,0,1,-3.11266270128106
44,1,184.019283692967,0,1,-3.8097204735613
45,2,0.0,0,1,-2.46501919776452
46,1,0.0,0,1,-2.42707097177043
47,1,21.4143737013922,0,1,-1.32796820775932
48,1,59.6262770159798,0,1,-3.53153676554476
49,2,0.0,0,1,-1.23650837777489
50,2,0.0,0,1,-2.46673580160634
51,1,162.88088672863,0,1,-3.32125970462851
52,1,0.0,0,1,-1.37489011506203
53,2,0.0,0,1,-1.96381438261367
54,1,0.0,0,1,-0.89899707438459
55,2,0.0,0,1,-1.75686116130706
56,2,0.0,0,1,-1.90253451895542
57,1,61.9687594357507,0,1,-2.11403712290819
