bus_number,bus_type,P_demand,Q_demand,voltage_mag,voltage_ang
1,1,0.0,0,1,-0.190930055618302
2,1,0.0,0,1,-0.96929859150694
3,3,0.0,0,1,0.0
4,2,0.0,0,1,-3.79220670351642
5,2,0.0,0,1,-0.886873737253218
6,2,0.0,0,1,-0.161194059677158
7,1,332.785683625665,0,1,-1.75715610473447
8,1,0.0,0,1,-1.81954095543184
9,1,284.488891246315,0,1,-2.70235356932684
10,1,0.0,0,1,-1.5730757387048
11,1,0.0,0,1,-0.663545350220022
12,2,0.0,0,1,-0.585978800454107
13,1,167.912134295277,0,1,-3.90278767925396
14,1,95.751544424908,0,1,-1.09188518092223
15,2,0.0,0,1,-3.09372849624173
16,1,245.171141519996,0,1,-4.85553697081092
17,2,0.0,0,1,-2.11029367446551
18,1,20.94790836176,0,1,-6.00953318445661
19,1,25.5884931820268,0,1,-6.2519026649114
20,1,0.0,0,1,-3.95607134272916
21,1,39.3473578871776,0,1,-5.22490737365698
22,1,40.7973115017475,0,1,-2.41095098767298
23,1,9.73375103437063,0,1,-3.75851164667606
24,1,0.0,0,1,-2.15744478637868
25,1,134.986543204916,0,1,-4.2007868401019
26,2,0.0,0,1,-0.909066947500235
27,1,0.0,0,1,-3.42035441313383
28,1,0.0,0,1,-3.17428009875065
29,1,0.0,0,1,-1.74671422549184
30,1,0.0,0,1,-4.43062100497755
31,1,397.600300639058,0,1,-4.99933523976057
32,1,1.15011662510199,0,1,-2.70991450524381
33,2,0.0,0,1,0.0147523045025491
34,2,0.0,0,1,-0.741436030435213
35,2,0.0,0,1,-2.21969509290793
36,1,55.8725511383481,0,1,-4.05714389654928
37,1,0.0,0,1,-4.7154306165434
38,1,18.3836557873112,0,1,-3.65858349237954
39,1,41.126239894102,0,1,-1.32526953696473
40,1,75.5278496802733,0,1,-4.11056234692425
41,1,86.445259698545,0,1,-3.15783094204313
42,2,0.0,0,1,-3.29442875093974
43,2,0.0,0,1,-5.41623653590674
44,2,0.0,0,1,-3.65858349237954
45,1,0.0,0,1,-2.9385965802984
46,1,295.0842838626,0,1,-6.00505975678906
47,1,91.4675784140988,0,1,-2.58794588168422
48,2,0.0,0,1,-1.20876506501113
49,1,0.0,0,1,-1.65174649855537
50,1,85.396851881166,0,1,-5.10200016030021
51,1,0.0,0,1,-4.25922020554263
52,1,33.0754596219205,0,1,-1.0643084154441
53,1,175.669685955918,0,1,-2.86812954601237
54,2,0.0,0,1,-1.69870951283785
55,1,0.0,0,1,-2.15771828877082
56,2,0.0,0,1,-1.82482322298944
57,1,0.0,0,1,-3.77871135599034
