cost_model,startup,shutdown,n_coefficients,coeff_n,coeff1,coeff0
2,0,0,3,0.0,0.0,0.0
2,0,0,3,0.0037127896477224,27.7756904057473,3686.85762974922
2,0,0,3,0.0,0.0,0.0
2,0,0,3,0.0062294138981009,52.0679708489341,17.3329366614146
2,0,0,3,0.0022270692869075,56.8196738071832,326.914310665728
2,0,0,3,0.0051404049388086,26.131224436545,241.782718858008
2,0,0,3,0.0,0.0,0.0
2,0,0,3,0.0044058539025835,29.3147784220752,228.774619910702
2,0,0,3,0.0066688481722518,52.917557639624,1070.86478934533
2,0,0,3,0.0061784181228856,23.2491989216591,479.930364255994
2,0,0,3,0.0,0.0,0.0
2,0,0,3,0.0,0.0,0.0
2,0,0,3,0.0,0.0,0.0
2,0,0,3,0.0,0.0,0.0
2,0,0,3,0.0,0.0,0.0
2,0,0,3,0.0,0.0,0.0
2,0,0,3,0.0,0.0,0.0
2,0,0,3,0.0021319948075472,35.8377818482368,473.316237045016
2,0,0,3,0.0,0.0,0.0
2,0,0,3,0.0,0.0,0.0
2,0,0,3,0.0063481211299195,35.1213267762539,479.807397070818
