bus_number,P_output,Q_output,voltage_mag,gen_status,P_max,P_min
3,93.2058974009894,0,1,1,277.845514174344,0
16,170.586439471452,0,1,1,170.586439471452,0
19,331.311537124688,0,1,1,331.311537124688,0
20,28.9182162072016,0,1,1,28.9182162072016,0
24,398.834655098739,0,1,1,398.834655098739,0
26,967.746153563475,0,1,1,1149.93266328918,0
27,6.13031781125995,0,1,1,194.604966982692,0
30,158.576427765412,0,1,1,158.576427765412,0
32,0.0,0,1,0,458.760125904432,0
39,171.562379980735,0,1,1,171.562379980735,0
44,1.0748870459389e-14,0,1,1,152.928362495999,0
45,148.415895937671,0,1,1,150.437703540926,0
48,86.0447887821784,0,1,1,86.0447887821784,0
50,40.0281282458991,0,1,1,61.0770691743541,0
52,0.0,0,1,0,421.759708416089,0
53,2.4806494164811604e-15,0,1,1,49.1971890158972,0
