cost_model,startup,shutdown,n_coefficients,coeff_n,coeff1,coeff0
2,0,0,3,0.0040763580381397,55.5733782277033,2438.58232258877
2,0,0,3,0.0,0.0,0.0
2,0,0,3,0.0,0.0,0.0
2,0,0,3,0.0,0.0,0.0
2,0,0,3,0.0021335547458614,28.7744466766921,360.359236085919
2,0,0,3,0.0,0.0,0.0
2,0,0,3,0.0,0.0,0.0
2,0,0,3,0.0042943056929548,31.0356224342826,453.276942057157
2,0,0,3,0.0068558983218254,32.1239603640532,1567.35741211106
2,0,0,3,0.0037321517610235,41.1432510597457,2606.42649405474
2,0,0,3,0.0,0.0,0.0
2,0,0,3,0.0,0.0,0.0
2,0,0,3,0.0,0.0,0.0
2,0,0,3,0.0071252472308749,33.0683708944287,422.471141467066
2,0,0,3,0.0065757507303773,35.076679175198,285.661928609097
2,0,0,3,0.0,0.0,0.0
2,0,0,3,0.0,0.0,0.0
2,0,0,3,0.0048942271133915,35.3350076039825,38.3899179363835
2,0,0,3,0.0,0.0,0.0
