bus_number,bus_type,P_demand,Q_demand,voltage_mag,voltage_ang
1,1,0.0,0,1,-2.93697016733787
2,1,12.7007983929266,0,1,-1.09071204814012
3,1,0.0,0,1,-2.38825371513175
4,1,301.003001466255,0,1,-2.71468668677289
5,1,469.209823474269,0,1,-1.84949675692675
6,1,0.0,0,1,-2.19672425784011
7,1,451.51260216243,0,1,-1.95075746648646
8,1,0.0,0,1,-1.66902992806931
9,1,0.0,0,1,-1.38946222072957
10,1,273.287356386219,0,1,-3.99918328492843
11,1,0.0,0,1,-2.06222861089915
12,1,0.0,0,1,0.459557281418186
13,2,0.0,0,1,-0.698020608575706
14,1,360.211487355926,0,1,-0.821611907667044
15,3,0.0,0,1,0.0
16,2,0.0,0,1,-0.293127656448013
17,1,0.0,0,1,-1.42439131907786
18,1,0.0,0,1,-0.736250830192723
19,1,0.0,0,1,-0.36387094710704
20,1,181.175771765871,0,1,0.964375972099738
21,1,0.0,0,1,-0.242511075763374
22,1,0.0,0,1,0.644117863947163
23,2,0.0,0,1,-0.0889177263127736
24,2,0.0,0,1,3.42137745737121
25,1,195.419717580675,0,1,-0.395720769802699
26,2,0.0,0,1,0.33036261214069
27,1,0.0,0,1,0.934131126699931
28,1,0.0,0,1,0.14325683828308
29,1,0.0,0,1,1.03767423137857
30,1,0.0,0,1,0.54465038337565
31,1,16.3728647472813,0,1,-0.0400182996527331
32,1,0.0,0,1,0.33036261214069
33,1,0.0,0,1,0.33036261214069
34,1,0.0,0,1,0.373050839010934
35,1,0.0,0,1,0.155722774346417
36,2,0.0,0,1,1.34412258650181
37,1,0.0,0,1,0.723509621640073
38,2,0.0,0,1,-1.3049099569285
39,1,60.7230171030336,0,1,-1.0874665757896
40,2,0.0,0,1,-1.61401370076334
41,1,0.0,0,1,-1.69436028575257
42,2,0.0,0,1,-1.79295216773176
43,1,0.0,0,1,-1.52867919361255
44,1,0.0,0,1,-1.87176050619764
45,1,149.145434526184,0,1,-3.78326218386781
46,1,224.473918687725,0,1,-2.50130441618235
47,1,0.0,0,1,-1.20525775604004
48,1,0.0,0,1,-1.77847720582212
49,1,0.0,0,1,-2.08424654963303
50,1,0.0,0,1,-2.46058189914525
51,1,0.0,0,1,-1.70293730003352
52,2,0.0,0,1,-0.860636074031308
53,2,0.0,0,1,-1.6691937449509
54,1,59.0747998338046,0,1,-2.01500083728685
55,1,0.0,0,1,-1.77086686713428
56,2,0.0,0,1,-1.03795734061732
57,1,0.0,0,1,-1.72131459094434
