bus_number,P_output,Q_output,voltage_mag,gen_status,P_max,P_min
2,35.0800274235514,0,1,1,35.0800274235788,0
3,772.601015452626,0,1,1,772.601015453287,0
4,159.619427433738,0,1,1,159.619427433246,0
8,149.531725342944,0,1,1,149.531725342982,0
10,179.391913511238,0,1,1,179.391913511431,0
18,159.093174606458,0,1,1,159.093174610918,0
21,0.0,0,1,0,313.293852165596,0
23,40.8429837805193,0,1,1,40.8429837808024,0
25,0.0,0,1,0,346.124265845599,0
37,301.530015439967,0,1,1,851.758808445957,0
42,209.002028169708,0,1,1,209.002028169271,0
46,136.70577725805,0,1,1,136.705777257569,0
50,610.912505063499,0,1,1,623.208322330171,0
