bus_number,bus_type,P_demand,Q_demand,voltage_mag,voltage_ang
1,1,191.356496158598,0,1,-9.57096869933928
2,1,0.0,0,1,-0.857447641885999
3,1,0.0,0,1,-8.84427774193218
4,2,0.0,0,1,-6.82172592134468
5,2,0.0,0,1,2.65368221816144
6,1,0.0,0,1,-3.0724786354491
7,1,0.0,0,1,-1.17438836023023
8,1,0.0,0,1,-3.31168660788334
9,1,0.0,0,1,-4.13390773425495
10,1,28.1743265337832,0,1,-1.02505701749829
11,3,0.0,0,1,0.0
12,1,0.0,0,1,-2.8635982823683
13,1,0.0,0,1,-2.71354790854687
14,1,0.0,0,1,-1.36843438953377
15,2,0.0,0,1,-6.10527861202901
16,2,0.0,0,1,-0.436863730301971
17,1,0.0,0,1,-0.392056727916787
18,1,0.0,0,1,-4.5087581131229
19,1,0.0,0,1,-9.79507100856604
20,1,0.0,0,1,-7.4261240261793
21,1,0.0,0,1,-4.8012786209824
22,1,0.0,0,1,-6.78114498087165
23,2,0.0,0,1,-8.4935555665561
24,2,0.0,0,1,-10.3404520849558
25,2,0.0,0,1,-7.38967072709255
26,1,0.0,0,1,-10.175653269904
27,1,320.552801930418,0,1,-12.0583996056724
28,1,123.078797061645,0,1,-9.20429660474034
29,2,0.0,0,1,-9.86459632893286
30,1,0.0,0,1,-8.01501549071345
31,1,662.935652289272,0,1,-11.677601999929
32,1,0.0,0,1,-11.1622265027689
33,2,0.0,0,1,-5.42852385641954
34,1,194.29753030376,0,1,-8.83236682344704
35,1,0.0,0,1,-5.93685822642411
36,1,141.289246490163,0,1,-10.7861077973943
37,1,0.0,0,1,-4.20764282897923
38,2,0.0,0,1,-8.0662682193225
39,2,0.0,0,1,0.683977831748922
40,2,0.0,0,1,-8.0275486881045
41,2,0.0,0,1,2.10242549182881
42,1,0.0,0,1,0.683977831748923
43,1,0.0,0,1,-6.18028315502453
44,1,0.0,0,1,-5.56172657629983
45,1,0.0,0,1,-8.0275486881045
46,1,332.911686548971,0,1,-9.91136833735437
47,1,0.0,0,1,-4.86444934552777
48,1,0.0,0,1,-8.48251386879145
49,1,0.0,0,1,-8.08983083337596
50,1,0.0,0,1,-9.14653215282471
51,1,47.4609650105164,0,1,-10.5164591095324
52,1,303.069502729627,0,1,-8.09893106326738
53,1,0.0,0,1,-3.77759711590876
54,1,0.0,0,1,-7.7289755268039
55,2,0.0,0,1,-4.99907923572324
56,1,213.597807137142,0,1,-9.16104010850048
57,2,0.0,0,1,-7.78256163922472
