bus_number,P_output,Q_output,voltage_mag,gen_status,P_max,P_min
3,6.54451556205052,0,1,1,6.54451556205052,0
7,430.085757976222,0,1,1,519.677463401521,0
12,77.01395056435,0,1,1,157.512771127546,0
14,715.827284270258,0,1,1,715.827284270258,0
16,0.0,0,1,0,384.847305927276,0
19,92.6424862822592,0,1,1,92.6424862822592,0
23,22.161848912065,0,1,1,22.161848912065,0
25,112.775155639572,0,1,1,112.775155639572,0
36,0.0,0,1,0,239.91294755318,0
41,0.0,0,1,0,253.606696613483,0
42,431.076779313666,0,1,1,431.076779313666,0
43,362.218679816504,0,1,1,362.218679816504,0
44,262.401755944533,0,1,1,381.820574819955,0
45,0.159294517133569,0,1,1,0.159294517133572,0
49,0.0,0,1,0,73.8956553095315,0
50,0.0,0,1,0,238.828351268411,0
51,0.0,0,1,0,282.404342188397,0
55,103.099131931334,0,1,1,103.099131931334,0
