bus_number,P_output,Q_output,voltage_mag,gen_status,P_max,P_min
6,239.465281140296,0,1,1,923.595006248033,0
7,225.126015027121,0,1,1,225.126015027121,0
8,734.969379027571,0,1,1,734.969379027571,0
15,195.817875032391,0,1,1,195.817875032391,0
16,101.988977966554,0,1,1,126.911539581077,0
22,276.92624684572,0,1,1,276.92624684572,0
23,0.0,0,1,0,92.8361683935062,0
25,15.8010438045426,0,1,1,15.8010438045426,0
34,243.72870606756,0,1,1,243.72870606756,0
41,0.0,0,1,0,378.543705584774,0
44,43.1296780929586,0,1,1,43.1296780929586,0
45,192.605399022719,0,1,1,192.605399022719,0
51,42.1569020571494,0,1,1,42.1569020571494,0
54,371.42928416683,0,1,1,371.42928416683,0
56,0.0,0,1,0,327.634993241178,0
57,71.1658052311887,0,1,1,71.1658052311887,0
