cost_model,startup,shutdown,n_coefficients,coeff_n,coeff1,coeff0
2,0,0,3,0.0,0.0,0.0
2,0,0,3,0.0044721380164508,24.726589374672,437.478567857596
2,0,0,3,0.0051895972158619,56.2503739694397,515.391276710374
2,0,0,3,0.005818859879737,31.2187464356979,1503.26342156438
2,0,0,3,0.0,0.0,0.0
2,0,0,3,0.0,0.0,0.0
2,0,0,3,0.0,0.0,0.0
2,0,0,3,0.0,0.0,0.0
2,0,0,3,0.0,0.0,0.0
2,0,0,3,0.0,0.0,0.0
2,0,0,3,0.0027084096699163,43.1871642147198,2045.01461697544
2,0,0,3,0.0,0.0,0.0
2,0,0,3,0.0,0.0,0.0
2,0,0,3,0.0042700715860321,34.1070394277106,131.004116274839
2,0,0,3,0.0,0.0,0.0
2,0,0,3,0.0074519694406639,45.9824083432308,291.503887370684
2,0,0,3,0.0062299455958705,52.7133950117796,232.913203418745
2,0,0,3,0.0,0.0,0.0
2,0,0,3,0.0,0.0,0.0
2,0,0,3,0.0,0.0,0.0
2,0,0,3,0.0,0.0,0.0
2,0,0,3,0.0,0.0,0.0
2,0,0,3,0.004718968527629,30.8704376962816,463.149751930867
2,0,0,3,0.0,0.0,0.0
2,0,0,3,0.007876186068737,35.9867085234957,396.974479851037
2,0,0,3,0.0062220085320216,33.9338885364457,97.7791752700004
