bus_number,bus_type,P_demand,Q_demand,voltage_mag,voltage_ang
1,1,0.0,0,1,-1.456986288129
2,1,0.0,0,1,-1.17849099624038
3,1,0.0,0,1,-3.51732730831259
4,2,0.0,0,1,-2.51667410867215
5,1,0.0,0,1,-4.33028243190604
6,3,0.0,0,1,0.0
7,1,0.0,0,1,-1.31072645577496
8,1,130.720661230428,0,1,-1.4532426314598
9,1,39.3797199643531,0,1,-5.36037206095334
10,1,174.801562844515,0,1,-1.40647947304006
11,1,86.5574706020711,0,1,-2.06592089526949
12,2,0.0,0,1,-0.406247938523149
13,1,0.0,0,1,-0.702849837807414
14,1,0.0,0,1,-0.650735875469078
15,1,0.0,0,1,-0.311370446485961
16,1,23.0575835526885,0,1,-0.861231468767862
17,1,0.0,0,1,-3.99528171056306
18,1,0.0,0,1,-0.952011915059199
19,2,0.0,0,1,0.472853109179695
20,1,213.995415313748,0,1,-0.140064898471719
21,1,0.0,0,1,0.086112000274355
22,2,0.0,0,1,-1.53397124410829
23,1,78.8628799370719,0,1,0.614430354292793
24,1,0.0,0,1,0.313425433896712
25,1,0.0,0,1,-2.81703703333449
26,1,316.772137578045,0,1,-5.66869732554905
27,2,0.0,0,1,0.970678376365225
28,1,0.0,0,1,-4.54255359957193
29,2,0.0,0,1,-4.54255359957193
30,1,99.3185905469908,0,1,-1.21047969545977
31,1,0.0,0,1,-5.15806848616828
32,2,0.0,0,1,-1.53397124410829
33,1,274.922739432857,0,1,-3.40980494461292
34,1,0.0,0,1,-3.06371766197874
35,1,49.2439884159301,0,1,-2.77465757738408
36,1,0.0,0,1,-2.45442546422139
37,1,0.0,0,1,-3.96084207883245
38,2,0.0,0,1,-2.77992771015565
39,1,31.7130432675366,0,1,-1.83945904060918
40,1,5.49331087668078,0,1,-1.94538722774276
41,1,380.9896754415,0,1,-2.36242312748162
42,2,0.0,0,1,-0.865151384141027
43,1,0.0,0,1,-0.64912184362211
44,2,0.0,0,1,-1.91892954545073
45,1,57.3477407691193,0,1,-2.79595051190486
46,1,0.0,0,1,-1.0640679051828
47,1,0.0,0,1,-0.899630664770084
48,1,0.0,0,1,-1.36469114518548
49,2,0.0,0,1,-0.942906096851131
50,1,89.9722656730101,0,1,-1.55970702616536
51,2,0.0,0,1,-2.79595051190486
52,1,28.1404520640207,0,1,-2.15222667773649
53,1,373.400236030858,0,1,-3.40333299859696
54,1,0.0,0,1,-0.64876514583647
55,1,0.0,0,1,-0.337918994102269
56,1,56.2574331805595,0,1,-1.12637034252217
57,1,9.3490866342517,0,1,-3.13770181584861
