cost_model,startup,shutdown,n_coefficients,coeff_n,coeff1,coeff0
2,0,0,3,0.0,0.0,0.0
2,0,0,3,0.0,0.0,0.0
2,0,0,3,0.0048556915815344,32.8996361081995,565.401177401583
2,0,0,3,0.0053863741961063,45.7697589714047,18.2416953865055
2,0,0,3,0.0,0.0,0.0
2,0,0,3,0.0,0.0,0.0
2,0,0,3,0.0,0.0,0.0
2,0,0,3,0.0062852517876478,52.7817632346795,3165.25139516078
2,0,0,3,0.0,0.0,0.0
2,0,0,3,0.0,0.0,0.0
2,0,0,3,0.0030813490733761,23.8939677177583,298.585115913524
2,0,0,3,0.0063400143481448,56.1568731998781,2990.85175713859
2,0,0,3,0.0,0.0,0.0
2,0,0,3,0.0,0.0,0.0
2,0,0,3,0.0076611929690451,39.4018981593058,519.15792577965
