cost_model,startup,shutdown,n_coefficients,coeff_n,coeff1,coeff0
2,0,0,3,0.0041764604431993,34.3172111758536,2266.2597042414
2,0,0,3,0.0072776116929487,46.6333412476043,468.171841615003
2,0,0,3,0.0,0.0,0.0
2,0,0,3,0.0,0.0,0.0
2,0,0,3,0.0,0.0,0.0
2,0,0,3,0.0070728193256017,40.0543656166027,425.500964876168
2,0,0,3,0.0,0.0,0.0
2,0,0,3,0.0,0.0,0.0
2,0,0,3,0.0040214635692936,29.1549695903281,565.409952071188
2,0,0,3,0.0,0.0,0.0
2,0,0,3,0.0,0.0,0.0
2,0,0,3,0.0,0.0,0.0
2,0,0,3,0.0047461518689505,36.7767065804415,172.144518941329
2,0,0,3,0.0062384730335609,54.4500886756055,559.180348497508
2,0,0,3,0.0,0.0,0.0
2,0,0,3,0.0039103284268467,48.7144146587926,2979.62508026645
2,0,0,3,0.0025916822255347,56.5715828576617,36.4718940262889
2,0,0,3,0.0,0.0,0.0
