bus_number,P_output,Q_output,voltage_mag,gen_status,P_max,P_min
2,729.087602018184,0,1,1,773.475565280991,0
11,0.0,0,1,0,585.458532669051,0
12,501.310271671238,0,1,1,623.284453790152,0
13,0.0,0,1,0,152.875120531703,0
16,0.0,0,1,0,144.710712124588,0
17,2.00420162304605e-17,0,1,1,139.13384208218,0
20,25.9345867945664,0,1,1,25.9345867945664,0
21,651.353776781821,0,1,1,651.353776781821,0
28,0.0,0,1,0,188.196790463424,0
36,99.5573112536387,0,1,1,99.5573112536387,0
37,412.530513816347,0,1,1,412.530513816347,0
38,0.0,0,1,0,131.330010689071,0
42,91.4006539570295,0,1,1,91.4006539570295,0
51,125.897175590911,0,1,1,125.897175590911,0
52,43.3929787328697,0,1,1,43.3929787328697,0
55,36.676186437826,0,1,1,36.676186437826,0
56,37.1695364281537,0,1,1,37.1695364281537,0
