bus_number,bus_type,P_demand,Q_demand,voltage_mag,voltage_ang
1,3,0.0,0,1,0.0
2,1,420.260090455308,0,1,-6.57266862836599
3,2,0.0,0,1,-5.71018617190807
4,1,0.0,0,1,-5.44894021905078
5,1,0.0,0,1,-6.21139543039284
6,1,0.0,0,1,-5.64473935407466
7,1,32.78210970083,0,1,-4.63762942103632
8,2,0.0,0,1,-5.08552214451972
9,1,175.543275354076,0,1,-7.71224974499957
10,1,0.0,0,1,-5.48217799875252
11,1,0.0,0,1,-5.73913518159247
12,1,0.0,0,1,-5.26418441787593
13,2,0.0,0,1,-5.00777035245166
14,1,120.693909976564,0,1,-4.87406910517877
15,1,1023.98098960328,0,1,-6.22939848974694
16,1,0.0,0,1,-5.60141525912438
17,2,0.0,0,1,-4.41765513558175
18,1,0.0,0,1,-6.1782085667951
19,2,0.0,0,1,-5.1337206449412
20,1,0.0,0,1,-5.37226805460672
21,2,0.0,0,1,-6.03119305534152
22,1,0.0,0,1,-5.87215131457097
23,1,0.0,0,1,-5.52007116569676
24,2,0.0,0,1,-3.92162250183055
25,2,0.0,0,1,-5.06542664037121
26,2,0.0,0,1,-5.63208084249663
27,1,79.0657912689964,0,1,-7.30564750803251
28,1,0.0,0,1,-5.61211151011943
29,1,0.0,0,1,-5.90788466436101
30,2,0.0,0,1,-5.63208084249663
31,1,0.0,0,1,-5.35973784383534
32,1,0.0,0,1,-9.041124566437
33,1,0.0,0,1,-10.2208868406121
34,1,0.0,0,1,-5.90872203817828
35,1,0.0,0,1,-5.35973784383534
36,1,0.0,0,1,-6.27481227911553
37,1,70.2810715168094,0,1,-11.2262920547475
38,2,0.0,0,1,-5.86455245802302
39,2,0.0,0,1,-10.7194925520588
40,1,0.0,0,1,-9.66221578204324
41,2,0.0,0,1,-5.35973784383534
42,1,425.679371165715,0,1,-6.7063182751113
43,1,219.332873262432,0,1,-6.46153482558004
44,1,0.0,0,1,-9.04040904290445
45,2,0.0,0,1,-7.9217969974436
46,1,0.0,0,1,-3.76679282669913
47,1,0.0,0,1,-8.5383640776073
48,1,0.0,0,1,-3.62659393397126
49,1,0.0,0,1,-6.23067308694567
50,2,0.0,0,1,-6.06862224604949
51,1,0.0,0,1,-5.89670273247714
52,2,0.0,0,1,-0.774288699949765
53,2,0.0,0,1,-6.11759983840699
54,2,0.0,0,1,-6.53847552847622
55,2,0.0,0,1,-5.28154676567613
56,2,0.0,0,1,-6.43440805011025
57,1,186.691111178589,0,1,-6.64316743832331
