bus_number,P_output,Q_output,voltage_mag,gen_status,P_max,P_min
2,1258.48847084472,0,1,1,1258.48847084472,0
6,185.345007817745,0,1,1,245.389808605051,0
7,0.0,0,1,0,34.025663215194,0
16,0.0,0,1,0,490.132894477607,0
17,868.06619560404,0,1,1,868.06619560404,0
20,140.457975361767,0,1,1,140.457975361767,0
25,0.0,0,1,0,266.468208641565,0
28,38.3241053520442,0,1,1,38.3241053520441,0
38,49.98313690932,0,1,1,49.98313690932,0
49,65.7693935522947,0,1,1,65.7693935522945,0
50,1.66126914138497e-09,0,1,1,224.929493508186,0
51,0.0,0,1,0,246.098011521111,0
54,147.876308039008,0,1,1,334.244389831418,0
