cost_model,startup,shutdown,n_coefficients,coeff_n,coeff1,coeff0
2,0,0,3,0.0050785673202629,52.7868681741272,373.057251947411
2,0,0,3,0.0,0.0,0.0
2,0,0,3,0.0,0.0,0.0
2,0,0,3,0.0,0.0,0.0
2,0,0,3,0.0077374569094874,39.5325143409629,21.0663140332311
2,0,0,3,0.0,0.0,0.0
2,0,0,3,0.0040468677220363,40.9893387516009,415.446635010927
2,0,0,3,0.0,0.0,0.0
2,0,0,3,0.007461637313035,40.3900889506025,2761.97191852709
2,0,0,3,0.0052852511993458,36.8406739475881,2671.39584388876
2,0,0,3,0.0048398272007322,27.5741564509773,22.0642205670562
2,0,0,3,0.0,0.0,0.0
2,0,0,3,0.0,0.0,0.0
2,0,0,3,0.0065225301568132,28.0021661217237,818.540704589748
2,0,0,3,0.0,0.0,0.0
2,0,0,3,0.0,0.0,0.0
2,0,0,3,0.0,0.0,0.0
