bus_number,P_output,Q_output,voltage_mag,gen_status,P_max,P_min
6,173.338098651639,0,1,1,173.338098651639,0
8,69.8737223727378,0,1,1,69.8737223727378,0
10,150.822934185102,0,1,1,150.822934185102,0
12,33.1988972622023,0,1,1,33.1988972622023,0
13,-2.60366622717365e-21,0,1,1,33.0026229149655,0
15,0.0,0,1,0,301.92320293691,0
17,0.0,0,1,0,214.428925493559,0
25,519.79310555163,0,1,1,519.79310555163,0
30,484.430085296287,0,1,1,537.293452232734,0
32,50.4151455062106,0,1,1,50.4151455062106,0
34,0.0,0,1,0,344.644427806381,0
36,382.038507998748,0,1,1,382.038507998748,0
41,6.72196825118664,0,1,1,6.72196825118664,0
42,82.0173898154033,0,1,1,82.0173898154033,0
45,519.346462134529,0,1,1,519.346462134529,0
48,266.650757351948,0,1,1,843.518884310383,0
