bus_number,bus_type,P_demand,Q_demand,voltage_mag,voltage_ang
1,2,0.0,0,1,-1.47847158951253
2,2,0.0,0,1,-0.868321724279971
3,2,0.0,0,1,-1.15522088718352
4,1,144.795971766475,0,1,-2.24464301503003
5,2,0.0,0,1,-1.33112402118012
6,1,430.460778733026,0,1,-2.64383968205211
7,1,152.517221619372,0,1,-0.97298729566912
8,1,120.25079886056,0,1,-1.72002361429841
9,1,74.3121242338653,0,1,-2.91974445551598
10,1,46.4663355052781,0,1,-2.28679684955794
11,1,0.0,0,1,-1.76866153424758
12,1,15.2390401964782,0,1,-0.956891288739458
13,2,0.0,0,1,-2.43263197965679
14,1,17.3316341281986,0,1,-1.88501516574927
15,1,63.6301353402749,0,1,-2.15471679758551
16,1,142.844423458958,0,1,-4.07505672998313
17,1,637.349117491974,0,1,-1.26664610073772
18,1,88.8573268107122,0,1,-0.615892478034142
19,1,0.0,0,1,-1.16828419602498
20,1,26.4669435119477,0,1,-4.38005026636614
21,2,0.0,0,1,-1.14983263121141
22,1,102.618671977876,0,1,-1.67510513406034
23,1,0.0,0,1,-1.62942348852701
24,2,0.0,0,1,-0.975026748223217
25,2,0.0,0,1,-0.482591156260155
26,1,0.0,0,1,-0.902528664791519
27,2,0.0,0,1,1.30390390639215
28,1,29.0865357010198,0,1,-1.19222622679289
29,1,0.0,0,1,-0.589418795762996
30,1,336.404968377629,0,1,-2.08640880465332
31,3,0.0,0,1,0.0
32,2,0.0,0,1,-0.948775642208037
33,2,0.0,0,1,1.49499926695085
34,2,0.0,0,1,0.443688754900469
35,1,0.0,0,1,2.62694786330871
36,2,0.0,0,1,-0.962062472239416
37,2,0.0,0,1,8.22513750305182
38,2,0.0,0,1,3.74004854985289
39,1,0.0,0,1,-0.2180612121105
40,1,121.731030134229,0,1,7.49634200139132
41,1,0.0,0,1,3.11520357618239
42,1,105.786988105893,0,1,0.149994772497318
43,1,0.0,0,1,-0.110894869014196
44,1,0.0,0,1,5.65684287655533
45,2,0.0,0,1,23.9647965863533
46,2,0.0,0,1,-0.539114476481576
47,1,0.0,0,1,0.903223325687819
48,2,0.0,0,1,-0.365833693513423
49,1,0.0,0,1,-0.18225880617266
50,1,0.0,0,1,-0.487281756695123
51,1,31.4627444220383,0,1,-1.51843378621219
52,2,0.0,0,1,0.760536433352116
53,1,66.0362662049349,0,1,-0.749085135587466
54,1,0.0,0,1,-0.990582706475624
55,1,0.66153690186277,0,1,0.676453717770194
56,1,0.0,0,1,-0.877076743048915
57,1,0.0,0,1,-0.550835045856186
