bus_number,bus_type,P_demand,Q_demand,voltage_mag,voltage_ang
1,1,0.0,0,1,-5.03848444742443
2,1,276.545958694414,0,1,-5.78996336488878
3,1,0.0,0,1,-0.196138167850023
4,3,0.0,0,1,0.0
5,1,0.0,0,1,-2.17275899627192
6,1,20.5003094297402,0,1,-7.52395259081808
7,1,0.0,0,1,-4.04061292202684
8,1,136.094868237338,0,1,-5.44154074852813
9,2,0.0,0,1,-3.32497980889285
10,2,0.0,0,1,-5.39620388576226
11,1,71.4067958316585,0,1,-6.82265035890181
12,1,71.5986407108516,0,1,-5.63125146762304
13,2,0.0,0,1,-4.36901268840886
14,1,0.0,0,1,-5.17075564396746
15,2,0.0,0,1,-4.42322369092782
16,1,0.0,0,1,-3.60482579083881
17,1,300.58335974361,0,1,-6.66669099721345
18,1,253.442040052402,0,1,-6.95000685441061
19,1,120.650579123606,0,1,-5.97122324314959
20,1,54.9411937118532,0,1,-4.78923239180568
21,1,0.0,0,1,-3.69551078326271
22,2,0.0,0,1,-1.86705861336251
23,1,198.430561720295,0,1,-3.81529774045695
24,2,0.0,0,1,-4.02324138435783
25,1,0.0,0,1,-2.60760740106153
26,2,0.0,0,1,-3.17300548279787
27,2,0.0,0,1,-4.95831483590875
28,1,141.271400188307,0,1,-9.0011938734955
29,2,0.0,0,1,-7.57456975300555
30,1,73.561733167349,0,1,-6.27785846516589
31,1,0.0,0,1,-3.22115786803804
32,1,0.0,0,1,-4.33833895204733
33,2,0.0,0,1,-3.56325477746822
34,1,0.0,0,1,-3.88278046615851
35,1,0.0,0,1,-4.13663853993722
36,1,291.013951077563,0,1,-6.00520560249184
37,1,103.764898671653,0,1,-4.42691320023293
38,1,0.0,0,1,-3.96725103299884
39,1,0.0,0,1,-3.84487818408425
40,2,0.0,0,1,-3.93019152582165
41,1,0.0,0,1,-4.24142358510859
42,1,0.0,0,1,-4.23757379084466
43,1,0.0,0,1,-4.53535102216546
44,1,0.0,0,1,-4.8373071485931
45,1,0.0,0,1,-4.30658988173336
46,1,313.836369116807,0,1,-5.07096763468533
47,1,0.0,0,1,-3.39473622358012
48,1,111.806124958703,0,1,-4.76484441762714
49,1,0.0,0,1,-4.61931707826208
50,1,0.0,0,1,-4.53110190667926
51,1,0.0,0,1,-2.96047301235771
52,2,0.0,0,1,-3.99346812421114
53,1,0.0,0,1,-3.90958918771184
54,1,0.0,0,1,-2.64680676854739
55,2,0.0,0,1,-3.71174298140826
56,1,0.0,0,1,-3.9429539226644
57,1,214.861809046452,0,1,-4.15486918334351
