bus_number,P_output,Q_output,voltage_mag,gen_status,P_max,P_min
8,315.904722375079,0,1,1,965.003910930992,0
11,0.0,0,1,0,172.102217286502,0
12,55.7796528861927,0,1,1,55.7796528861926,0
19,486.360921755183,0,1,1,486.360921755183,0
20,38.2178079597082,0,1,1,38.2178079597081,0
23,113.429051877887,0,1,1,113.429051877887,0
26,212.220525333474,0,1,1,212.220525333473,0
30,25.2301756363909,0,1,1,25.2301756363908,0
32,50.9892568440198,0,1,1,147.947206731001,0
36,122.605127199707,0,1,1,122.605127199706,0
38,0.0,0,1,0,149.131097850837,0
39,0.0,0,1,0,194.484554807122,0
42,390.374247674825,0,1,1,459.649819293221,0
44,378.956919111933,0,1,1,378.956919111933,0
49,168.029915712426,0,1,1,317.501324680862,0
52,320.072144096466,0,1,1,320.072144096466,0
56,76.1401250193117,0,1,1,76.1401250193115,0
