cost_model,startup,shutdown,n_coefficients,coeff_n,coeff1,coeff0
2,0,0,3,0.0065179568349013,55.3180679900892,138.948750453252
2,0,0,3,0.0,0.0,0.0
2,0,0,3,0.0045837670357342,35.1581102772385,3724.64070784567
2,0,0,3,0.0,0.0,0.0
2,0,0,3,0.0055068153901729,31.6429647138935,2328.09649827117
2,0,0,3,0.0079906321018914,46.7636361487994,122.669291241082
2,0,0,3,0.0,0.0,0.0
2,0,0,3,0.0060483155883056,50.1442670158641,171.819592190125
2,0,0,3,0.0,0.0,0.0
2,0,0,3,0.0,0.0,0.0
2,0,0,3,0.0,0.0,0.0
2,0,0,3,0.0,0.0,0.0
2,0,0,3,0.0078520904113828,55.0662816011893,3435.88087443519
2,0,0,3,0.0,0.0,0.0
2,0,0,3,0.0071252254866204,51.0420001943721,294.99444321919
2,0,0,3,0.0020226878022673,41.0976720562428,3015.32840985551
2,0,0,3,0.0062997728442561,31.1685333991628,122.020219687065
2,0,0,3,0.0,0.0,0.0
2,0,0,3,0.0,0.0,0.0
2,0,0,3,0.0,0.0,0.0
2,0,0,3,0.0,0.0,0.0
