cost_model,startup,shutdown,n_coefficients,coeff_n,coeff1,coeff0
2,0,0,3,0.0027247210605267,23.5275352454517,2170.14302497399
2,0,0,3,0.0,0.0,0.0
2,0,0,3,0.0,0.0,0.0
2,0,0,3,0.0045988901462308,38.3141895384969,1150.21052013754
2,0,0,3,0.0078918393102831,44.0211281066435,62.3402071618996
2,0,0,3,0.0,0.0,0.0
2,0,0,3,0.0046258478748511,42.0282529433007,140.438975155553
2,0,0,3,0.0,0.0,0.0
2,0,0,3,0.0035728213196062,23.8302669470969,396.030305001582
2,0,0,3,0.0041093874581716,48.4967429317859,543.422021446192
2,0,0,3,0.0,0.0,0.0
2,0,0,3,0.00692576777145,50.8491445289965,11.3044070816293
2,0,0,3,0.0,0.0,0.0
2,0,0,3,0.0023761903905094,29.9662141271458,13.8911421933575
2,0,0,3,0.0,0.0,0.0
2,0,0,3,0.0,0.0,0.0
2,0,0,3,0.0,0.0,0.0
2,0,0,3,0.0,0.0,0.0
2,0,0,3,0.0,0.0,0.0
