bus_number,bus_type,P_demand,Q_demand,voltage_mag,voltage_ang
1,1,13.1483973748558,0,1,-0.909788459883757
2,1,110.098291629327,0,1,-2.64977866533357
3,2,0.0,0,1,0.398967621654584
4,1,0.0,0,1,-0.204816524554189
5,1,20.3770691547566,0,1,-1.99796457716936
6,1,0.0,0,1,-0.973430640883276
7,1,0.0,0,1,-1.67573534165441
8,1,0.0,0,1,-1.40399104300317
9,2,0.0,0,1,1.68471601560148
10,1,0.0,0,1,-0.444368662728989
11,1,5.71863736424042,0,1,1.12375148745657
12,1,417.063096426191,0,1,1.60034076948534
13,1,0.0,0,1,0.265816057066088
14,2,0.0,0,1,0.707652977005394
15,1,42.2283551560696,0,1,-1.43412276315178
16,1,0.0,0,1,-1.2014203008477
17,1,93.0430481650635,0,1,-0.877993124534199
18,1,57.5817556280384,0,1,-0.996777531726671
19,1,0.0,0,1,-1.49469709672337
20,2,0.0,0,1,-0.937057641409562
21,1,0.0,0,1,-0.182447018725668
22,2,0.0,0,1,0.584908097439199
23,1,375.336294330732,0,1,-1.63373670646551
24,1,0.0,0,1,-1.53437051213831
25,1,0.0,0,1,-1.22165774274482
26,1,224.152721768349,0,1,-2.21276344735916
27,1,211.162490615782,0,1,-2.42570255847737
28,1,57.0809407773718,0,1,-3.17094157879944
29,2,0.0,0,1,-1.58258302702853
30,1,35.1631227208192,0,1,-0.198614158235771
31,2,0.0,0,1,-1.7023230978857
32,1,0.0,0,1,-1.73261433380042
33,1,0.0,0,1,-1.63230427875361
34,1,0.0,0,1,-0.753665743414634
35,2,0.0,0,1,-1.10434876031139
36,2,0.0,0,1,-0.0477732790732912
37,1,0.0,0,1,-0.0702695602878538
38,1,0.0,0,1,-1.32010803265091
39,2,0.0,0,1,-0.915165250971532
40,3,0.0,0,1,0.0
41,2,0.0,0,1,-3.56454594825979
42,1,329.975679539548,0,1,-1.86885056876676
43,1,10.7312191770607,0,1,-2.12014644244663
44,1,0.0,0,1,-2.09584680408239
45,2,0.0,0,1,-0.0402725219990375
46,1,294.735901074377,0,1,-5.58071927151579
47,1,0.0,0,1,-1.20615655975514
48,2,0.0,0,1,-4.1602555278576
49,1,0.0,0,1,-1.46169528966204
50,1,152.408720395363,0,1,-1.85251946687927
51,1,0.0,0,1,-1.50076789703048
52,1,0.0,0,1,-1.43194659626144
53,2,0.0,0,1,-0.332047172973645
54,1,151.442950234429,0,1,-0.769571756359243
55,1,222.636282602736,0,1,-2.02108570100738
56,2,0.0,0,1,-0.102418731736005
57,1,18.5318997831801,0,1,-0.75981598020829
