bus_number,bus_type,P_demand,Q_demand,voltage_mag,voltage_ang
1,1,0.0,0,1,0.234746359566563
2,1,0.0,0,1,-8.47431723055046
3,1,547.318197611299,0,1,-11.0782010760983
4,1,179.195840878807,0,1,-13.7978641910864
5,1,0.0,0,1,-10.4989436466684
6,1,0.0,0,1,-8.31432969083814
7,1,0.0,0,1,-7.76914858775349
8,1,251.683531005216,0,1,-9.32999536952919
9,2,0.0,0,1,-5.50679470936259
10,1,0.0,0,1,-0.953562834330542
11,2,0.0,0,1,0.847517335353656
12,1,0.0,0,1,-0.604939551317574
13,2,0.0,0,1,-6.51076690984567
14,1,0.0,0,1,-7.31956184700329
15,2,0.0,0,1,-8.40955713910333
16,1,0.0,0,1,-7.55509994422489
17,1,165.794159137935,0,1,-10.8930676453229
18,2,0.0,0,1,-1.20840132262558
19,1,0.0,0,1,-1.26591746941932
20,1,93.9177072834042,0,1,-2.99311106182328
21,1,0.0,0,1,-4.4738331307984
22,2,0.0,0,1,-1.304413533603
23,1,0.0,0,1,-4.57149411130595
24,1,0.0,0,1,-3.78414554958684
25,1,85.1290556522362,0,1,-11.4681556989481
26,1,0.0,0,1,0.116164016882555
27,1,0.0,0,1,-2.67041521207004
28,1,74.3828787735344,0,1,1.03755009550382
29,1,30.6356962580505,0,1,-6.80063700693864
30,1,15.8003610531666,0,1,-0.225659070677322
31,1,0.0,0,1,-2.74191920643348
32,1,0.0,0,1,-4.5410442811266
33,1,0.0,0,1,-4.71510432456986
34,1,0.0,0,1,-2.79459996207726
35,2,0.0,0,1,1.24062029965908
36,2,0.0,0,1,1.51281834754935
37,3,0.0,0,1,0.0
38,1,33.6977418634627,0,1,-4.10576248606139
39,1,0.0,0,1,-1.0097057766534
40,2,0.0,0,1,-6.13867317394737
41,1,60.7161217892113,0,1,-5.09711377946128
42,1,88.6365893673783,0,1,-3.67924496358496
43,1,78.1145710307842,0,1,-8.24591621972002
44,1,0.0,0,1,-3.98904530797561
45,1,66.734006440365,0,1,-8.49849228018154
46,1,843.592807558168,0,1,-10.579142222377
47,1,0.0,0,1,-8.37369686043422
48,1,0.0,0,1,-9.91689472183227
49,2,0.0,0,1,-7.30767141736987
50,1,125.404145099148,0,1,-12.0521919689998
51,2,0.0,0,1,-6.5402755213754
52,1,0.0,0,1,-6.71114910524415
53,1,116.028868386825,0,1,-9.5257643726858
54,1,20.3087941105823,0,1,-9.0391290708147
55,1,0.0,0,1,-8.18291335375681
56,1,0.0,0,1,-10.3532627519218
57,1,0.0,0,1,-1.21874403186327
