cost_model,startup,shutdown,n_coefficients,coeff_n,coeff1,coeff0
2,0,0,3,0.0,0.0,0.0
2,0,0,3,0.0,0.0,0.0
2,0,0,3,0.0064118597658608,53.3158874081772,211.487496125036
2,0,0,3,0.0,0.0,0.0
2,0,0,3,0.0,0.0,0.0
2,0,0,3,0.0,0.0,0.0
2,0,0,3,0.0037143410869712,27.5590424574436,3264.96225480779
2,0,0,3,0.0,0.0,0.0
2,0,0,3,0.0,0.0,0.0
2,0,0,3,0.0077695817683603,54.2885124228362,2729.14340584032
2,0,0,3,0.0,0.0,0.0
2,0,0,3,0.004176589978606,50.4709402869473,571.658321399833
