bus_number,bus_type,P_demand,Q_demand,voltage_mag,voltage_ang
1,1,0.0,0,1,-3.31877308577222
2,3,0.0,0,1,0.0
3,1,0.0,0,1,-3.44425130439017
4,2,0.0,0,1,-5.0175277992917
5,1,0.0,0,1,-2.85494646561255
6,1,0.0,0,1,-0.111759728252515
7,1,338.626871702209,0,1,-5.64185171386239
8,1,0.0,0,1,0.221168885397261
9,1,0.0,0,1,-1.22188916296569
10,1,52.0542816676173,0,1,2.36316783470983
11,1,119.689061864159,0,1,2.18747440009159
12,1,0.115630192238057,0,1,-5.03557798595153
13,1,1.64903443441484,0,1,1.97379751178744
14,2,0.0,0,1,1.54580672988941
15,2,0.0,0,1,0.838034614146297
16,2,0.0,0,1,2.35824984089761
17,2,0.0,0,1,3.39794809887338
18,1,0.0,0,1,2.28422926557659
19,1,168.194589329684,0,1,1.54580672988941
20,2,0.0,0,1,2.32732209635659
21,1,0.0,0,1,2.00350932623905
22,1,0.0,0,1,1.93829850770614
23,1,0.0,0,1,2.13373441927739
24,1,338.416583991312,0,1,-0.55944534471646
25,1,0.0,0,1,-0.38781365913876
26,1,0.0,0,1,-0.427492201384001
27,2,0.0,0,1,2.50372607272788
28,1,0.0,0,1,-1.04627792521374
29,1,0.0,0,1,0.559396744876642
30,1,5.13530968818591,0,1,-1.08906439382464
31,2,0.0,0,1,2.95167871227475
32,2,0.0,0,1,0.529307804907617
33,1,0.0,0,1,-0.962295806281328
34,1,0.0,0,1,-0.438550261255415
35,2,0.0,0,1,-0.221722527732914
36,1,149.770589528899,0,1,1.78639178590749
37,1,0.0,0,1,-1.01684153105571
38,1,0.0,0,1,-0.518598202120552
39,1,0.0,0,1,-0.825333778200374
40,1,128.739156010747,0,1,-1.71114593351032
41,1,0.0,0,1,-1.20810381155521
42,1,0.0,0,1,-0.937104624560947
43,1,434.828698237092,0,1,-1.38118082097622
44,1,284.444453154367,0,1,-0.574796920982271
45,2,0.0,0,1,0.221523187966392
46,1,0.0,0,1,-4.56969658642458
47,2,0.0,0,1,-0.825333778200374
48,1,0.0,0,1,-2.27532320770269
49,1,370.939961714116,0,1,-2.22120552843604
50,2,0.0,0,1,-1.11839653986851
51,2,0.0,0,1,-2.90455645205113
52,1,107.605480884229,0,1,-4.75502574255906
53,2,0.0,0,1,-4.36671677402543
54,2,0.0,0,1,-2.85494646561255
55,1,0.0,0,1,-4.19914820477199
56,1,0.0,0,1,-4.03484425154007
57,1,0.0,0,1,-3.83204457239309
