cost_model,startup,shutdown,n_coefficients,coeff_n,coeff1,coeff0
2,0,0,3,0.0,0.0,0.0
2,0,0,3,0.0,0.0,0.0
2,0,0,3,0.0078572857523716,55.8583717426364,526.935588745685
2,0,0,3,0.0,0.0,0.0
2,0,0,3,0.0,0.0,0.0
2,0,0,3,0.0026849882446657,49.7627812470492,3822.51402689187
2,0,0,3,0.0,0.0,0.0
2,0,0,3,0.0059786421856583,35.2387192395007,1467.68931190317
2,0,0,3,0.0,0.0,0.0
2,0,0,3,0.0032885464478541,30.6090065473644,231.756408434868
2,0,0,3,0.0,0.0,0.0
2,0,0,3,0.00244542834077,33.1385540773865,84.3397405486764
2,0,0,3,0.0,0.0,0.0
2,0,0,3,0.0036272579637622,50.1495343186944,562.691139896683
2,0,0,3,0.0,0.0,0.0
2,0,0,3,0.0,0.0,0.0
