bus_number,P_output,Q_output,voltage_mag,gen_status,P_max,P_min
6,49.9568186101704,0,1,1,49.95681861071,0
8,898.697394907873,0,1,1,1055.17559547296,0
11,861.654060124663,0,1,1,861.654060127002,0
12,182.708599191235,0,1,1,182.708599190854,0
13,0.0,0,1,0,107.02407967815,0
17,119.557669589347,0,1,1,119.557669588986,0
18,0.0,0,1,0,75.9034391993351,0
19,85.3486369410652,0,1,1,85.348636940901,0
20,0.0,0,1,0,109.789147765361,0
22,0.0,0,1,0,506.882816120183,0
23,177.478576502187,0,1,1,177.478576502832,0
24,82.4427088146504,0,1,1,82.4427088145442,0
25,0.0,0,1,0,107.770147308262,0
29,21.5786838122621,0,1,1,21.5786838117905,0
32,46.4568151369536,0,1,1,46.4568151364511,0
33,0.0,0,1,0,177.448841492413,0
34,47.7952532142292,0,1,1,47.7952532183861,0
35,0.0,0,1,0,58.1484938214552,0
36,11.0441933489292,0,1,1,11.0441933483498,0
39,0.0,0,1,0,146.209686943808,0
47,164.563971043306,0,1,1,164.563971043575,0
53,5.02721224538619,0,1,1,5.02721224583992,0
55,0.0,0,1,0,62.4123010421742,0
