bus_number,bus_type,P_demand,Q_demand,voltage_mag,voltage_ang
1,3,0.0,0,1,0.0
2,1,0.0,0,1,-0.638427668159829
3,1,22.0432911750633,0,1,-1.18840657203674
4,1,0.0,0,1,-0.844078237094175
5,2,0.0,0,1,-1.49422995135924
6,2,0.0,0,1,-1.23734393672418
7,1,109.053384523525,0,1,-4.3371114120624
8,1,0.0,0,1,-3.48825852481525
9,1,373.765228889227,0,1,-1.30607777636619
10,1,0.0,0,1,-1.00819684231469
11,2,0.0,0,1,-0.862654094409543
12,1,24.8754974795708,0,1,-1.27025906860932
13,2,0.0,0,1,-0.985524321618031
14,2,0.0,0,1,0.0333892429615347
15,1,0.0,0,1,-1.02659891879164
16,1,0.0,0,1,-2.67314430675973
17,1,64.9972761052167,0,1,-1.76445803713357
18,1,0.0,0,1,-1.85167699659335
19,1,5.51783435097836,0,1,-0.964469982434386
20,2,0.0,0,1,-0.750673931751753
21,2,0.0,0,1,3.45328886198933
22,1,0.0,0,1,-0.792006235102193
23,1,0.0,0,1,-1.24310662904109
24,1,108.494338345693,0,1,0.320454318763558
25,2,0.0,0,1,1.37341702177877
26,1,0.0,0,1,-0.771583301638246
27,2,0.0,0,1,-0.936855691688733
28,1,0.0,0,1,2.89340467545349
29,2,0.0,0,1,-0.844967066128364
30,1,0.0,0,1,1.78366489938728
31,1,0.0,0,1,6.57312284019648
32,2,0.0,0,1,2.80105459045302
33,2,0.0,0,1,23.6412184359535
34,2,0.0,0,1,0.609001416440574
35,1,0.0,0,1,10.8282777211474
36,1,0.0,0,1,1.25244442231957
37,2,0.0,0,1,0.166286896716216
38,1,0.0,0,1,1.03097446929522
39,2,0.0,0,1,2.63748906263993
40,2,0.0,0,1,1.21077742470762
41,1,59.7288279707272,0,1,-2.41970981971817
42,2,0.0,0,1,-0.0789189550641587
43,1,0.0,0,1,-1.59162767997607
44,1,0.0,0,1,1.01116462595555
45,2,0.0,0,1,-0.3421368800909
46,2,0.0,0,1,-1.34092883905291
47,2,0.0,0,1,0.307703839657526
48,1,783.95804095133,0,1,-2.39410003146879
49,1,546.18363188733,0,1,-2.79482168033805
50,2,0.0,0,1,-0.656112719016213
51,1,235.104676909793,0,1,-2.01596714264309
52,1,112.528019620205,0,1,-2.33206584197364
53,2,0.0,0,1,-1.23648456346335
54,1,308.060545273942,0,1,-1.86268494439863
55,2,0.0,0,1,-1.08770410705958
56,1,0.0,0,1,-0.180454749279747
57,2,0.0,0,1,0.230420748999344
