bus_number,P_output,Q_output,voltage_mag,gen_status,P_max,P_min
13,267.782613498582,0,1,1,267.78261349857,0
14,880.627322879872,0,1,1,1419.68645975448,0
17,194.143276035223,0,1,1,301.480253916378,0
20,0.0,0,1,0,205.51387478823,0
22,0.0,0,1,0,379.631846390096,0
24,1.0322688032163802e-09,0,1,1,146.676653959004,0
26,122.318040474781,0,1,1,122.318040474827,0
27,50.0131572957772,0,1,1,50.0131572958321,0
29,69.8026253924837,0,1,1,69.8026253926442,0
35,41.6979627057142,0,1,1,41.6979627057666,0
41,26.5445307425011,0,1,1,26.5445307425592,0
42,338.155853318472,0,1,1,338.155853318532,0
43,1.86371973447497,0,1,1,1.86371973454042,0
46,98.5070213651973,0,1,1,98.5070213654543,0
47,0.0,0,1,0,353.577778652675,0
49,10.8579461520634,0,1,1,10.8579461521336,0
50,180.389910608655,0,1,1,180.389910608716,0
56,247.877498673808,0,1,1,247.877498673884,0
