bus_number,P_output,Q_output,voltage_mag,gen_status,P_max,P_min
2,962.644244624032,0,1,1,1033.29354158655,0
6,0.0,0,1,0,582.578082713041,0
13,982.015313204553,0,1,1,982.015313204553,0
15,0.0,0,1,0,232.447278442156,0
19,11.8423111265568,0,1,1,132.42572896099,0
20,14.429881921553,0,1,1,14.429881921553,0
21,314.806499227406,0,1,1,314.806499227406,0
30,114.627002979413,0,1,1,114.627002979413,0
36,0.0,0,1,0,230.46267606388,0
41,9.43844402062949e-17,0,1,1,59.8952104961256,0
42,210.519059539925,0,1,1,210.519059539925,0
43,34.7655947422394,0,1,1,246.216786171807,0
47,55.6709203304796,0,1,1,55.6709203304796,0
52,52.9897657864452,0,1,1,52.9897657864452,0
