cost_model,startup,shutdown,n_coefficients,coeff_n,coeff1,coeff0
2,0,0,3,0.0070102182894407,36.7871488763738,3176.33791977429
2,0,0,3,0.0,0.0,0.0
2,0,0,3,0.003892469271911,32.8425225989117,119.059692996534
2,0,0,3,0.0,0.0,0.0
2,0,0,3,0.0,0.0,0.0
2,0,0,3,0.0,0.0,0.0
2,0,0,3,0.0,0.0,0.0
2,0,0,3,0.0042031198513384,40.1801933459869,465.026758420823
2,0,0,3,0.0,0.0,0.0
2,0,0,3,0.0058604951305444,35.207011746815,482.113231034095
2,0,0,3,0.0,0.0,0.0
2,0,0,3,0.004851425305866,37.0938867664051,508.214420955669
2,0,0,3,0.0,0.0,0.0
