cost_model,startup,shutdown,n_coefficients,coeff_n,coeff1,coeff0
2,0,0,3,0.0,0.0,0.0
2,0,0,3,0.0038000423834042,55.5823783821299,2507.45266080657
2,0,0,3,0.002884314674539,33.9787390419212,2561.43497344324
2,0,0,3,0.0,0.0,0.0
2,0,0,3,0.0046496670291692,52.4730107676031,3111.2162303472
2,0,0,3,0.0,0.0,0.0
2,0,0,3,0.0,0.0,0.0
2,0,0,3,0.0,0.0,0.0
2,0,0,3,0.0040246605830922,31.3157784082365,120.612187172795
2,0,0,3,0.0,0.0,0.0
2,0,0,3,0.0048436806706802,52.3173871757128,790.055790940782
2,0,0,3,0.0039038696060127,26.6147143784123,24.0124878826182
2,0,0,3,0.0,0.0,0.0
2,0,0,3,0.0,0.0,0.0
