bus_number,bus_type,P_demand,Q_demand,voltage_mag,voltage_ang
1,1,45.6441226954827,0,1,-1.62894230424864
2,1,187.239462114922,0,1,-2.58377848451431
3,1,75.0428977026758,0,1,-3.77596448006078
4,1,81.8479403026903,0,1,-4.34391776583213
5,1,17.2363733029985,0,1,-3.22113084406639
6,2,0.0,0,1,-2.78742043518067
7,2,0.0,0,1,-3.18959453060698
8,1,0.0,0,1,-2.64020753090496
9,2,0.0,0,1,-2.91081891799419
10,1,420.747223590739,0,1,-3.27992262234049
11,1,0.0,0,1,-3.07285162014589
12,2,0.0,0,1,-2.37794641200073
13,1,71.7705864592008,0,1,-1.72841507684139
14,2,0.0,0,1,-1.80863311919661
15,1,47.8002403724847,0,1,-2.89756015150409
16,1,0.0,0,1,-2.14426517312051
17,1,0.0,0,1,-1.55468192054285
18,1,2.54319626850604,0,1,-2.26238987787647
19,1,0.0,0,1,-1.71231833002857
20,1,70.3956027326746,0,1,-1.64087046692748
21,1,0.0,0,1,-2.12367345017696
22,2,0.0,0,1,-1.5708137224291
23,1,255.103481178297,0,1,-1.16581787811517
24,1,0.0,0,1,-1.53424547288009
25,2,0.0,0,1,-1.94481999861044
26,2,0.0,0,1,-1.03272488288041
27,2,0.0,0,1,-1.15973761472716
28,2,0.0,0,1,-1.36065303004312
29,1,168.615511037003,0,1,-1.72993073806956
30,2,0.0,0,1,-0.868806195271961
31,1,55.6131102811452,0,1,-0.978067490008352
32,1,142.349132066808,0,1,-2.12736995122473
33,1,218.307886471027,0,1,-3.5980016810464
34,3,0.0,0,1,0.0
35,1,0.0,0,1,2.95799025030137
36,2,0.0,0,1,-0.721549154509435
37,1,0.0,0,1,-2.19061467685984
38,1,76.6830483790495,0,1,-1.07597439608535
39,1,0.0,0,1,-3.07149308946921
40,2,0.0,0,1,2.95088307629449
41,2,0.0,0,1,-0.287927133806253
42,2,0.0,0,1,3.07861836720849
43,1,183.269098581424,0,1,-0.58023378453459
44,1,187.774693059895,0,1,2.63083286028684
45,1,138.902846601338,0,1,-4.19965034399883
46,1,0.0,0,1,-0.784771483990278
47,1,111.210175757724,0,1,-1.94179238600628
48,1,0.0,0,1,-2.38050673245927
49,2,0.0,0,1,-2.06553472783502
50,2,0.0,0,1,-1.64935940862586
51,2,0.0,0,1,-1.62894230424864
52,1,69.6621520689332,0,1,-2.79934122923286
53,1,0.0,0,1,-3.37295956469411
54,2,0.0,0,1,-3.69011879616634
55,1,0.0,0,1,-2.79771068790168
56,1,3.26661047555703,0,1,-2.35419170085451
57,1,123.285201982027,0,1,-3.22213064538749
