bus_number,bus_type,P_demand,Q_demand,voltage_mag,voltage_ang
1,1,105.710981191914,0,1,-1.4859825535283
2,1,0.0,0,1,-4.06091388313433
3,1,0.0,0,1,-6.54454254255414
4,1,239.640497417367,0,1,-4.27476389044978
5,1,108.636764435666,0,1,-3.44031366787223
6,1,0.0,0,1,-1.04753549517122
7,1,215.143157431288,0,1,-6.82677793951642
8,1,0.0,0,1,-0.175939642934889
9,1,129.360316678399,0,1,-2.15403373574909
10,2,0.0,0,1,1.42971779402968
11,2,0.0,0,1,-1.53750220345421
12,1,819.469679769797,0,1,-3.74761627522107
13,3,0.0,0,1,0.0
14,1,0.0,0,1,-1.15066483237928
15,1,0.0,0,1,-1.84931537419182
16,1,115.992995825104,0,1,0.972703916309539
17,1,0.0,0,1,0.909923575699846
18,1,0.0,0,1,-0.557161454761677
19,2,0.0,0,1,1.16217156864479
20,1,8.32373213468915,0,1,-1.04827565651752
21,1,0.0,0,1,-0.586206937119916
22,1,47.1135027000949,0,1,-2.38514089243445
23,1,174.245086670342,0,1,-0.256540060029657
24,1,0.0,0,1,-0.0540955920043878
25,2,0.0,0,1,-0.372136769207527
26,1,0.0,0,1,0.24381784774801
27,1,0.0,0,1,1.1891753356476
28,2,0.0,0,1,-0.186648329863225
29,1,0.0,0,1,-0.642765104035765
30,1,123.821653490046,0,1,-0.653249766434605
31,1,0.0,0,1,-0.403451347858937
32,2,0.0,0,1,0.93078974526535
33,1,0.0,0,1,2.45383988899068
34,2,0.0,0,1,-0.373383310060674
35,2,0.0,0,1,2.71445586970104
36,2,0.0,0,1,-1.32358385789721
37,1,283.962236170783,0,1,-0.496121615903169
38,1,0.0,0,1,-0.973764357706004
39,1,77.8133813355656,0,1,-1.07893366760471
40,1,0.0,0,1,2.24132019443546
41,1,0.0,0,1,0.901003955435535
42,1,0.0,0,1,-0.790928894751759
43,1,0.0,0,1,-2.16399082954506
44,1,0.0,0,1,1.41814928912499
45,1,30.1436434999597,0,1,-3.98813487956737
46,1,34.5192385566985,0,1,1.82949181927152
47,1,45.3361987966176,0,1,-3.91005155577988
48,1,0.0,0,1,-1.43637673132643
49,1,122.378595667205,0,1,-3.05077121868553
50,1,0.0,0,1,-1.42333912825118
51,2,0.0,0,1,-1.4859825535283
52,1,60.1150059592175,0,1,-7.98750840668369
53,1,0.0,0,1,-2.84662141041552
54,1,12.583925751849,0,1,-1.8710048422631
55,2,0.0,0,1,-6.21202373656446
56,1,0.0,0,1,-1.73358173030158
57,1,0.0,0,1,-2.56664140017261
