bus_number,bus_type,P_demand,Q_demand,voltage_mag,voltage_ang
1,1,316.443877978829,0,1,-3.45661264453427
2,1,0.0,0,1,-2.41224047287942
3,2,0.0,0,1,-2.01886018558139
4,3,0.0,0,1,0.0
5,1,0.0,0,1,-3.59677515330288
6,1,0.0,0,1,-2.46714930746123
7,1,0.0,0,1,-3.37306320748256
8,1,81.7559929097757,0,1,-4.69022098850041
9,1,0.0,0,1,-3.15011462559257
10,1,570.203571294334,0,1,-4.87297746071255
11,2,0.0,0,1,-0.833314212285463
12,1,0.0,0,1,-1.85371968599816
13,1,183.772946886754,0,1,-4.32548936703708
14,1,0.0,0,1,-3.90146474931686
15,1,0.0,0,1,-2.84864153206826
16,1,0.0,0,1,-4.72108444621622
17,2,0.0,0,1,-0.855342858320152
18,1,0.0,0,1,-2.92660291765672
19,2,0.0,0,1,0.0982696901540404
20,1,78.019983118248,0,1,-1.5649115501105
21,1,11.2320299866042,0,1,-2.09719692154272
22,1,0.0,0,1,-3.40235516936691
23,2,0.0,0,1,-2.79505559692599
24,1,276.899776647626,0,1,-4.32219958408439
25,1,0.0,0,1,-2.11515450128697
26,1,0.0,0,1,-2.08802419660661
27,1,0.0,0,1,-2.84304451081022
28,2,0.0,0,1,-2.40618289724212
29,1,61.3730041099268,0,1,-1.09627888754465
30,1,26.572394859013,0,1,-2.4603645665565
31,2,0.0,0,1,-3.06936423006583
32,1,0.0,0,1,-2.27904887466819
33,1,0.0,0,1,-2.47327104116052
34,1,0.0,0,1,-2.2774071196135
35,1,0.0,0,1,-2.41921610609392
36,1,15.6504252680495,0,1,-4.77797602785954
37,2,0.0,0,1,-3.10250272411762
38,2,0.0,0,1,1.08210353466554
39,1,0.0,0,1,-2.41406136663849
40,1,0.0,0,1,-2.76672827027109
41,1,0.0,0,1,-2.40618289724212
42,1,0.0,0,1,-1.77307121520944
43,2,0.0,0,1,-3.22780830137448
44,2,0.0,0,1,-0.736563218605374
45,2,0.0,0,1,-2.81420926341382
46,1,656.244926483339,0,1,-4.20590268234947
47,1,333.672888254248,0,1,0.481503756253205
48,2,0.0,0,1,-0.842810469586561
49,1,0.0,0,1,-2.57125521911256
50,1,54.8146984221746,0,1,-1.9835053071293
51,2,0.0,0,1,-2.09586342634156
52,1,0.0,0,1,-2.51577172570559
53,2,0.0,0,1,-3.19024336133964
54,1,0.0,0,1,-0.479678251027281
55,1,0.0,0,1,-1.19559715813389
56,2,0.0,0,1,-0.0635889385170262
57,1,89.6069600179797,0,1,-3.64913920045658
