cost_model,startup,shutdown,n_coefficients,coeff_n,coeff1,coeff0
2,0,0,3,0.0027365283835766,34.1965946560542,262.221634892184
2,0,0,3,0.0057899573471916,26.9875557768102,87.1673254403065
2,0,0,3,0.0,0.0,0.0
2,0,0,3,0.0,0.0,0.0
2,0,0,3,0.0,0.0,0.0
2,0,0,3,0.0027091545110726,32.109538932212,162.111038706802
2,0,0,3,0.0,0.0,0.0
2,0,0,3,0.0021961800511003,45.3509713750471,325.960452194743
2,0,0,3,0.0065892371587978,56.7605245971561,3824.52485240323
2,0,0,3,0.0020695184967423,38.1928521462549,286.045069931844
2,0,0,3,0.0,0.0,0.0
2,0,0,3,0.0030564210238392,45.5978140660601,235.479516306318
2,0,0,3,0.0,0.0,0.0
2,0,0,3,0.0023419722256998,53.9077197083471,1954.56330685695
2,0,0,3,0.0,0.0,0.0
2,0,0,3,0.0,0.0,0.0
2,0,0,3,0.0,0.0,0.0
2,0,0,3,0.0,0.0,0.0
2,0,0,3,0.0033185470825965,26.5909867411595,598.163106009046
2,0,0,3,0.0059572759675992,56.9790324851739,593.207910583221
2,0,0,3,0.0,0.0,0.0
2,0,0,3,0.0,0.0,0.0
2,0,0,3,0.0,0.0,0.0
2,0,0,3,0.0053622377580055,55.5714785500569,460.345925580213
2,0,0,3,0.0030409435230866,46.7699041062634,401.828426914927
2,0,0,3,0.0,0.0,0.0
2,0,0,3,0.0,0.0,0.0
2,0,0,3,0.0,0.0,0.0
2,0,0,3,0.0,0.0,0.0
2,0,0,3,0.0,0.0,0.0
