bus_number,P_output,Q_output,voltage_mag,gen_status,P_max,P_min
2,88.5095882887344,0,1,1,88.5095882887346,0
3,1220.97037359274,0,1,1,1667.71492004408,0
12,141.048271669209,0,1,1,141.048271669209,0
16,105.681536767659,0,1,1,105.681536770406,0
17,138.410974946389,0,1,1,138.410974946391,0
18,0.0,0,1,0,551.573966800731,0
21,-3.66496144427206e-12,0,1,1,222.40415822977,0
24,158.504706650444,0,1,1,413.901424081313,0
29,197.086873679163,0,1,1,197.086873679163,0
40,303.498612498281,0,1,1,303.498612498281,0
42,49.2666286001384,0,1,1,49.2666286001395,0
45,63.938136183943,0,1,1,63.9381361839437,0
47,77.3597596842963,0,1,1,77.3597596842953,0
50,0.0,0,1,0,241.982895947862,0
