cost_model,startup,shutdown,n_coefficients,coeff_n,coeff1,coeff0
2,0,0,3,0.0022105686509568,25.2022155425474,2110.47955172297
2,0,0,3,0.0,0.0,0.0
2,0,0,3,0.0,0.0,0.0
2,0,0,3,0.0,0.0,0.0
2,0,0,3,0.0,0.0,0.0
2,0,0,3,0.006209991694934,43.6383040593076,159.799674288129
2,0,0,3,0.0,0.0,0.0
2,0,0,3,0.0032163300110123,45.7487403883225,2189.95376111384
2,0,0,3,0.0028692339189779,35.1122877625961,357.467653009557
2,0,0,3,0.0,0.0,0.0
2,0,0,3,0.0,0.0,0.0
2,0,0,3,0.0,0.0,0.0
2,0,0,3,0.0060092976991139,27.1076097151767,77.0085137321315
2,0,0,3,0.0066319937139643,24.6247642669293,4.85284287382555
2,0,0,3,0.0,0.0,0.0
2,0,0,3,0.0,0.0,0.0
