cost_model,startup,shutdown,n_coefficients,coeff_n,coeff1,coeff0
2,0,0,3,0.0038146220135044,44.1481208533604,423.413050770461
2,0,0,3,0.0065254111682941,39.3837243183704,847.566869471068
2,0,0,3,0.0,0.0,0.0
2,0,0,3,0.0,0.0,0.0
2,0,0,3,0.0026427081434411,26.0413361189006,213.979657250083
2,0,0,3,0.0,0.0,0.0
2,0,0,3,0.0,0.0,0.0
2,0,0,3,0.0,0.0,0.0
2,0,0,3,0.0,0.0,0.0
2,0,0,3,0.0053991903500279,52.7529444043897,64.0826820356456
2,0,0,3,0.0059626046408069,55.4711321236065,582.235712980085
2,0,0,3,0.0,0.0,0.0
2,0,0,3,0.0049433973490928,55.2043085971954,440.922821781167
2,0,0,3,0.0,0.0,0.0
2,0,0,3,0.0,0.0,0.0
2,0,0,3,0.0,0.0,0.0
