bus_number,bus_type,P_demand,Q_demand,voltage_mag,voltage_ang
1,1,0.0,0,1,-0.871235658457648
2,1,0.0,0,1,-2.16354322151917
3,1,0.0,0,1,-2.3890747623235
4,1,131.882627670315,0,1,-3.10032640361798
5,1,0.0,0,1,-2.72689076217673
6,1,0.0,0,1,-3.5242269610695
7,1,0.0,0,1,-6.26718790297914
8,1,446.192455834147,0,1,-8.92069632984177
9,1,0.0,0,1,-4.70467306083131
10,1,0.0,0,1,-2.92817024683865
11,2,0.0,0,1,-4.73937818569773
12,1,150.593001657978,0,1,-1.79235324927579
13,1,0.0,0,1,-4.23982339200218
14,1,0.0,0,1,-5.73370987518998
15,2,0.0,0,1,-2.59246467614058
16,1,435.461764001114,0,1,-2.02967750646038
17,3,0.0,0,1,0.0
18,2,0.0,0,1,-2.59246467614058
19,1,0.0,0,1,-2.37373513469507
20,1,238.455651235655,0,1,-6.04929960706004
21,1,0.0,0,1,-0.498054163201921
22,1,0.0,0,1,-1.98973416064827
23,1,352.68696154703,0,1,-1.13458606440564
24,1,0.0,0,1,-3.37338640436012
25,1,0.0,0,1,-1.17930108799038
26,1,0.0,0,1,-3.39881902851523
27,1,0.0,0,1,-2.14280541771027
28,1,0.0,0,1,-2.99755676955999
29,1,0.0,0,1,-4.64516367399034
30,2,0.0,0,1,0.236859619419527
31,1,0.0,0,1,-2.64339211437173
32,1,0.0,0,1,-2.20535129614999
33,1,253.067319906979,0,1,-4.05638951415194
34,2,0.0,0,1,-2.34557536357416
35,1,0.0,0,1,-0.720407799058215
36,2,0.0,0,1,-1.32879964167223
37,1,0.0,0,1,-2.71448048955822
38,1,178.00078304259,0,1,-3.13587346703037
39,1,0.0,0,1,-0.985040912018904
40,1,0.0,0,1,-2.17593952859863
41,1,0.0,0,1,-2.05208903420495
42,1,0.0,0,1,-2.34557536357416
43,1,70.7656907835105,0,1,-2.24252749871832
44,2,0.0,0,1,2.15349957136153
45,2,0.0,0,1,0.649061121040641
46,1,0.0,0,1,0.202710252204933
47,1,0.0,0,1,-0.188953332959574
48,1,0.0,0,1,1.49319426931202
49,2,0.0,0,1,1.60075528594917
50,2,0.0,0,1,4.59631380013825
51,2,0.0,0,1,-0.295321888292359
52,2,0.0,0,1,-0.275697500582417
53,1,128.448269847759,0,1,-2.70883886384945
54,1,91.9917724728323,0,1,-1.56400612325004
55,2,0.0,0,1,-0.60698173447863
56,1,74.2230235266049,0,1,-1.78473519653484
57,1,202.541271956087,0,1,-1.7168201235095
