bus_number,bus_type,P_demand,Q_demand,voltage_mag,voltage_ang
1,1,92.7588222924598,0,1,-1.20549957319405
2,1,0.920810461733897,0,1,-1.39644549154328
3,1,177.621523323156,0,1,-3.07603593200041
4,3,0.0,0,1,0.0
5,1,0.0,0,1,-2.45978614788317
6,1,0.0,0,1,-1.30248096835521
7,1,103.935996186954,0,1,-2.42036978875302
8,1,12.9718586915364,0,1,-0.358018005872014
9,1,101.116470534971,0,1,-1.08530986830665
10,1,8.84548488739269,0,1,-3.04515011912306
11,1,505.128712521954,0,1,-2.07134882735387
12,2,0.0,0,1,-1.40665252195781
13,2,0.0,0,1,-0.212155128904842
14,1,5.36927690183984,0,1,-0.842861201636498
15,1,41.4381243955073,0,1,-0.734596830904817
16,1,213.229587694835,0,1,-1.336046789708
17,1,0.0,0,1,-1.91970944770647
18,1,150.320968444625,0,1,-0.287293944510844
19,1,206.344056562885,0,1,-2.29952001883669
20,1,168.186386348108,0,1,-2.03463440428991
21,1,0.0,0,1,-1.19763772758401
22,1,157.323761413064,0,1,-1.29843511512582
23,1,111.270195566571,0,1,-2.52510343507783
24,2,0.0,0,1,-2.39989322502159
25,1,0.0,0,1,-1.74441876708173
26,1,0.0,0,1,-3.2481889707172
27,1,0.0,0,1,0.42923913283117
28,1,96.5901948203465,0,1,-4.18067981106371
29,1,0.0,0,1,-0.976584873934443
30,1,140.696533809901,0,1,-0.959229926557264
31,1,0.0,0,1,-0.276148551032624
32,1,0.0,0,1,-0.55796882096698
33,1,0.0,0,1,-1.36355533593383
34,1,16.3867181357283,0,1,-0.386018504228343
35,1,19.050048219035,0,1,1.09327440433819
36,1,0.0,0,1,-0.51265782577292
37,2,0.0,0,1,0.724795820681509
38,2,0.0,0,1,1.36549054285489
39,1,0.0,0,1,-0.990618482203414
40,2,0.0,0,1,1.99107702791306
41,1,13.0136877077324,0,1,0.101430955692831
42,2,0.0,0,1,-0.425996001553489
43,1,0.0,0,1,1.09503953119158
44,1,0.0,0,1,1.2428982978626
45,1,30.4406197194092,0,1,0.885414753419635
46,1,68.8968930307696,0,1,1.08195208283299
47,1,47.3793389550537,0,1,0.586016107443898
48,1,0.0,0,1,1.41176897328957
49,1,34.7922269600313,0,1,-1.57496245979755
50,1,0.0,0,1,1.26721037656507
51,1,0.0,0,1,0.107717348193248
52,1,94.069421826962,0,1,0.531208177623534
53,1,136.21287407004,0,1,-3.41753998052951
54,2,0.0,0,1,-0.561035847237456
55,2,0.0,0,1,-1.08240596041906
56,2,0.0,0,1,-1.71633987323999
57,2,0.0,0,1,-2.4578557972478
