bus_number,P_output,Q_output,voltage_mag,gen_status,P_max,P_min
2,0.0,0,1,0,278.446113321436,0
4,0.0,0,1,0,171.199368567833,0
10,1164.80857224179,0,1,1,1164.8085722418,0
11,926.519005171095,0,1,1,1224.82413185104,0
13,503.507458114659,0,1,1,503.507458114669,0
14,0.0,0,1,0,280.731598664522,0
29,6.58742387995335,0,1,1,6.58742388104695,0
36,-1.00539304381391e-10,0,1,1,91.1800182889223,0
42,0.0,0,1,0,200.783280276629,0
44,89.4491976434571,0,1,1,89.4491976434286,0
49,58.9980075234748,0,1,1,58.9980075234265,0
52,4.44092890821323,0,1,1,4.44092890821174,0
53,0.0,0,1,0,187.421648141357,0
