cost_model,startup,shutdown,n_coefficients,coeff_n,coeff1,coeff0
2,0,0,3,0.0037218786827903,38.2473379342494,594.926238252869
2,0,0,3,0.0,0.0,0.0
2,0,0,3,0.0,0.0,0.0
2,0,0,3,0.007356173908483,44.7962208258872,80.4606286688572
2,0,0,3,0.0,0.0,0.0
2,0,0,3,0.0,0.0,0.0
2,0,0,3,0.0,0.0,0.0
2,0,0,3,0.0023473064240078,27.7716532499746,347.358423527889
2,0,0,3,0.0,0.0,0.0
2,0,0,3,0.0060470332901745,23.2415051966993,169.999640396951
2,0,0,3,0.0,0.0,0.0
2,0,0,3,0.0,0.0,0.0
2,0,0,3,0.0053008809654628,48.041409097414,263.897166951311
2,0,0,3,0.0051629515422749,26.7789569733232,548.046758942583
2,0,0,3,0.0067455906145607,30.0697383664301,964.766062470152
2,0,0,3,0.0,0.0,0.0
2,0,0,3,0.0035873419481624,28.2204463262622,156.692998956566
2,0,0,3,0.0,0.0,0.0
