cost_model,startup,shutdown,n_coefficients,coeff_n,coeff1,coeff0
2,0,0,3,0.0069705548299297,35.4616704666654,518.034450991226
2,0,0,3,0.0,0.0,0.0
2,0,0,3,0.0,0.0,0.0
2,0,0,3,0.005480896104562,26.9339116695443,3467.45476960723
2,0,0,3,0.0,0.0,0.0
2,0,0,3,0.0067159627378412,27.8387818879866,1106.97532773833
2,0,0,3,0.0,0.0,0.0
2,0,0,3,0.0,0.0,0.0
2,0,0,3,0.0,0.0,0.0
2,0,0,3,0.0038632865243718,52.9205849330637,2515.1925073557
2,0,0,3,0.0,0.0,0.0
2,0,0,3,0.0021471580319397,33.770707900504,356.222717522405
2,0,0,3,0.0,0.0,0.0
2,0,0,3,0.0045891315004678,38.2417119944344,45.2018537024657
2,0,0,3,0.0,0.0,0.0
2,0,0,3,0.0,0.0,0.0
