bus_number,P_output,Q_output,voltage_mag,gen_status,P_max,P_min
3,0.0,0,1,0,14.3167535648908,0
5,0.0,0,1,0,282.379348749884,0
6,461.699448831249,0,1,1,479.024482056383,0
7,371.231044014409,0,1,1,371.231044014409,0
13,442.150571061448,0,1,1,442.150571061448,0
20,204.966810992434,0,1,1,289.725333986108,0
24,17.4488892801048,0,1,1,17.4488892801048,0
25,0.0,0,1,0,230.28873657424,0
27,385.990476179605,0,1,1,385.990476179605,0
31,0.0,0,1,0,275.826592731083,0
33,3.42166028439197,0,1,1,3.42166028439197,0
34,3.39564179754555e-18,0,1,1,258.034718757288,0
36,373.411882746473,0,1,1,373.411882746473,0
37,184.796872295135,0,1,1,184.796872295135,0
41,77.2766562258713,0,1,1,77.2766562258713,0
42,55.8937035934356,0,1,1,90.1041704236889,0
43,175.842973660095,0,1,1,205.404518339091,0
49,0.0,0,1,0,81.362669750435,0
50,0.0,0,1,0,176.733122861057,0
52,5.160355436242391e-19,0,1,1,23.2696432247839,0
54,0.179604317950352,0,1,1,0.179604317950352,0
