bus_number,bus_type,P_demand,Q_demand,voltage_mag,voltage_ang
1,1,0.0,0,1,-4.4399916528668
2,3,0.0,0,1,0.0
3,2,0.0,0,1,-3.1252364114046
4,1,0.0,0,1,-3.61690370609668
5,1,0.0,0,1,-3.9575026282567
6,1,315.178351582146,0,1,-3.44154555386608
7,2,0.0,0,1,-2.02935041623873
8,2,0.0,0,1,-3.02476527133915
9,1,98.5785857769856,0,1,-3.03608088490792
10,1,0.0,0,1,-3.60959575276757
11,1,0.0,0,1,-4.05646773243506
12,2,0.0,0,1,-1.77421379583854
13,1,0.0,0,1,-3.19836063518212
14,2,0.0,0,1,-3.34957593812074
15,1,0.0,0,1,-3.46957860846859
16,1,0.0,0,1,-3.30977404968823
17,1,236.083522100227,0,1,-3.89886291791752
18,1,0.0,0,1,-3.56714053950705
19,2,0.0,0,1,-4.16049616317757
20,1,0.0,0,1,-4.11856147673358
21,1,0.0,0,1,-4.20910826707531
22,1,47.100111845783,0,1,-4.34818536793475
23,1,131.37861242305,0,1,-6.81589036236951
24,1,37.6030965809173,0,1,-5.61058235807557
25,1,98.1946683832235,0,1,-6.3440953136806
26,1,27.8916123939826,0,1,-5.80618221184807
27,1,87.7607935480554,0,1,-4.38945669155682
28,1,432.63727535654,0,1,-4.68284308592941
29,2,0.0,0,1,-4.07754905545164
30,1,0.0,0,1,-6.1540283884241
31,1,0.0,0,1,-4.90199786473853
32,1,252.169705205353,0,1,-4.68089502707141
33,2,0.0,0,1,-5.9122692653297
34,1,0.0,0,1,-5.82755335640845
35,1,0.0,0,1,-5.74425797609623
36,1,0.0,0,1,-5.33041231440221
37,1,230.438246633776,0,1,-6.72897223692312
38,1,0.0,0,1,-5.43438740075038
39,2,0.0,0,1,-6.26077792701725
40,1,0.0,0,1,-5.53716443807101
41,2,0.0,0,1,-4.7755028935742
42,1,0.0,0,1,-3.65000245984484
43,2,0.0,0,1,-4.80153956387685
44,1,0.0,0,1,-3.96968840946054
45,1,0.0,0,1,-4.81393529002201
46,1,0.0,0,1,-2.98848512898018
47,1,52.444179502234,0,1,-6.06981690719843
48,1,284.928489035861,0,1,-4.79962026396709
49,1,10.977467749171,0,1,-3.7176462941035
50,1,12.3008695590188,0,1,-4.18198834795076
51,2,0.0,0,1,-3.7176462941035
52,1,90.648523720457,0,1,-2.49598300388529
53,1,262.828819490474,0,1,-3.23033825145135
54,1,0.0,0,1,-3.70846845583777
55,2,0.0,0,1,-3.02631294404885
56,2,0.0,0,1,-2.54223629741336
57,1,45.1676625953466,0,1,-2.32252537922564
