cost_model,startup,shutdown,n_coefficients,coeff_n,coeff1,coeff0
2,0,0,3,0.0021848555267865,56.712607779223,1805.44189196607
2,0,0,3,0.0,0.0,0.0
2,0,0,3,0.0,0.0,0.0
2,0,0,3,0.0,0.0,0.0
2,0,0,3,0.0069660019995257,54.8946615306278,235.7491964346
2,0,0,3,0.0054028071570095,24.7396433990896,2148.37000066504
2,0,0,3,0.00396535202599,34.8280352266077,1400.02378379393
2,0,0,3,0.00567401897339,48.8661994457143,376.82091993714
2,0,0,3,0.0,0.0,0.0
2,0,0,3,0.0,0.0,0.0
2,0,0,3,0.0,0.0,0.0
2,0,0,3,0.0044486794429977,33.4102769389356,191.875241546627
2,0,0,3,0.0,0.0,0.0
2,0,0,3,0.0,0.0,0.0
2,0,0,3,0.0,0.0,0.0
