bus_number,P_output,Q_output,voltage_mag,gen_status,P_max,P_min
8,360.130315518703,0,1,1,360.130315518695,0
9,7.7221746311258,0,1,1,7.72217463112121,0
11,296.668345480651,0,1,1,759.985120180961,0
12,0.0,0,1,0,248.587363610596,0
16,0.0,0,1,0,206.936283825215,0
20,726.881012864694,0,1,1,726.881012864943,0
21,358.389418368885,0,1,1,358.389418368914,0
23,74.0174674550689,0,1,1,110.02730740398,0
25,0.0,0,1,0,149.020836782931,0
27,7.8907593750883,0,1,1,7.89075937508973,0
33,93.9773430035869,0,1,1,93.9773430035742,0
41,41.228869532296,0,1,1,41.2288695323297,0
42,21.3228303676822,0,1,1,21.3228303676532,0
45,8.96528850277058,0,1,1,8.96528850277343,0
47,486.734348321975,0,1,1,486.734348321985,0
48,0.0,0,1,0,203.758448366936,0
53,220.690943207634,0,1,1,220.69094320766,0
55,49.6914768524265,0,1,1,49.6914768524233,0
