bus_number,bus_type,P_demand,Q_demand,voltage_mag,voltage_ang
1,1,0.0,0,1,-1.56544439325761
2,1,51.0491260720927,0,1,-1.6671911332526
3,1,0.0,0,1,-1.69984038312167
4,3,0.0,0,1,0.0
5,1,177.681485645465,0,1,-1.12171991904938
6,1,31.1092692079724,0,1,-1.13715537233256
7,2,0.0,0,1,0.0925975609060243
8,1,0.0,0,1,-1.89536071457498
9,2,0.0,0,1,-0.954039586761873
10,1,25.4567011727757,0,1,-0.179904834882003
11,2,0.0,0,1,-1.20078358207301
12,1,61.4136662159092,0,1,-1.71181015542309
13,1,146.438172019868,0,1,-2.18672983123429
14,1,15.8869115073359,0,1,-0.84759289554487
15,2,0.0,0,1,-1.68089134975041
16,1,44.0646423561033,0,1,-1.62104546806575
17,1,0.0,0,1,-0.197477159891308
18,2,0.0,0,1,-0.395991420098129
19,1,0.0,0,1,-0.454306914806171
20,1,74.0013078621963,0,1,-1.6817099297739
21,1,34.4507566244295,0,1,-1.75764595445433
22,1,30.1963536110877,0,1,-1.62753026833739
23,1,0.0,0,1,-0.731948463451366
24,1,65.9843055217306,0,1,-1.63756411454254
25,1,0.0,0,1,-0.403700506004924
26,1,0.0,0,1,-1.02937370620889
27,2,0.0,0,1,-1.88680801432881
28,1,562.114882832418,0,1,-1.88680801432881
29,1,15.2577855722558,0,1,-1.20442858555732
30,1,191.505269633156,0,1,-1.92407038721444
31,2,0.0,0,1,-1.33021732732543
32,1,40.7663149986903,0,1,-1.74359737117849
33,1,273.482385653678,0,1,-0.666878813236961
34,1,175.604172342549,0,1,-0.625178841554656
35,1,0.0,0,1,-0.769881180679239
36,1,30.7825230690833,0,1,-0.648360452277639
37,2,0.0,0,1,0.448330100606999
38,1,0.0,0,1,-1.15600581706357
39,1,0.0,0,1,-0.892917241671424
40,2,0.0,0,1,-0.389168718101121
41,2,0.0,0,1,-0.14250344987119
42,2,0.0,0,1,-0.359219942078368
43,1,6.75538967092868,0,1,0.0973517222502188
44,1,10.2341839647673,0,1,0.335577483150926
45,1,0.0,0,1,-1.08005176384858
46,1,6.14504625214229,0,1,-1.78979787475088
47,1,150.250400007043,0,1,-1.64962943627388
48,1,19.9168532093139,0,1,-1.51172580916366
49,1,0.0,0,1,-0.962259897525604
50,2,0.0,0,1,-0.295550866654587
51,1,0.0,0,1,-1.3920577036242
52,1,45.5665235994499,0,1,-1.70771141694023
53,1,36.9976824758993,0,1,-1.9345574495311
54,2,0.0,0,1,-0.897287919655675
55,1,0.0,0,1,-1.47657751162577
56,1,124.16082332451,0,1,-1.19479808315405
57,1,83.2575689293725,0,1,-0.768195116225842
