bus_number,P_output,Q_output,voltage_mag,gen_status,P_max,P_min
1,672.39262288796,0,1,1,1006.19510502449,0
2,1.2355948459531401e-17,0,1,1,80.2795570845463,0
8,167.157393188353,0,1,1,224.113497626219,0
9,705.711331402013,0,1,1,705.711331402013,0
11,300.315225863763,0,1,1,300.315225863763,0
14,8.86219433979688e-17,0,1,1,170.751628405156,0
15,227.457993114046,0,1,1,361.388889798398,0
19,0.0,0,1,0,366.985438520356,0
20,102.714078072947,0,1,1,102.714078072947,0
35,209.389387309656,0,1,1,209.389387309656,0
36,41.8839028291485,0,1,1,193.286459492075,0
45,327.288658814722,0,1,1,327.288658814722,0
52,0.0,0,1,0,411.510901205069,0
