bus_number,bus_type,P_demand,Q_demand,voltage_mag,voltage_ang
1,1,245.841976563096,0,1,-6.17243935736997
2,3,0.0,0,1,0.0
3,2,0.0,0,1,1.78847355423663
4,1,0.0,0,1,-2.09406010081355
5,1,85.3278626855737,0,1,-2.52611443161014
6,1,77.6767756447456,0,1,-1.99811500731505
7,2,0.0,0,1,-1.28297554998053
8,1,106.69175420266,0,1,-0.840695385398466
9,1,55.6240922761888,0,1,-2.15683787221646
10,1,0.0,0,1,-2.23329556264013
11,1,99.8490734351922,0,1,-1.25845136345026
12,1,343.014030492059,0,1,-3.02501816165462
13,1,155.165090592536,0,1,-3.67335162936737
14,2,0.0,0,1,0.102749544202461
15,1,248.094396022804,0,1,-2.9180682771921
16,1,155.156552612098,0,1,-1.04594071113445
17,1,0.0,0,1,-2.3596804698539
18,1,0.0,0,1,-0.373209609639089
19,1,0.0,0,1,-1.38265778971529
20,1,0.0,0,1,-1.85192551624226
21,2,0.0,0,1,-2.10086824671185
22,1,0.0,0,1,-2.48459772870422
23,1,94.9883519154401,0,1,-1.53022994494891
24,1,0.0,0,1,-2.03797232621058
25,1,225.167007281881,0,1,-2.40983629359209
26,1,210.347376421642,0,1,-1.21219266847411
27,1,0.0,0,1,-0.824377215414854
28,2,0.0,0,1,0.250245621715602
29,2,0.0,0,1,-1.58813629835483
30,1,0.0,0,1,-3.22730613926866
31,1,0.0,0,1,-4.10654415629161
32,1,69.6804975453388,0,1,-5.37978915080533
33,1,0.0,0,1,-1.2714819181769
34,1,0.0,0,1,-3.0678213360755
35,1,37.8588788191465,0,1,-3.03187916229244
36,1,0.0,0,1,-4.59073648661814
37,1,188.80788959142,0,1,-2.86221791009763
38,2,0.0,0,1,1.65290335987652
39,2,0.0,0,1,-4.33683951683974
40,1,82.1101710338523,0,1,-1.59113727376612
41,1,96.8178276278944,0,1,-4.12567683664704
42,1,0.0,0,1,-3.89528931993237
43,1,0.0,0,1,-2.52109928651036
44,1,0.0,0,1,-4.12969979761736
45,1,0.0,0,1,-3.30254985362302
46,1,49.4713318183205,0,1,-4.86577864776868
47,2,0.0,0,1,-0.163024540146631
48,2,0.0,0,1,-5.38379322868532
49,1,0.0,0,1,-3.57349172486001
50,1,113.434078283013,0,1,-0.937973076154581
51,1,12.4639057768085,0,1,-1.00646263094548
52,1,0.0,0,1,-1.81963508849576
53,1,0.0,0,1,-2.71198274497343
54,1,0.0,0,1,-0.777361160909284
55,2,0.0,0,1,-0.38815404454098
56,1,0.0,0,1,-0.939375734597982
57,1,0.721672840891172,0,1,-1.77987644406597
