cost_model,startup,shutdown,n_coefficients,coeff_n,coeff1,coeff0
2,0,0,3,0.0,0.0,0.0
2,0,0,3,0.0071417025634297,24.3227388942809,3485.9404793763
2,0,0,3,0.0,0.0,0.0
2,0,0,3,0.0065699828108056,40.4553911946029,148.897424649831
2,0,0,3,0.0063946820876197,36.7961618274412,2282.47385611454
2,0,0,3,0.0,0.0,0.0
2,0,0,3,0.0057012458796423,28.2491556902828,583.169547996257
2,0,0,3,0.0024360346285158,54.968362854792,3.61255559709295
2,0,0,3,0.0,0.0,0.0
2,0,0,3,0.0,0.0,0.0
2,0,0,3,0.0,0.0,0.0
2,0,0,3,0.0,0.0,0.0
2,0,0,3,0.0,0.0,0.0
