bus_number,P_output,Q_output,voltage_mag,gen_status,P_max,P_min
1,83.4342500902224,0,1,1,311.42873122593,0
4,0.0,0,1,0,447.743745930818,0
10,863.81257551699,0,1,1,863.812575517023,0
11,0.0,0,1,0,509.124246334621,0
13,326.474391639127,0,1,1,326.474391639134,0
22,230.407932015851,0,1,1,230.407932015959,0
27,63.6904708174899,0,1,1,146.884332438105,0
32,134.959955483691,0,1,1,134.959955483691,0
35,159.976683524988,0,1,1,177.184598491556,0
38,520.165666611929,0,1,1,610.875625794759,0
41,45.2978973663225,0,1,1,45.2978973663496,0
42,326.090770390936,0,1,1,326.090770391178,0
52,0.0,0,1,0,42.1408489892763,0
56,2.23278351712593e-08,0,1,1,89.9520958059207,0
