cost_model,startup,shutdown,n_coefficients,coeff_n,coeff1,coeff0
2,0,0,3,0.0,0.0,0.0
2,0,0,3,0.0,0.0,0.0
2,0,0,3,0.0,0.0,0.0
2,0,0,3,0.0,0.0,0.0
2,0,0,3,0.0022393760903862,44.8445694138848,223.462040595599
2,0,0,3,0.0045446187301047,29.8565650432734,2524.83325391036
2,0,0,3,0.0029768479024704,29.3800150367886,2776.47306441432
2,0,0,3,0.0,0.0,0.0
2,0,0,3,0.0039924467682374,39.4393958934205,35.4749776695516
2,0,0,3,0.0,0.0,0.0
2,0,0,3,0.0,0.0,0.0
2,0,0,3,0.0,0.0,0.0
2,0,0,3,0.0026162148000666,51.3261424309107,2526.37571136212
2,0,0,3,0.003133015828969,43.4728638611819,415.305259587929
2,0,0,3,0.0,0.0,0.0
2,0,0,3,0.0,0.0,0.0
