cost_model,startup,shutdown,n_coefficients,coeff_n,coeff1,coeff0
2,0,0,3,0.0,0.0,0.0
2,0,0,3,0.0,0.0,0.0
2,0,0,3,0.0,0.0,0.0
2,0,0,3,0.0,0.0,0.0
2,0,0,3,0.0,0.0,0.0
2,0,0,3,0.0071546500715926,38.8133625629329,9.58469619242635
2,0,0,3,0.0,0.0,0.0
2,0,0,3,0.004431269219276,46.7490346855705,3422.35166784213
2,0,0,3,0.0059981748863247,23.2900042319869,1757.58605987832
2,0,0,3,0.0,0.0,0.0
2,0,0,3,0.0036909737031622,52.6978037655208,478.528857458743
2,0,0,3,0.0061176340976837,37.1858137015774,410.107822180194
2,0,0,3,0.0,0.0,0.0
