bus_number,P_output,Q_output,voltage_mag,gen_status,P_max,P_min
3,604.027901287197,0,1,1,870.913253701533,0
4,144.857898884174,0,1,1,144.857898884221,0
8,107.377979245087,0,1,1,107.377979244946,0
16,276.410718144133,0,1,1,276.410718181818,0
21,641.170032315526,0,1,1,641.170032315514,0
24,644.270381935834,0,1,1,644.270381936346,0
25,85.4790661493264,0,1,1,85.4790661493697,0
26,8.75796815455372,0,1,1,8.75796815462371,0
30,0.0,0,1,0,334.122875200945,0
31,0.0,0,1,0,428.875896940118,0
32,36.4352593655331,0,1,1,36.4352593655766,0
37,0.0,0,1,0,224.265561030371,0
39,12.1652833664334,0,1,1,12.1652833664989,0
42,193.358104634746,0,1,1,193.358104634754,0
43,0.0,0,1,0,253.917468317688,0
