cost_model,startup,shutdown,n_coefficients,coeff_n,coeff1,coeff0
2,0,0,3,0.0,0.0,0.0
2,0,0,3,0.0042762964132402,34.7811178241904,406.650141008413
2,0,0,3,0.0040094724756899,37.4206244082128,584.810609912099
2,0,0,3,0.0,0.0,0.0
2,0,0,3,0.0027618115034116,25.0269000792095,1957.50126242788
2,0,0,3,0.0,0.0,0.0
2,0,0,3,0.0066609564488218,47.9784975820061,3646.19223898847
2,0,0,3,0.0065984346192853,41.6036056722637,684.360873832201
2,0,0,3,0.0,0.0,0.0
2,0,0,3,0.0065387336359413,42.4162210100843,55.2589015045901
2,0,0,3,0.0,0.0,0.0
2,0,0,3,0.0,0.0,0.0
2,0,0,3,0.0,0.0,0.0
2,0,0,3,0.0,0.0,0.0
