cost_model,startup,shutdown,n_coefficients,coeff_n,coeff1,coeff0
2,0,0,3,0.0,0.0,0.0
2,0,0,3,0.0049188692161211,43.2683298223454,3497.89548943631
2,0,0,3,0.0,0.0,0.0
2,0,0,3,0.0,0.0,0.0
2,0,0,3,0.0035806144229281,43.429918841035,1424.37369897724
2,0,0,3,0.0,0.0,0.0
2,0,0,3,0.0,0.0,0.0
2,0,0,3,0.0,0.0,0.0
2,0,0,3,0.002366725898024,24.8459637371094,265.409497188296
2,0,0,3,0.0036369068197566,48.4897611903566,114.991173273497
2,0,0,3,0.0,0.0,0.0
2,0,0,3,0.0,0.0,0.0
2,0,0,3,0.0,0.0,0.0
2,0,0,3,0.0075094968503969,44.0164098870584,146.350194031382
2,0,0,3,0.0,0.0,0.0
2,0,0,3,0.0026622176702555,36.9221728140496,23.1607964295451
2,0,0,3,0.0020398297260421,27.0546910357448,83.2127558662119
2,0,0,3,0.0076209797262185,49.5764373508176,415.944282249561
