bus_number,P_output,Q_output,voltage_mag,gen_status,P_max,P_min
2,616.260132541845,0,1,1,616.260132541845,0
10,671.250199736687,0,1,1,919.818723004014,0
11,452.46082647285,0,1,1,452.46082647285,0
16,0.0,0,1,0,530.170325900316,0
22,412.88447636525,0,1,1,610.899973352269,0
26,73.3315164615324,0,1,1,73.3315164615324,0
27,244.233985869145,0,1,1,244.233985869145,0
30,152.12577613449,0,1,1,165.527655432449,0
32,30.5626896268007,0,1,1,30.5626896268007,0
33,57.5061083202167,0,1,1,57.5061083202167,0
38,29.3476144509349,0,1,1,29.347614450935,0
40,14.3472675028403,0,1,1,14.3472675028403,0
41,0.0,0,1,0,517.910928489107,0
