cost_model,startup,shutdown,n_coefficients,coeff_n,coeff1,coeff0
2,0,0,3,0.0,0.0,0.0
2,0,0,3,0.0,0.0,0.0
2,0,0,3,0.0,0.0,0.0
2,0,0,3,0.0,0.0,0.0
2,0,0,3,0.0060374869586615,49.5452700513628,1066.29387572401
2,0,0,3,0.0053545220690181,55.8289784072655,390.316376050719
2,0,0,3,0.0,0.0,0.0
2,0,0,3,0.002945324487347,31.2168805768779,42.7689276969495
2,0,0,3,0.0,0.0,0.0
2,0,0,3,0.0,0.0,0.0
2,0,0,3,0.0,0.0,0.0
2,0,0,3,0.0073642657209468,31.4669784749527,469.796798064436
2,0,0,3,0.0068724330709682,43.6094744355985,563.079330860957
2,0,0,3,0.0,0.0,0.0
2,0,0,3,0.0060659058116868,27.3050401448416,186.22470048252
2,0,0,3,0.0,0.0,0.0
