bus_number,bus_type,P_demand,Q_demand,voltage_mag,voltage_ang
1,1,2.82945172099137,0,1,-1.14744111801829
2,2,0.0,0,1,-0.87109521505561
3,1,0.0,0,1,-4.82279064513323
4,3,0.0,0,1,0.0
5,1,58.1251170155921,0,1,-0.586975581931633
6,1,0.0,0,1,-3.71722363594808
7,1,0.0,0,1,-6.12051430300476
8,2,0.0,0,1,-0.973854517397482
9,2,0.0,0,1,-4.92276902584612
10,1,130.42711780792,0,1,-4.80022766614554
11,1,0.0,0,1,-0.241766391704786
12,1,0.0,0,1,-6.12051430300476
13,2,0.0,0,1,-5.56419020051332
14,2,0.0,0,1,-5.41743710700944
15,1,0.0,0,1,-6.12051430300476
16,1,0.0,0,1,-5.75425713247194
17,1,0.0,0,1,-8.26592788746015
18,1,1233.01339901251,0,1,-8.60500184282076
19,1,0.0,0,1,-6.44112917724888
20,1,0.0,0,1,-6.12051430300476
21,1,0.0,0,1,-6.12051430300476
22,1,0.0,0,1,-8.00168056144259
23,1,163.848749934636,0,1,-9.14455191544427
24,1,3.04530084758396,0,1,-6.61196273934071
25,1,154.080719492182,0,1,-9.95292183682162
26,1,117.628459541454,0,1,-8.285038875954
27,1,0.0,0,1,-8.0312554686046
28,2,0.0,0,1,-7.57995333766855
29,2,0.0,0,1,-7.14440885245096
30,1,0.0,0,1,-7.09441403490491
31,1,367.131981362641,0,1,-10.0493543726852
32,1,0.0,0,1,-7.85366942984102
33,2,0.0,0,1,-7.60990440799766
34,1,140.66574358931,0,1,-8.66886584680062
35,2,0.0,0,1,-2.22447311728705
36,1,0.0,0,1,-6.51129355008163
37,1,43.1377780152811,0,1,-9.38504707870941
38,1,0.0,0,1,-6.71690700858472
39,1,0.0,0,1,-8.48384442877441
40,1,0.0,0,1,-7.72159728598365
41,2,0.0,0,1,-5.34998871355257
42,1,340.376775142498,0,1,-9.15141302747387
43,2,0.0,0,1,-6.19598418318498
44,1,0.0,0,1,-7.02452483279825
45,2,0.0,0,1,-8.14531313509871
46,1,0.0,0,1,-8.30094040651813
47,1,0.0,0,1,-5.57145648156143
48,1,0.0,0,1,-7.92478045682913
49,1,0.0,0,1,-7.91262918024467
50,2,0.0,0,1,-5.08537743043456
51,2,0.0,0,1,-4.60485670206885
52,1,0.0,0,1,-7.31437708637653
53,1,0.0,0,1,-2.33152436948539
54,2,0.0,0,1,-3.380083202556
55,1,0.0,0,1,-3.19907618128387
56,2,0.0,0,1,-1.67497540114913
57,1,0.0,0,1,-3.31415528975142
