cost_model,startup,shutdown,n_coefficients,coeff_n,coeff1,coeff0
2,0,0,3,0.0,0.0,0.0
2,0,0,3,0.0041515744405701,33.991347570292,53.9084659419363
2,0,0,3,0.0,0.0,0.0
2,0,0,3,0.0,0.0,0.0
2,0,0,3,0.0,0.0,0.0
2,0,0,3,0.0,0.0,0.0
2,0,0,3,0.0065758490862089,46.5630109778374,415.359391513231
2,0,0,3,0.0073993801767692,39.036178799686,2565.29662190716
2,0,0,3,0.0,0.0,0.0
2,0,0,3,0.0049418621414379,25.6288910284863,531.846180346184
2,0,0,3,0.0052576619072715,56.0634286384295,461.233143792826
2,0,0,3,0.0,0.0,0.0
2,0,0,3,0.0045440109345008,36.2374035934976,465.399881883909
2,0,0,3,0.0,0.0,0.0
2,0,0,3,0.0,0.0,0.0
2,0,0,3,0.0,0.0,0.0
2,0,0,3,0.0,0.0,0.0
2,0,0,3,0.0064953709769511,41.9353981094606,180.721624758997
2,0,0,3,0.0,0.0,0.0
2,0,0,3,0.0039162625787421,30.3495071843888,32.8490910908867
