cost_model,startup,shutdown,n_coefficients,coeff_n,coeff1,coeff0
2,0,0,3,0.0,0.0,0.0
2,0,0,3,0.0,0.0,0.0
2,0,0,3,0.0075436611370242,24.576466247755,1283.84155146174
2,0,0,3,0.0,0.0,0.0
2,0,0,3,0.0,0.0,0.0
2,0,0,3,0.0,0.0,0.0
2,0,0,3,0.006392464750792,50.409552748185,515.670266993978
2,0,0,3,0.003808308450276,28.1978302329441,593.201306030038
2,0,0,3,0.0,0.0,0.0
2,0,0,3,0.0,0.0,0.0
2,0,0,3,0.0036374624796648,34.2905494933291,2382.97321528129
2,0,0,3,0.0,0.0,0.0
