cost_model,startup,shutdown,n_coefficients,coeff_n,coeff1,coeff0
2,0,0,3,0.0040257395234176,25.020074731335,181.348783709905
2,0,0,3,0.0,0.0,0.0
2,0,0,3,0.003042679875226,51.3798079066193,508.718713586553
2,0,0,3,0.002568970976225,29.5715465377704,2780.43865532454
2,0,0,3,0.0,0.0,0.0
2,0,0,3,0.0,0.0,0.0
2,0,0,3,0.0,0.0,0.0
2,0,0,3,0.0,0.0,0.0
2,0,0,3,0.0040140869085063,44.1491979878933,438.482918716466
2,0,0,3,0.0044786212978257,28.2874873549685,432.23068419915
2,0,0,3,0.0030651042959343,39.7343337530617,2360.14287245101
2,0,0,3,0.0,0.0,0.0
2,0,0,3,0.0,0.0,0.0
2,0,0,3,0.0,0.0,0.0
2,0,0,3,0.0,0.0,0.0
2,0,0,3,0.0,0.0,0.0
2,0,0,3,0.0047891270081587,29.5666347271587,275.914196316482
