bus_number,bus_type,P_demand,Q_demand,voltage_mag,voltage_ang
1,1,60.3944032854112,0,1,-13.5200966372076
2,1,106.812590244784,0,1,-13.2001466066615
3,1,0.0,0,1,-9.45237099005348
4,1,0.0,0,1,-5.65496840846146
5,1,85.39754766011,0,1,-10.8874422108234
6,3,0.0,0,1,0.0
7,1,740.669310315054,0,1,-12.6081205015487
8,1,0.0,0,1,-4.65918664784095
9,1,0.0,0,1,-4.46681804533704
10,1,0.0,0,1,-7.92988175538749
11,1,341.114341959198,0,1,-19.8843275522028
12,1,0.0,0,1,-8.65809854048271
13,1,181.562466324896,0,1,-12.9502330422509
14,1,319.587223394579,0,1,-9.75455298395138
15,1,322.368703286453,0,1,-12.2230353295915
16,1,0.0,0,1,-6.89928027968709
17,1,43.5998926701779,0,1,-13.4409412359821
18,2,0.0,0,1,-8.05221800746919
19,2,0.0,0,1,-2.00309581679876
20,1,0.0,0,1,-4.77670818403589
21,1,0.0,0,1,-8.96815356483201
22,1,0.0,0,1,-11.7651930179531
23,1,0.0,0,1,-9.4628846586425
24,2,0.0,0,1,-4.41052103118309
25,1,0.0,0,1,-8.71959467680641
26,1,0.0,0,1,-2.14972130331292
27,2,0.0,0,1,-7.44996558270658
28,1,0.0,0,1,-4.08725777135123
29,2,0.0,0,1,1.94210141347969
30,1,0.0,0,1,-3.9658051314784
31,2,0.0,0,1,8.11199209021249
32,1,0.0,0,1,-5.23682483673262
33,1,0.0,0,1,-3.60881369652301
34,1,135.396393672591,0,1,-12.6011269549963
35,1,139.728189876509,0,1,-15.3469164601261
36,1,132.731216179049,0,1,0.698549371441659
37,1,0.0,0,1,-1.69413162811884
38,1,0.0,0,1,-3.6294023947037
39,1,0.0,0,1,-7.20949211040881
40,2,0.0,0,1,-5.23682483673262
41,1,82.2563716567988,0,1,-15.1735566810491
42,1,0.0,0,1,-3.40009156501899
43,1,0.0,0,1,-9.44420056216345
44,1,0.0,0,1,-8.15893541130917
45,1,0.0,0,1,-3.32507681168371
46,1,0.0,0,1,-11.7367477085512
47,2,0.0,0,1,-1.22499796887215
48,1,24.8668542947984,0,1,-6.7399182789142
49,1,0.0,0,1,-8.2712320320212
50,1,0.0,0,1,-7.63564205014415
51,1,0.0,0,1,-5.07754979573678
52,2,0.0,0,1,-5.42572658631272
53,2,0.0,0,1,-6.05807542797231
54,1,31.4007989894077,0,1,-10.7429202521964
55,1,0.0,0,1,-11.7841327086416
56,2,0.0,0,1,-4.72125487387766
57,1,0.0,0,1,-9.02383885101188
