cost_model,startup,shutdown,n_coefficients,coeff_n,coeff1,coeff0
2,0,0,3,0.0,0.0,0.0
2,0,0,3,0.0042461401030482,48.6497285080478,1826.2503785259
2,0,0,3,0.0042371341695402,46.3267457651553,1180.37115710764
2,0,0,3,0.0,0.0,0.0
2,0,0,3,0.0051115627210453,54.9431546502701,240.01564385059
2,0,0,3,0.0,0.0,0.0
2,0,0,3,0.0,0.0,0.0
2,0,0,3,0.0,0.0,0.0
2,0,0,3,0.0,0.0,0.0
2,0,0,3,0.0,0.0,0.0
2,0,0,3,0.0046001158350885,31.727296833831,318.262552649307
2,0,0,3,0.006409894208815,39.9057451225539,430.762626294778
2,0,0,3,0.005817271798373,35.938233426158,19.7141288156078
2,0,0,3,0.0,0.0,0.0
