bus_number,bus_type,P_demand,Q_demand,voltage_mag,voltage_ang
1,1,0.0,0,1,-3.15121115714536
2,3,0.0,0,1,0.0
3,1,0.0,0,1,-3.37915093300787
4,1,0.0,0,1,-2.99491411260804
5,2,0.0,0,1,0.0242765018777411
6,2,0.0,0,1,-0.275548980493672
7,1,0.0,0,1,-2.80902825862464
8,1,0.0,0,1,-4.58293802342128
9,1,0.0,0,1,-2.32524516802909
10,2,0.0,0,1,-3.71628238567719
11,1,673.856259906087,0,1,-6.97890315882619
12,2,0.0,0,1,-2.37647833954391
13,2,0.0,0,1,-3.19278401774926
14,2,0.0,0,1,-4.85928751752591
15,2,0.0,0,1,-4.2897444772635
16,2,0.0,0,1,-3.71879561640399
17,1,14.0776651657926,0,1,-6.08789838702876
18,1,0.0,0,1,-6.10415779915239
19,1,0.0,0,1,-6.6258826470596
20,2,0.0,0,1,-3.76621028153544
21,1,93.2238544450941,0,1,-5.5603078438035
22,1,0.0,0,1,-4.39141287898483
23,1,0.0,0,1,-6.51287023774031
24,1,0.0,0,1,-3.77369331271027
25,1,0.0,0,1,-5.54413537710396
26,1,821.934446420228,0,1,-6.94873108830368
27,1,0.0,0,1,-4.70866822042914
28,1,0.0,0,1,-4.08637161438293
29,1,0.0,0,1,-4.92255017228456
30,1,0.0,0,1,-4.1322816906117
31,1,0.0,0,1,-3.54009413128244
32,1,0.0,0,1,-4.14595033371045
33,1,0.0,0,1,-3.23190560746074
34,2,0.0,0,1,-2.63815693433395
35,2,0.0,0,1,-3.62140096340995
36,1,15.2188330703553,0,1,-4.03675763206604
37,1,161.298524951693,0,1,-5.02308240036423
38,2,0.0,0,1,2.94182264741209
39,1,89.3580697445016,0,1,-5.78664071009374
40,1,9.33859812025371,0,1,-4.67361452291082
41,1,0.0,0,1,-1.82503425821068
42,1,0.0,0,1,-3.34081026914913
43,1,92.2664634417057,0,1,-6.26642335288999
44,1,0.0,0,1,-3.06521138851263
45,1,0.0,0,1,-2.64359706004694
46,1,44.9648992216893,0,1,-6.32020787204205
47,1,0.0,0,1,-2.00094932663229
48,2,0.0,0,1,-2.79078455884195
49,1,0.0,0,1,-3.68915296856924
50,1,0.0,0,1,-2.65925620892543
51,2,0.0,0,1,-0.60345674972819
52,1,776.856892813542,0,1,-4.34240783021387
53,1,0.0,0,1,-2.78980606042168
54,2,0.0,0,1,-4.30025882190174
55,1,11.1128438921516,0,1,-3.34024878214072
56,1,0.0,0,1,-1.35557103372069
57,1,0.0,0,1,-2.4098544689943
