cost_model,startup,shutdown,n_coefficients,coeff_n,coeff1,coeff0
2,0,0,3,0.0,0.0,0.0
2,0,0,3,0.0060567814163259,26.747242271551,117.300613403888
2,0,0,3,0.0,0.0,0.0
2,0,0,3,0.0,0.0,0.0
2,0,0,3,0.0,0.0,0.0
2,0,0,3,0.0032360326604098,50.1881751030486,2394.9858436145
2,0,0,3,0.0,0.0,0.0
2,0,0,3,0.0,0.0,0.0
2,0,0,3,0.0054758545327924,55.9578336086401,411.128846845693
2,0,0,3,0.0066047828328093,38.7695366291827,3034.44383347436
2,0,0,3,0.0,0.0,0.0
2,0,0,3,0.0,0.0,0.0
2,0,0,3,0.0029898769132109,55.5683648328817,402.078619041094
2,0,0,3,0.0,0.0,0.0
2,0,0,3,0.0,0.0,0.0
2,0,0,3,0.006727338722627,25.8689172675834,440.134121335811
