bus_number,P_output,Q_output,voltage_mag,gen_status,P_max,P_min
4,0.0,0,1,0,57.0544734477599,0
10,590.295024753522,0,1,1,1197.84095262741,0
16,20.9377955440816,0,1,1,20.9377955391249,0
18,714.341934310642,0,1,1,714.341934306902,0
19,836.330194992098,0,1,1,836.330194998497,0
21,0.0,0,1,0,303.361034617636,0
23,36.7606933064588,0,1,1,36.7606933034495,0
25,0.0,0,1,0,285.955818889464,0
27,89.210271268259,0,1,1,89.2102712663139,0
30,0.0,0,1,0,254.149898922384,0
40,328.702157170757,0,1,1,328.702157382578,0
42,70.9021005365455,0,1,1,70.9021005306133,0
49,66.8304215952663,0,1,1,66.8304215921894,0
