bus_number,bus_type,P_demand,Q_demand,voltage_mag,voltage_ang
1,1,346.714059019261,0,1,-6.44222866999835
2,2,0.0,0,1,4.12512828731081
3,1,107.10129411575,0,1,0.872508593232971
4,1,0.0,0,1,-4.34114929029065
5,1,285.692376683763,0,1,-8.36627936845046
6,1,0.0,0,1,-2.80745464740403
7,1,219.206322090105,0,1,-4.54761880579169
8,1,148.556708489093,0,1,-2.36951766947702
9,3,0.0,0,1,0.0
10,1,0.0,0,1,3.09121914020393
11,1,0.0,0,1,-5.91579754788852
12,1,0.0,0,1,-0.456438622602376
13,2,0.0,0,1,-4.01035665756382
14,1,46.8804295725117,0,1,1.54089283593704
15,1,0.0,0,1,1.39139991728866
16,1,37.2642135680605,0,1,-0.0514472970708105
17,2,0.0,0,1,1.94280212013635
18,1,131.195440695442,0,1,-8.54435334294338
19,1,0.0,0,1,-3.25815561844158
20,1,0.0,0,1,-3.29892151381774
21,2,0.0,0,1,2.04375366922932
22,1,0.0,0,1,-2.26426951833378
23,1,0.0,0,1,0.484483662483863
24,1,152.246701704832,0,1,1.04781618192583
25,1,56.0725467614727,0,1,-1.76234544747668
26,2,0.0,0,1,0.39842655642412
27,1,0.0,0,1,-0.439851467576016
28,1,0.0,0,1,-2.2281180278193
29,2,0.0,0,1,-0.749567988310736
30,1,52.3853193601548,0,1,-0.97321469237414
31,1,33.9121890120619,0,1,-2.41594800067596
32,1,44.4437333802758,0,1,-4.40920193270197
33,1,0.0,0,1,-0.266667915092881
34,2,0.0,0,1,-2.21469032872878
35,2,0.0,0,1,1.65494606760853
36,1,92.1489387532315,0,1,-5.04931274297478
37,1,36.7704407912733,0,1,-3.89815653460986
38,2,0.0,0,1,-1.64241516031174
39,1,0.0,0,1,-1.76315656096148
40,1,33.5548373514785,0,1,-3.84948970877703
41,1,0.0,0,1,-7.51848421766213
42,1,0.0,0,1,-2.52525600578316
43,1,0.0,0,1,-1.33497546392871
44,1,101.78034222276,0,1,-4.83125898699941
45,1,0.0,0,1,-1.64241516031174
46,1,47.1802274881512,0,1,-11.0735567442922
47,2,0.0,0,1,-1.24082519044797
48,1,690.932838633798,0,1,-5.4285816957022
49,1,0.0,0,1,0.684752503555805
50,1,0.0,0,1,-0.398715547813761
51,1,0.0,0,1,-3.82567887434054
52,2,0.0,0,1,-0.0226350303779235
53,1,90.2716337891264,0,1,-1.64241516031174
54,1,0.0,0,1,-2.72807843596394
55,1,0.0,0,1,-2.54039052964813
56,1,0.0,0,1,-2.60246315549518
57,2,0.0,0,1,-1.52042068564669
