bus_number,P_output,Q_output,voltage_mag,gen_status,P_max,P_min
2,1025.92807280486,0,1,1,1048.97897379299,0
12,21.7457466081979,0,1,1,21.7457466081811,0
20,656.400484337537,0,1,1,709.062502750154,0
24,626.088033672734,0,1,1,626.088033672755,0
25,-2.0875176104151197e-11,0,1,1,276.570957368069,0
28,0.0,0,1,0,154.968461939404,0
29,38.5895087202167,0,1,1,248.680838696909,0
32,0.0,0,1,0,507.876584491776,0
40,91.9485031261711,0,1,1,188.396828095082,0
43,66.260160318651,0,1,1,66.2601603186821,0
44,0.0,0,1,0,152.05695462939,0
45,16.5792051815361,0,1,1,16.579205181577,0
50,6.18568117154877,0,1,1,6.18568117182695,0
52,136.116064065682,0,1,1,136.116064065672,0
53,68.4691334755379,0,1,1,68.4691334755185,0
56,-7.374585382290849e-11,0,1,1,34.3416211663308,0
