cost_model,startup,shutdown,n_coefficients,coeff_n,coeff1,coeff0
2,0,0,3,0.0066783047480928,54.48751844372,1129.49052241631
2,0,0,3,0.0045913070650734,39.4800035961966,3518.71874331805
2,0,0,3,0.0,0.0,0.0
2,0,0,3,0.004620561134161,41.6443043430323,11.8535162547179
2,0,0,3,0.0,0.0,0.0
2,0,0,3,0.0041303992693262,43.4940156496141,50.1669605146164
2,0,0,3,0.0,0.0,0.0
2,0,0,3,0.0,0.0,0.0
2,0,0,3,0.0,0.0,0.0
2,0,0,3,0.0,0.0,0.0
2,0,0,3,0.0072449199569747,41.2623668115198,571.107590377489
2,0,0,3,0.0049314183948015,56.8939316004143,233.161305621987
2,0,0,3,0.0,0.0,0.0
2,0,0,3,0.0060379324396506,56.5884218185146,387.931463706128
2,0,0,3,0.0033930936565743,50.6676469587486,553.405891071626
2,0,0,3,0.0,0.0,0.0
2,0,0,3,0.0,0.0,0.0
2,0,0,3,0.0,0.0,0.0
2,0,0,3,0.0049188309738337,35.1462376660273,139.950529877092
2,0,0,3,0.0,0.0,0.0
2,0,0,3,0.0,0.0,0.0
