bus_number,bus_type,P_demand,Q_demand,voltage_mag,voltage_ang
1,1,0.0,0,1,-1.85340148562412
2,3,0.0,0,1,0.0
3,2,0.0,0,1,-2.43826410450952
4,1,0.0,0,1,-0.919680759159715
5,1,0.0,0,1,-2.21187029054371
6,2,0.0,0,1,-2.24088309897092
7,1,0.0,0,1,-2.92172283190903
8,1,0.0,0,1,-2.5329157591692
9,1,0.0,0,1,-2.71886565443271
10,2,0.0,0,1,-3.1576172349087
11,1,127.814095338014,0,1,-2.36163377876206
12,1,0.0,0,1,-3.86066260987137
13,2,0.0,0,1,-1.02840646637252
14,1,0.0,0,1,-3.12012164023824
15,1,0.0,0,1,-1.02840646637252
16,1,0.0,0,1,-3.39229859372287
17,2,0.0,0,1,-4.22284267487831
18,2,0.0,0,1,-3.75790145157663
19,1,317.680545848015,0,1,-5.293415246651
20,1,0.0,0,1,-3.29375172288144
21,1,89.6086282401818,0,1,-2.48131491300932
22,1,532.638332121506,0,1,-4.6035990168833
23,1,0.0,0,1,-2.5165961922999
24,1,302.303112310164,0,1,-5.69502820640493
25,1,0.0,0,1,-3.85204070363263
26,1,460.248738414042,0,1,-5.70526155723024
27,1,0.0,0,1,-0.669284225765622
28,1,0.0,0,1,-4.07168022352493
29,1,0.0,0,1,-4.80848692829134
30,2,0.0,0,1,-4.88899340297079
31,1,0.0,0,1,-3.90535634087867
32,1,0.0,0,1,-1.04568322447322
33,1,0.0,0,1,-0.427436930147962
34,1,0.0,0,1,-5.21862501500618
35,1,188.597838970669,0,1,1.47477571353329
36,2,0.0,0,1,3.54196079382896
37,1,0.0,0,1,8.09733592371298
38,2,0.0,0,1,5.03223418014873
39,1,64.1107804033222,0,1,-0.695918998828908
40,1,243.737469514111,0,1,2.98281224794384
41,1,0.0,0,1,-1.47726261831303
42,1,0.0,0,1,2.30161967331517
43,2,0.0,0,1,-1.02856805675986
44,1,0.0,0,1,-1.77330873889236
45,1,0.0,0,1,2.65023331724787
46,2,0.0,0,1,11.276044100491
47,2,0.0,0,1,21.1480392582983
48,1,40.3853722141021,0,1,0.449671505062929
49,2,0.0,0,1,-2.0289035913539
50,1,0.0,0,1,-2.16781326456065
51,1,0.0,0,1,-2.83318023370221
52,1,0.0,0,1,-2.09556761205583
53,2,0.0,0,1,0.372943486939054
54,2,0.0,0,1,-0.196070865336267
55,1,281.737789032696,0,1,-2.76063680422795
56,1,0.0,0,1,-2.35900298900853
57,1,105.447891075779,0,1,-3.79531030678288
