bus_number,P_output,Q_output,voltage_mag,gen_status,P_max,P_min
9,329.143803446454,0,1,1,329.143803446454,0
12,1268.93982084986,0,1,1,1268.93982084986,0
13,218.845810569898,0,1,1,511.722579442099,0
16,0.0,0,1,0,253.317579241777,0
21,0.0,0,1,0,895.481713199875,0
26,390.669637029305,0,1,1,390.669637029305,0
38,31.2678785201197,0,1,1,31.2678785201197,0
44,76.4068870999668,0,1,1,76.4068870999668,0
48,185.499656566223,0,1,1,185.499656566223,0
56,13.4102254590433,0,1,1,319.928192028644,0
