cost_model,startup,shutdown,n_coefficients,coeff_n,coeff1,coeff0
2,0,0,3,0.0,0.0,0.0
2,0,0,3,0.002185252329245,31.7011929440257,3460.52163582562
2,0,0,3,0.0023717260058339,38.5729799177342,134.348091569165
2,0,0,3,0.0,0.0,0.0
2,0,0,3,0.0,0.0,0.0
2,0,0,3,0.0066653704431237,51.2868915981428,209.297941255186
2,0,0,3,0.0,0.0,0.0
2,0,0,3,0.0,0.0,0.0
2,0,0,3,0.0067622779154117,45.859206508324,337.793907166537
2,0,0,3,0.0020681209483071,44.3415630640889,468.575286367021
2,0,0,3,0.0074470245878898,48.914515276432,316.011005147459
2,0,0,3,0.0,0.0,0.0
2,0,0,3,0.0055169436457407,24.561768985779,16.1234223351993
2,0,0,3,0.0,0.0,0.0
2,0,0,3,0.0,0.0,0.0
2,0,0,3,0.0,0.0,0.0
2,0,0,3,0.0,0.0,0.0
