cost_model,startup,shutdown,n_coefficients,coeff_n,coeff1,coeff0
2,0,0,3,0.0034089318726509,46.0730074998726,2968.19365274193
2,0,0,3,0.0,0.0,0.0
2,0,0,3,0.0,0.0,0.0
2,0,0,3,0.0030742040597211,35.7937608940005,2802.66436845439
2,0,0,3,0.0056624771071471,55.7779838843395,522.0356933009
2,0,0,3,0.0030974969287409,54.3456219131593,906.084733343574
2,0,0,3,0.0069495372348258,55.8324087270339,74.1210934393641
2,0,0,3,0.0,0.0,0.0
2,0,0,3,0.0,0.0,0.0
2,0,0,3,0.0,0.0,0.0
2,0,0,3,0.0,0.0,0.0
2,0,0,3,0.0,0.0,0.0
2,0,0,3,0.0,0.0,0.0
2,0,0,3,0.0069797257062582,55.8678660389659,210.320447703741
2,0,0,3,0.0,0.0,0.0
2,0,0,3,0.0,0.0,0.0
