bus_number,bus_type,P_demand,Q_demand,voltage_mag,voltage_ang
1,1,0.0,0,1,0.355797780238694
2,1,0.0,0,1,-0.476429567436768
3,1,0.0,0,1,0.182511418772391
4,3,0.0,0,1,0.0
5,2,0.0,0,1,1.01372789324987
6,1,0.0,0,1,0.268873662701891
7,1,0.0,0,1,-0.363749136398773
8,1,0.0,0,1,-0.476429567436768
9,1,0.0,0,1,-0.223582433541147
10,1,98.6221129644065,0,1,0.550922763396201
11,2,0.0,0,1,1.23941286570504
12,2,0.0,0,1,0.554454057428263
13,1,0.0,0,1,-0.35882424436174
14,1,0.0,0,1,-1.76990431395965
15,1,82.4066849114639,0,1,-0.783764475433828
16,2,0.0,0,1,-1.11020625650844
17,1,0.0,0,1,-2.05248203942376
18,1,33.0782311753273,0,1,-2.26525599826286
19,1,716.244447099994,0,1,-1.32268120153714
20,1,0.0,0,1,-1.37884819819123
21,1,220.08994779187,0,1,-2.64422447929462
22,2,0.0,0,1,-1.93747032977326
23,1,0.0,0,1,-1.76990431395965
24,1,0.0,0,1,-1.76990431395965
25,2,0.0,0,1,-0.914917294047157
26,1,0.0,0,1,-3.56667700595897
27,1,77.5888897544131,0,1,-2.23491012221776
28,1,0.0,0,1,-1.82652400788906
29,1,40.0809020755579,0,1,-2.14651398620304
30,1,0.0,0,1,-2.92676490261523
31,1,47.2878535265236,0,1,-1.82652400788906
32,1,0.0,0,1,-1.04737388960914
33,1,0.0,0,1,-4.66016203422256
34,1,0.0,0,1,-2.34599564368291
35,1,103.578052019714,0,1,-3.96600043218362
36,1,547.682021270097,0,1,-2.79519971370781
37,2,0.0,0,1,-1.82652400788906
38,1,0.0,0,1,-5.40367553927688
39,1,0.0,0,1,-2.79016880013007
40,1,0.0,0,1,-3.02323228085435
41,1,0.0,0,1,-1.04814192791614
42,2,0.0,0,1,-7.39934830310584
43,1,0.0,0,1,-4.99694105909452
44,1,0.0,0,1,-0.286886237076908
45,2,0.0,0,1,-7.39934830310584
46,1,206.368162708739,0,1,-7.39934830310584
47,2,0.0,0,1,-0.0651616914953115
48,2,0.0,0,1,-1.16616248993657
49,1,457.978659684196,0,1,-0.411013490184417
50,2,0.0,0,1,-0.476429567436768
51,2,0.0,0,1,-0.286886237076908
52,1,142.406202605837,0,1,-0.157123688671231
53,1,66.7475097414795,0,1,-0.729384478090101
54,2,0.0,0,1,1.51096684610589
55,1,0.0,0,1,0.564016127563946
56,1,0.0,0,1,-0.237210740983028
57,1,0.0,0,1,0.1015256342883
