cost_model,startup,shutdown,n_coefficients,coeff_n,coeff1,coeff0
2,0,0,3,0.003480043874245,44.8114433916538,3075.2884971207
2,0,0,3,0.0041412521473483,39.7042064352808,1353.41284086587
2,0,0,3,0.003239596375617,24.689754951323,587.241149988864
2,0,0,3,0.0,0.0,0.0
2,0,0,3,0.0056842667960215,35.7877256863436,434.935120674603
2,0,0,3,0.0,0.0,0.0
2,0,0,3,0.0067704563916008,24.4718378477951,166.247629674051
2,0,0,3,0.0,0.0,0.0
2,0,0,3,0.0,0.0,0.0
2,0,0,3,0.0,0.0,0.0
2,0,0,3,0.0048854996065614,39.0106656177975,45.0946830274764
2,0,0,3,0.0,0.0,0.0
2,0,0,3,0.0,0.0,0.0
2,0,0,3,0.0,0.0,0.0
