cost_model,startup,shutdown,n_coefficients,coeff_n,coeff1,coeff0
2,0,0,3,0.0,0.0,0.0
2,0,0,3,0.0,0.0,0.0
2,0,0,3,0.0,0.0,0.0
2,0,0,3,0.0073283790281588,40.3068565273867,184.050880270234
2,0,0,3,0.0,0.0,0.0
2,0,0,3,0.0,0.0,0.0
2,0,0,3,0.0,0.0,0.0
2,0,0,3,0.0025870471587974,36.0473773413289,2159.56497710685
2,0,0,3,0.0,0.0,0.0
2,0,0,3,0.0,0.0,0.0
