bus_number,bus_type,P_demand,Q_demand,voltage_mag,voltage_ang
1,2,0.0,0,1,-1.37740474519016
2,1,146.414085960947,0,1,-1.88557207327649
3,1,0.0,0,1,-1.26129784320838
4,1,58.4214430888915,0,1,-0.726006261922494
5,1,0.0,0,1,-1.32536337604431
6,2,0.0,0,1,-1.13616581318258
7,1,87.932660614695,0,1,-2.10692453306626
8,1,1050.43093255815,0,1,-1.57363035344426
9,1,0.0,0,1,-1.08869782522706
10,1,0.0,0,1,-0.907343864880952
11,1,0.0,0,1,-0.89508108244179
12,1,579.965115519111,0,1,-1.67221336947819
13,2,0.0,0,1,-1.40087505370791
14,1,0.0,0,1,-1.55862488297395
15,2,0.0,0,1,0.451007552920098
16,1,332.373502129586,0,1,-1.78843606346987
17,1,166.660907674131,0,1,-0.215079115768935
18,1,0.0,0,1,-0.697222725513572
19,2,0.0,0,1,0.128800609004878
20,1,0.0,0,1,-1.12587272843627
21,2,0.0,0,1,-0.453886584719792
22,1,0.0,0,1,0.289304211146363
23,1,170.587552559612,0,1,0.339658971046867
24,2,0.0,0,1,-0.62836582338175
25,1,0.0,0,1,-0.823514478860505
26,1,0.0,0,1,0.728590547997168
27,1,0.0,0,1,-0.53923153648592
28,1,0.642452104274407,0,1,-0.959552235136319
29,1,10.8584127189872,0,1,-1.03352453699895
30,2,0.0,0,1,-0.18901681671928
31,2,0.0,0,1,-0.622643769419608
32,1,0.0,0,1,-0.494498749222767
33,2,0.0,0,1,2.8487726515464
34,1,0.0,0,1,-1.01249292809891
35,1,0.0,0,1,-0.743778062409229
36,1,4.51382531755554,0,1,0.280084919702881
37,1,0.0,0,1,-0.376837206588326
38,1,0.0,0,1,-1.31865069098215
39,1,0.0,0,1,0.154002735006077
40,1,0.0,0,1,-0.285441431438314
41,1,4.22874396029686,0,1,-0.285405028664088
42,2,0.0,0,1,1.04582825593436
43,1,0.0,0,1,0.0771917046640016
44,1,0.0,0,1,-0.118158560644141
45,1,0.0,0,1,-0.0066437031835403
46,1,131.393853964374,0,1,-0.517278698938036
47,1,0.0,0,1,-1.14950403662935
48,2,0.0,0,1,-0.64189051755535
49,2,0.0,0,1,-0.120565700692832
50,3,0.0,0,1,0.0
51,1,0.0,0,1,-0.61521018409909
52,1,0.0,0,1,-0.32391988702726
53,1,9.88710531198955,0,1,-1.38050845748855
54,1,0.0,0,1,-1.79642597130199
55,2,0.0,0,1,-1.21127704090228
56,1,0.0,0,1,-0.861791692908198
57,1,0.0,0,1,-1.40775683486544
