cost_model,startup,shutdown,n_coefficients,coeff_n,coeff1,coeff0
2,0,0,3,0.0054216925124047,51.2589562567376,3756.75895776318
2,0,0,3,0.0,0.0,0.0
2,0,0,3,0.0,0.0,0.0
2,0,0,3,0.0022853096518955,40.8670338356815,3827.81811175583
2,0,0,3,0.0,0.0,0.0
2,0,0,3,0.0061862555373445,35.7570600959643,555.013942705071
2,0,0,3,0.0,0.0,0.0
2,0,0,3,0.0,0.0,0.0
2,0,0,3,0.0,0.0,0.0
2,0,0,3,0.0,0.0,0.0
2,0,0,3,0.0067225903507147,34.2588338212548,575.166977484315
