bus_number,P_output,Q_output,voltage_mag,gen_status,P_max,P_min
2,377.204103612911,0,1,1,790.092338698684,0
3,0.0,0,1,0,405.755480690109,0
9,446.303375648,0,1,1,446.303375648007,0
10,0.0,0,1,0,55.6488611923944,0
12,216.150211834766,0,1,1,216.150211834767,0
16,127.471668488803,0,1,1,204.995105885328,0
20,320.478186761664,0,1,1,320.47818676191,0
22,147.843960089464,0,1,1,147.843960089465,0
26,102.47674294677,0,1,1,102.47674294677,0
30,29.5176264272929,0,1,1,29.5176264272931,0
32,0.0,0,1,0,333.445630556529,0
34,304.488622799076,0,1,1,304.488622799078,0
35,80.1490486311835,0,1,1,80.1490486311838,0
36,44.7340932004826,0,1,1,44.7340932004835,0
37,48.1383301294906,0,1,1,201.622591373236,0
39,3.23868239718196e-11,0,1,1,62.7448571667565,0
43,164.426364130265,0,1,1,164.426364130266,0
44,0.0,0,1,0,6.57639060965922,0
51,168.771699603495,0,1,1,168.771699603496,0
52,176.156559178907,0,1,1,176.156559178907,0
