bus_number,P_output,Q_output,voltage_mag,gen_status,P_max,P_min
3,169.497432111273,0,1,1,169.497432111273,0
5,676.85720467965,0,1,1,906.537909695112,0
11,451.805238598531,0,1,1,451.805238598531,0
12,238.858551546757,0,1,1,238.858551546757,0
18,160.047805442344,0,1,1,160.047805442344,0
19,64.5892127482977,0,1,1,73.1039504029036,0
21,553.125647975462,0,1,1,553.125647975462,0
28,0.0,0,1,0,449.936896574583,0
31,221.692544671649,0,1,1,221.692544671649,0
35,0.0,0,1,0,353.283573962853,0
41,38.2082311388267,0,1,1,249.588673618316,0
44,0.0,0,1,0,255.270798254727,0
46,179.628724569811,0,1,1,179.628724569811,0
