bus_number,P_output,Q_output,voltage_mag,gen_status,P_max,P_min
1,0.0,0,1,0,293.09174276122,0
3,186.899169171092,0,1,1,186.899169171093,0
9,375.550899464688,0,1,1,711.839372619933,0
15,0.0,0,1,0,323.65176453852,0
16,272.894480671435,0,1,1,272.894480671435,0
23,195.396773042137,0,1,1,195.396773042137,0
25,0.0,0,1,0,203.789325320579,0
26,688.821843281684,0,1,1,688.821843281684,0
27,48.5347642728746,0,1,1,48.5347642728746,0
28,423.533825153453,0,1,1,423.533825153453,0
37,14.9372837931983,0,1,1,14.9372837931984,0
43,117.702803669165,0,1,1,201.437328916247,0
46,29.3407048035092,0,1,1,29.3407048035093,0
51,53.8538923923606,0,1,1,53.8538923923607,0
52,346.844153767002,0,1,1,391.289236930736,0
57,0.0,0,1,0,223.06623975534,0
