bus_number,P_output,Q_output,voltage_mag,gen_status,P_max,P_min
2,-3.61491745108187e-13,0,1,1,176.216616648589,0
3,377.706403167099,0,1,1,377.706403167099,0
5,47.958699472446,0,1,1,47.9586994724457,0
7,736.50957604449,0,1,1,736.50957604449,0
8,0.0,0,1,0,216.36678288289,0
9,0.0,0,1,0,377.682846766192,0
12,0.0,0,1,0,259.476466042669,0
16,274.572217674833,0,1,1,331.537141311272,0
21,317.570396399856,0,1,1,317.570396399856,0
24,7.6388078099338,0,1,1,7.63880780993367,0
26,20.6952843582327,0,1,1,20.6952843582326,0
27,24.1243503048333,0,1,1,24.1243503048332,0
37,0.0,0,1,0,234.002798335027,0
39,125.657315301269,0,1,1,125.657315301269,0
40,570.82048416368,0,1,1,673.367325534955,0
41,0.0,0,1,0,238.453529009345,0
42,2.04027415299391,0,1,1,2.04027415299719,0
45,196.863147472577,0,1,1,196.863147472576,0
47,52.1536371603594,0,1,1,52.1536371603593,0
53,7.19796918601763e-13,0,1,1,55.0454619396886,0
