cost_model,startup,shutdown,n_coefficients,coeff_n,coeff1,coeff0
2,0,0,3,0.0064007088098795,48.1123523419105,2992.88772000755
2,0,0,3,0.0,0.0,0.0
2,0,0,3,0.0,0.0,0.0
2,0,0,3,0.0,0.0,0.0
2,0,0,3,0.0075273303487134,23.5244263936264,212.85933716601
2,0,0,3,0.0044377753542754,56.6825708077998,675.589472865318
2,0,0,3,0.0,0.0,0.0
2,0,0,3,0.0,0.0,0.0
2,0,0,3,0.0067379549815271,33.8734989773175,43.7230298685586
2,0,0,3,0.0028765462393746,29.0787426269588,370.680882624979
2,0,0,3,0.0,0.0,0.0
2,0,0,3,0.0,0.0,0.0
2,0,0,3,0.0,0.0,0.0
