bus_number,bus_type,P_demand,Q_demand,voltage_mag,voltage_ang
1,1,0.0,0,1,-2.09893945375979
2,2,0.0,0,1,-2.2902702056776
3,1,0.0,0,1,-1.9639028712283
4,1,384.693478141279,0,1,-7.98295611825122
5,1,0.0,0,1,-1.96420961973287
6,1,0.0,0,1,-1.80519730520935
7,1,425.824465972423,0,1,-3.12504991965885
8,1,0.0,0,1,-1.62836920431102
9,2,0.0,0,1,-2.99873096984075
10,2,0.0,0,1,-0.897578818864204
11,1,0.0,0,1,-2.4082089916644
12,1,0.0,0,1,-2.42361392956012
13,1,0.0,0,1,-7.80396352967434
14,1,0.0,0,1,-2.3180086086574
15,2,0.0,0,1,-0.105690240142208
16,1,0.0,0,1,-0.924337010665973
17,1,127.573008760884,0,1,0.0567084629342601
18,2,0.0,0,1,-0.62766699436089
19,1,0.0,0,1,-2.55152328515349
20,3,0.0,0,1,0.0
21,1,0.0,0,1,-1.38159771180086
22,1,0.0,0,1,-1.40344882764357
23,1,0.0,0,1,-2.07722363715207
24,1,110.971260899284,0,1,-4.42276559962231
25,2,0.0,0,1,1.52909112121911
26,1,0.0,0,1,-2.13714829474371
27,1,46.3478419824384,0,1,-1.94866077979334
28,2,0.0,0,1,-1.48446813288275
29,1,198.762253930916,0,1,-0.791778185548013
30,2,0.0,0,1,-2.61017612271852
31,2,0.0,0,1,-1.75131042796945
32,2,0.0,0,1,-0.357713377782904
33,2,0.0,0,1,-2.47083863562593
34,2,0.0,0,1,-2.4525596486443
35,1,231.808860900136,0,1,-3.44441918469974
36,2,0.0,0,1,-2.49765256607869
37,2,0.0,0,1,0.0061420643749223
38,1,574.16522979908,0,1,-3.50360225913546
39,1,116.009432439271,0,1,-1.16738508585504
40,1,0.0,0,1,-0.111912696316708
41,1,0.0,0,1,-1.52005468638589
42,2,0.0,0,1,0.571564951309699
43,1,0.0,0,1,-2.52087434624479
44,2,0.0,0,1,0.768622835660316
45,1,0.0,0,1,-2.63001572545202
46,2,0.0,0,1,1.8716167084901
47,1,0.0,0,1,-1.12784287081876
48,1,49.5242504051017,0,1,0.42538108807122
49,1,0.0,0,1,-2.7470213245961
50,2,0.0,0,1,-1.72741349057215
51,2,0.0,0,1,1.49468888783715
52,1,0.0,0,1,-0.717363099082317
53,1,488.63051025179,0,1,-3.68930794680975
54,2,0.0,0,1,2.21141303249233
55,2,0.0,0,1,-1.12784287081876
56,1,0.0,0,1,-1.3971116567231
57,2,0.0,0,1,-1.41587659355589
