cost_model,startup,shutdown,n_coefficients,coeff_n,coeff1,coeff0
2,0,0,3,0.0,0.0,0.0
2,0,0,3,0.0,0.0,0.0
2,0,0,3,0.0064609151456484,56.598744350168,119.730862701543
2,0,0,3,0.0,0.0,0.0
2,0,0,3,0.0,0.0,0.0
2,0,0,3,0.0,0.0,0.0
2,0,0,3,0.0039047286374768,29.4863981181979,478.701731879421
2,0,0,3,0.0,0.0,0.0
2,0,0,3,0.0061082842708865,32.4638042892779,131.203593170441
2,0,0,3,0.006960046946955,32.2719743477469,483.37214333356
2,0,0,3,0.0054559799419321,44.6360576746238,242.507502327946
2,0,0,3,0.0047362537851798,46.4945347079205,212.195463421393
2,0,0,3,0.0,0.0,0.0
2,0,0,3,0.0,0.0,0.0
2,0,0,3,0.0,0.0,0.0
2,0,0,3,0.0,0.0,0.0
2,0,0,3,0.0,0.0,0.0
2,0,0,3,0.0032724597052568,38.0074968400981,960.485132863283
2,0,0,3,0.0040977313716531,43.7872625263198,294.568046351402
2,0,0,3,0.0053540236611454,49.0724250163792,153.746152862078
2,0,0,3,0.0067264096809006,30.1848809259595,309.937897668119
2,0,0,3,0.0,0.0,0.0
2,0,0,3,0.0047102126064774,43.7980140452913,307.552549111928
2,0,0,3,0.0,0.0,0.0
2,0,0,3,0.0,0.0,0.0
2,0,0,3,0.0,0.0,0.0
2,0,0,3,0.0,0.0,0.0
