bus_number,bus_type,P_demand,Q_demand,voltage_mag,voltage_ang
1,1,5.44367948984532,0,1,-7.60383039933062
2,2,0.0,0,1,-0.333693835332686
3,2,0.0,0,1,-7.06966073689943
4,1,31.9562213026613,0,1,-5.03933402963404
5,3,0.0,0,1,0.0
6,1,0.0,0,1,-1.97275302660849
7,1,33.3967695248511,0,1,-2.16081559818132
8,2,0.0,0,1,-1.69834154737344
9,1,203.596391764922,0,1,-7.27707828919681
10,1,714.79178373032,0,1,-7.43484262466538
11,2,0.0,0,1,-1.7138306967338
12,1,0.0,0,1,-3.76664677327476
13,1,0.0,0,1,-2.37579280904324
14,1,0.0,0,1,-3.09134404068921
15,1,0.0,0,1,-4.03904356479856
16,2,0.0,0,1,-0.971269485255756
17,1,0.0,0,1,-3.75910592767991
18,2,0.0,0,1,-6.45131242768194
19,1,336.104844482915,0,1,-4.94644865566704
20,2,0.0,0,1,-0.422718106365448
21,1,0.0,0,1,-2.18867976059347
22,1,92.9037381245944,0,1,-0.754986844346276
23,1,0.0,0,1,-5.31521743774169
24,1,0.0,0,1,-0.426155881056111
25,1,0.0,0,1,-1.52778530029631
26,1,0.0,0,1,-3.26815596438898
27,1,30.2789900247523,0,1,-5.62668576297391
28,1,140.51490921929,0,1,-9.09470714701208
29,1,0.0,0,1,-4.15145103397845
30,1,111.549372101771,0,1,-3.72136668394173
31,1,345.881307110427,0,1,-6.17987922146791
32,2,0.0,0,1,-0.442733451782451
33,1,0.0,0,1,-4.7135784183963
34,1,0.0,0,1,-7.38238517241466
35,1,5.97314936627183,0,1,-5.2742008028412
36,1,0.0,0,1,-8.70241469973647
37,1,215.681692710087,0,1,-10.2539152715255
38,1,56.5467778009932,0,1,-7.05253683191558
39,1,0.0,0,1,-4.55424000917245
40,1,335.682544403733,0,1,-2.74330915572382
41,1,0.0,0,1,-4.37312472933498
42,2,0.0,0,1,-3.24733991798857
43,1,0.0,0,1,-2.7913271740252
44,1,94.008422325168,0,1,-5.2990341364547
45,2,0.0,0,1,-1.64799554312389
46,1,0.0,0,1,-5.75890890027214
47,1,0.0,0,1,-4.44234970940987
48,1,0.0,0,1,-4.03040334953623
49,1,0.0,0,1,-4.27826455056851
50,1,0.0,0,1,-4.93410511693484
51,1,0.0,0,1,-6.10716110536527
52,1,0.0,0,1,-3.24733991798857
53,1,0.0,0,1,-2.81108322844391
54,1,0.0,0,1,-2.36215344224995
55,1,0.0,0,1,-3.25176498288283
56,2,0.0,0,1,-3.46238014034169
57,1,0.0,0,1,-2.16550900009498
