cost_model,startup,shutdown,n_coefficients,coeff_n,coeff1,coeff0
2,0,0,3,0.0055292896940697,46.9029205855521,3610.86409419207
2,0,0,3,0.0041877738689227,27.8422519835555,426.112950022404
2,0,0,3,0.0,0.0,0.0
2,0,0,3,0.0,0.0,0.0
2,0,0,3,0.0,0.0,0.0
2,0,0,3,0.0070565704481488,44.7358579037157,3816.16793580565
2,0,0,3,0.0,0.0,0.0
2,0,0,3,0.0022673438061661,27.9371644790967,111.469907081981
2,0,0,3,0.0057801212988011,48.0228448566443,486.279094080463
2,0,0,3,0.0,0.0,0.0
2,0,0,3,0.0,0.0,0.0
2,0,0,3,0.0057171798181444,52.3081987622949,162.284045695339
2,0,0,3,0.0,0.0,0.0
2,0,0,3,0.0,0.0,0.0
2,0,0,3,0.0,0.0,0.0
2,0,0,3,0.0,0.0,0.0
2,0,0,3,0.0068505908903706,39.4449986063761,381.080211235434
2,0,0,3,0.0,0.0,0.0
2,0,0,3,0.0057237292373981,40.7553597198948,335.888962268114
2,0,0,3,0.0,0.0,0.0
