bus_number,P_output,Q_output,voltage_mag,gen_status,P_max,P_min
2,130.515484616467,0,1,1,225.408778667505,0
4,1189.32703976434,0,1,1,1556.95830634052,0
5,0.0,0,1,0,477.079126270898,0
7,337.849721020902,0,1,1,337.849721020902,0
8,36.2598460605571,0,1,1,36.2598460605572,0
11,328.620450325861,0,1,1,328.620450325861,0
16,0.0,0,1,0,142.388647499693,0
19,1.38479910519513,0,1,1,1.3847991051951,0
26,91.0630866543344,0,1,1,91.0630866543349,0
31,65.6608384598148,0,1,1,65.6608384598149,0
33,0.0,0,1,0,422.176947165522,0
35,83.9865208614129,0,1,1,83.9865208614156,0
37,63.2684977150418,0,1,1,63.2684977150419,0
42,15.7119452009947,0,1,1,15.7119452009948,0
47,56.7193153625543,0,1,1,56.7193153625544,0
48,88.2719545059433,0,1,1,88.2719545059433,0
52,234.670865804163,0,1,1,298.121110322214,0
56,31.0002280250202,0,1,1,31.0002280250203,0
