bus_number,bus_type,P_demand,Q_demand,voltage_mag,voltage_ang
1,2,0.0,0,1,-4.90181988415622
2,3,0.0,0,1,0.0
3,2,0.0,0,1,-2.7568229994161
4,1,0.0,0,1,-4.50003099354219
5,2,0.0,0,1,-2.26890479454405
6,1,0.0,0,1,-3.54927608162334
7,1,0.0,0,1,-5.56189454228822
8,1,505.293817826873,0,1,-6.25605430625778
9,1,202.223064748929,0,1,-5.72476176271401
10,2,0.0,0,1,-5.26345831311776
11,1,104.258282226937,0,1,-4.33064277098139
12,2,0.0,0,1,-4.70654276091077
13,1,0.0,0,1,-4.05901025608872
14,2,0.0,0,1,-5.18391867930969
15,1,372.373788329361,0,1,-6.41110808622522
16,1,187.412115898844,0,1,-4.82914972377163
17,1,0.0,0,1,-3.72986319962987
18,1,0.0,0,1,-5.21596983190378
19,2,0.0,0,1,0.126043176928242
20,1,0.0,0,1,-4.64584983949655
21,2,0.0,0,1,-2.74215073134188
22,2,0.0,0,1,-1.94183175577617
23,2,0.0,0,1,-1.29573730408051
24,2,0.0,0,1,-4.6987943156339
25,2,0.0,0,1,-1.05378396745312
26,1,0.0,0,1,-2.04706021870433
27,1,0.0,0,1,-1.15997632826677
28,1,50.0390870490075,0,1,-2.37498452087781
29,1,0.0,0,1,-0.216139648676122
30,1,0.0,0,1,-1.63831455184797
31,1,0.0,0,1,-5.67227672673595
32,2,0.0,0,1,0.464192314817405
33,1,0.0,0,1,-2.22567602248192
34,1,0.0,0,1,-3.04213292898296
35,2,0.0,0,1,-2.86423719999928
36,1,35.6634208198035,0,1,-3.58723618206179
37,1,86.5281158447929,0,1,-4.73721697843431
38,1,124.499943997443,0,1,-7.19689475800459
39,1,0.0,0,1,-1.73288170367204
40,1,0.0,0,1,-4.30802447177875
41,1,0.0,0,1,-2.69570171310965
42,2,0.0,0,1,-2.49716237334715
43,1,0.0,0,1,-2.3546291320123
44,1,0.0,0,1,-1.18930156439128
45,2,0.0,0,1,-0.542880652439406
46,1,0.0,0,1,-3.45542009034663
47,1,0.0,0,1,-3.09754134649517
48,1,0.0,0,1,-4.41945352808721
49,2,0.0,0,1,-2.85105578928627
50,1,7.21554211778785,0,1,-3.35889366921135
51,1,456.322040810263,0,1,-4.20120185795382
52,1,0.0,0,1,-2.60236007147124
53,2,0.0,0,1,-3.68613933710186
54,1,0.0,0,1,-3.59462925440484
55,1,0.0,0,1,-3.3145690435157
56,1,0.0,0,1,-0.392229859534843
57,1,622.48137381256,0,1,-5.02259250666143
