cost_model,startup,shutdown,n_coefficients,coeff_n,coeff1,coeff0
2,0,0,3,0.0,0.0,0.0
2,0,0,3,0.0,0.0,0.0
2,0,0,3,0.0075315299566869,35.435980121345,75.2498406400327
2,0,0,3,0.0020075028967273,40.3192020258645,517.824587066065
2,0,0,3,0.0051638938166999,52.0933200028318,302.947965934085
2,0,0,3,0.0,0.0,0.0
2,0,0,3,0.0070444388801499,54.5565439830975,3302.26908556755
2,0,0,3,0.0045860082189051,40.8191097569696,390.333689922387
2,0,0,3,0.0,0.0,0.0
2,0,0,3,0.0,0.0,0.0
2,0,0,3,0.0067635789367937,49.3637529874568,436.082437893949
2,0,0,3,0.0,0.0,0.0
2,0,0,3,0.0,0.0,0.0
2,0,0,3,0.0,0.0,0.0
