bus_number,P_output,Q_output,voltage_mag,gen_status,P_max,P_min
1,0.0,0,1,0,432.002081382189,0
2,0.0,0,1,0,200.27849573834,0
10,197.117789879634,0,1,1,197.117789879636,0
15,0.0,0,1,0,310.812942315113,0
17,120.059151114921,0,1,1,120.059151114923,0
22,132.118643550071,0,1,1,132.118643550073,0
23,128.115003993539,0,1,1,128.115003993548,0
26,23.0077902878891,0,1,1,23.0077902878907,0
28,83.1604078670866,0,1,1,83.1604078670882,0
35,352.350336114316,0,1,1,352.350336114316,0
37,895.698992028219,0,1,1,895.698992028273,0
40,488.484052296254,0,1,1,488.484052296256,0
50,203.837866744363,0,1,1,768.811501250358,0
57,130.360559606311,0,1,1,130.360559606315,0
