bus_number,P_output,Q_output,voltage_mag,gen_status,P_max,P_min
1,0.0,0,1,0,141.206921135098,0
3,0.0,0,1,0,351.447097381995,0
4,212.95896408566,0,1,1,212.958964093909,0
7,36.3319299887065,0,1,1,111.231169021086,0
11,0.0,0,1,0,197.371878576293,0
15,81.5011999604483,0,1,1,82.9689994563105,0
16,63.8979473742729,0,1,1,63.8979473851053,0
18,63.6834388397764,0,1,1,63.6834388440152,0
20,219.750863063918,0,1,1,219.750863071895,0
23,5.49420074385793e-07,0,1,1,52.081444600035,0
28,630.007985631471,0,1,1,824.645640388106,0
30,570.818063027811,0,1,1,570.818063029305,0
31,0.0,0,1,0,263.419567874967,0
33,128.156733488685,0,1,1,128.156733502222,0
37,0.0,0,1,0,129.20212889489,0
44,0.0,0,1,0,146.549456835198,0
45,0.0,0,1,0,14.417178871153,0
47,98.150954233747,0,1,1,98.1509542445263,0
48,448.90144267741,0,1,1,448.901442677442,0
50,110.607634931513,0,1,1,110.607634953147,0
55,30.9102225769337,0,1,1,30.9102225876221,0
