cost_model,startup,shutdown,n_coefficients,coeff_n,coeff1,coeff0
2,0,0,3,0.0,0.0,0.0
2,0,0,3,0.0077083400560034,55.0866314012193,314.066466622623
2,0,0,3,0.0060066155940256,39.6746916458879,321.83387471
2,0,0,3,0.0048675684782644,44.2491303006055,988.53028918269
2,0,0,3,0.0,0.0,0.0
2,0,0,3,0.0,0.0,0.0
2,0,0,3,0.003958535779189,44.4737519684846,484.279944108903
2,0,0,3,0.0057996580787629,28.2949251692105,2649.09488733407
2,0,0,3,0.0069829896111021,38.5612611406884,128.481274849734
2,0,0,3,0.0,0.0,0.0
2,0,0,3,0.0,0.0,0.0
2,0,0,3,0.0,0.0,0.0
2,0,0,3,0.0,0.0,0.0
2,0,0,3,0.0,0.0,0.0
2,0,0,3,0.0,0.0,0.0
2,0,0,3,0.0,0.0,0.0
