bus_number,bus_type,P_demand,Q_demand,voltage_mag,voltage_ang
1,1,0.0,0,1,3.90754294706875
2,3,0.0,0,1,0.0
3,2,0.0,0,1,2.36513777021507
4,1,151.488850905659,0,1,3.56203717506642
5,1,0.0,0,1,-2.03953694095842
6,1,0.0,0,1,-2.81156920671785
7,1,199.253260605761,0,1,1.00172579847688
8,1,0.0,0,1,2.81243537826731
9,2,0.0,0,1,4.46192797496463
10,1,214.525124531636,0,1,-0.224514622013104
11,1,103.014899444347,0,1,-1.84847851076516
12,2,0.0,0,1,2.34562913294621
13,2,0.0,0,1,4.12909673482503
14,1,0.0,0,1,-3.18940028215422
15,1,326.6271438155,0,1,-5.83392826032666
16,1,307.544818342251,0,1,-6.15405390858369
17,2,0.0,0,1,-4.55150968179669
18,1,267.499464155553,0,1,-2.98594761951254
19,1,0.0,0,1,-4.70182681488275
20,1,189.583138888587,0,1,-4.41364608448286
21,1,29.0688736793777,0,1,-1.30973316119121
22,2,0.0,0,1,-1.43794235662871
23,1,22.0138585719235,0,1,-2.30071429639283
24,1,0.0,0,1,0.112824605058245
25,1,0.0,0,1,-5.02252314432658
26,1,32.7432042756231,0,1,-2.73067991950422
27,1,200.885876342291,0,1,-7.15630832781659
28,1,0.0,0,1,-5.8336281558039
29,2,0.0,0,1,-3.55668929139603
30,1,26.5908333507569,0,1,-2.84722641041909
31,1,30.8596224587969,0,1,-5.31652637467698
32,1,0.0,0,1,-0.0320855498707864
33,1,35.9256679844246,0,1,-3.59123350280662
34,1,0.0,0,1,-4.2762183929263
35,1,0.0,0,1,-4.5574596194642
36,1,0.0,0,1,-7.17872367791811
37,1,87.0915599410514,0,1,-3.13966342057408
38,1,0.0,0,1,-1.69725377647384
39,1,0.0,0,1,-3.29124346833312
40,2,0.0,0,1,-1.49615822316749
41,1,256.282238110155,0,1,-9.58345733559134
42,1,217.777431084845,0,1,-9.12936131145041
43,1,0.0,0,1,1.37810254861179
44,2,0.0,0,1,1.38402843498235
45,1,0.0,0,1,-3.75001396439618
46,1,0.0,0,1,0.668284157421104
47,2,0.0,0,1,2.98703771181897
48,1,0.0,0,1,-7.86759087825985
49,2,0.0,0,1,2.40988667513059
50,1,0.0,0,1,1.35464193898471
51,2,0.0,0,1,-1.61937567716711
52,1,0.0,0,1,0.0482707323287002
53,1,0.0,0,1,2.48106135275167
54,1,0.0,0,1,1.38402843498235
55,1,0.0,0,1,2.98703771181897
56,1,0.0,0,1,-0.625415432382096
57,1,55.5347269940622,0,1,0.0772600158308557
