bus_number,bus_type,P_demand,Q_demand,voltage_mag,voltage_ang
1,1,0.0,0,1,-3.68461209674161
2,1,0.0,0,1,-2.55706912658851
3,3,0.0,0,1,0.0
4,2,0.0,0,1,-0.352757452176948
5,1,321.185821008664,0,1,-3.16654184485064
6,1,167.703919915919,0,1,-3.92291451092524
7,1,264.3155484292,0,1,-4.75661371956882
8,1,0.0,0,1,-1.3531228930854
9,1,7.66363515013082,0,1,-3.89653592819449
10,1,0.0,0,1,-2.4793988716193
11,2,0.0,0,1,0.495890018669021
12,1,0.0,0,1,-0.0172009451769864
13,1,254.910932447999,0,1,-3.53369171531631
14,1,252.497544951824,0,1,-2.37370915598069
15,1,74.3820596662922,0,1,-8.18041464588715
16,2,0.0,0,1,-4.75661371956882
17,2,0.0,0,1,-1.61841775744932
18,1,71.5916089606855,0,1,-2.87926022576358
19,2,0.0,0,1,-2.41701624078784
20,1,267.699661893142,0,1,-3.36645273866753
21,1,0.0,0,1,-6.77729053766526
22,1,0.0,0,1,-0.550269978274896
23,1,24.029295406361,0,1,-8.37618169213681
24,1,0.0,0,1,-1.22051519238278
25,1,29.4353227317289,0,1,-0.529459835493302
26,2,0.0,0,1,-0.531505059275997
27,1,0.0,0,1,-1.89687535196412
28,1,0.0,0,1,-1.98383361179116
29,1,0.0,0,1,0.258337160005294
30,1,0.0,0,1,-2.19025032301743
31,1,0.0,0,1,-1.84961314976718
32,1,0.0,0,1,-1.59085110230705
33,1,0.0,0,1,-1.39110299388145
34,1,0.0,0,1,-2.01246486070496
35,2,0.0,0,1,-0.438552204103667
36,1,0.0,0,1,-2.52933646451812
37,2,0.0,0,1,1.8487881628503
38,1,0.0,0,1,-2.0273881999016
39,1,25.5990846429477,0,1,-2.69830929702981
40,1,19.2645805502006,0,1,-9.82277579573098
41,1,554.91865256351,0,1,-3.12526333373063
42,2,0.0,0,1,-1.82247367631368
43,1,0.0,0,1,-2.0421779128393
44,1,0.0,0,1,-1.39351978301159
45,2,0.0,0,1,0.342359447252326
46,2,0.0,0,1,-0.155423048507807
47,2,0.0,0,1,-1.46469722269644
48,1,0.0,0,1,-2.41883458669421
49,1,0.0,0,1,-1.18268547591308
50,1,0.0,0,1,-0.747864198233936
51,1,419.112925163997,0,1,-2.52492293690724
52,1,0.0,0,1,-0.558139556804137
53,1,0.0,0,1,-0.630185278362477
54,1,0.0,0,1,-0.134318035113979
55,1,0.0,0,1,-1.54235536127044
56,2,0.0,0,1,-1.00187477992146
57,2,0.0,0,1,-0.39604933815355
