bus_number,bus_type,P_demand,Q_demand,voltage_mag,voltage_ang
1,1,132.200349135578,0,1,-4.83594081233857
2,3,0.0,0,1,0.0
3,1,117.413347930755,0,1,-6.60820744043338
4,2,0.0,0,1,-4.50948522683542
5,1,227.262479062465,0,1,-5.44865321514254
6,1,0.0,0,1,-5.86397393876711
7,1,0.0,0,1,-5.78528293899647
8,1,0.0,0,1,-5.47500207958244
9,1,186.715361406679,0,1,-6.81974038118573
10,2,0.0,0,1,-5.03843966386688
11,2,0.0,0,1,-6.2387144477284
12,2,0.0,0,1,-4.7213246534803
13,1,70.2542398815375,0,1,-4.87198325932934
14,1,79.0178863886009,0,1,-5.86607114503267
15,2,0.0,0,1,-5.47553483181743
16,1,4.86104006020022,0,1,-6.25129545621302
17,1,0.0,0,1,-5.51633176650943
18,2,0.0,0,1,-6.08495975034854
19,1,381.565087577573,0,1,-5.20039471540702
20,1,271.088645832507,0,1,-6.0526383457407
21,2,0.0,0,1,-4.56386259918432
22,1,309.356670202836,0,1,-7.62927114094708
23,1,0.0,0,1,-7.58377855365407
24,1,0.0,0,1,-4.34074559810438
25,1,0.0,0,1,-4.7086271599847
26,1,0.0,0,1,-3.71164388972578
27,1,0.0,0,1,-6.08495975034854
28,1,0.0,0,1,-4.33619389435572
29,2,0.0,0,1,-5.5525141254639
30,2,0.0,0,1,-5.36287436551681
31,2,0.0,0,1,-6.18368541338149
32,2,0.0,0,1,-5.94813347186085
33,1,0.0,0,1,-4.15036521877846
34,1,0.0,0,1,-5.76605289050636
35,1,0.0,0,1,-4.07768425050026
36,2,0.0,0,1,-6.08495975034855
37,1,33.2337330597737,0,1,-9.05627566563529
38,2,0.0,0,1,-4.11132418552473
39,1,40.136447211727,0,1,-4.44910449084057
40,1,0.0,0,1,-6.7781767639131
41,2,0.0,0,1,-4.15036521877846
42,1,73.5543331837939,0,1,-6.42941421157473
43,2,0.0,0,1,-1.26557561995265
44,1,0.0,0,1,-6.15666365384832
45,1,0.0,0,1,-3.10172399684329
46,1,0.0,0,1,-3.98585358272703
47,1,59.8681476888018,0,1,-7.74946199532818
48,1,0.0,0,1,-5.91151503520867
49,1,0.0,0,1,-4.73362927587377
50,1,0.0,0,1,-4.30429654873944
51,1,58.7441746190633,0,1,-5.9510368591994
52,2,0.0,0,1,-4.76874872741094
53,1,8.11139825798206,0,1,-2.97465591360986
54,1,442.436972113375,0,1,-9.7894904422252
55,2,0.0,0,1,-5.05806546211955
56,1,0.0,0,1,-3.77218819225738
57,1,0.0,0,1,-6.21560231029139
