cost_model,startup,shutdown,n_coefficients,coeff_n,coeff1,coeff0
2,0,0,3,0.0,0.0,0.0
2,0,0,3,0.0,0.0,0.0
2,0,0,3,0.0,0.0,0.0
2,0,0,3,0.0070573468117752,28.9903371099876,2132.88432579439
2,0,0,3,0.0079671201159674,31.6341926184771,380.130994250836
2,0,0,3,0.0035213763326397,38.1860376016621,599.380490183129
2,0,0,3,0.0023474698554422,30.4020554678436,316.222784859971
2,0,0,3,0.0,0.0,0.0
2,0,0,3,0.0,0.0,0.0
2,0,0,3,0.0,0.0,0.0
2,0,0,3,0.0,0.0,0.0
2,0,0,3,0.0,0.0,0.0
2,0,0,3,0.004536426290221,31.0034837264079,2858.75703907288
2,0,0,3,0.0,0.0,0.0
2,0,0,3,0.0023974117626719,39.1432841899395,579.745774865114
2,0,0,3,0.0075583734445788,31.5411343566626,1645.34843360701
2,0,0,3,0.0,0.0,0.0
2,0,0,3,0.0048105767935239,46.0218578016687,362.199975621328
2,0,0,3,0.0,0.0,0.0
