bus_number,P_output,Q_output,voltage_mag,gen_status,P_max,P_min
3,138.998843707057,0,1,1,138.998843707057,0
4,162.04161376461,0,1,1,162.04161376461,0
5,92.0589233287621,0,1,1,92.0589233287621,0
9,471.766408496251,0,1,1,1147.11512132266,0
13,95.2078327734807,0,1,1,95.2078327734807,0
17,358.992271079235,0,1,1,380.778044153033,0
19,0.0,0,1,0,374.878359404159,0
21,364.992447384116,0,1,1,364.992447384116,0
24,56.072876397818,0,1,1,56.072876397818,0
33,306.986102076763,0,1,1,306.986102076763,0
34,21.1533095178662,0,1,1,21.1533095178662,0
35,20.9954408343033,0,1,1,20.9954408343033,0
37,0.0,0,1,0,219.253666070897,0
38,51.1687124561013,0,1,1,51.1687124561013,0
41,256.590382613708,0,1,1,269.314739864199,0
43,15.8907822252449,0,1,1,15.8907822252449,0
48,2.91962602066448e-14,0,1,1,0.0468807101486845,0
49,38.4308736588831,0,1,1,254.973861346032,0
51,5.77691673212496,0,1,1,11.9075295101278,0
52,169.708870045662,0,1,1,169.708870045662,0
54,0.0,0,1,0,178.946710408604,0
