bus_number,P_output,Q_output,voltage_mag,gen_status,P_max,P_min
2,648.877415959276,0,1,1,648.877415959301,0
11,477.296004918001,0,1,1,813.41846124874,0
13,405.631157809304,0,1,1,405.631157809329,0
15,146.777317390459,0,1,1,146.777317390404,0
18,388.067118036972,0,1,1,388.067118036973,0
19,0.0,0,1,0,373.951892954525,0
29,63.4108286908528,0,1,1,63.4108286908444,0
31,0.0,0,1,0,332.457664802008,0
34,26.1925023355302,0,1,1,26.1925023355171,0
40,0.0,0,1,0,157.866372246504,0
42,3.17500566009127,0,1,1,3.17500566018288,0
43,140.639632590418,0,1,1,140.639632590392,0
45,74.2755590229474,0,1,1,74.2755590229333,0
51,65.6630424829495,0,1,1,120.769493270895,0
53,0.0,0,1,0,214.980918274512,0
54,314.305008585765,0,1,1,314.305008585759,0
55,0.0,0,1,0,37.5813985455004,0
