bus_number,bus_type,P_demand,Q_demand,voltage_mag,voltage_ang
1,2,0.0,0,1,-1.5394358423294
2,2,0.0,0,1,-3.39562553656803
3,1,0.0,0,1,-2.75041357968865
4,1,207.388482996353,0,1,-1.96142843129647
5,1,133.45460073702,0,1,-1.29429436676102
6,1,0.0,0,1,-0.925258905736585
7,2,0.0,0,1,-1.52596694932346
8,2,0.0,0,1,-2.1239540898201
9,1,102.952484978145,0,1,-1.91501524120932
10,1,0.0,0,1,-0.302968618670923
11,2,0.0,0,1,-1.0197802131705
12,1,0.0,0,1,-0.821096824749186
13,1,0.0,0,1,-1.98963908141468
14,3,0.0,0,1,0.0
15,1,0.0,0,1,-3.07136540154559
16,1,0.0,0,1,-0.805858826653885
17,1,83.3394882761003,0,1,-5.19871629890302
18,2,0.0,0,1,1.22549205984757
19,1,0.0,0,1,-1.58598007044543
20,1,0.0,0,1,-0.68799660209387
21,1,52.1546369786553,0,1,-0.397016563117256
22,2,0.0,0,1,-2.25063040476701
23,1,15.269902768758,0,1,-1.12345670474837
24,1,59.3695960415768,0,1,-0.276353905637928
25,1,0.0,0,1,0.566236187242489
26,2,0.0,0,1,1.43093890400875
27,2,0.0,0,1,1.79825767945553
28,1,0.0,0,1,-1.40376457079809
29,1,0.0,0,1,1.3516251511967
30,1,0.0,0,1,-0.273658805925124
31,2,0.0,0,1,0.223502281395571
32,2,0.0,0,1,-2.8831797351723
33,2,0.0,0,1,1.06622124037365
34,1,0.0,0,1,0.338193190196764
35,2,0.0,0,1,0.0370513797882128
36,1,0.0,0,1,0.673633761079297
37,1,53.2630997179731,0,1,-7.01768623329078
38,2,0.0,0,1,-2.02351536391671
39,1,0.0,0,1,-5.09719954458945
40,1,826.718633000443,0,1,-2.8831797351723
41,1,0.0,0,1,-1.32757147839106
42,1,128.015622505216,0,1,0.4638769009683
43,1,0.0,0,1,0.453891110959464
44,2,0.0,0,1,1.94308442701521
45,1,0.0,0,1,-1.38180364191958
46,1,0.0,0,1,-3.7038724691028
47,1,0.0,0,1,1.47707265118627
48,1,0.0,0,1,-2.05287938110912
49,2,0.0,0,1,-3.26926223138543
50,1,552.020805619668,0,1,-4.16654163134856
51,1,27.8890196069297,0,1,-4.50961645315752
52,1,0.0,0,1,-1.46759841576507
53,1,0.0,0,1,-0.94395491203714
54,2,0.0,0,1,-3.17175112345935
55,1,394.59417364217,0,1,-3.87423640885218
56,1,65.9067448230289,0,1,-2.90679207650217
57,1,51.9733017905648,0,1,-2.66506792712003
