bus_number,bus_type,P_demand,Q_demand,voltage_mag,voltage_ang
1,1,123.010303386159,0,1,-2.13071951766985
2,1,0.0,0,1,-2.03663101987818
3,1,0.0,0,1,-2.05823608367539
4,1,286.179222883757,0,1,-2.42002457950664
5,1,183.018905214947,0,1,-1.23836671431698
6,1,0.0,0,1,-2.50682663946042
7,1,0.0,0,1,-1.90105981152087
8,1,57.861859785654,0,1,-3.07573975227898
9,1,50.417975065463,0,1,-0.658746663503733
10,1,52.3599810642392,0,1,-2.02071916562862
11,1,0.0,0,1,-0.750664982690839
12,2,0.0,0,1,0.277036773782466
13,1,182.579633088655,0,1,-2.39942516920225
14,2,0.0,0,1,-0.230605314810954
15,3,0.0,0,1,0.0
16,1,0.0,0,1,-0.28699913925711
17,1,144.583831561711,0,1,-5.48574828111274
18,1,0.0,0,1,-1.90726549537598
19,2,0.0,0,1,-1.56503682086146
20,1,0.0,0,1,-0.0192940687100046
21,2,0.0,0,1,-0.89111166514877
22,1,0.0,0,1,-0.713339798735926
23,1,0.0,0,1,-0.693734321725764
24,1,0.0,0,1,-0.918687312619403
25,2,0.0,0,1,-0.571790023057399
26,1,528.725286748302,0,1,-1.0519919945739
27,2,0.0,0,1,0.236575788455992
28,2,0.0,0,1,-0.931706161636197
29,1,0.0,0,1,-0.838476654175815
30,1,63.909114715473,0,1,-2.33194090759339
31,1,45.2185042325166,0,1,-2.69658287984334
32,2,0.0,0,1,-1.79407820219793
33,1,431.763628256935,0,1,-2.71154946197265
34,2,0.0,0,1,-0.678029892726474
35,2,0.0,0,1,-0.922406834042161
36,2,0.0,0,1,-1.90908062532217
37,1,0.0,0,1,-0.577131052409087
38,1,60.7531815758968,0,1,-1.78134963788553
39,1,0.0,0,1,-1.9176566398556
40,1,0.0,0,1,-0.828046151053043
41,1,242.49328031025,0,1,-2.2958861121394
42,1,0.0,0,1,-2.44627698817609
43,1,170.365719802923,0,1,-0.522677439937477
44,1,4.39724495178803,0,1,-0.467843274879795
45,1,0.0,0,1,-1.48214156055426
46,1,0.0,0,1,-1.72024581673877
47,1,0.0,0,1,-0.205037598913704
48,1,0.0,0,1,-1.23714347799547
49,1,0.0,0,1,-0.901523197010454
50,1,48.8703451174167,0,1,-2.48255242088799
51,1,0.0,0,1,-0.952678611131794
52,1,0.0,0,1,-1.26144985699426
53,2,0.0,0,1,0.0064845947028074
54,2,0.0,0,1,-1.98384678981888
55,1,77.8025757205143,0,1,-1.94376905069593
56,2,0.0,0,1,-1.04993365501608
57,1,0.0,0,1,-1.35736136664432
