cost_model,startup,shutdown,n_coefficients,coeff_n,coeff1,coeff0
2,0,0,3,0.0054502911208749,24.3386736919547,247.408194012994
2,0,0,3,0.0032118025869501,38.7122762321225,3789.07687596561
2,0,0,3,0.0074075665174286,23.1633002690469,323.745107901013
2,0,0,3,0.0,0.0,0.0
2,0,0,3,0.0,0.0,0.0
2,0,0,3,0.0023232568704708,24.7246258201078,429.103007143923
2,0,0,3,0.0,0.0,0.0
2,0,0,3,0.0068046371881606,35.8039683812096,2298.74068690535
2,0,0,3,0.0,0.0,0.0
2,0,0,3,0.0,0.0,0.0
2,0,0,3,0.0,0.0,0.0
2,0,0,3,0.0,0.0,0.0
2,0,0,3,0.0,0.0,0.0
