bus_number,P_output,Q_output,voltage_mag,gen_status,P_max,P_min
3,57.5530477751035,0,1,1,75.8486843926195,0
4,523.404185940841,0,1,1,733.633803579326,0
6,404.910530491612,0,1,1,404.91053049168,0
9,500.587114677639,0,1,1,500.587114677699,0
20,0.0,0,1,0,378.014677736451,0
25,1.5603961653062e-08,0,1,1,99.4826753022365,0
26,50.6249226399198,0,1,1,50.6249226398618,0
27,0.0,0,1,0,377.172543261327,0
28,309.272604324196,0,1,1,389.299167392899,0
34,68.4030913761001,0,1,1,68.4030913760799,0
35,6.86658406963114,0,1,1,6.86658406962212,0
36,0.0,0,1,0,144.225593103882,0
37,3.51106097636204e-08,0,1,1,59.939072698116,0
40,34.0102533378821,0,1,1,34.0102533378822,0
41,121.432368077349,0,1,1,121.432368077386,0
42,8.60358710517083,0,1,1,8.603587105914,0
46,128.030226607714,0,1,1,128.030226607611,0
52,0.0,0,1,0,140.680774540842,0
53,540.612077008643,0,1,1,540.612077032885,0
