bus_number,bus_type,P_demand,Q_demand,voltage_mag,voltage_ang
1,1,97.1221510894803,0,1,-1.48565773793033
2,1,0.0,0,1,-2.01718710826021
3,1,763.445962713788,0,1,-2.39652011651832
4,1,107.766984783352,0,1,-0.426511077613964
5,2,0.0,0,1,-0.122325957111879
6,3,0.0,0,1,0.0
7,1,278.066294760798,0,1,0.308445175483094
8,1,135.802064908558,0,1,-3.7756318958314
9,1,0.296024665134965,0,1,-0.855796841064698
10,1,0.0,0,1,-2.11032984708328
11,2,0.0,0,1,0.638077372076755
12,2,0.0,0,1,-1.32818750758522
13,1,0.0,0,1,-0.788785432077667
14,2,0.0,0,1,-0.509340540901376
15,1,0.0,0,1,-1.0977502077011
16,2,0.0,0,1,-1.19726340798833
17,1,0.0,0,1,-1.2320508534791
18,1,0.0,0,1,-1.10126429701383
19,1,0.0,0,1,-1.09578831430034
20,2,0.0,0,1,0.0299591659359309
21,1,0.0,0,1,0.615994843181664
22,1,0.0,0,1,-0.361277636264937
23,1,0.0,0,1,0.10048402741819
24,2,0.0,0,1,-0.264805240568304
25,2,0.0,0,1,-1.60987107006752
26,1,0.0,0,1,0.177805917875091
27,1,20.4966464843849,0,1,-0.445057078144203
28,1,57.5569298825629,0,1,-0.972033218210944
29,2,0.0,0,1,-0.987811073322758
30,2,0.0,0,1,-0.816189438904775
31,2,0.0,0,1,0.863477272823446
32,1,0.0,0,1,-1.33548122819735
33,2,0.0,0,1,-1.10391492638805
34,1,78.060277305102,0,1,-1.34178102184374
35,2,0.0,0,1,0.192799662787832
36,1,0.0,0,1,-1.31848050625672
37,1,0.0,0,1,-2.00969352897884
38,1,3.90265709161864,0,1,-1.32358825134035
39,1,0.0,0,1,-1.79549724507879
40,1,0.0,0,1,-1.00203533784855
41,1,0.0,0,1,-1.40704539695688
42,1,0.0,0,1,-1.48990683894325
43,1,23.2856081967626,0,1,-0.265781680520083
44,1,2.2423241842938,0,1,-2.12213588906833
45,1,0.0,0,1,-2.51928086087876
46,2,0.0,0,1,-2.11291790709796
47,1,0.0,0,1,-0.985805768776787
48,1,0.0,0,1,-2.07623461445213
49,1,0.0,0,1,-1.90480909772272
50,1,0.0,0,1,-1.21733040415732
51,1,0.0,0,1,-1.71402601726009
52,1,0.0,0,1,-2.04233029961659
53,1,0.0,0,1,-2.46128170567801
54,1,1098.768065404,0,1,-2.8478500207241
55,1,87.4986020127633,0,1,-0.694575649937014
56,1,0.0,0,1,-0.409716903344771
57,1,0.0,0,1,-2.98887710308096
