bus_number,bus_type,P_demand,Q_demand,voltage_mag,voltage_ang
1,3,0.0,0,1,0.0
2,1,273.922299265601,0,1,-2.41979605841745
3,1,0.0,0,1,0.0720725357266938
4,1,156.74127190701,0,1,3.63912333524391
5,1,0.0,0,1,-0.757529190709126
6,1,146.779143903792,0,1,-2.98814528622849
7,1,349.838234999394,0,1,-0.967439386028839
8,1,196.028581543239,0,1,1.83389872582173
9,2,0.0,0,1,-0.900988791051424
10,1,0.0,0,1,2.33953577306235
11,1,171.27906381601,0,1,1.17568287098452
12,1,81.3112107133656,0,1,4.43757623911886
13,1,54.9546508766274,0,1,0.299233933951566
14,2,0.0,0,1,3.24424954515212
15,1,0.0,0,1,0.938859517980946
16,1,248.494280323854,0,1,-1.01791868757436
17,2,0.0,0,1,8.95611911201242
18,1,63.0901220599741,0,1,2.79514743350998
19,1,0.0,0,1,2.87695659528501
20,1,0.0,0,1,3.34855945300841
21,2,0.0,0,1,0.349758757789314
22,2,0.0,0,1,4.89731588669491
23,1,122.231241756856,0,1,-0.113905676006274
24,1,0.0,0,1,1.50821234807566
25,1,0.0,0,1,0.829599006661624
26,1,107.883679366993,0,1,-2.40429763323972
27,1,0.0,0,1,1.51759527822257
28,1,70.8880535745696,0,1,2.15353237830515
29,1,53.4752032396346,0,1,1.40768109434483
30,1,0.0,0,1,1.52689681212826
31,1,51.5941133912502,0,1,1.34101493119886
32,1,11.2281850679363,0,1,0.889716575675648
33,1,0.0,0,1,1.74351392197534
34,2,0.0,0,1,2.15735136909535
35,1,25.9065560848797,0,1,-0.394717517529107
36,1,0.0,0,1,0.637393605537928
37,1,0.0,0,1,1.34089500104558
38,2,0.0,0,1,6.50237108829079
39,1,0.0,0,1,3.25357630537596
40,1,84.4036825626289,0,1,6.53405651042511
41,1,0.0,0,1,4.52189513306376
42,1,43.6957221284017,0,1,-2.98226507606276
43,1,389.098543592707,0,1,-0.232977978348345
44,1,32.5316747149232,0,1,-0.402789144306338
45,2,0.0,0,1,8.65524156563115
46,2,0.0,0,1,8.87035773399615
47,1,0.0,0,1,-0.31478332829039
48,2,0.0,0,1,5.46970872173786
49,1,0.0,0,1,7.48882336665562
50,1,0.0,0,1,3.61462749719343
51,1,0.0,0,1,1.88662465812403
52,1,0.0,0,1,-2.1912172737137
53,1,8.90233846638795,0,1,-0.228702351140016
54,2,0.0,0,1,7.95727878146269
55,1,0.0,0,1,4.64744775938389
56,1,0.0,0,1,3.30927246880674
57,1,10.0327401265652,0,1,2.45610965059714
