bus_number,bus_type,P_demand,Q_demand,voltage_mag,voltage_ang
1,1,0.0,0,1,-2.10282980838828
2,1,0.0,0,1,-2.11214017096748
3,1,232.914888852868,0,1,-2.67749725082253
4,1,238.46846228437,0,1,-4.04458690244548
5,1,0.0,0,1,-1.86016597345869
6,3,0.0,0,1,0.0
7,1,0.0,0,1,-3.03723943023115
8,1,102.921145499252,0,1,-3.44442265745376
9,2,0.0,0,1,0.204600180839986
10,1,0.0,0,1,-0.907116074445242
11,1,524.786073095523,0,1,-3.65240270454642
12,1,0.0,0,1,-1.84882381224719
13,2,0.0,0,1,2.29157939891931
14,1,53.4455474084776,0,1,-6.94859465629819
15,1,0.0,0,1,-3.1009734607121
16,1,241.023714164311,0,1,-4.41532840700754
17,1,0.0,0,1,-3.14753952125613
18,1,0.0,0,1,-3.55008786830972
19,1,0.0,0,1,-1.63047245019793
20,2,0.0,0,1,-4.98069202390075
21,1,0.0,0,1,-4.18378989232552
22,2,0.0,0,1,-2.45271491025347
23,2,0.0,0,1,-4.36889290354925
24,1,0.0,0,1,-6.476330898659
25,1,12.0825727014985,0,1,-3.08864146900585
26,1,421.244294270136,0,1,-5.52659134514974
27,1,0.0,0,1,-2.82808894153946
28,1,0.0,0,1,-3.542999453483
29,2,0.0,0,1,-0.713647078328462
30,1,72.0558368791723,0,1,-4.04393545063983
31,1,0.0,0,1,-4.16693126501888
32,1,0.0,0,1,-0.721745908570021
33,1,167.625816479705,0,1,-3.75268478286497
34,1,80.1370279382201,0,1,-5.66511576603913
35,1,204.093045026883,0,1,-4.62277169742968
36,1,27.3441779000526,0,1,-3.11640887450636
37,1,2.25454573295759,0,1,-1.48911906431081
38,1,0.0,0,1,-1.26130433346913
39,1,0.0,0,1,-1.31717546877751
40,1,0.0,0,1,-1.63446390392513
41,1,0.0,0,1,-2.33112300349166
42,2,0.0,0,1,-1.62383405070989
43,1,0.0,0,1,-3.54084007488242
44,2,0.0,0,1,-4.62277169742968
45,2,0.0,0,1,0.271193328607666
46,1,69.0776247587919,0,1,-1.8373788932629
47,1,0.0,0,1,-2.79070109667543
48,2,0.0,0,1,0.271193328607666
49,1,0.0,0,1,-2.47463430061323
50,2,0.0,0,1,-2.322293290614
51,1,108.890212307285,0,1,-1.75584641404026
52,2,0.0,0,1,-2.65312826326092
53,2,0.0,0,1,-2.79070109667543
54,1,13.24733059517,0,1,-2.86874631965747
55,2,0.0,0,1,0.336233208142485
56,1,156.383882222779,0,1,-2.0891018328872
57,1,26.3143953651484,0,1,-3.30835926524518
