bus_number,P_output,Q_output,voltage_mag,gen_status,P_max,P_min
7,655.179209122266,0,1,1,655.179209122266,0
8,468.679074076622,0,1,1,728.79846567076,0
9,0.0,0,1,0,406.395710073142,0
13,287.471930570739,0,1,1,287.471930570739,0
16,4.424184869315609e-11,0,1,1,278.366202298061,0
20,240.629419827933,0,1,1,240.629419827933,0
21,29.3424005984335,0,1,1,29.3424005984335,0
22,0.0,0,1,0,72.5612956339972,0
26,9.74245191525109,0,1,1,9.7424519152511,0
27,51.5612450821201,0,1,1,51.5612450821201,0
35,50.7587123948647,0,1,1,50.7587123948647,0
40,42.1623225376132,0,1,1,42.1623225376132,0
41,473.475091261544,0,1,1,473.475091261544,0
43,0.0,0,1,0,165.154229378031,0
47,214.884922730688,0,1,1,214.884922730688,0
51,230.423813364481,0,1,1,230.423813364481,0
