bus_number,P_output,Q_output,voltage_mag,gen_status,P_max,P_min
9,201.11487212555,0,1,1,201.11487212571,0
10,179.359023369326,0,1,1,179.359023369206,0
13,0.0,0,1,0,290.440118463286,0
14,852.93976082574,0,1,1,1442.91165698388,0
16,154.040628472233,0,1,1,294.978081476074,0
21,0.0,0,1,0,486.717686309616,0
22,4.26896841164025,0,1,1,4.26896841431671,0
23,76.5756649874493,0,1,1,76.5756649873104,0
25,146.41636268723,0,1,1,146.416362687171,0
26,61.4856897734504,0,1,1,61.4856897734795,0
27,5.07970035213254,0,1,1,5.07970035582841,0
35,80.6676806195108,0,1,1,80.6676806193671,0
43,688.943074001774,0,1,1,688.943074001785,0
44,210.423009108841,0,1,1,210.423009108238,0
48,79.6623431025795,0,1,1,79.6623431038947,0
53,13.3338156450336,0,1,1,13.333815645157,0
