bus_number,bus_type,P_demand,Q_demand,voltage_mag,voltage_ang
1,1,0.0,0,1,-2.74744950652715
2,3,0.0,0,1,0.0
3,2,0.0,0,1,-5.2332889717812
4,1,0.0,0,1,-3.27430911064161
5,1,0.0,0,1,-2.08838947598041
6,1,0.0,0,1,-4.10812425008102
7,2,0.0,0,1,1.20393257058089
8,1,0.0,0,1,-1.38385330659841
9,1,21.8956073523083,0,1,-2.03670844168713
10,1,0.0,0,1,-1.32929126238483
11,2,0.0,0,1,-2.29674184831154
12,1,0.0,0,1,0.272618866001912
13,1,0.0,0,1,-1.95701545420001
14,1,0.0,0,1,0.634196526733674
15,1,268.28982294606,0,1,-6.04703895496809
16,1,0.0,0,1,-0.332057350323029
17,1,0.0,0,1,-0.656123797712622
18,1,11.357558262151,0,1,-1.34209894852254
19,1,0.0,0,1,-1.51911793733499
20,1,0.0,0,1,-1.24054090031177
21,2,0.0,0,1,-2.58958595821547
22,1,0.0,0,1,-1.25384197481275
23,1,0.0,0,1,0.634196526733674
24,1,147.842195478807,0,1,-0.844936319626784
25,2,0.0,0,1,-1.10021046236132
26,2,0.0,0,1,-6.41025733827917
27,1,136.240333170277,0,1,-4.37602015262373
28,2,0.0,0,1,-3.65802284603625
29,2,0.0,0,1,-6.10000546775926
30,1,381.706472600529,0,1,-7.99706623806707
31,2,0.0,0,1,-4.86574208016545
32,2,0.0,0,1,0.634196526733674
33,1,261.900193503213,0,1,-5.64666216365649
34,1,0.0,0,1,-1.63561049408196
35,1,0.0,0,1,-3.91139085070502
36,1,0.0,0,1,-8.28115417168316
37,2,0.0,0,1,-2.42577500008416
38,1,0.0,0,1,-5.67147662071295
39,1,0.0,0,1,-2.67720447804757
40,1,0.0,0,1,14.1112825290525
41,1,0.0,0,1,-5.32136904125695
42,1,0.0,0,1,-8.98973240828715
43,1,150.473854562835,0,1,-18.3359670868664
44,1,6.76338391704272,0,1,-10.5503282918549
45,1,4.89527755259206,0,1,-7.70960595742123
46,1,270.473342162453,0,1,-5.84380359071812
47,1,300.807733919697,0,1,-11.0853023035842
48,1,179.108286415176,0,1,-16.5192725738802
49,1,0.0,0,1,-5.14958161628862
50,2,0.0,0,1,39.0116225358934
51,1,612.55653163946,0,1,-5.38728791338712
52,2,0.0,0,1,-15.0763345414884
53,2,0.0,0,1,-2.53537176198506
54,1,0.0,0,1,-0.445249096348816
55,1,0.0,0,1,-1.51172070958754
56,1,0.0,0,1,-3.27015124124568
57,1,0.0,0,1,-2.72971477422749
