bus_number,P_output,Q_output,voltage_mag,gen_status,P_max,P_min
3,190.4590422843,0,1,1,190.4590422843,0
6,431.306512147871,0,1,1,431.306512147871,0
8,122.344556324601,0,1,1,394.601590982585,0
11,0.0,0,1,0,258.492079872949,0
12,0.0,0,1,0,215.15540382218,0
14,4.40723592597017e-19,0,1,1,104.912584273736,0
15,79.9910056242743,0,1,1,79.9910056242743,0
17,17.9946997088668,0,1,1,162.850897045957,0
18,334.143141994433,0,1,1,334.143141994433,0
20,83.7230777106633,0,1,1,83.7230777106633,0
22,665.138277525064,0,1,1,977.305587367394,0
23,59.0637318591843,0,1,1,59.0637318591843,0
26,67.12623323011,0,1,1,67.12623323011,0
29,252.372701933969,0,1,1,252.372701933969,0
40,38.0276365557844,0,1,1,38.0276365557844,0
42,130.936019735387,0,1,1,130.936019735387,0
44,31.9186668613753,0,1,1,31.9186668613753,0
47,232.054430438146,0,1,1,232.054430438146,0
48,3.77397904521625e-20,0,1,1,200.226544135435,0
51,17.7108595485854,0,1,1,17.7108595485854,0
