cost_model,startup,shutdown,n_coefficients,coeff_n,coeff1,coeff0
2,0,0,3,0.0,0.0,0.0
2,0,0,3,0.0075464226430437,45.8442293916342,200.734629804094
2,0,0,3,0.0060393106033192,49.9611826446017,1894.72283625979
2,0,0,3,0.0,0.0,0.0
2,0,0,3,0.0035493654791223,33.4445817594111,1377.59957555047
2,0,0,3,0.0067252466290625,52.2518237044037,3042.32973185305
2,0,0,3,0.0,0.0,0.0
2,0,0,3,0.0048914219500773,47.1339018894539,495.365852188925
2,0,0,3,0.0,0.0,0.0
2,0,0,3,0.0,0.0,0.0
2,0,0,3,0.007284256557861,25.9655467978542,302.28607383004
2,0,0,3,0.0079089413437735,44.6040843511089,465.943359806154
2,0,0,3,0.0,0.0,0.0
2,0,0,3,0.0049228538426199,31.278308739236,1216.53735213797
2,0,0,3,0.0,0.0,0.0
2,0,0,3,0.0,0.0,0.0
2,0,0,3,0.0,0.0,0.0
2,0,0,3,0.0,0.0,0.0
