cost_model,startup,shutdown,n_coefficients,coeff_n,coeff1,coeff0
2,0,0,3,0.0067902066489985,24.1049154372981,3398.39721684874
2,0,0,3,0.0,0.0,0.0
2,0,0,3,0.0,0.0,0.0
2,0,0,3,0.0068101581014871,32.1913682644349,116.649478967101
2,0,0,3,0.0,0.0,0.0
2,0,0,3,0.0,0.0,0.0
2,0,0,3,0.0041223783274585,37.0564610097682,467.199156263578
2,0,0,3,0.0050798996412564,42.4821966567682,372.108814817924
2,0,0,3,0.0021242410159583,37.4763666150507,477.2211553955
2,0,0,3,0.0,0.0,0.0
2,0,0,3,0.0062183699849698,38.6045419189676,184.916375414973
2,0,0,3,0.004298966286308,23.5406335854272,191.310706379174
2,0,0,3,0.0,0.0,0.0
2,0,0,3,0.0,0.0,0.0
2,0,0,3,0.0,0.0,0.0
2,0,0,3,0.0054169090325815,47.3168532876973,589.292822791664
2,0,0,3,0.0,0.0,0.0
2,0,0,3,0.0,0.0,0.0
2,0,0,3,0.0031595177132815,42.4871829913745,485.889581392644
2,0,0,3,0.0,0.0,0.0
2,0,0,3,0.0,0.0,0.0
2,0,0,3,0.0,0.0,0.0
