bus_number,P_output,Q_output,voltage_mag,gen_status,P_max,P_min
2,551.493377600187,0,1,1,673.697610782995,0
11,76.8726039897294,0,1,1,76.8726039890744,0
13,0.0,0,1,0,367.100653675255,0
14,69.4500519340003,0,1,1,69.4500519452723,0
24,576.476881982352,0,1,1,576.476882044647,0
26,591.716177630002,0,1,1,591.716177630955,0
29,0.0,0,1,0,553.074206978903,0
31,104.344044765459,0,1,1,104.34404476508,0
34,575.953072361022,0,1,1,575.953072362323,0
39,59.0875362040556,0,1,1,59.0875362030647,0
48,76.3935289629128,0,1,1,76.3935289631771,0
49,0.0,0,1,0,445.27220815524,0
53,-2.5038315433968204e-09,0,1,1,20.4158518741333,0
55,72.5233180548103,0,1,1,72.5233180542003,0
