cost_model,startup,shutdown,n_coefficients,coeff_n,coeff1,coeff0
2,0,0,3,0.0,0.0,0.0
2,0,0,3,0.0034184546937246,44.8341989124202,302.210938651196
2,0,0,3,0.0075931588768393,33.598235841401,3080.14660602406
2,0,0,3,0.0,0.0,0.0
2,0,0,3,0.0,0.0,0.0
2,0,0,3,0.0,0.0,0.0
2,0,0,3,0.0,0.0,0.0
2,0,0,3,0.0078047027890293,38.8089591201045,272.456078798005
2,0,0,3,0.0022699930022506,55.8298819708136,1588.15948892433
2,0,0,3,0.0,0.0,0.0
2,0,0,3,0.0,0.0,0.0
2,0,0,3,0.0,0.0,0.0
2,0,0,3,0.004492377104842,50.4709137273649,209.595732905519
2,0,0,3,0.0,0.0,0.0
2,0,0,3,0.0068073646978283,41.4854215048197,575.422006311486
