cost_model,startup,shutdown,n_coefficients,coeff_n,coeff1,coeff0
2,0,0,3,0.0071172613201625,51.3374708778991,499.150884753101
2,0,0,3,0.0050162990043036,26.3360206190669,394.05794417247
2,0,0,3,0.0,0.0,0.0
2,0,0,3,0.0,0.0,0.0
2,0,0,3,0.0,0.0,0.0
2,0,0,3,0.0,0.0,0.0
2,0,0,3,0.0027953418698917,42.8951034931985,558.34226575887
2,0,0,3,0.0,0.0,0.0
2,0,0,3,0.0048383011669564,48.8541188786614,3106.77716098058
2,0,0,3,0.0,0.0,0.0
2,0,0,3,0.0,0.0,0.0
2,0,0,3,0.0,0.0,0.0
