bus_number,P_output,Q_output,voltage_mag,gen_status,P_max,P_min
7,690.460778057236,0,1,1,690.460778057236,0
9,0.0,0,1,0,111.620568980596,0
12,704.235266258307,0,1,1,704.235266258307,0
14,65.1239246081026,0,1,1,86.7198366468251,0
16,82.1673739734431,0,1,1,82.1673739734431,0
17,0.0,0,1,0,235.26350712171,0
22,0.0,0,1,0,164.604636942267,0
24,215.434808111367,0,1,1,215.434808111367,0
28,160.109745388617,0,1,1,226.644455518314,0
36,243.542679151801,0,1,1,243.542679151801,0
38,55.5226355233463,0,1,1,55.5226355233463,0
41,0.0,0,1,0,551.790390752386,0
48,0.0,0,1,0,182.993863519282,0
51,402.292863124533,0,1,1,611.846445746065,0
55,2.72958758325819e-17,0,1,1,7.95749760980735,0
56,91.573003511566,0,1,1,91.573003511566,0
