bus_number,bus_type,P_demand,Q_demand,voltage_mag,voltage_ang
1,1,109.58626587087,0,1,-5.33605466953342
2,3,0.0,0,1,0.0
3,1,307.200026994108,0,1,-8.4249210055621
4,2,0.0,0,1,-6.39713023773344
5,1,0.0,0,1,-4.47406817548591
6,2,0.0,0,1,-7.66576549528592
7,1,0.0,0,1,-4.44699256075801
8,2,0.0,0,1,-0.142863529991955
9,2,0.0,0,1,-3.71640272367753
10,1,140.742526138823,0,1,-3.52582063283194
11,2,0.0,0,1,-2.47698798209264
12,1,268.656994601148,0,1,-1.7644226949533
13,1,195.393275355962,0,1,-8.67951345787685
14,2,0.0,0,1,-0.935372784668385
15,1,0.0,0,1,-3.14421827658973
16,2,0.0,0,1,-2.33041089350457
17,1,142.644913954609,0,1,-3.77657497486525
18,1,0.0,0,1,-2.52572414501766
19,1,34.2506078136675,0,1,-3.64068900083234
20,2,0.0,0,1,-1.97443967197264
21,1,0.0,0,1,0.629968300364967
22,1,328.73385935273,0,1,-6.51204583568727
23,2,0.0,0,1,-2.75622752000843
24,2,0.0,0,1,-2.06634599886672
25,2,0.0,0,1,-1.17848914664955
26,1,98.0913208681252,0,1,-6.17186888290122
27,1,0.0,0,1,-5.16506902006757
28,1,90.5696153813059,0,1,-1.46234807399246
29,2,0.0,0,1,-3.68681102541352
30,1,116.564250530704,0,1,-7.8347690858084
31,1,0.0,0,1,-4.38864232803908
32,1,0.0,0,1,-1.54780135363164
33,1,29.0665342162636,0,1,-2.6554764724566
34,1,0.0,0,1,-4.78209862917247
35,2,0.0,0,1,-3.14831008391182
36,1,7.50803988947901,0,1,-4.0912729442952
37,1,33.5627425696465,0,1,-5.1991735945229
38,1,0.0,0,1,-3.49548095767434
39,1,0.0,0,1,-2.8233158508382
40,2,0.0,0,1,-0.774006369223607
41,1,5.13002028974553,0,1,-3.06347533348724
42,1,0.0,0,1,-3.07852320310512
43,1,20.150659204401,0,1,-1.58335224204403
44,1,117.145427812859,0,1,-6.28103341268
45,2,0.0,0,1,0.116282843219243
46,1,0.0,0,1,-3.69485957388157
47,1,0.0,0,1,-4.27762913119991
48,1,38.9474764688063,0,1,-4.07974233553087
49,2,0.0,0,1,1.61618235226193
50,1,502.611665973488,0,1,-0.69335278438473
51,1,0.0,0,1,-3.17321537829202
52,2,0.0,0,1,-3.66811690382349
53,1,105.661891096769,0,1,-6.04618873433898
54,2,0.0,0,1,-3.55256109917177
55,1,0.0,0,1,-5.27410478150083
56,1,62.0924790990909,0,1,-2.58074767341922
57,1,0.0,0,1,-5.62392650596306
