cost_model,startup,shutdown,n_coefficients,coeff_n,coeff1,coeff0
2,0,0,3,0.0070498831303685,42.0600813316011,1761.01738955811
2,0,0,3,0.0,0.0,0.0
2,0,0,3,0.0,0.0,0.0
2,0,0,3,0.0,0.0,0.0
2,0,0,3,0.00382494668186,36.0334531341705,484.826496005631
2,0,0,3,0.0034322187141689,39.7598054683145,1755.32499599807
2,0,0,3,0.0050540411562738,49.0007399028093,112.257231253015
2,0,0,3,0.0,0.0,0.0
2,0,0,3,0.0,0.0,0.0
2,0,0,3,0.0059949094293931,26.5565152831213,422.379877888216
2,0,0,3,0.0063130840000833,38.777334189065,63.2847552951557
2,0,0,3,0.0075102346249693,53.2832412348869,586.592758411654
2,0,0,3,0.0,0.0,0.0
2,0,0,3,0.0,0.0,0.0
2,0,0,3,0.0,0.0,0.0
2,0,0,3,0.0045290749176295,27.7931971906339,84.0112117617138
2,0,0,3,0.0,0.0,0.0
2,0,0,3,0.0,0.0,0.0
2,0,0,3,0.0,0.0,0.0
