bus_number,bus_type,P_demand,Q_demand,voltage_mag,voltage_ang
1,1,0.0,0,1,-1.41265046363156
2,3,0.0,0,1,0.0
3,1,409.794034046499,0,1,-1.94347542315811
4,2,0.0,0,1,2.82223133028992
5,2,0.0,0,1,-0.370488584029455
6,1,0.0,0,1,3.42489391208924
7,1,0.0,0,1,-0.74050595249407
8,1,0.864059245936561,0,1,1.49747027462476
9,1,124.804730294761,0,1,-0.657731626944308
10,1,232.804268873633,0,1,4.14621382469665
11,1,0.0,0,1,2.82223133028992
12,2,0.0,0,1,4.08991268537865
13,1,0.0,0,1,4.45161242358538
14,2,0.0,0,1,4.88635634216957
15,1,134.205869936518,0,1,3.63525574959639
16,2,0.0,0,1,4.97984744823873
17,1,0.0,0,1,-0.823028405016183
18,1,0.0,0,1,4.12612280527326
19,2,0.0,0,1,4.12612280527326
20,2,0.0,0,1,3.78809353331178
21,2,0.0,0,1,1.32086422309031
22,1,161.475411185574,0,1,-1.81847397595121
23,1,0.0,0,1,0.881609050622789
24,1,0.0,0,1,0.727592562445276
25,2,0.0,0,1,2.82096476988051
26,1,0.0,0,1,0.877895090846496
27,1,5.89915244647451,0,1,-1.00068075593775
28,2,0.0,0,1,3.24394278861451
29,1,189.525435101326,0,1,-1.61500157781924
30,2,0.0,0,1,0.362217280560527
31,1,40.5903009542025,0,1,-0.737594003218192
32,1,32.4614474171242,0,1,-0.486213071935938
33,1,12.1492698423946,0,1,1.69097853302816
34,1,78.7598105698943,0,1,-0.0303245559192617
35,1,222.286422658691,0,1,2.24404501564255
36,2,0.0,0,1,-0.607330760143197
37,2,0.0,0,1,2.16864260067202
38,1,0.0,0,1,1.69984018300286
39,2,0.0,0,1,0.435447456276901
40,1,0.0,0,1,0.0957346129884883
41,1,91.1026235672145,0,1,-1.72340191799616
42,2,0.0,0,1,-0.543242143219724
43,1,0.0,0,1,-0.284229902993704
44,2,0.0,0,1,-0.207866559436784
45,2,0.0,0,1,2.33648896493163
46,1,0.0,0,1,-1.67195699724635
47,1,0.0,0,1,1.27486030716583
48,2,0.0,0,1,0.0439095024854844
49,1,88.2133028708207,0,1,-0.80809915058787
50,1,0.0,0,1,-0.656986934578724
51,1,829.036483370226,0,1,-1.9133142860429
52,1,29.3369275164794,0,1,-0.69312243288428
53,1,0.0,0,1,-0.187570926394632
54,1,3.81040958898895,0,1,0.338195652661045
55,2,0.0,0,1,0.244700584761155
56,1,0.0,0,1,-1.33813561947157
57,1,67.1906339958431,0,1,-0.646436570666205
