cost_model,startup,shutdown,n_coefficients,coeff_n,coeff1,coeff0
2,0,0,3,0.0031147474578476,35.7462519989263,542.923615115158
2,0,0,3,0.0,0.0,0.0
2,0,0,3,0.0,0.0,0.0
2,0,0,3,0.0076633761504746,40.174912806762,568.742372627495
2,0,0,3,0.0061215069248111,40.5597666231722,1830.05924999957
2,0,0,3,0.0040914317405395,47.5911833830379,41.9763571941342
2,0,0,3,0.0031801372340006,45.4872517072363,2180.48674752574
2,0,0,3,0.0,0.0,0.0
2,0,0,3,0.0,0.0,0.0
2,0,0,3,0.0,0.0,0.0
2,0,0,3,0.0,0.0,0.0
2,0,0,3,0.0,0.0,0.0
2,0,0,3,0.0,0.0,0.0
2,0,0,3,0.0042964791003444,56.8808908434987,593.318844781478
2,0,0,3,0.0,0.0,0.0
2,0,0,3,0.0,0.0,0.0
