cost_model,startup,shutdown,n_coefficients,coeff_n,coeff1,coeff0
2,0,0,3,0.0063004742086857,48.4038266632152,3493.16243552444
2,0,0,3,0.006756842524101,28.626092602628,511.127619903168
2,0,0,3,0.0,0.0,0.0
2,0,0,3,0.0,0.0,0.0
2,0,0,3,0.0054589500478355,29.5148894229264,332.684257847044
2,0,0,3,0.0040359501155568,26.0276988029634,991.414326383355
2,0,0,3,0.0,0.0,0.0
2,0,0,3,0.0,0.0,0.0
2,0,0,3,0.0,0.0,0.0
2,0,0,3,0.0,0.0,0.0
2,0,0,3,0.0038371177859118,55.1375395121847,2096.50433951207
2,0,0,3,0.0,0.0,0.0
2,0,0,3,0.0,0.0,0.0
2,0,0,3,0.0,0.0,0.0
2,0,0,3,0.0037128572424975,25.0034591514324,180.392516461928
2,0,0,3,0.0,0.0,0.0
2,0,0,3,0.0023973017194113,39.2534296934459,322.755340861972
2,0,0,3,0.0046099915570467,41.8444876166511,108.434809107638
