bus_number,P_output,Q_output,voltage_mag,gen_status,P_max,P_min
4,87.0854056301005,0,1,1,87.0854056301032,0
8,1254.4253298041,0,1,1,1254.42532980648,0
13,0.0,0,1,0,318.08063342159,0
20,158.828273145999,0,1,1,158.828273146027,0
26,48.3662004704478,0,1,1,48.3662004704603,0
29,383.250430787258,0,1,1,383.250430787261,0
35,698.389036449945,0,1,1,698.389036449963,0
38,0.0,0,1,0,107.205333021363,0
46,63.143701897318,0,1,1,63.1437018973491,0
48,31.276188194363,0,1,1,31.2761881944676,0
50,0.0,0,1,0,258.677330736165,0
51,29.5460271030719,0,1,1,163.036934713859,0
57,0.0,0,1,0,690.612949149233,0
