bus_number,P_output,Q_output,voltage_mag,gen_status,P_max,P_min
6,127.619853783489,0,1,1,127.619853895089,0
11,1608.16354824638,0,1,1,1800.4985089286,0
16,208.392414635555,0,1,1,208.392414728141,0
18,90.2907454379304,0,1,1,90.2907455371556,0
33,81.5730783069444,0,1,1,81.5730783996994,0
40,0.0,0,1,0,877.845030434653,0
44,74.0408310654495,0,1,1,136.24313025978,0
45,16.0835140106199,0,1,1,16.0835141117408,0
50,0.0,0,1,0,443.713571173774,0
51,426.413102584818,0,1,1,426.413102615083,0
54,21.6824105056866,0,1,1,21.6824116148759,0
55,100.05109497619,0,1,1,100.051095067365,0
