cost_model,startup,shutdown,n_coefficients,coeff_n,coeff1,coeff0
2,0,0,3,0.0,0.0,0.0
2,0,0,3,0.0,0.0,0.0
2,0,0,3,0.006342108653651,25.4891607036157,183.983373303473
2,0,0,3,0.0071617879048177,39.4798476579441,172.957140268105
2,0,0,3,0.0038396026373356,46.9644625221545,2326.2265436189
2,0,0,3,0.0,0.0,0.0
2,0,0,3,0.0041315832969649,42.855335526879,126.87676492992
2,0,0,3,0.0,0.0,0.0
2,0,0,3,0.0,0.0,0.0
2,0,0,3,0.003350566367214,52.5608258567232,323.381512185454
2,0,0,3,0.0,0.0,0.0
2,0,0,3,0.0064854255594302,46.9898679290526,315.076874409554
2,0,0,3,0.0,0.0,0.0
2,0,0,3,0.0,0.0,0.0
2,0,0,3,0.0021564495036159,40.8397695069565,267.626399085373
2,0,0,3,0.0,0.0,0.0
2,0,0,3,0.0,0.0,0.0
2,0,0,3,0.0047827714620376,28.2781243800317,453.005524861346
2,0,0,3,0.0,0.0,0.0
