bus_number,bus_type,P_demand,Q_demand,voltage_mag,voltage_ang
1,1,0.0,0,1,-4.54889187203219
2,1,210.091660308812,0,1,-3.53872050225315
3,1,0.0,0,1,-2.28784461453654
4,1,0.0,0,1,-1.36476709112316
5,1,111.296189155001,0,1,-3.23935551419061
6,3,0.0,0,1,0.0
7,2,0.0,0,1,-2.36013487830868
8,1,0.0,0,1,-2.1942898985551
9,1,0.0,0,1,-1.90568781756534
10,1,0.0,0,1,-2.62425157015181
11,1,0.0,0,1,-2.94227420031664
12,1,375.295387581898,0,1,-3.01034588243886
13,2,0.0,0,1,-3.1019076202359
14,1,176.287472968101,0,1,-4.64636366306876
15,1,0.0,0,1,-2.92417275421134
16,1,0.0,0,1,-2.70375171260588
17,1,21.0231793187709,0,1,-2.91729267800749
18,2,0.0,0,1,-4.13587138479909
19,1,0.0,0,1,-2.93557055156914
20,2,0.0,0,1,-2.73553009261306
21,1,0.0,0,1,-7.53053864204375
22,1,201.876698080654,0,1,-8.52126226543949
23,1,0.0,0,1,-4.99593417102807
24,1,480.786805118529,0,1,-6.28728044664195
25,2,0.0,0,1,-2.30970950471459
26,1,92.9912954685469,0,1,-3.05084835259909
27,1,0.0,0,1,-6.16470243936508
28,1,0.0,0,1,-4.19585025453787
29,2,0.0,0,1,-4.21893607750645
30,1,58.3043109032157,0,1,-6.38275045732163
31,1,0.0,0,1,-3.2410630040784
32,1,96.9077916755238,0,1,-4.7710763109603
33,1,0.0,0,1,-3.97471657033197
34,1,403.846490216621,0,1,-1.04277613159012
35,1,0.0,0,1,-4.0869945650438
36,1,0.0,0,1,-1.74303942093464
37,1,0.0,0,1,-2.93250378914729
38,2,0.0,0,1,-0.906796354606645
39,1,0.0,0,1,-2.71892619162518
40,2,0.0,0,1,-0.787893857703449
41,1,0.0,0,1,-1.57019247856258
42,2,0.0,0,1,-1.38727950142346
43,1,0.0,0,1,-2.82276403968528
44,2,0.0,0,1,-2.31949833406822
45,2,0.0,0,1,-2.48495886874292
46,1,0.0,0,1,-1.30023123055787
47,1,0.0,0,1,-0.51170914815824
48,2,0.0,0,1,-0.784510360746711
49,1,338.877413991467,0,1,-1.99668445982007
50,1,17.2231400534709,0,1,-4.86882624034283
51,1,0.0,0,1,-1.46304602911733
52,2,0.0,0,1,-1.44248312622438
53,1,0.0,0,1,-0.30977494292896
54,1,169.502758641992,0,1,-0.107578437695889
55,1,0.0,0,1,-4.2386912849172
56,1,0.0,0,1,-3.75681049193118
57,1,0.0,0,1,-4.22348785631561
