bus_number,bus_type,P_demand,Q_demand,voltage_mag,voltage_ang
1,1,0.0,0,1,-0.306757725152068
2,2,0.0,0,1,-0.361327449684664
3,1,0.0,0,1,-1.30612704726041
4,1,347.088116010912,0,1,-1.37973008604895
5,1,0.0,0,1,-2.03330246338744
6,1,103.005480587444,0,1,-0.961433392789442
7,1,0.0,0,1,-0.803907236191113
8,2,0.0,0,1,-0.258548209986787
9,1,0.0,0,1,-0.602548792073565
10,3,0.0,0,1,0.0
11,1,0.0,0,1,-0.0503087187002786
12,1,0.0,0,1,-0.156056299200302
13,1,0.0,0,1,-0.874357764967639
14,1,100.031748636084,0,1,-2.20671551879431
15,1,0.0,0,1,-0.716665800882252
16,1,239.396833812623,0,1,-0.541959278034248
17,2,0.0,0,1,0.192829971611674
18,2,0.0,0,1,-0.770005568823061
19,1,0.0,0,1,-0.0618449024212306
20,2,0.0,0,1,-1.80093786696827
21,1,0.0,0,1,-0.855272394425999
22,2,0.0,0,1,-0.365587830274818
23,2,0.0,0,1,-0.819844162003972
24,1,514.605789820081,0,1,-1.94306262285286
25,1,0.0,0,1,0.0406763836799749
26,2,0.0,0,1,-0.866497817959926
27,2,0.0,0,1,-1.87087190725811
28,1,227.971956648538,0,1,-0.751157724558676
29,2,0.0,0,1,-0.055045631298308
30,1,37.4709970819966,0,1,-3.65505387744698
31,1,0.0,0,1,-0.515167396204818
32,1,68.5261453045269,0,1,-3.49019459138753
33,2,0.0,0,1,0.284342921007225
34,2,0.0,0,1,-0.604336679817375
35,1,0.0,0,1,-1.41140397465665
36,2,0.0,0,1,-0.731912159939704
37,1,0.0,0,1,-0.755053337260599
38,1,0.0,0,1,-0.560058407180624
39,1,0.0,0,1,-0.974884967131083
40,2,0.0,0,1,-0.805263465691795
41,2,0.0,0,1,0.0780708513413826
42,2,0.0,0,1,-0.90998790804653
43,1,0.0,0,1,-0.905045495193826
44,1,335.342749997172,0,1,-1.3072209808213
45,1,0.0,0,1,-0.76581019931622
46,1,145.816208417215,0,1,-1.21928212606453
47,1,0.0,0,1,-0.298417605636757
48,2,0.0,0,1,-0.666462898621177
49,1,0.0,0,1,-0.0830392557330066
50,1,0.0,0,1,-1.08599346880403
51,1,0.0,0,1,-0.813412232826062
52,2,0.0,0,1,-0.884394642927595
53,2,0.0,0,1,-1.15123667956996
54,1,0.0,0,1,-0.789785514249788
55,1,0.0,0,1,-0.881204885056655
56,1,635.054567166008,0,1,-1.36509444913511
57,1,0.0,0,1,-1.26017664165333
