cost_model,startup,shutdown,n_coefficients,coeff_n,coeff1,coeff0
2,0,0,3,0.0034181185673867,25.7912360236516,1023.77088172849
2,0,0,3,0.0065883418016096,34.0055522554443,181.682630761064
2,0,0,3,0.0,0.0,0.0
2,0,0,3,0.0,0.0,0.0
2,0,0,3,0.005299318197609,51.4956264215848,291.583508159346
2,0,0,3,0.0,0.0,0.0
2,0,0,3,0.0,0.0,0.0
2,0,0,3,0.007913493850868,26.6965635902439,412.336529698356
2,0,0,3,0.0,0.0,0.0
2,0,0,3,0.0,0.0,0.0
2,0,0,3,0.0076942304054515,41.2754858978089,560.954568085038
2,0,0,3,0.0,0.0,0.0
2,0,0,3,0.0,0.0,0.0
