bus_number,bus_type,P_demand,Q_demand,voltage_mag,voltage_ang
1,1,238.523984477493,0,1,-3.52255659012246
2,2,0.0,0,1,-0.386019529619644
3,1,92.870253861375,0,1,-7.28995174943966
4,1,0.0,0,1,-2.96840943190733
5,1,0.0,0,1,1.95862693592968
6,1,270.267290009068,0,1,-0.859827506055528
7,2,0.0,0,1,2.46447854555089
8,3,0.0,0,1,0.0
9,1,0.0,0,1,-1.91544634137676
10,2,0.0,0,1,3.2760552310357
11,1,0.0,0,1,-3.81245186127813
12,1,153.590671965824,0,1,3.03055797365247
13,2,0.0,0,1,-0.334760029986603
14,1,43.0476276577104,0,1,0.800784645894871
15,1,0.0,0,1,2.86323821422175
16,1,0.0,0,1,0.802979347466773
17,1,0.0,0,1,-0.691183673347357
18,1,0.0,0,1,1.94655000718938
19,1,0.0,0,1,-0.222931146932921
20,1,0.0,0,1,-1.24805599401229
21,1,0.0,0,1,0.940429587692441
22,1,76.3057988185654,0,1,1.85817567179111
23,1,209.055102305213,0,1,-2.24828100867171
24,2,0.0,0,1,0.154994947666759
25,2,0.0,0,1,2.08633481969597
26,1,2.94300708568457,0,1,-0.568550954716029
27,1,0.0,0,1,0.822706370657229
28,1,197.65213996855,0,1,0.04267799536303
29,1,0.0,0,1,-2.354364278421
30,2,0.0,0,1,-1.23073011344042
31,1,0.0,0,1,1.51250780750197
32,1,517.656903327275,0,1,-3.09836813638139
33,1,0.0,0,1,-4.63286516486355
34,1,75.4459348212367,0,1,-2.43279749213521
35,1,166.852798272328,0,1,0.911526413796968
36,2,0.0,0,1,0.640320489635722
37,1,0.0,0,1,-0.162955784899707
38,2,0.0,0,1,1.64254517353377
39,1,87.2286279413921,0,1,0.0008778553241134
40,1,307.769123711999,0,1,-5.77004632145568
41,2,0.0,0,1,-5.00457335233186
42,1,0.0,0,1,-0.959112253074333
43,1,0.0,0,1,-5.25155765650514
44,2,0.0,0,1,-2.70649320167304
45,1,254.68115834605,0,1,-1.15772505252629
46,2,0.0,0,1,-1.66740623176037
47,2,0.0,0,1,-0.828708233721183
48,1,0.0,0,1,-0.277199138696038
49,1,0.0,0,1,-0.454973498152638
50,1,27.3379444763299,0,1,-0.707452917838685
51,1,33.0822264365074,0,1,-3.95730438159621
52,2,0.0,0,1,-0.265009864331104
53,1,0.0,0,1,-1.60186299598523
54,1,0.0,0,1,-1.97615351131562
55,2,0.0,0,1,1.13876136350242
56,2,0.0,0,1,-2.0142753057611
57,1,0.0,0,1,-2.77427630579406
