bus_number,bus_type,P_demand,Q_demand,voltage_mag,voltage_ang
1,1,0.0,0,1,-2.00382592123715
2,2,0.0,0,1,0.385807796816921
3,1,0.0,0,1,-0.108097672633838
4,1,0.0,0,1,-3.21875878836905
5,1,245.552879904158,0,1,-0.0028503838534617
6,1,0.0,0,1,-2.85528953068806
7,3,0.0,0,1,0.0
8,1,504.00969514969,0,1,-2.19823905322026
9,1,248.130320173242,0,1,-3.1058257786208
10,1,0.0,0,1,-1.66789672279919
11,1,0.0,0,1,-0.0389264591656377
12,2,0.0,0,1,2.28649117941177
13,1,0.0,0,1,-1.80857542473036
14,2,0.0,0,1,-1.04586218311785
15,1,0.0,0,1,-1.03405192064627
16,2,0.0,0,1,0.98164944475187
17,2,0.0,0,1,14.8582398138479
18,2,0.0,0,1,0.98164944475187
19,1,502.592573879251,0,1,-2.26601086447937
20,2,0.0,0,1,2.61214338315948
21,1,0.0,0,1,1.80756003702131
22,1,0.0,0,1,-1.78969742805124
23,2,0.0,0,1,-0.327865577740445
24,1,0.0,0,1,-1.71854871568555
25,1,0.0,0,1,-2.04409597839388
26,2,0.0,0,1,9.44990555835698
27,1,0.0,0,1,-1.6530236149371
28,1,27.3771928687178,0,1,-0.900553395767666
29,2,0.0,0,1,-1.44973390391167
30,1,11.8489490391968,0,1,-2.10465536984125
31,2,0.0,0,1,-1.88822105560716
32,2,0.0,0,1,-1.71488188281854
33,1,0.0,0,1,-1.54341665726253
34,1,777.71873211634,0,1,-2.25430842434597
35,1,0.0,0,1,-1.70447344044777
36,1,0.0,0,1,-1.42485893191072
37,1,0.0,0,1,-0.424768528117117
38,1,0.0,0,1,-2.00869417323686
39,2,0.0,0,1,3.5307522629845
40,1,0.0,0,1,-2.16094429304816
41,1,0.0,0,1,-1.09075576789784
42,2,0.0,0,1,-0.939834629059847
43,1,0.0,0,1,0.948913249297646
44,1,0.0,0,1,0.105930346081418
45,1,0.0,0,1,-1.60962466692967
46,1,405.876347226289,0,1,-3.93798950681365
47,1,0.0,0,1,0.416008222765251
48,1,0.0,0,1,-0.883743450726584
49,2,0.0,0,1,1.7944176179787
50,1,31.2039031257168,0,1,-2.10597720299905
51,1,0.0,0,1,-0.888022223433411
52,1,0.0,0,1,-1.77389106886326
53,2,0.0,0,1,-3.64148989648494
54,2,0.0,0,1,-1.0887520164368
55,2,0.0,0,1,-0.785987437231997
56,2,0.0,0,1,-3.64148989648494
57,2,0.0,0,1,-0.110219610256717
