cost_model,startup,shutdown,n_coefficients,coeff_n,coeff1,coeff0
2,0,0,3,0.0,0.0,0.0
2,0,0,3,0.0078709533708411,56.0440723365747,3714.95599906946
2,0,0,3,0.0,0.0,0.0
2,0,0,3,0.0,0.0,0.0
2,0,0,3,0.004444654128735,53.0041488258251,3718.01274330086
2,0,0,3,0.0025960941821475,40.7020758019018,492.030005681408
2,0,0,3,0.0062929547760443,47.6852376595157,37.0290619097642
2,0,0,3,0.0,0.0,0.0
2,0,0,3,0.0,0.0,0.0
2,0,0,3,0.0042571763285435,35.1178966235699,483.377926448981
2,0,0,3,0.0,0.0,0.0
2,0,0,3,0.0,0.0,0.0
2,0,0,3,0.0055492508788836,29.2457680504811,355.868015617164
2,0,0,3,0.0,0.0,0.0
