cost_model,startup,shutdown,n_coefficients,coeff_n,coeff1,coeff0
2,0,0,3,0.0,0.0,0.0
2,0,0,3,0.0021349550619427,35.8930179949444,203.081689830758
2,0,0,3,0.0,0.0,0.0
2,0,0,3,0.0035788492071631,29.8671524934807,3037.98848576545
2,0,0,3,0.0,0.0,0.0
2,0,0,3,0.0,0.0,0.0
2,0,0,3,0.0,0.0,0.0
2,0,0,3,0.0051260660129347,47.6458681711388,76.8098641661973
2,0,0,3,0.0038719967407558,51.845453153828,3168.2405480977
2,0,0,3,0.0079046253749114,24.734272582863,580.153247979353
2,0,0,3,0.0,0.0,0.0
2,0,0,3,0.0,0.0,0.0
2,0,0,3,0.0032719133290656,28.1146021416718,391.765433944417
2,0,0,3,0.0,0.0,0.0
2,0,0,3,0.0,0.0,0.0
2,0,0,3,0.0,0.0,0.0
2,0,0,3,0.0073979676943692,52.515976754092,248.090591314766
2,0,0,3,0.0,0.0,0.0
2,0,0,3,0.0,0.0,0.0
2,0,0,3,0.004911278133539,55.3343094047229,26.3063157996129
2,0,0,3,0.0067374966565207,55.4848589906026,390.626074846218
2,0,0,3,0.0,0.0,0.0
