bus_number,P_output,Q_output,voltage_mag,gen_status,P_max,P_min
1,605.909770660297,0,1,1,666.151834128222,0
3,239.995763221495,0,1,1,239.995763221495,0
7,317.636406424251,0,1,1,317.636406424251,0
8,0.0,0,1,0,315.733261084126,0
18,0.0,0,1,0,304.836524454727,0
21,205.636203177303,0,1,1,205.636203177303,0
22,271.440434262249,0,1,1,271.440434262249,0
24,468.013789304664,0,1,1,468.013789304664,0
26,0.0,0,1,0,277.698867447842,0
28,0.0,0,1,0,55.7108813928238,0
43,141.688629060541,0,1,1,141.688629060541,0
46,111.63663413238,0,1,1,111.636634132381,0
49,97.0030246358654,0,1,1,272.556295304903,0
51,125.708901333095,0,1,1,125.708901333095,0
53,105.763780963371,0,1,1,424.056066388609,0
54,63.8772563070908,0,1,1,63.8772563070908,0
