bus_number,P_output,Q_output,voltage_mag,gen_status,P_max,P_min
2,31.7576562239194,0,1,1,31.7576562239194,0
11,46.1223421787713,0,1,1,46.1223421787713,0
13,111.25467052109,0,1,1,111.25467052109,0
15,459.799504361849,0,1,1,1014.82090972999,0
18,415.203321403874,0,1,1,415.203321403874,0
19,147.391357656663,0,1,1,239.351180545071,0
22,0.907689186302535,0,1,1,0.907689186302564,0
24,233.733554862036,0,1,1,233.733554862036,0
26,135.299566653492,0,1,1,135.299566653492,0
29,38.8816246889789,0,1,1,38.8816246889789,0
33,45.2750458434462,0,1,1,45.2750458434462,0
36,17.61340255238,0,1,1,17.613402560205,0
37,253.216180207338,0,1,1,253.216180207338,0
38,451.179450703602,0,1,1,485.416493715331,0
39,148.666380010909,0,1,1,148.66638001091,0
42,172.62798028603,0,1,1,172.62798028603,0
43,1.0158111175763399e-12,0,1,1,24.7417161158152,0
44,28.3666074673382,0,1,1,28.3666074673382,0
53,0.0,0,1,0,390.25472519329,0
55,85.3075069211208,0,1,1,85.3075069211207,0
