bus_number,bus_type,P_demand,Q_demand,voltage_mag,voltage_ang
1,1,59.5227392818766,0,1,-4.18823054737346
2,2,0.0,0,1,2.61919508845981
3,1,0.0,0,1,-2.19554509266524
4,1,0.0,0,1,-2.94728861558938
5,1,0.0,0,1,-2.37734492414794
6,2,0.0,0,1,-4.76208970095292
7,1,31.5389427480213,0,1,-3.85216662985884
8,1,0.0,0,1,-3.95417128884615
9,1,519.123713251993,0,1,-5.30948328311398
10,1,174.589992140702,0,1,-5.02262030699605
11,1,14.5160953345844,0,1,-3.22161843983624
12,1,0.0,0,1,-2.10488589303677
13,1,203.662941728928,0,1,-3.52047685381508
14,1,0.0,0,1,-1.78235300917966
15,1,151.205056656384,0,1,-2.22547513892357
16,3,0.0,0,1,0.0
17,2,0.0,0,1,-3.32787411240002
18,1,204.928042664116,0,1,-3.30322936233694
19,2,0.0,0,1,-1.76270386032216
20,1,80.730729057657,0,1,-2.31489343564271
21,1,26.2868751818826,0,1,-4.24325661488561
22,1,0.0,0,1,-2.17156492671391
23,1,0.0,0,1,-2.2393851315874
24,1,0.0,0,1,-2.2034549890847
25,2,0.0,0,1,-2.31489343564271
26,2,0.0,0,1,-1.19330447533843
27,2,0.0,0,1,-2.87720132029903
28,2,0.0,0,1,-2.34852224452877
29,1,0.0,0,1,-4.06962235479143
30,2,0.0,0,1,-3.35691292798745
31,2,0.0,0,1,-3.83816224281414
32,2,0.0,0,1,-2.38247753761179
33,1,0.0,0,1,-4.29399435920069
34,2,0.0,0,1,-3.626029893307
35,1,26.1153655937246,0,1,-3.70296311252964
36,1,15.1471965366657,0,1,-1.6687232649234
37,1,0.0,0,1,-3.00361708044566
38,1,0.0,0,1,-2.85195589070451
39,1,0.0,0,1,-4.21456240298507
40,1,47.1182536691782,0,1,-2.70113142030025
41,2,0.0,0,1,-4.21456240298507
42,1,0.0,0,1,-5.87104375990178
43,2,0.0,0,1,-2.20639110842407
44,1,36.7573105699125,0,1,-3.56078874393389
45,1,155.559407690629,0,1,-4.5648856430933
46,1,95.8844517826011,0,1,-3.49682356231523
47,1,61.767065129179,0,1,-1.70264340506858
48,1,0.0,0,1,-3.60346467527203
49,1,0.0,0,1,-2.94344985056606
50,1,16.7298502513528,0,1,-4.87813745858729
51,1,569.332673770484,0,1,-6.32616703718199
52,1,0.0,0,1,-0.464848183614159
53,2,0.0,0,1,-3.28807814901977
54,1,0.0,0,1,1.51343206001579
55,1,0.0,0,1,-4.40922283616703
56,2,0.0,0,1,-3.85514169970433
57,1,263.793890442731,0,1,-5.22817025556235
