bus_number,P_output,Q_output,voltage_mag,gen_status,P_max,P_min
3,333.129006370874,0,1,1,333.129006370964,0
4,755.139874170275,0,1,1,755.139874170276,0
8,356.263055396366,0,1,1,356.263055396814,0
16,0.0,0,1,0,211.923042496302,0
17,0.0,0,1,0,366.230934220898,0
19,322.171217651217,0,1,1,322.17121765148,0
20,284.081581213854,0,1,1,735.241032409525,0
31,185.009436830331,0,1,1,185.009436830421,0
36,5.31039209662038,0,1,1,5.31039209670533,0
40,0.202486664692843,0,1,1,0.202486664692979,0
41,0.0,0,1,0,182.955171589671,0
43,103.275081492037,0,1,1,274.831832619814,0
47,6.13201308030854,0,1,1,130.373816390463,0
50,331.95649407593,0,1,1,331.956494076018,0
52,30.0116758949992,0,1,1,30.0116758950864,0
55,41.6282785451028,0,1,1,41.6282785451894,0
