bus_number,P_output,Q_output,voltage_mag,gen_status,P_max,P_min
1,9.31646719178259,0,1,1,426.959130670077,0
4,213.986231649643,0,1,1,308.150806182407,0
10,0.0,0,1,0,393.326930296225,0
13,599.036527175836,0,1,1,599.036527175836,0
24,94.2221673150162,0,1,1,94.2221673150162,0
31,290.782768208104,0,1,1,290.782768208104,0
32,93.9716289991261,0,1,1,93.9716289991261,0
33,64.9110757365938,0,1,1,64.9110757365938,0
34,60.1306511036285,0,1,1,60.1306511036285,0
35,0.0,0,1,0,167.276258651508,0
43,567.869695748855,0,1,1,567.869695748855,0
45,0.0,0,1,0,116.21229389485,0
49,173.804330679243,0,1,1,173.804330679243,0
52,572.048450701767,0,1,1,572.048450701767,0
54,0.0,0,1,0,319.444433088076,0
55,14.2305989730084,0,1,1,14.2305989730084,0
