bus_number,bus_type,P_demand,Q_demand,voltage_mag,voltage_ang
1,1,0.0,0,1,-1.15192198879176
2,2,0.0,0,1,-5.22118854605167
3,1,0.0,0,1,-4.06158563766955
4,1,0.0,0,1,-4.3564883602402
5,3,0.0,0,1,0.0
6,1,346.106955051185,0,1,-0.476520708312774
7,1,0.0,0,1,-5.27997591107587
8,1,45.3517537342155,0,1,-4.58910585890688
9,1,0.0,0,1,-0.290303199897687
10,2,0.0,0,1,-2.73729482706675
11,1,0.0,0,1,-3.94638227291294
12,2,0.0,0,1,-3.27328561414843
13,1,0.0,0,1,-4.94214826891483
14,1,66.6714935345892,0,1,-5.21492088256163
15,1,42.6017727838651,0,1,-5.36033651994609
16,2,0.0,0,1,-3.83683555023709
17,1,0.0,0,1,-4.63417727703534
18,1,0.0,0,1,-3.75130697808074
19,1,0.0,0,1,-3.59085689330458
20,1,0.0,0,1,-4.08974649861733
21,1,0.0,0,1,-3.09161124019855
22,2,0.0,0,1,-2.8085370703796
23,1,57.4684989127368,0,1,-4.85114152818119
24,1,0.0,0,1,-5.14861430644485
25,1,555.128857302196,0,1,-5.22940278418909
26,1,206.220003696651,0,1,-5.72490751022768
27,2,0.0,0,1,-3.26087992901737
28,1,376.753413833246,0,1,-6.12037143790124
29,1,19.1702533682531,0,1,-4.18781772389615
30,1,161.122572188214,0,1,-4.05046466948014
31,1,341.600401077503,0,1,-3.77540531399461
32,1,0.0,0,1,-4.18781772389615
33,1,0.0,0,1,-4.18781772389615
34,1,0.0,0,1,-5.30174531750328
35,2,0.0,0,1,-3.95351477952793
36,2,0.0,0,1,-3.81938201923955
37,2,0.0,0,1,-6.12037143790124
38,2,0.0,0,1,-1.05336639224193
39,1,0.0,0,1,-4.65357491149705
40,2,0.0,0,1,2.58419687637572
41,2,0.0,0,1,-1.56768510623097
42,1,0.0,0,1,-2.14213118344038
43,1,0.0,0,1,-4.21920012505649
44,1,0.0,0,1,-4.31427359070468
45,1,0.0,0,1,-5.01404155361291
46,1,0.0,0,1,-4.36460451225746
47,1,0.0,0,1,-1.8898308738813
48,1,0.0,0,1,-5.18942060949311
49,1,5.09461481178985,0,1,-4.01725693239091
50,1,37.3633036289022,0,1,-2.77050392722432
51,1,50.5404589038805,0,1,-3.75261443918962
52,1,40.3030595325202,0,1,-4.88486945304966
53,1,0.0,0,1,-4.44705118069108
54,1,236.420667103273,0,1,-5.55994523098505
55,2,0.0,0,1,-2.12964449304181
56,2,0.0,0,1,-1.94827664070829
57,1,0.0,0,1,-4.89438060083451
