cost_model,startup,shutdown,n_coefficients,coeff_n,coeff1,coeff0
2,0,0,3,0.0032370651406042,47.3809185184896,1048.22990305536
2,0,0,3,0.0,0.0,0.0
2,0,0,3,0.0,0.0,0.0
2,0,0,3,0.0047914521134044,24.8710578550342,2689.97737765383
2,0,0,3,0.004786232234779,43.7070177441284,563.818710458876
2,0,0,3,0.0,0.0,0.0
2,0,0,3,0.0075545902927816,24.3092046138335,3108.20732654884
2,0,0,3,0.0022943639124389,52.6098944295719,589.157445485885
2,0,0,3,0.0,0.0,0.0
2,0,0,3,0.0,0.0,0.0
2,0,0,3,0.0,0.0,0.0
2,0,0,3,0.0,0.0,0.0
2,0,0,3,0.0,0.0,0.0
2,0,0,3,0.0,0.0,0.0
2,0,0,3,0.0,0.0,0.0
2,0,0,3,0.0031608781792212,35.3100947429179,261.108206415691
