bus_number,bus_type,P_demand,Q_demand,voltage_mag,voltage_ang
1,1,36.1088999776677,0,1,-0.812497865267199
2,2,0.0,0,1,-1.56524373905325
3,1,0.0,0,1,-3.45315539488903
4,1,268.435049201982,0,1,-3.54862191820412
5,1,366.512001815551,0,1,-3.56630527008598
6,1,119.707712193319,0,1,-3.31057290551343
7,1,0.0,0,1,-3.15658499482006
8,1,0.0,0,1,-2.30317724296229
9,1,229.53960186353,0,1,-3.40096092645931
10,3,0.0,0,1,0.0
11,1,0.0,0,1,-1.65162240315368
12,1,75.8158974142735,0,1,-2.57333038094393
13,1,0.0,0,1,-2.29171880645368
14,1,0.96056448744609,0,1,-2.75939881005698
15,1,15.1895664570698,0,1,-2.51758490617455
16,1,30.9087549031011,0,1,-2.14137536231543
17,2,0.0,0,1,-0.423296252696104
18,2,0.0,0,1,-2.08143804542491
19,1,0.0,0,1,-1.90817805992821
20,1,0.0,0,1,-2.25065494512899
21,1,238.839222825152,0,1,-1.48497280437337
22,2,0.0,0,1,-1.68369770782469
23,1,0.0,0,1,-1.56855835973324
24,1,27.1781443559782,0,1,-1.69997820013373
25,1,0.0,0,1,-2.48018033304594
26,1,94.5906560869349,0,1,-4.16207668119196
27,1,0.0,0,1,-2.12552980612858
28,1,14.6180459274324,0,1,-0.969074999052877
29,1,0.0,0,1,-1.61640548815552
30,1,0.0,0,1,-3.01721227412015
31,1,0.0,0,1,-2.17966960528624
32,1,0.0,0,1,-3.02556464980368
33,1,0.0,0,1,-1.23299240503324
34,1,18.8012636472724,0,1,-0.736001590101661
35,2,0.0,0,1,-2.14859954840079
36,1,17.2831272340455,0,1,-1.92372053345327
37,2,0.0,0,1,-0.269403621394433
38,2,0.0,0,1,-1.4656289077903
39,1,158.016743564579,0,1,-2.27848064318932
40,2,0.0,0,1,-1.11119569041601
41,1,21.5152062247531,0,1,-0.887483421538459
42,2,0.0,0,1,-0.642050111200829
43,2,0.0,0,1,-2.57867274729493
44,1,53.3728143635218,0,1,-1.72162526960774
45,1,419.258784297678,0,1,-1.82779417312162
46,1,0.0,0,1,-0.288017314329397
47,2,0.0,0,1,2.54552497366786
48,2,0.0,0,1,-1.26550338362296
49,2,0.0,0,1,-1.03158757677218
50,1,122.972082176935,0,1,-2.51162624102355
51,1,241.046987537145,0,1,-0.849167532262787
52,1,48.0496213935208,0,1,-1.61443506056784
53,1,65.9222816409693,0,1,-2.57867274729493
54,1,66.7309620430313,0,1,-4.34765922432553
55,2,0.0,0,1,-1.85250393733883
56,1,0.0,0,1,-1.5795197111453
57,1,20.6813434130577,0,1,-2.9170828062138
