cost_model,startup,shutdown,n_coefficients,coeff_n,coeff1,coeff0
2,0,0,3,0.0,0.0,0.0
2,0,0,3,0.0,0.0,0.0
2,0,0,3,0.006224313143976,44.8047702713527,1383.21656268593
2,0,0,3,0.0,0.0,0.0
2,0,0,3,0.0069435909579262,28.2664317247404,2659.96829435281
2,0,0,3,0.0,0.0,0.0
2,0,0,3,0.0,0.0,0.0
2,0,0,3,0.0,0.0,0.0
2,0,0,3,0.0034081797029266,52.7973658974492,521.905920325366
2,0,0,3,0.0,0.0,0.0
2,0,0,3,0.006268240110432,48.4358162273296,542.30146247266
2,0,0,3,0.0,0.0,0.0
