cost_model,startup,shutdown,n_coefficients,coeff_n,coeff1,coeff0
2,0,0,3,0.0,0.0,0.0
2,0,0,3,0.0020453394562128,35.4797130686944,547.665858721016
2,0,0,3,0.0037064682516459,28.8974168753348,2018.63241723795
2,0,0,3,0.0,0.0,0.0
2,0,0,3,0.0,0.0,0.0
2,0,0,3,0.0,0.0,0.0
2,0,0,3,0.0052029562901008,50.4869694473325,2452.76778248657
2,0,0,3,0.0,0.0,0.0
2,0,0,3,0.0,0.0,0.0
2,0,0,3,0.0,0.0,0.0
2,0,0,3,0.007457562543122,47.3681459079083,0.383997106007272
2,0,0,3,0.005488161002445,35.2837470077222,177.740835490056
2,0,0,3,0.006740848240201,36.2356090694476,588.840856119778
2,0,0,3,0.0,0.0,0.0
