bus_number,bus_type,P_demand,Q_demand,voltage_mag,voltage_ang
1,1,0.0,0,1,-1.19717915476994
2,2,0.0,0,1,-0.488814392335181
3,3,0.0,0,1,0.0
4,1,0.0,0,1,-1.954368628941
5,2,0.0,0,1,-0.436054670994987
6,1,0.0,0,1,-0.816956312803713
7,1,45.8306132320302,0,1,2.25989408495282
8,1,0.0,0,1,-1.5561983263526
9,1,0.0,0,1,-0.27621898886065
10,2,0.0,0,1,1.7000368352831
11,2,0.0,0,1,1.74790243775267
12,1,490.133880206374,0,1,-2.09414210154024
13,2,0.0,0,1,-1.55619832635112
14,2,0.0,0,1,2.55888090956858
15,1,106.837441725654,0,1,1.37762493549469
16,1,42.0266183578081,0,1,-1.10584215990307
17,2,0.0,0,1,4.20915778930086
18,1,22.1763554079674,0,1,2.06312870630843
19,2,0.0,0,1,0.476619745946145
20,1,0.0,0,1,0.771844112275626
21,1,0.0,0,1,1.23427413681466
22,2,0.0,0,1,-1.30170781352028
23,2,0.0,0,1,3.95380806346539
24,1,0.0,0,1,0.213601889884662
25,2,0.0,0,1,0.464005005102863
26,1,0.0,0,1,-1.70305854971495
27,1,0.0,0,1,-1.7439152656734
28,1,0.0,0,1,3.05684603647458
29,1,0.0,0,1,-1.18550947500222
30,1,0.0,0,1,1.89399512859202
31,2,0.0,0,1,-1.70305854971495
32,1,677.923441368881,0,1,-1.94738399430911
33,1,0.0,0,1,-1.73412876939208
34,1,506.446367948981,0,1,-2.30326896478569
35,1,0.0,0,1,-1.76391375880231
36,2,0.0,0,1,0.914829036873517
37,1,0.0,0,1,-1.6541555929889
38,2,0.0,0,1,3.32884096104058
39,2,0.0,0,1,-1.78673712568968
40,1,55.6763767984414,0,1,-0.0593089373289753
41,1,149.334788797204,0,1,-3.59099811901836
42,2,0.0,0,1,-2.63344092980041
43,1,0.0,0,1,-2.63344092980041
44,2,0.0,0,1,-2.63344092980041
45,1,32.9564214742521,0,1,-1.53980781457123
46,1,0.0,0,1,-2.82914368907244
47,2,0.0,0,1,-2.02862886565835
48,1,0.0,0,1,-1.68302252232979
49,2,0.0,0,1,-1.15305560663829
50,1,154.444521889416,0,1,-0.694425390884045
51,1,77.9234167717772,0,1,-2.79998494705208
52,1,0.0,0,1,-1.70170466958299
53,2,0.0,0,1,-1.16557873193033
54,1,0.0,0,1,-0.455610843555193
55,1,157.311428902836,0,1,-4.71493367977429
56,1,0.0,0,1,-1.59960137627104
57,1,0.0,0,1,-1.55619832635438
