bus_number,bus_type,P_demand,Q_demand,voltage_mag,voltage_ang
1,2,0.0,0,1,-3.82049194834668
2,2,0.0,0,1,-5.00589688815504
3,1,0.0,0,1,-2.34372035467952
4,1,179.108853518299,0,1,-5.20968407211066
5,1,0.0,0,1,-3.90815017776494
6,1,0.0,0,1,0.171134256634868
7,1,430.982615975033,0,1,-6.90126085947762
8,1,0.0,0,1,-0.447419915157777
9,1,0.0,0,1,-1.28840562139674
10,1,0.0,0,1,-3.18036793533301
11,2,0.0,0,1,-3.49010604037648
12,2,0.0,0,1,1.10775042432885
13,1,0.0,0,1,-0.749195208991259
14,2,0.0,0,1,-3.70435081940251
15,1,0.0,0,1,-2.38053185797292
16,1,0.0,0,1,0.0699377240208969
17,3,0.0,0,1,0.0
18,1,0.0,0,1,-0.393726336383926
19,1,246.430972368293,0,1,-0.12752783542206
20,2,0.0,0,1,1.95896911242829
21,1,0.0,0,1,-2.18819842894585
22,1,0.0,0,1,2.07288590152167
23,1,0.0,0,1,2.48790611287541
24,1,0.0,0,1,-1.6496297074414
25,1,0.0,0,1,1.99074197660825
26,2,0.0,0,1,0.452020434393121
27,1,46.6492498391656,0,1,-1.01274612842621
28,1,304.880425510886,0,1,-2.05732260548927
29,1,0.0,0,1,2.05239326111735
30,1,0.0,0,1,-0.151488672523392
31,1,30.0544700639055,0,1,-6.04233675108413
32,1,0.0,0,1,0.130678492282009
33,1,0.0,0,1,0.369458036585724
34,2,0.0,0,1,-1.41964988245006
35,1,0.0,0,1,-0.0351068808045103
36,1,13.7782579856081,0,1,-7.46980879752721
37,1,0.0,0,1,-1.48310212957146
38,1,0.0,0,1,1.11035268898503
39,1,65.1484564366911,0,1,-4.04453480021774
40,2,0.0,0,1,2.93432892261223
41,1,0.0,0,1,-3.62828765290416
42,1,0.0,0,1,1.02928910155011
43,1,0.0,0,1,-4.83310701750378
44,1,107.524449609141,0,1,-0.240310133480736
45,1,145.051583735904,0,1,-8.79090983336417
46,1,0.0,0,1,-1.846948073801
47,2,0.0,0,1,2.23527610237974
48,1,662.166717764339,0,1,-2.37857791011622
49,2,0.0,0,1,-1.9280391431651
50,1,0.0,0,1,-4.98339260884965
51,1,0.0,0,1,-3.74950323950563
52,1,0.0,0,1,-4.12484159900188
53,1,71.6823656022407,0,1,-11.4106447220597
54,2,0.0,0,1,7.8591585275039
55,1,450.852175073096,0,1,-4.87781753462073
56,2,0.0,0,1,-2.9487401746196
57,1,0.0,0,1,-4.15655329071711
