cost_model,startup,shutdown,n_coefficients,coeff_n,coeff1,coeff0
2,0,0,3,0.0,0.0,0.0
2,0,0,3,0.0026529401860842,50.323821989511,788.492109402977
2,0,0,3,0.0,0.0,0.0
2,0,0,3,0.0,0.0,0.0
2,0,0,3,0.006139718412074,25.2930755384992,3356.03333086675
2,0,0,3,0.0078916129162387,46.5318892789277,451.542569124581
2,0,0,3,0.0041467480321264,56.0130524927764,199.843104173339
2,0,0,3,0.0,0.0,0.0
2,0,0,3,0.0,0.0,0.0
2,0,0,3,0.0054350766295995,48.0576041457347,288.957438449386
2,0,0,3,0.0,0.0,0.0
2,0,0,3,0.0,0.0,0.0
2,0,0,3,0.0028411305664118,42.3092694538604,440.799183355596
2,0,0,3,0.0,0.0,0.0
2,0,0,3,0.0,0.0,0.0
2,0,0,3,0.0,0.0,0.0
