cost_model,startup,shutdown,n_coefficients,coeff_n,coeff1,coeff0
2,0,0,3,0.0058011584917259,24.6298049168689,1104.87425019261
2,0,0,3,0.0,0.0,0.0
2,0,0,3,0.0,0.0,0.0
2,0,0,3,0.0037748387055408,46.7916830119493,5.80505429164617
2,0,0,3,0.0043220408596891,55.0270463392442,189.096672926838
2,0,0,3,0.0072893680807984,45.3922683250823,2549.66382452952
2,0,0,3,0.0,0.0,0.0
2,0,0,3,0.0,0.0,0.0
2,0,0,3,0.0,0.0,0.0
2,0,0,3,0.0047002533135837,29.9157539699614,479.206801387991
2,0,0,3,0.0046867089864366,28.0511118054344,1609.88366761095
2,0,0,3,0.0,0.0,0.0
2,0,0,3,0.0,0.0,0.0
2,0,0,3,0.0,0.0,0.0
2,0,0,3,0.0,0.0,0.0
