bus_number,P_output,Q_output,voltage_mag,gen_status,P_max,P_min
11,79.3084254088126,0,1,1,79.3084254088126,0
12,0.0,0,1,0,187.905480359128,0
14,764.004900434343,0,1,1,919.343799111397,0
18,52.313241322455,0,1,1,52.313241322455,0
24,0.0,0,1,0,134.950976821694,0
26,0.0,0,1,0,107.562263724323,0
27,85.7329946566278,0,1,1,85.7329946566278,0
28,0.0,0,1,0,528.9224506213,0
33,72.4234858852622,0,1,1,239.98857591916,0
41,578.976343171623,0,1,1,578.976343171623,0
42,191.966104432172,0,1,1,191.966104432172,0
49,99.771847570159,0,1,1,99.771847570159,0
52,46.3922818325496,0,1,1,46.3922818325496,0
54,627.085036414869,0,1,1,627.085036414869,0
57,0.0,0,1,0,382.157926058051,0
