cost_model,startup,shutdown,n_coefficients,coeff_n,coeff1,coeff0
2,0,0,3,0.0057990516134444,28.6586708107522,3536.09332145246
2,0,0,3,0.0034470351050303,37.7445548283981,251.948869961605
2,0,0,3,0.0070985890796071,50.376206583395,414.479875815697
2,0,0,3,0.0,0.0,0.0
2,0,0,3,0.0,0.0,0.0
2,0,0,3,0.0045259759718831,33.417886564102,541.942926197044
2,0,0,3,0.0,0.0,0.0
2,0,0,3,0.0,0.0,0.0
2,0,0,3,0.0,0.0,0.0
2,0,0,3,0.0,0.0,0.0
2,0,0,3,0.0,0.0,0.0
2,0,0,3,0.0,0.0,0.0
