bus_number,P_output,Q_output,voltage_mag,gen_status,P_max,P_min
2,682.002295986139,0,1,1,756.271486864921,0
3,4.54739071809746e-13,0,1,1,105.783831131803,0
4,15.4659455157396,0,1,1,15.46594551574,0
5,620.482964839976,0,1,1,700.827686527157,0
6,732.900080345572,0,1,1,732.900080345572,0
10,0.0,0,1,0,284.849356410293,0
14,0.0,0,1,0,433.315405221212,0
16,0.0,0,1,0,69.5185586823625,0
25,0.0,0,1,0,323.424160389845,0
47,95.6726284391822,0,1,1,95.6726284391826,0
48,80.3369200649989,0,1,1,80.3369200649992,0
49,245.311598979441,0,1,1,245.311598979441,0
52,170.101511678168,0,1,1,170.101511678168,0
53,75.1214210776446,0,1,1,75.1214210776449,0
56,170.075603998474,0,1,1,173.477156095977,0
