bus_number,bus_type,P_demand,Q_demand,voltage_mag,voltage_ang
1,1,359.663527843981,0,1,-1.3061005196676
2,1,159.887170583215,0,1,-0.106005670387593
3,1,399.246449930082,0,1,-2.31171240092343
4,3,0.0,0,1,0.0
5,2,0.0,0,1,4.35104081889729
6,2,0.0,0,1,3.25819156882597
7,1,378.815323529223,0,1,3.6675031978066
8,1,0.0,0,1,-1.15136849100417
9,1,0.0,0,1,-0.268028112117696
10,1,0.0,0,1,-0.0437648422680825
11,1,243.018168409926,0,1,-0.649541356586987
12,2,0.0,0,1,3.00158906325272
13,1,100.518442891693,0,1,-1.47296710770318
14,2,0.0,0,1,1.41214747390759
15,1,273.411085745394,0,1,3.30932504203951
16,1,0.0,0,1,2.12451207126094
17,1,0.0,0,1,0.378777827689334
18,1,0.0,0,1,-0.306887390623308
19,1,0.0,0,1,-0.237727182725233
20,1,169.939799617382,0,1,-1.94865260053064
21,2,0.0,0,1,8.81589046513101
22,2,0.0,0,1,-0.293679906486319
23,1,0.0,0,1,-1.12070421577652
24,1,0.0,0,1,-0.0779083842646178
25,1,15.1596645787628,0,1,-1.09556239791682
26,2,0.0,0,1,3.2796651195702
27,1,0.0,0,1,-0.201299072971097
28,1,0.0,0,1,-0.562059986445389
29,2,0.0,0,1,3.2796651195702
30,1,0.0,0,1,0.961609138975515
31,1,0.0,0,1,-0.711562776776869
32,1,84.7403252633746,0,1,1.82730923315724
33,1,0.0,0,1,1.36718490125128
34,1,0.0,0,1,-0.128193149641703
35,1,0.0,0,1,2.16206790432107
36,1,0.0,0,1,-2.96189559304598
37,1,0.0,0,1,2.67096918486652
38,1,0.0,0,1,4.63438041277748
39,1,0.0,0,1,3.04159455359447
40,1,0.0,0,1,3.20444904544142
41,1,118.398795331093,0,1,4.30631264316481
42,1,0.0,0,1,3.10504246734549
43,2,0.0,0,1,1.55302661941346
44,1,234.113383741302,0,1,-3.74477019405057
45,1,0.0,0,1,0.799230887706328
46,2,0.0,0,1,3.82898234231374
47,1,0.0,0,1,0.969918860813319
48,2,0.0,0,1,5.33605780977417
49,2,0.0,0,1,6.71828772979304
50,1,0.0,0,1,0.855413186938918
51,1,217.398456017173,0,1,0.255333192015082
52,1,0.0,0,1,-0.679117506251794
53,1,0.0,0,1,0.464774947872136
54,1,0.0,0,1,3.5242209297629
55,1,0.0,0,1,0.336703126080477
56,1,0.0,0,1,-0.901935769031894
57,1,0.0,0,1,1.07843430571472
