bus_number,bus_type,P_demand,Q_demand,voltage_mag,voltage_ang
1,2,0.0,0,1,2.40066918717393
2,2,0.0,0,1,4.48297999498669
3,1,0.0,0,1,-1.37349511470434
4,1,341.718595155498,0,1,-0.451588083633454
5,1,38.9003473417828,0,1,-0.772674375059666
6,1,0.0,0,1,-1.34097165106884
7,1,124.183723217941,0,1,-2.26136996888862
8,1,0.0,0,1,-0.712946567611701
9,1,0.0,0,1,3.44980137068095
10,2,0.0,0,1,3.52101530433845
11,2,0.0,0,1,0.821076691772558
12,1,0.0,0,1,0.694679364981536
13,2,0.0,0,1,-0.199463361234423
14,1,0.0,0,1,-0.973584681990169
15,1,329.332417808484,0,1,-1.47038445253252
16,1,0.0,0,1,0.678044683880511
17,1,0.0,0,1,-2.26354733516009
18,1,28.1333790760094,0,1,-0.109771305704389
19,3,0.0,0,1,0.0
20,2,0.0,0,1,0.290177861614014
21,1,0.0,0,1,0.488265556498976
22,1,4.22199008434101,0,1,0.530578680100744
23,1,0.0,0,1,0.303177293770389
24,2,0.0,0,1,-0.53707682555644
25,1,0.0,0,1,1.79304879250418
26,1,0.0,0,1,0.225367076224591
27,1,0.0,0,1,-0.230901162088194
28,1,311.810186906854,0,1,-1.51691946728309
29,2,0.0,0,1,0.757026224110648
30,1,93.4906492312239,0,1,-3.3810965099413
31,1,329.142733127071,0,1,0.232030550842902
32,1,44.4253133580908,0,1,-4.67250697000204
33,2,0.0,0,1,0.944170720538347
34,1,67.2496972327398,0,1,2.74016125779003
35,1,0.0,0,1,0.885238102090969
36,1,238.937677999378,0,1,-1.23104043511117
37,1,0.0,0,1,2.69315537853086
38,2,0.0,0,1,3.37212401915203
39,1,0.0,0,1,-0.838094013317033
40,1,0.0,0,1,-2.23109504201818
41,1,0.0,0,1,1.81180536383731
42,1,0.0,0,1,0.04448141385139
43,1,0.0,0,1,0.874301330204604
44,2,0.0,0,1,0.582991205623807
45,1,33.4930571340242,0,1,-0.494165367597035
46,2,0.0,0,1,0.699572051696546
47,1,0.0,0,1,-0.996089500198598
48,1,247.575551373569,0,1,-1.29435051816307
49,1,0.0,0,1,-0.383351934778132
50,1,353.362347691109,0,1,-0.765448647802711
51,1,0.0,0,1,0.137549558196371
52,1,0.0,0,1,0.417867579307985
53,1,0.0,0,1,0.17150277996944
54,1,0.0,0,1,1.85252362196748
55,1,0.0,0,1,-1.94939288490083
56,1,0.0,0,1,-0.955569098569118
57,1,268.045593186508,0,1,-2.52748403775471
