bus_number,bus_type,P_demand,Q_demand,voltage_mag,voltage_ang
1,1,0.0,0,1,-2.07485501067563
2,2,0.0,0,1,1.73912319196254
3,1,102.033957616811,0,1,-0.699392299155254
4,3,0.0,0,1,0.0
5,2,0.0,0,1,-0.218163973609478
6,2,0.0,0,1,-0.202551183172338
7,1,242.566814875505,0,1,-1.16156068656555
8,2,0.0,0,1,4.36799308781816
9,1,0.0,0,1,2.59102247374413
10,1,479.25662982278,0,1,3.06368678708744
11,2,0.0,0,1,5.09431034549254
12,1,0.0,0,1,0.981047990729873
13,2,0.0,0,1,3.0533220694014
14,1,255.799308432908,0,1,1.45705029182944
15,1,0.0,0,1,3.11064196304716
16,1,225.755256399848,0,1,1.0675607827898
17,2,0.0,0,1,6.1280057985499
18,1,0.0,0,1,4.34508316286131
19,1,0.0,0,1,2.28264529357863
20,1,0.0,0,1,2.23829278050971
21,1,0.0,0,1,4.86681368434107
22,1,0.0,0,1,1.617104292185
23,2,0.0,0,1,2.26977750703415
24,1,0.0,0,1,5.24302244044768
25,1,0.0,0,1,4.35032564756789
26,1,0.0,0,1,2.16296241769397
27,2,0.0,0,1,2.28264529357863
28,1,75.7068350958624,0,1,4.21355376220547
29,1,0.0,0,1,1.8785840843158
30,1,0.0,0,1,-1.05688399024835
31,1,0.0,0,1,0.295578735825889
32,1,163.946927197865,0,1,-1.92520478291438
33,1,60.6969716249149,0,1,-0.113385405288034
34,1,0.0,0,1,-1.96843182626113
35,1,21.6501577680748,0,1,0.682439276754508
36,1,94.5056515930619,0,1,7.95744997882438
37,1,0.0,0,1,-0.216464037883286
38,1,0.0,0,1,2.30851404574584
39,1,0.0,0,1,2.17828038204894
40,2,0.0,0,1,11.048905470179
41,1,0.0,0,1,-3.2461288237296
42,1,108.877198506042,0,1,-8.18844779755961
43,1,442.827201173326,0,1,-4.00619301654454
44,2,0.0,0,1,39.3099718112569
45,1,0.0,0,1,-6.20897032941606
46,1,0.0,0,1,-2.75949740996937
47,1,0.0,0,1,-2.24724143424117
48,1,419.161802606444,0,1,-2.37785529175115
49,1,0.0,0,1,-3.60851817669963
50,1,0.0,0,1,-2.11078636423689
51,1,0.0,0,1,-2.58530694736515
52,2,0.0,0,1,-1.07432233894124
53,1,23.5809955140568,0,1,-1.67290653395886
54,2,0.0,0,1,-0.769984777294024
55,1,8.02180747884494,0,1,-2.14983859767546
56,1,29.9230777762581,0,1,-1.30272734539642
57,1,0.0,0,1,-0.486741999272031
