cost_model,startup,shutdown,n_coefficients,coeff_n,coeff1,coeff0
2,0,0,3,0.0,0.0,0.0
2,0,0,3,0.0057312820232799,44.0471347084285,123.240275291034
2,0,0,3,0.0,0.0,0.0
2,0,0,3,0.0,0.0,0.0
2,0,0,3,0.0,0.0,0.0
2,0,0,3,0.0024923702717895,54.3770423666965,3092.26784696828
2,0,0,3,0.0,0.0,0.0
2,0,0,3,0.0,0.0,0.0
2,0,0,3,0.0048932984076097,28.0238259236248,1138.45081519781
2,0,0,3,0.0,0.0,0.0
2,0,0,3,0.0076540793688178,38.2419106117599,374.738840658391
2,0,0,3,0.0,0.0,0.0
2,0,0,3,0.0045324892963505,51.2071031855045,175.988565476898
