bus_number,bus_type,P_demand,Q_demand,voltage_mag,voltage_ang
1,1,0.0,0,1,-0.608240560314541
2,1,0.0,0,1,-1.12301699463969
3,1,203.68532749718,0,1,-2.01976787946366
4,1,0.0,0,1,-1.72768801939076
5,1,0.0,0,1,-1.25120759664496
6,1,0.0,0,1,-0.530407687450296
7,1,241.35607637814,0,1,-0.882131853943767
8,1,564.383730512106,0,1,-2.30467805393826
9,1,0.0,0,1,-0.434576321508159
10,1,0.0,0,1,-1.61699566300472
11,1,0.0,0,1,-0.348260626371792
12,1,0.0,0,1,-0.055610906077329
13,2,0.0,0,1,-0.334520215677215
14,2,0.0,0,1,-1.33108790066198
15,2,0.0,0,1,-4.93017287510276
16,1,0.0,0,1,-1.9560927714408
17,1,0.0,0,1,-1.49602991842533
18,2,0.0,0,1,-0.881668198625388
19,2,0.0,0,1,0.0641521333685569
20,1,0.0,0,1,-0.881668198625388
21,1,321.38874264365,0,1,-1.17540878751761
22,1,0.0,0,1,-1.33517070884521
23,1,0.0,0,1,-0.881668198625388
24,2,0.0,0,1,-3.12929755308383
25,1,138.292354853591,0,1,-5.70901239711762
26,1,0.0,0,1,-1.695154467723
27,1,0.0,0,1,-1.09882995169432
28,2,0.0,0,1,-1.43278890496482
29,1,0.0,0,1,-1.09809928890931
30,2,0.0,0,1,-0.825042160483631
31,2,0.0,0,1,-0.836055906092387
32,2,0.0,0,1,-1.22237792827771
33,1,0.0,0,1,-1.61338184948816
34,1,0.0,0,1,-1.11121436699478
35,2,0.0,0,1,-1.80586341093176
36,1,37.0708287773701,0,1,-0.838874870594855
37,1,303.965126801111,0,1,-1.95529766142016
38,1,0.0,0,1,-2.58194476058634
39,1,0.0,0,1,-1.32648692770698
40,1,235.493044637875,0,1,-1.81092578033847
41,2,0.0,0,1,-0.381337221777383
42,1,187.368811441634,0,1,-1.96764677700461
43,1,0.0,0,1,-0.900895682745811
44,1,139.591580071104,0,1,-2.28890269435708
45,3,0.0,0,1,0.0
46,1,97.6112278776756,0,1,-3.35125302324913
47,1,41.8626355122694,0,1,-2.56724300901303
48,1,41.6007990321116,0,1,-1.6621518282642
49,2,0.0,0,1,5.54619145701968
50,1,0.0,0,1,-1.21970074401076
51,1,49.7239960782933,0,1,-1.6425625454161
52,2,0.0,0,1,-2.6006176465059
53,1,150.916311368491,0,1,-2.68997084607129
54,1,0.0,0,1,0.367182182398886
55,1,0.0,0,1,-1.64618701846381
56,1,0.0,0,1,-1.26708570206797
57,2,0.0,0,1,-1.91720876835016
