cost_model,startup,shutdown,n_coefficients,coeff_n,coeff1,coeff0
2,0,0,3,0.0062933086347348,26.9514700425276,232.407100229808
2,0,0,3,0.0,0.0,0.0
2,0,0,3,0.0057773089050122,30.0264745508114,3379.91802531715
2,0,0,3,0.0,0.0,0.0
2,0,0,3,0.0,0.0,0.0
2,0,0,3,0.0049502365871336,43.8051480749331,396.460067054475
2,0,0,3,0.0,0.0,0.0
2,0,0,3,0.007053169473753,25.2268176715068,599.215187644124
2,0,0,3,0.0,0.0,0.0
2,0,0,3,0.0062737785432331,45.6707366624398,3772.01852600933
2,0,0,3,0.0,0.0,0.0
2,0,0,3,0.0,0.0,0.0
2,0,0,3,0.0027261868702246,39.1372183556998,127.346242840677
2,0,0,3,0.0,0.0,0.0
