bus_number,bus_type,P_demand,Q_demand,voltage_mag,voltage_ang
1,2,0.0,0,1,-2.45860582357859
2,1,0.0,0,1,-1.87604791040223
3,1,0.0,0,1,-0.0621977423818094
4,2,0.0,0,1,1.02665973413415
5,3,0.0,0,1,0.0
6,1,0.0,0,1,-2.53354892901221
7,1,0.0,0,1,-3.89394966768914
8,1,306.584849677527,0,1,-2.9080381361959
9,2,0.0,0,1,-2.14251299128897
10,1,0.0,0,1,-2.13563877399456
11,1,324.803357295925,0,1,-4.42758175082455
12,1,0.0,0,1,-3.20172222724711
13,1,118.165467918377,0,1,-3.52132764480122
14,1,0.0,0,1,-3.5430061690592
15,1,0.0,0,1,-3.77369163609782
16,1,0.0,0,1,-4.02180328617087
17,1,0.0,0,1,-3.37024171772828
18,1,0.0,0,1,-3.80426294902786
19,1,0.0,0,1,-4.99785445133322
20,1,331.741752482566,0,1,-0.781200573976029
21,1,178.138469172196,0,1,-4.92869492952033
22,1,340.676948108579,0,1,-5.42140921121026
23,1,0.0,0,1,-3.82028672400082
24,2,0.0,0,1,-3.13384913521271
25,2,0.0,0,1,-4.02180328617087
26,1,0.0,0,1,-3.04530682009636
27,1,0.0,0,1,-3.84035459878188
28,1,23.1445624584626,0,1,-7.80037116630243
29,1,263.455238874885,0,1,-2.66460322608314
30,2,0.0,0,1,-0.0683304815969184
31,2,0.0,0,1,-3.12333319531256
32,2,0.0,0,1,0.790896978154699
33,1,8.33897083364124,0,1,-5.98671063828294
34,1,0.0,0,1,-0.849769383227681
35,1,0.0,0,1,-2.95353024973217
36,1,0.0,0,1,-2.64105365558651
37,1,0.0,0,1,-2.3646870698039
38,2,0.0,0,1,0.493722721144716
39,1,62.9697962899583,0,1,-2.32946739186265
40,1,403.906359322319,0,1,-3.01832199367334
41,1,75.9600998605753,0,1,-1.84309218549592
42,1,0.0,0,1,-1.81914356791163
43,1,0.0,0,1,0.0090803781980187
44,1,0.0,0,1,-1.88343571310344
45,1,0.0,0,1,-2.8294865733862
46,1,0.0,0,1,-2.38430916416953
47,1,0.0,0,1,-2.49965751982866
48,1,316.42472118759,0,1,-2.46229304037067
49,1,0.0,0,1,-2.72770247103261
50,2,0.0,0,1,-1.40379631240739
51,1,0.0,0,1,-2.57969655325478
52,2,0.0,0,1,-1.29094858170445
53,1,0.0,0,1,-2.34534772851192
54,2,0.0,0,1,-1.63800567275044
55,1,0.0,0,1,-1.45937687952335
56,1,0.0,0,1,-0.442440772907139
57,2,0.0,0,1,-2.0559475062498
