cost_model,startup,shutdown,n_coefficients,coeff_n,coeff1,coeff0
2,0,0,3,0.0,0.0,0.0
2,0,0,3,0.004004904385129,24.7964927914429,450.118632497242
2,0,0,3,0.0020318842679439,40.7090267558604,773.066953901501
2,0,0,3,0.0,0.0,0.0
2,0,0,3,0.0,0.0,0.0
2,0,0,3,0.0,0.0,0.0
2,0,0,3,0.0,0.0,0.0
2,0,0,3,0.0,0.0,0.0
2,0,0,3,0.0028921245041582,38.6399225057832,3684.9171597334
2,0,0,3,0.0,0.0,0.0
2,0,0,3,0.0059576443914588,27.4134601821892,275.927607513045
2,0,0,3,0.0,0.0,0.0
