bus_number,bus_type,P_demand,Q_demand,voltage_mag,voltage_ang
1,2,0.0,0,1,-1.8872511637398
2,1,0.0,0,1,-3.18899783861278
3,3,0.0,0,1,0.0
4,1,0.0,0,1,0.306061723516783
5,2,0.0,0,1,-0.462088552009171
6,1,294.51808002059,0,1,-1.07324606290398
7,1,0.0,0,1,-1.38106060425359
8,1,0.0,0,1,0.764089841853254
9,1,0.0,0,1,-1.92280877181383
10,1,0.0,0,1,-1.98811015479233
11,1,0.0,0,1,-3.34996630476729
12,1,0.0,0,1,-0.228432929446332
13,2,0.0,0,1,-0.454533844315433
14,1,16.1790567539775,0,1,-1.0507009701936
15,2,0.0,0,1,0.902178839829273
16,2,0.0,0,1,-2.78215806989042
17,1,258.728391960472,0,1,-4.44955754247766
18,1,0.0,0,1,-4.16499340971415
19,2,0.0,0,1,-2.99910120693307
20,1,0.0,0,1,-3.97090275949737
21,1,0.0,0,1,-1.06266693399319
22,2,0.0,0,1,-1.04412849571913
23,1,0.0,0,1,-1.92032364448416
24,2,0.0,0,1,-2.82118720821809
25,1,369.955899751208,0,1,-2.13182570086626
26,1,0.0,0,1,-3.4259434798964
27,1,0.0,0,1,-1.61293790340103
28,1,0.0,0,1,0.418766663848957
29,1,45.835401303274,0,1,-0.875938360909059
30,2,0.0,0,1,-1.5365631050194
31,2,0.0,0,1,2.01390904739626
32,2,0.0,0,1,-2.45065720868828
33,2,0.0,0,1,3.58479733348772
34,1,6.9813404576131,0,1,-6.9727241653907
35,1,90.7336392120785,0,1,-4.66723457433169
36,1,802.436929633806,0,1,-7.11872877315503
37,2,0.0,0,1,0.889332473449621
38,1,0.0,0,1,0.482259794074452
39,2,0.0,0,1,-6.29117847119889
40,1,4.73844153863809,0,1,-3.26714662611694
41,2,0.0,0,1,-6.47489650743609
42,1,192.305533847589,0,1,-0.150859727959341
43,2,0.0,0,1,-3.84287644827119
44,1,21.6778746669297,0,1,0.146396508137641
45,1,0.0,0,1,-5.55750921583689
46,1,20.0299798680512,0,1,-7.0739451228117
47,2,0.0,0,1,-2.84915847756923
48,1,0.0,0,1,-4.97793547335694
49,1,0.0,0,1,-2.32757352409336
50,1,0.0,0,1,-4.51280360624021
51,2,0.0,0,1,-0.862816423317541
52,1,630.190024468374,0,1,-4.6794320753131
53,2,0.0,0,1,-1.7232631570399
54,1,0.0,0,1,-4.30042367336514
55,1,0.0,0,1,-3.74805370383062
56,2,0.0,0,1,-0.0032724784533361
57,1,0.0,0,1,-1.78687499038763
