bus_number,bus_type,P_demand,Q_demand,voltage_mag,voltage_ang
1,1,124.586679867629,0,1,-3.48221606741244
2,1,164.930121921087,0,1,-0.541519768711418
3,1,0.0,0,1,-1.62917092020502
4,1,9.26208504323258,0,1,-1.65469414136574
5,1,73.7852257079574,0,1,-4.52627359893167
6,2,0.0,0,1,-2.53480597767556
7,1,0.0,0,1,-1.8822226374937
8,1,715.422507316387,0,1,-1.82996961471338
9,1,0.0,0,1,-1.90264625132298
10,1,0.0,0,1,-1.29209379053002
11,1,0.0,0,1,-1.56601310432478
12,1,43.8151434961666,0,1,-4.27502085151147
13,1,0.0,0,1,-1.82368179099849
14,2,0.0,0,1,0.0484294770963835
15,1,0.0,0,1,-1.61094263261935
16,1,0.0,0,1,-0.687921033320825
17,1,421.399233411884,0,1,-0.814969563165092
18,2,0.0,0,1,-0.421542709187671
19,2,0.0,0,1,-0.635389710555809
20,1,160.298437045224,0,1,-0.808568794155458
21,1,75.8302352924854,0,1,-1.19716109110882
22,1,0.0,0,1,-0.670341879349024
23,1,0.0,0,1,-0.398537614010563
24,1,0.0,0,1,-0.596017831825751
25,1,0.0,0,1,-0.296772371818711
26,1,0.0,0,1,-0.740650827630571
27,2,0.0,0,1,-0.19523988513775
28,1,0.0,0,1,-0.178241310467105
29,2,0.0,0,1,-0.320275938089837
30,3,0.0,0,1,0.0
31,2,0.0,0,1,-0.555168538385694
32,1,0.0,0,1,-1.27047623926425
33,2,0.0,0,1,0.0098812348708338
34,1,94.5669472344219,0,1,-0.804281965564029
35,1,0.0,0,1,-0.771265954835175
36,1,0.0,0,1,-1.00659626442302
37,2,0.0,0,1,-1.04773220048693
38,1,0.0,0,1,-1.29276237313832
39,1,0.0,0,1,-1.66935477603352
40,1,0.0,0,1,-0.791133529938589
41,1,0.0,0,1,-2.77880870961863
42,1,387.460090826399,0,1,-3.51275104706676
43,2,0.0,0,1,-0.894861335039695
44,1,3.72232270155312,0,1,-3.05515687921165
45,2,0.0,0,1,1.31066537144199
46,1,20.2295357039113,0,1,-1.74373329702194
47,2,0.0,0,1,-1.15868651903573
48,2,0.0,0,1,-2.54976522423457
49,2,0.0,0,1,-1.34164106149677
50,1,0.0,0,1,-2.04226067624942
51,1,110.364550516294,0,1,-6.44574706777757
52,1,0.0,0,1,-2.03718908120478
53,2,0.0,0,1,-2.54976522423457
54,1,0.0,0,1,-2.82933470177408
55,1,0.0,0,1,-2.26929604467068
56,2,0.0,0,1,-2.43100291015201
57,1,348.63747739797,0,1,-3.6169426536188
