cost_model,startup,shutdown,n_coefficients,coeff_n,coeff1,coeff0
2,0,0,3,0.0,0.0,0.0
2,0,0,3,0.0058935279843113,28.5985616962242,471.759157950053
2,0,0,3,0.0,0.0,0.0
2,0,0,3,0.0,0.0,0.0
2,0,0,3,0.0069530756197661,44.2589705193623,2002.38377560915
2,0,0,3,0.0070341071608324,31.1714035560356,263.49481770354
2,0,0,3,0.0048371679897134,25.5782539167077,1404.63327479803
2,0,0,3,0.0,0.0,0.0
2,0,0,3,0.0,0.0,0.0
2,0,0,3,0.0,0.0,0.0
2,0,0,3,0.0,0.0,0.0
2,0,0,3,0.0,0.0,0.0
2,0,0,3,0.0,0.0,0.0
2,0,0,3,0.0031813857329046,33.1719292143869,124.170583348783
2,0,0,3,0.0,0.0,0.0
2,0,0,3,0.0067357326735128,41.2864999460429,323.627200877172
2,0,0,3,0.0024953505464771,48.6617390415053,484.616993756166
