bus_number,P_output,Q_output,voltage_mag,gen_status,P_max,P_min
1,93.9155180295897,0,1,1,93.9155180295897,0
2,614.69374483491,0,1,1,614.69374483491,0
14,510.582066417617,0,1,1,510.582066417617,0
17,26.7089599244588,0,1,1,160.225670926169,0
20,321.979991973754,0,1,1,321.979991973754,0
22,88.3340997855928,0,1,1,88.3340997855928,0
23,0.0,0,1,0,328.026252934841,0
24,0.0,0,1,0,36.5066913922769,0
26,226.4668181239,0,1,1,278.01173586204,0
39,387.069482383419,0,1,1,387.069482383419,0
43,-1.18195013799154e-17,0,1,1,199.822652513673,0
48,54.9652361328868,0,1,1,120.497221631064,0
49,0.468004445297621,0,1,1,0.468004445297622,0
50,87.9307421540363,0,1,1,395.428880196682,0
52,31.0898985123534,0,1,1,238.789079692234,0
56,133.571913070097,0,1,1,133.571913070097,0
