cost_model,startup,shutdown,n_coefficients,coeff_n,coeff1,coeff0
2,0,0,3,0.0043470939526042,36.2594305061244,501.996526778326
2,0,0,3,0.0033209192203664,45.1255133470457,217.380897653816
2,0,0,3,0.0,0.0,0.0
2,0,0,3,0.0,0.0,0.0
2,0,0,3,0.0,0.0,0.0
2,0,0,3,0.0024045520761338,37.3867858695073,499.33132088453
2,0,0,3,0.0,0.0,0.0
2,0,0,3,0.0067064431091159,33.4296868812508,1516.18253626395
2,0,0,3,0.0,0.0,0.0
2,0,0,3,0.0,0.0,0.0
2,0,0,3,0.0,0.0,0.0
2,0,0,3,0.0078115613219366,49.9135923734485,535.384323035526
2,0,0,3,0.0,0.0,0.0
2,0,0,3,0.0,0.0,0.0
2,0,0,3,0.0,0.0,0.0
2,0,0,3,0.002911843870343,54.3034203580244,748.760095072084
2,0,0,3,0.0047280126188685,33.2002291896984,418.928739841097
2,0,0,3,0.0049680260342333,41.3499241030509,78.1348467511743
2,0,0,3,0.0,0.0,0.0
2,0,0,3,0.0,0.0,0.0
2,0,0,3,0.0,0.0,0.0
2,0,0,3,0.0040623116564269,50.3962795184093,431.473468983324
