cost_model,startup,shutdown,n_coefficients,coeff_n,coeff1,coeff0
2,0,0,3,0.0,0.0,0.0
2,0,0,3,0.0064466623516553,32.6084109094515,3611.0551004894
2,0,0,3,0.005433946630468,31.0503852120338,437.582497538757
2,0,0,3,0.0,0.0,0.0
2,0,0,3,0.0,0.0,0.0
2,0,0,3,0.0,0.0,0.0
2,0,0,3,0.0058476727490549,56.2698747441523,2352.06375435741
2,0,0,3,0.0,0.0,0.0
2,0,0,3,0.0030507408839636,26.1616032997883,532.879640584681
2,0,0,3,0.0,0.0,0.0
2,0,0,3,0.0,0.0,0.0
2,0,0,3,0.0,0.0,0.0
