bus_number,P_output,Q_output,voltage_mag,gen_status,P_max,P_min
9,0.0,0,1,0,381.04316172079,0
12,853.385196586638,0,1,1,1059.3085526142,0
15,478.002734372695,0,1,1,478.002734372696,0
16,519.079465034343,0,1,1,519.079465034369,0
24,448.655931497758,0,1,1,448.655931497761,0
25,0.0,0,1,0,184.94302313526,0
27,11.8971280349528,0,1,1,11.8971280349606,0
29,82.3343306297753,0,1,1,293.143046022145,0
32,130.708348614446,0,1,1,130.708348614445,0
36,0.0,0,1,0,119.142030478311,0
38,0.0,0,1,0,383.098897322725,0
52,12.363812008516,0,1,1,12.3638120085278,0
53,5.67527946601914,0,1,1,5.67527946601481,0
55,69.167092650455,0,1,1,69.1670926504763,0
56,143.041274587001,0,1,1,166.149244451643,0
