bus_number,bus_type,P_demand,Q_demand,voltage_mag,voltage_ang
1,1,305.556165556976,0,1,-1.36026877569291
2,1,231.930385236094,0,1,0.793942748187614
3,2,0.0,0,1,1.14274413153503
4,2,0.0,0,1,1.33907451579838
5,2,0.0,0,1,1.06185002217671
6,2,0.0,0,1,0.371829702521699
7,2,0.0,0,1,0.323066728958294
8,1,100.416143678234,0,1,0.619399618463865
9,2,0.0,0,1,-0.0085653789833417
10,1,0.0,0,1,0.273648959467891
11,1,291.359375731993,0,1,-1.09944219543274
12,1,94.1082365115686,0,1,0.892417538081902
13,1,96.2042255737727,0,1,-0.627250808527932
14,1,0.0,0,1,0.588262716715709
15,2,0.0,0,1,1.04984834715082
16,1,154.27712773445,0,1,-0.19142351706103
17,2,0.0,0,1,0.0960721781873155
18,1,221.693600352248,0,1,-0.500989184158658
19,1,0.0,0,1,0.972333947928471
20,1,54.6137155800719,0,1,0.264358024568493
21,1,21.2899388821144,0,1,0.411502974308851
22,1,4.19388770673218,0,1,0.935174000623687
23,1,98.7991975618191,0,1,0.49598622786065
24,2,0.0,0,1,1.47326395372642
25,2,0.0,0,1,0.989762357006098
26,2,0.0,0,1,-0.698452886491118
27,1,0.0,0,1,-0.10575155732078
28,1,112.662306375981,0,1,-1.13178716011793
29,1,62.4819802339023,0,1,-1.73251865920185
30,1,0.0,0,1,-0.44346212156817
31,1,166.017721526593,0,1,-2.28354190363801
32,2,0.0,0,1,-1.13140074000433
33,2,0.0,0,1,-0.655907901791915
34,1,0.0,0,1,0.102288415517759
35,1,0.0,0,1,-0.905412458682025
36,2,0.0,0,1,-0.248046781987164
37,1,0.0,0,1,-1.02217308170696
38,1,0.0,0,1,-0.858949246310194
39,2,0.0,0,1,-1.18933411270414
40,1,94.3969345271199,0,1,-0.569883126915902
41,1,467.291560914622,0,1,-1.42805364427825
42,1,0.0,0,1,-0.293569177319192
43,2,0.0,0,1,-0.549556007012647
44,2,0.0,0,1,-0.15324367780428
45,1,51.0900908417808,0,1,-0.975771843718113
46,1,0.0,0,1,-0.745969386151425
47,1,36.6618165539364,0,1,-0.160122858018853
48,1,0.0,0,1,-0.940573762198562
49,1,0.0,0,1,-0.0956497512753434
50,1,54.5155298461918,0,1,-0.509960007341947
51,1,0.0,0,1,-0.39224494293674
52,2,0.0,0,1,-0.579057831250131
53,1,0.0,0,1,-0.185443419556827
54,3,0.0,0,1,0.0
55,2,0.0,0,1,0.344763945893325
56,1,2.36807908533831,0,1,1.19391794528215
57,1,32.3825734710632,0,1,-1.07290688753239
