bus_number,P_output,Q_output,voltage_mag,gen_status,P_max,P_min
1,133.148317060823,0,1,1,133.148317060824,0
2,571.001157287698,0,1,1,571.001157287703,0
3,518.013171195816,0,1,1,518.013171195817,0
6,76.3537003554707,0,1,1,76.3537003554714,0
7,4.10532580186256e-05,0,1,1,539.517096464809,0
10,53.5784665084271,0,1,1,53.5784665084278,0
11,441.497634695352,0,1,1,441.497634695353,0
14,0.0,0,1,0,425.168628215511,0
18,311.395164747703,0,1,1,311.395164747704,0
24,2.9704112693860004e-11,0,1,1,143.417021010058,0
37,258.031765116894,0,1,1,267.473787395273,0
41,73.8861972360392,0,1,1,73.8861972360398,0
43,0.0,0,1,0,44.5264030219993,0
44,0.0,0,1,0,345.996024004237,0
49,8.88330527455236,0,1,1,8.88330527455301,0
50,121.401203553025,0,1,1,121.401203553026,0
51,187.120469397512,0,1,1,187.120469397515,0
