bus_number,bus_type,P_demand,Q_demand,voltage_mag,voltage_ang
1,1,0.0,0,1,-3.02000964379457
2,1,0.0,0,1,-1.24701963443047
3,2,0.0,0,1,-2.6492154797579
4,1,0.0,0,1,-0.250630750360747
5,1,0.0,0,1,-3.42030799304745
6,1,256.69619485226,0,1,-3.49457090496261
7,1,13.678677276168,0,1,-3.14888352559312
8,2,0.0,0,1,1.58059679716072
9,3,0.0,0,1,0.0
10,1,0.0,0,1,-2.81674997699228
11,1,0.0,0,1,-2.16749138674837
12,1,0.0,0,1,-3.59722807026424
13,1,246.598832924747,0,1,-3.84750644175979
14,1,163.083843183022,0,1,-3.65231836025776
15,2,0.0,0,1,-0.31974995735659
16,1,0.0,0,1,-3.6174217164181
17,2,0.0,0,1,0.673629069316872
18,1,25.0569374503758,0,1,0.179256786941653
19,1,0.0,0,1,-2.96650542077652
20,1,859.38001684838,0,1,-3.80247666451686
21,1,0.0,0,1,-3.70199155519235
22,1,0.0,0,1,-2.59102076483111
23,2,0.0,0,1,-0.357156432369317
24,2,0.0,0,1,0.0090789383357762
25,1,0.0,0,1,-0.756269138576527
26,1,257.493463223396,0,1,-4.31535488961962
27,1,0.0,0,1,-0.902656279510843
28,1,78.0608095731457,0,1,-2.99259197987876
29,1,212.340404308143,0,1,-1.82983250594097
30,1,0.0,0,1,-2.27783688183071
31,1,0.0,0,1,-0.763193983120519
32,2,0.0,0,1,-2.87821373468312
33,1,0.0,0,1,-1.51663760845561
34,1,0.0,0,1,-1.39664343718782
35,1,31.1684290950603,0,1,-0.716394999998197
36,1,0.0,0,1,-1.84843452956127
37,1,0.0,0,1,-1.57242921094632
38,1,0.0,0,1,-3.23138292764714
39,1,102.269003489046,0,1,-2.7652685611168
40,1,0.0,0,1,-1.47255860497763
41,1,318.925461376782,0,1,-6.82843044643051
42,1,0.0,0,1,-2.04336845151798
43,2,0.0,0,1,-6.82843044643051
44,2,0.0,0,1,-0.716394999998197
45,1,50.1871757674827,0,1,-4.89307204646311
46,1,85.0641224416922,0,1,-6.3851519413272
47,1,0.0,0,1,-5.83660493228158
48,1,0.0,0,1,-3.10561495628405
49,1,0.0,0,1,-3.33688016893842
50,1,0.0,0,1,-3.21720890318385
51,2,0.0,0,1,-1.59141423609532
52,2,0.0,0,1,-2.29971345074583
53,1,54.3072216729013,0,1,-3.86071967150994
54,1,0.0,0,1,-2.98463650859644
55,2,0.0,0,1,-4.7603216984407
56,2,0.0,0,1,-2.17386716064535
57,2,0.0,0,1,-2.3059401310256
