bus_number,P_output,Q_output,voltage_mag,gen_status,P_max,P_min
1,490.928180179249,0,1,1,490.928180180977,0
2,13.2519753473053,0,1,1,13.2519753476481,0
3,221.430306682946,0,1,1,285.900986134655,0
4,121.873151071536,0,1,1,121.873151061754,0
6,71.9258510956413,0,1,1,302.066522960436,0
13,279.102899959422,0,1,1,279.1028999547,0
19,380.204222061859,0,1,1,474.630521746473,0
23,0.0,0,1,0,223.88763687154,0
24,19.593560138227,0,1,1,256.436719628319,0
30,0.0,0,1,0,71.8687426372965,0
31,0.0,0,1,0,33.5378871768654,0
33,421.566805894321,0,1,1,421.566805894793,0
42,70.5155595857138,0,1,1,164.715839431415,0
43,32.7055653295712,0,1,1,32.7055653220015,0
44,146.361384324128,0,1,1,146.361384318735,0
45,18.6782299221919,0,1,1,265.040820502092,0
46,416.425855151209,0,1,1,416.425855151265,0
49,22.0038167882487,0,1,1,234.332970222292,0
54,27.7432299476579,0,1,1,27.7432828810631,0
