bus_number,bus_type,P_demand,Q_demand,voltage_mag,voltage_ang
1,1,0.0,0,1,0.421162824321676
2,2,0.0,0,1,-6.40773064306959
3,3,0.0,0,1,0.0
4,1,43.475154500595,0,1,-0.733637255842669
5,2,0.0,0,1,0.286679486333944
6,2,0.0,0,1,-5.72410974817451
7,2,0.0,0,1,-5.10702213646261
8,2,0.0,0,1,-0.05617768807385
9,1,0.0,0,1,0.908784159455439
10,1,0.0,0,1,-6.32640346801661
11,1,0.0,0,1,-0.545179004910317
12,1,33.2657423990554,0,1,-2.99825683517874
13,1,41.802581523496,0,1,-6.97053043500735
14,1,12.1391161531426,0,1,-5.15671822046554
15,1,491.877823215245,0,1,-7.75481049818857
16,2,0.0,0,1,-2.36721879791398
17,2,0.0,0,1,-5.85123706692771
18,2,0.0,0,1,-6.08399727487435
19,1,0.0,0,1,-4.27718178770954
20,1,0.0,0,1,-7.7143025000978
21,1,324.558047183846,0,1,-3.92066193558145
22,1,279.693399660213,0,1,-5.91691522095252
23,1,251.779964026466,0,1,-7.03034512215287
24,1,0.0,0,1,-5.86592189059053
25,2,0.0,0,1,-3.49598924567998
26,1,12.9528737577851,0,1,-3.27716336679695
27,2,0.0,0,1,-0.303872445390585
28,1,0.0,0,1,-1.27111568838087
29,1,0.0,0,1,-4.00331516237023
30,1,63.6338154540439,0,1,-4.73921014835258
31,1,118.755191365792,0,1,-6.5968211293518
32,1,192.756004691585,0,1,-6.91726238575074
33,1,1.46149585187852,0,1,-1.54400604411976
34,1,80.8629217234941,0,1,-2.60372727431197
35,1,0.0,0,1,-2.44497922704851
36,1,116.782728798355,0,1,-2.90619697105074
37,1,0.159023187746526,0,1,-3.45422304453498
38,1,0.0,0,1,-5.29658089725282
39,1,106.008567138858,0,1,-6.49022683206348
40,2,0.0,0,1,-3.8897124514784
41,2,0.0,0,1,-5.4850792143357
42,1,221.034821792421,0,1,-6.83984578550538
43,2,0.0,0,1,1.7106175555352
44,1,66.6708540176929,0,1,-10.2093609663023
45,1,3.16619394052684,0,1,-3.95576198618574
46,2,0.0,0,1,-5.33292289774764
47,1,0.0,0,1,-4.87004972330525
48,2,0.0,0,1,-2.70417589290646
49,1,44.2912615557757,0,1,-1.93401055526418
50,1,46.927260974243,0,1,-6.37182746571256
51,2,0.0,0,1,-4.97522708312467
52,1,0.0,0,1,-5.81556735194739
53,1,5.86904588805414,0,1,-2.24439788530396
54,2,0.0,0,1,-3.32364235766874
55,1,0.0,0,1,-2.44999229928064
56,1,0.0,0,1,-3.28506792429547
57,1,0.0,0,1,-0.993527444482584
