bus_number,bus_type,P_demand,Q_demand,voltage_mag,voltage_ang
1,1,320.268013035675,0,1,-7.87156466031887
2,2,0.0,0,1,-0.695078415243867
3,1,184.929914722732,0,1,-5.52257958628197
4,1,0.0,0,1,-5.11898056810396
5,1,27.7787830532796,0,1,-14.3026154431305
6,1,67.434495988553,0,1,-4.37220051739558
7,1,0.0,0,1,-5.58280475808356
8,1,645.905204121937,0,1,-7.12329729732353
9,1,406.511225857264,0,1,-5.73522212473968
10,1,0.0,0,1,-5.90629388103783
11,1,0.0,0,1,-3.54629411213296
12,1,0.0,0,1,-6.41581418623781
13,1,125.234577370072,0,1,-4.63996742094706
14,1,0.0,0,1,-5.51987385160266
15,1,0.0,0,1,-5.56080177563689
16,1,0.0,0,1,-5.54751691561111
17,2,0.0,0,1,-5.13765658090578
18,1,0.0,0,1,-4.10212872167763
19,2,0.0,0,1,-2.44825442604225
20,1,0.0,0,1,-5.43121839205912
21,1,226.907717997576,0,1,-2.88477223356971
22,2,0.0,0,1,-1.39404270270872
23,1,58.7032329190436,0,1,-1.09948810991639
24,1,0.0,0,1,-5.53841373139867
25,1,0.0,0,1,-5.55711935645727
26,3,0.0,0,1,0.0
27,1,0.0,0,1,-0.527305373732794
28,1,0.0,0,1,-1.56695398052224
29,2,0.0,0,1,-1.95578432527593
30,1,21.9962002312879,0,1,-2.82727230732051
31,1,0.0,0,1,-1.30561365449598
32,2,0.0,0,1,-0.169508200595823
33,1,0.0,0,1,-1.06088416347603
34,1,76.0527898040046,0,1,-3.30376528604029
35,1,0.0,0,1,-1.78725114540381
36,2,0.0,0,1,-0.470747827851132
37,1,0.0,0,1,-0.874430470023578
38,1,0.0,0,1,-5.60130255604334
39,1,3.7658624607061,0,1,-1.64067172079076
40,1,0.0,0,1,-2.58289685983455
41,1,290.632279694671,0,1,-4.09719497652197
42,1,0.0,0,1,-2.62122942156136
43,1,149.046809622689,0,1,-8.15802348377407
44,1,29.6007005051618,0,1,-10.9741076162535
45,2,0.0,0,1,0.102084896821561
46,2,0.0,0,1,-4.16018295697068
47,1,0.0,0,1,-2.6310086697172
48,1,0.0,0,1,-4.43148179505924
49,1,0.0,0,1,-3.14613371770964
50,1,49.6096696939069,0,1,-2.71638978707495
51,1,0.0,0,1,-5.93882207635069
52,1,69.9331164040429,0,1,-2.44366828538783
53,2,0.0,0,1,-4.57584242457194
54,1,0.0,0,1,-4.52265144420744
55,2,0.0,0,1,-12.5274816393705
56,1,0.0,0,1,-3.86208187170329
57,1,0.0,0,1,-3.4978849623295
