bus_number,bus_type,P_demand,Q_demand,voltage_mag,voltage_ang
1,1,0.0,0,1,-2.38393872396393
2,3,0.0,0,1,0.0
3,1,0.0,0,1,-5.0210125167067
4,1,279.360010321126,0,1,-2.63466394338977
5,1,24.8715070537846,0,1,-11.8291195824998
6,1,0.0,0,1,-3.53400365278308
7,1,0.0,0,1,-4.23251189270526
8,1,0.0,0,1,-5.3073715910412
9,1,365.301699475978,0,1,-5.85753354019128
10,1,0.0,0,1,-4.68352371607858
11,1,0.0,0,1,-2.94257250750454
12,1,0.0,0,1,-3.72491702487669
13,1,19.6225999204729,0,1,-3.85792664981333
14,2,0.0,0,1,-1.80195030839725
15,1,100.197154937544,0,1,-4.4267498344302
16,1,0.0,0,1,-3.74178310365044
17,2,0.0,0,1,-4.06193801252155
18,2,0.0,0,1,-3.25277341968533
19,1,0.0,0,1,-3.37928647495781
20,2,0.0,0,1,-3.37195978296762
21,2,0.0,0,1,-3.81844346674576
22,1,0.0,0,1,-3.32166052218841
23,1,0.0,0,1,-3.60051052133722
24,1,0.0,0,1,-4.2577963084755
25,1,0.0,0,1,-4.62129514707977
26,2,0.0,0,1,-4.29993467269774
27,1,122.828714331571,0,1,-5.75456099335739
28,1,202.394709455736,0,1,-6.81625818853157
29,2,0.0,0,1,-4.6181152085956
30,1,68.7215234306744,0,1,-6.6304993610469
31,1,204.531565114804,0,1,-6.07482529945973
32,1,46.1728186945976,0,1,-7.68333045074103
33,1,0.0,0,1,-5.66042364585386
34,1,0.0,0,1,-5.21256260762196
35,2,0.0,0,1,-5.59239844503305
36,1,225.296327492021,0,1,-5.63753816173127
37,1,0.0,0,1,-6.46266265817786
38,2,0.0,0,1,-5.17717742758768
39,1,430.213210086029,0,1,-5.90485895575756
40,1,0.0,0,1,-5.39199119218015
41,1,92.4382327980738,0,1,-5.87148229232311
42,1,273.985434929105,0,1,-6.84207520177579
43,2,0.0,0,1,-5.24849222390538
44,1,0.0,0,1,-5.71042458957758
45,2,0.0,0,1,-6.84207520177579
46,1,0.0,0,1,-6.11651641173903
47,1,0.0,0,1,-10.5628611930792
48,1,0.0,0,1,-1.81929376219818
49,2,0.0,0,1,-0.40491249392823
50,1,48.5250952328895,0,1,-14.2333637603152
51,2,0.0,0,1,-5.42409483244367
52,2,0.0,0,1,-11.7398184598175
53,1,75.8008954781034,0,1,-4.56209375343317
54,1,0.0,0,1,-1.45278654998092
55,1,0.0,0,1,-4.6748050583008
56,1,0.0,0,1,-4.81854868830116
57,2,0.0,0,1,-4.13372335174141
