bus_number,P_output,Q_output,voltage_mag,gen_status,P_max,P_min
2,383.731189902878,0,1,1,383.731189902938,0
5,544.876788418649,0,1,1,674.561022009487,0
6,95.3211847223667,0,1,1,95.3211847224254,0
9,22.7001000397749,0,1,1,22.7001000397922,0
18,336.106989453493,0,1,1,336.106989453536,0
20,179.865258394521,0,1,1,179.86525839477,0
24,7.29005340586551,0,1,1,7.2900534059539,0
25,78.7989151107305,0,1,1,299.434173619892,0
28,0.0,0,1,0,201.155337398059,0
36,439.046154985785,0,1,1,439.046154985848,0
41,625.056208739273,0,1,1,625.056208739399,0
44,0.0,0,1,0,238.539744834479,0
47,41.5177503093068,0,1,1,41.5177503093659,0
50,0.0,0,1,0,376.572150713142,0
51,-7.552604179197319e-11,0,1,1,14.8868316080151,0
