bus_number,bus_type,P_demand,Q_demand,voltage_mag,voltage_ang
1,3,0.0,0,1,0.0
2,1,69.6947697505438,0,1,-0.367726134294206
3,1,0.0,0,1,-4.63244233081305
4,1,0.0,0,1,-4.76652084767597
5,1,0.0,0,1,-9.21920284866249
6,1,0.0,0,1,-1.72054740875802
7,1,70.7901539722072,0,1,-15.8585365560276
8,2,0.0,0,1,-3.83294119857301
9,2,0.0,0,1,-9.43785036203683
10,2,0.0,0,1,-3.8850521725298
11,1,348.883406501233,0,1,-9.85048737920497
12,2,0.0,0,1,-8.88324078336612
13,2,0.0,0,1,-7.04435890984397
14,1,0.0,0,1,-9.03748303578254
15,1,0.0,0,1,-7.71101349142505
16,1,0.0,0,1,-4.77744134824121
17,1,23.9134350564999,0,1,-9.19221219202996
18,1,244.300415576889,0,1,-9.76791679599424
19,1,0.0,0,1,-8.03537067169528
20,2,0.0,0,1,-6.58393470722628
21,2,0.0,0,1,-6.26562036086264
22,1,292.036589145388,0,1,-8.58054361395467
23,2,0.0,0,1,-6.98742818415619
24,1,14.9914128514723,0,1,-5.75019167704782
25,1,0.0,0,1,-7.6951926253619
26,1,0.0,0,1,-6.24413288893941
27,1,112.513194569714,0,1,-5.23714439004072
28,2,0.0,0,1,-6.27761106369162
29,1,0.0,0,1,-6.74487958581139
30,2,0.0,0,1,-4.99348658753812
31,1,754.108490961749,0,1,-7.91130350435347
32,1,73.8391223773333,0,1,-7.89134062006612
33,2,0.0,0,1,-2.56007679598337
34,1,8.92614877019729,0,1,-6.0100022089188
35,1,22.7843681873778,0,1,-5.6043253670592
36,2,0.0,0,1,-2.47968722729776
37,1,0.0,0,1,-1.67602524355273
38,2,0.0,0,1,-1.71298947988875
39,1,0.0,0,1,-2.08810033925735
40,1,76.52917295346,0,1,-1.36920107593748
41,1,0.0,0,1,-3.90297846904244
42,2,0.0,0,1,-2.57374174755835
43,1,0.0,0,1,-1.40375418958019
44,2,0.0,0,1,-1.76383703488392
45,1,0.0,0,1,-1.12444840011871
46,1,0.0,0,1,-2.14131523527643
47,2,0.0,0,1,-1.16280195404133
48,2,0.0,0,1,-1.43708214464887
49,1,0.0,0,1,-1.42657094595181
50,2,0.0,0,1,-3.28507003966622
51,1,0.0,0,1,-2.03602194134109
52,1,387.945757970114,0,1,-2.34433342130564
53,2,0.0,0,1,-1.52142726903886
54,2,0.0,0,1,-0.794647883390704
55,1,23.4154871222117,0,1,-4.26729049558876
56,2,0.0,0,1,-3.00466409733639
57,2,0.0,0,1,-0.213354260958756
