cost_model,startup,shutdown,n_coefficients,coeff_n,coeff1,coeff0
2,0,0,3,0.0022759625082606,32.2365375411134,2462.46185995483
2,0,0,3,0.0,0.0,0.0
2,0,0,3,0.0,0.0,0.0
2,0,0,3,0.0048890184758523,42.7171652790494,461.943518903992
2,0,0,3,0.0,0.0,0.0
2,0,0,3,0.0037591024485328,32.8907394184773,36.801439100945
2,0,0,3,0.0065602658908813,24.3483220473603,524.524496880675
2,0,0,3,0.0,0.0,0.0
2,0,0,3,0.0,0.0,0.0
2,0,0,3,0.0,0.0,0.0
2,0,0,3,0.0056465206345686,40.2676187609765,387.088414791219
2,0,0,3,0.0,0.0,0.0
2,0,0,3,0.0,0.0,0.0
2,0,0,3,0.0,0.0,0.0
2,0,0,3,0.0,0.0,0.0
2,0,0,3,0.0,0.0,0.0
2,0,0,3,0.0,0.0,0.0
2,0,0,3,0.0036169393886119,27.4795819296659,354.493032130532
2,0,0,3,0.0024799405768126,43.0511107991285,119.485454752631
2,0,0,3,0.0063623334023828,36.0679593217921,395.61139117504
2,0,0,3,0.0,0.0,0.0
2,0,0,3,0.0076696101201037,35.671693962028,52.5217219584435
2,0,0,3,0.0040428787081417,27.1381803052623,26.8312840610467
2,0,0,3,0.0,0.0,0.0
2,0,0,3,0.0,0.0,0.0
