bus_number,P_output,Q_output,voltage_mag,gen_status,P_max,P_min
4,51.7292793186345,0,1,1,51.7292793142916,0
7,640.417494729136,0,1,1,795.499529264018,0
13,429.772296400515,0,1,1,429.772296582183,0
15,347.786759754015,0,1,1,347.786759762031,0
18,221.433634753604,0,1,1,221.433634751796,0
19,116.557379273731,0,1,1,116.557379271726,0
24,28.2501756133763,0,1,1,28.2501756120731,0
25,0.0,0,1,0,222.824299630004,0
29,-5.64034755756494e-09,0,1,1,107.319611661393,0
32,166.126334341212,0,1,1,205.343635224073,0
35,0.0,0,1,0,192.548924257222,0
38,407.405544855249,0,1,1,407.405544859422,0
39,23.8025387493015,0,1,1,96.3096724500929,0
40,18.7106926771983,0,1,1,18.7106926814958,0
43,0.0,0,1,0,255.778862802033,0
46,60.1062494922001,0,1,1,60.1062494879177,0
48,126.788805129332,0,1,1,321.378457348092,0
50,33.371410134015,0,1,1,33.3714101297356,0
51,0.0,0,1,0,348.601383840543,0
53,0.0,0,1,0,1.64994849417629,0
