bus_number,bus_type,P_demand,Q_demand,voltage_mag,voltage_ang
1,1,0.0,0,1,-2.05656959157454
2,1,0.0,0,1,-2.35388597311718
3,1,304.544662286478,0,1,-6.89168543541635
4,1,114.678724242586,0,1,-3.06753706744969
5,1,0.0,0,1,-1.06911672835238
6,1,41.6970929551369,0,1,-0.344329813247827
7,1,0.0,0,1,-1.16276952451313
8,1,0.0,0,1,-3.00065800006925
9,1,0.0,0,1,-1.2285091331419
10,1,193.280987227292,0,1,-3.42978659506334
11,1,0.0,0,1,-3.47682518241744
12,1,149.159410364153,0,1,-3.91852183223626
13,1,80.7857331247318,0,1,-0.480674340441765
14,1,0.0,0,1,-0.272727453473728
15,3,0.0,0,1,0.0
16,1,0.0,0,1,-2.73287959194772
17,1,0.0,0,1,-5.0230176701292
18,2,0.0,0,1,-4.80721651174442
19,1,0.0,0,1,-1.59094779844017
20,2,0.0,0,1,-0.307709566773907
21,1,0.0,0,1,-4.94815764137062
22,1,0.0,0,1,-6.11004736912523
23,1,58.1512109351029,0,1,-3.27025123935156
24,2,0.0,0,1,-2.4298183625744
25,1,1092.27634613846,0,1,-5.65873435116212
26,2,0.0,0,1,1.38398043711771
27,1,0.0,0,1,-2.93215713179195
28,1,629.105051582161,0,1,-3.41622122468278
29,1,0.0,0,1,-1.55993956061476
30,1,0.0,0,1,-1.36448252584117
31,1,0.0,0,1,-2.60761397747608
32,2,0.0,0,1,-0.147338949485635
33,1,0.0,0,1,-4.12023533787449
34,2,0.0,0,1,1.33420580979253
35,1,0.0,0,1,0.345833041239238
36,2,0.0,0,1,5.53026944225578
37,2,0.0,0,1,-2.57081249596495
38,2,0.0,0,1,2.09168415424475
39,1,0.0,0,1,-1.16326377467447
40,1,0.0,0,1,-1.58602267402773
41,1,0.0,0,1,0.220713820314912
42,1,0.0,0,1,0.134085318221875
43,1,0.0,0,1,3.34234772442648
44,1,0.0,0,1,-1.24992347614427
45,2,0.0,0,1,-1.24992347614427
46,2,0.0,0,1,-5.74419103719201
47,1,0.0,0,1,-2.07894114895998
48,2,0.0,0,1,-2.66430601527221
49,2,0.0,0,1,0.683838694412521
50,2,0.0,0,1,-0.147898808232872
51,1,27.7518590140427,0,1,-6.49361922616391
52,2,0.0,0,1,1.56277236876014
53,1,18.2515697176407,0,1,-1.54114416466189
54,1,0.0,0,1,-1.21162749017332
55,1,0.0,0,1,-0.601034440488731
56,1,0.0,0,1,-0.755393718891403
57,1,0.0,0,1,-1.98036505192931
