bus_number,P_output,Q_output,voltage_mag,gen_status,P_max,P_min
2,624.739075532395,0,1,1,624.739075532395,0
3,140.935572471142,0,1,1,140.935572471311,0
4,325.833040595874,0,1,1,444.96077363806,0
5,12.3384668633213,0,1,1,12.3384668633269,0
11,81.1768988254692,0,1,1,81.176898825466,0
15,0.0,0,1,0,191.634160487366,0
16,0.0,0,1,0,364.184939441008,0
21,268.119270653078,0,1,1,415.4075979261,0
24,0.0,0,1,0,274.393061010678,0
31,215.914020355144,0,1,1,215.914020355144,0
41,6.41908185702732,0,1,1,6.41908185704119,0
42,63.7590141370244,0,1,1,63.7590141370233,0
43,198.958477350673,0,1,1,198.958477350674,0
47,80.2065632136222,0,1,1,80.2065632136215,0
48,0.0,0,1,0,322.727748864227,0
51,463.873728075464,0,1,1,463.873728075486,0
54,0.0,0,1,0,360.748567375395,0
