bus_number,bus_type,P_demand,Q_demand,voltage_mag,voltage_ang
1,2,0.0,0,1,-0.955580767766737
2,2,0.0,0,1,-0.640871801541413
3,1,0.0,0,1,-1.96906123456143
4,1,0.0,0,1,0.0967736640604627
5,1,0.0,0,1,0.337281848547172
6,1,410.25821542955,0,1,-1.320682680967
7,1,0.0,0,1,1.02449785062262
8,1,0.0,0,1,-0.906115992623048
9,1,0.0,0,1,-0.374757294909489
10,2,0.0,0,1,-0.778254052522251
11,1,0.0,0,1,0.32811761987967
12,3,0.0,0,1,0.0
13,2,0.0,0,1,0.742994050068307
14,2,0.0,0,1,1.72811084615629
15,1,0.0,0,1,-2.39497089841682
16,1,546.805719119047,0,1,-3.20085752987635
17,2,0.0,0,1,0.532373984495305
18,1,0.0,0,1,-0.230505343803692
19,2,0.0,0,1,-2.57076655241347
20,1,0.0,0,1,0.782319228328142
21,1,0.0,0,1,-2.69313353573198
22,1,96.8193689282304,0,1,0.467396750564037
23,1,0.0,0,1,-0.0576688555105517
24,1,0.0,0,1,-1.61765822871747
25,2,0.0,0,1,-1.76257020727819
26,1,254.262095151242,0,1,-1.85756308347156
27,1,7.08645318875655,0,1,-3.38976120060126
28,1,2.58056559322174,0,1,-1.05897381425209
29,1,242.115347248036,0,1,-0.462892537103032
30,2,0.0,0,1,-0.294023587823651
31,2,0.0,0,1,-1.63428592878941
32,2,0.0,0,1,-1.75749125963005
33,2,0.0,0,1,-1.64920597481654
34,1,710.834206580419,0,1,-7.92081673017608
35,1,68.935225981905,0,1,-0.639970358055389
36,2,0.0,0,1,0.219775261916729
37,1,0.0,0,1,-2.20481288547626
38,1,131.031046732901,0,1,-0.710329668484666
39,1,0.0,0,1,-2.71175415847444
40,1,0.0,0,1,-1.95974200778364
41,2,0.0,0,1,0.291742190671333
42,1,49.3604270185981,0,1,0.28354837618528
43,2,0.0,0,1,-0.149827229631094
44,1,15.1142199295402,0,1,1.55829527175629
45,2,0.0,0,1,1.59383173444305
46,1,0.0,0,1,0.0776615707559508
47,1,0.0,0,1,0.0734163426240374
48,1,0.0,0,1,0.95101630717135
49,2,0.0,0,1,2.73104051526405
50,2,0.0,0,1,0.643607137255722
51,2,0.0,0,1,-0.333574172112897
52,1,120.837073691756,0,1,2.29067146897719
53,1,0.0,0,1,0.919882920656789
54,2,0.0,0,1,0.970139383906496
55,1,0.0,0,1,0.0820126695483117
56,2,0.0,0,1,2.01334639566945
57,2,0.0,0,1,1.58050656531789
