bus_number,bus_type,P_demand,Q_demand,voltage_mag,voltage_ang
1,1,0.0,0,1,-11.8378156549928
2,1,332.952704598373,0,1,-15.8126204185172
3,1,259.880954484658,0,1,-16.0500941155177
4,2,0.0,0,1,-9.42206694015841
5,1,0.0,0,1,-15.0794523288105
6,2,0.0,0,1,-6.96622663550705
7,2,0.0,0,1,-14.7517247648142
8,1,0.0,0,1,-6.7589988201803
9,1,0.0,0,1,-6.11968365794592
10,1,0.0,0,1,-12.8941824881315
11,1,0.0,0,1,-5.3451360533313
12,1,0.0,0,1,-4.8812852298261
13,1,114.907437573114,0,1,-9.93824028121024
14,2,0.0,0,1,-7.60245685473006
15,2,0.0,0,1,-14.2763118399516
16,2,0.0,0,1,-5.84657719815888
17,1,0.0,0,1,-3.6246459933681
18,1,174.226495215484,0,1,-6.6490503093741
19,2,0.0,0,1,-9.00891501405951
20,2,0.0,0,1,-4.53709758099185
21,3,0.0,0,1,0.0
22,1,0.0,0,1,-3.99140759893795
23,1,0.0,0,1,-3.21810992308033
24,2,0.0,0,1,-2.49255134118329
25,1,0.0,0,1,-4.20386048757962
26,1,0.0,0,1,-3.45176809237282
27,1,0.0,0,1,-8.17047600900394
28,2,0.0,0,1,-5.44230163143689
29,1,0.0,0,1,-7.31523352092176
30,1,43.9290985639976,0,1,-5.2268387507182
31,1,0.0,0,1,-6.06206775853423
32,1,0.198094474165511,0,1,-7.34039875440979
33,2,0.0,0,1,-3.22820563672695
34,2,0.0,0,1,-3.5237812880029
35,1,4.08655039623811,0,1,-10.0975967376387
36,1,0.0,0,1,-6.22280771797969
37,1,427.09837282412,0,1,-8.4808028487275
38,1,0.0,0,1,-13.9326651473942
39,1,316.684797552475,0,1,-16.1288109801148
40,1,0.0,0,1,-7.74909504608735
41,1,0.0,0,1,-8.07635756352553
42,1,0.0,0,1,-6.5805319791868
43,2,0.0,0,1,-11.7104723156459
44,1,389.917598609373,0,1,-9.11132401265247
45,1,259.860033608239,0,1,-12.7457606758118
46,1,0.0,0,1,-7.88516665505534
47,1,0.0,0,1,16.2294993285123
48,1,107.393313624965,0,1,12.3574562592027
49,1,0.0,0,1,3.58352340092319
50,2,0.0,0,1,-14.9186356938767
51,1,166.518777388169,0,1,-15.079002305483
52,2,0.0,0,1,27.2864862128024
53,1,0.0,0,1,-10.9000753990461
54,1,0.0,0,1,-11.3311011071415
55,2,0.0,0,1,-8.61303958480693
56,1,0.0,0,1,21.6460659668184
57,1,156.65636456923,0,1,-9.04899836543735
