bus_number,bus_type,P_demand,Q_demand,voltage_mag,voltage_ang
1,1,0.0,0,1,-0.421922235059141
2,1,5.71336082687842,0,1,-2.70090055993136
3,1,0.0,0,1,-1.52192860593408
4,1,0.0,0,1,-2.72632029542648
5,1,0.0,0,1,-7.42506928579109
6,1,235.561049073191,0,1,-14.1701103730711
7,2,0.0,0,1,-3.0642204837849
8,3,0.0,0,1,0.0
9,2,0.0,0,1,-1.11339625938502
10,1,191.671300337204,0,1,-8.18684711980332
11,1,282.531333225655,0,1,-11.8789465298241
12,2,0.0,0,1,-1.05334402951406
13,1,615.732040456843,0,1,-9.25834522961569
14,1,0.0,0,1,-7.52657128074233
15,1,0.0,0,1,-8.44714496873952
16,2,0.0,0,1,-2.40828531990155
17,1,0.0,0,1,-7.48409332881157
18,2,0.0,0,1,-7.46263139079709
19,1,492.72771848522,0,1,-11.2501952302364
20,1,0.0,0,1,-8.66809182973791
21,2,0.0,0,1,-0.679090110558414
22,1,0.0,0,1,-8.67653264164569
23,1,0.0,0,1,-9.12504279384691
24,1,0.0,0,1,-10.673158128666
25,1,0.0,0,1,-7.52179162656898
26,2,0.0,0,1,-7.07978027000002
27,1,0.0,0,1,-6.11850115165449
28,2,0.0,0,1,-6.82247386406567
29,1,0.0,0,1,-0.678907146245471
30,1,187.632414462881,0,1,-7.14737387348944
31,1,174.443464103765,0,1,-10.4025772232326
32,1,0.0,0,1,-8.05505023967492
33,1,11.973559214227,0,1,-6.90284993534034
34,1,0.0,0,1,-6.86215611167359
35,1,42.7954480583659,0,1,-9.41849039426397
36,2,0.0,0,1,-10.3280300018445
37,1,0.0,0,1,-7.68302012678832
38,1,0.0,0,1,-7.63227615200791
39,2,0.0,0,1,0.163456404557702
40,1,0.0,0,1,-8.14745650541775
41,1,0.0,0,1,-8.8838196977657
42,1,0.0,0,1,-3.36440449804333
43,1,86.996566583852,0,1,-2.17329259265846
44,1,412.404761575583,0,1,-4.53885260317962
45,1,0.0,0,1,-3.59779452293724
46,1,14.127577078936,0,1,-8.55092488744314
47,1,0.0,0,1,-3.27219432336578
48,1,0.0,0,1,-4.60901180430802
49,1,0.0,0,1,-7.47718467340706
50,1,0.0,0,1,-7.06929435418725
51,2,0.0,0,1,-1.57845765120534
52,1,0.0,0,1,-4.19172059384563
53,2,0.0,0,1,-3.91986021073911
54,1,0.0,0,1,-3.17912763708973
55,1,0.0,0,1,-4.65740143353994
56,1,0.0,0,1,-5.45086222145904
57,1,0.0,0,1,-6.48187154249925
