bus_number,bus_type,P_demand,Q_demand,voltage_mag,voltage_ang
1,2,0.0,0,1,-1.26698801514304
2,1,0.0,0,1,-3.85636958748652
3,1,256.057400895285,0,1,-6.06894195832569
4,2,0.0,0,1,-4.04578929220513
5,1,0.0,0,1,-0.509116748761695
6,1,0.0,0,1,-4.41619479876756
7,2,0.0,0,1,-2.22564505030993
8,1,40.1001402286532,0,1,-4.59763889415451
9,1,24.4042315180809,0,1,-6.8203558056582
10,1,0.0,0,1,-3.88071042331861
11,1,66.869127189973,0,1,-4.55997474255257
12,2,0.0,0,1,-5.56971546615247
13,2,0.0,0,1,-2.53521825929023
14,1,0.0,0,1,-4.48670235103116
15,2,0.0,0,1,-0.254551573652547
16,1,0.0,0,1,-1.70793717942317
17,1,0.0,0,1,-3.09466952288164
18,1,0.0,0,1,-1.27566204870435
19,1,0.0,0,1,-5.85419489276551
20,1,0.0,0,1,-4.87760682685649
21,1,0.0,0,1,-3.32907933785351
22,1,0.0,0,1,-2.4110978497057
23,2,0.0,0,1,-4.9416451650407
24,1,45.5542941802371,0,1,-8.44331493025456
25,1,0.0,0,1,-2.81438044978389
26,1,0.0,0,1,-5.67979795828937
27,2,0.0,0,1,-4.78861701123935
28,1,0.0,0,1,-3.08821070071281
29,1,39.5037876030922,0,1,-4.09951121179113
30,1,0.0,0,1,-2.17598400071671
31,2,0.0,0,1,-0.664342772489635
32,3,0.0,0,1,0.0
33,1,560.715399403321,0,1,-5.66929039041435
34,1,0.0,0,1,-4.42011023223321
35,1,0.0,0,1,-2.94114185932003
36,1,0.0,0,1,-2.80276182038794
37,2,0.0,0,1,-2.24002290797093
38,2,0.0,0,1,-6.13300326255383
39,1,82.9947310586529,0,1,-4.13674585757257
40,1,0.0,0,1,-1.72607071775132
41,2,0.0,0,1,-2.38641884876146
42,1,218.162073412633,0,1,-3.89243216683021
43,1,0.0,0,1,-4.18719178948712
44,1,523.603230627365,0,1,-3.43567226273969
45,1,75.6106386408832,0,1,-2.36766418191041
46,1,48.9727849048532,0,1,-5.48644728189928
47,1,0.0,0,1,-2.65244965469497
48,1,119.254889120934,0,1,-7.65565332417843
49,2,0.0,0,1,-2.74532609650467
50,2,0.0,0,1,-0.0833913753337026
51,2,0.0,0,1,-2.22320009148871
52,1,420.039485217425,0,1,-4.91556562573426
53,2,0.0,0,1,-3.73678804792739
54,1,232.468379481213,0,1,-3.04163276942688
55,2,0.0,0,1,-1.25447898591308
56,1,0.0,0,1,-0.933488204564461
57,2,0.0,0,1,-4.40274414871282
