bus_number,bus_type,P_demand,Q_demand,voltage_mag,voltage_ang
1,1,0.0,0,1,-6.42732910951269
2,1,0.0,0,1,-2.15851755493972
3,2,0.0,0,1,-2.58891214523274
4,2,0.0,0,1,-0.873151157039627
5,1,0.0,0,1,-2.792003345678
6,2,0.0,0,1,-1.78283032953707
7,1,0.0,0,1,-5.70403090900885
8,1,0.0,0,1,-4.54810367873294
9,2,0.0,0,1,-3.66378533286663
10,1,0.0,0,1,2.71063729880032
11,1,280.679598531194,0,1,-2.95121791668756
12,2,0.0,0,1,3.59466039422791
13,2,0.0,0,1,0.228637299187105
14,1,0.0,0,1,-3.34121856592345
15,2,0.0,0,1,4.41367132498007
16,2,0.0,0,1,3.97370602306722
17,1,0.0,0,1,0.897491805211492
18,1,0.0,0,1,-0.660081517447528
19,1,7.71790589213363,0,1,-1.50878796284685
20,1,0.0,0,1,2.79251197382778
21,3,0.0,0,1,0.0
22,2,0.0,0,1,0.102316366206258
23,2,0.0,0,1,-0.0725032604249562
24,1,0.0,0,1,-1.71935783731973
25,2,0.0,0,1,-0.41048623001036
26,1,361.607523762875,0,1,-1.16518060762945
27,1,54.9416520587589,0,1,-2.25533251830542
28,1,406.719765192189,0,1,-5.14654532457345
29,1,0.0,0,1,-0.999305319906219
30,2,0.0,0,1,-3.97151217534542
31,1,0.0,0,1,-4.8709387901095
32,1,0.0,0,1,-1.13648927236164
33,1,465.358969843273,0,1,-4.3124293148132
34,2,0.0,0,1,-2.21499277686991
35,2,0.0,0,1,-4.14063520207272
36,2,0.0,0,1,-3.3262958704718
37,2,0.0,0,1,-4.60432407980087
38,1,445.975548822703,0,1,-3.54943175821788
39,1,0.0,0,1,-3.54790704543127
40,1,0.0,0,1,-3.21792816481554
41,1,114.487362686365,0,1,-7.51630336947814
42,1,0.0,0,1,-2.97387449397219
43,1,0.0,0,1,-2.55516173858725
44,1,0.0,0,1,-3.83309203483468
45,2,0.0,0,1,-1.27278647507733
46,1,0.0,0,1,-2.62610612319889
47,2,0.0,0,1,-2.60914655572195
48,1,0.0,0,1,-3.26038855809541
49,1,0.0,0,1,-3.40034941225101
50,1,0.0,0,1,-2.79388075476857
51,1,106.142648360654,0,1,-4.21767019461781
52,2,0.0,0,1,-1.8896884176066
53,1,0.0,0,1,-2.19715850854699
54,1,627.901481349549,0,1,-6.95526976835846
55,2,0.0,0,1,-5.48937307003369
56,1,0.0,0,1,-5.93740519667711
57,2,0.0,0,1,-1.86595752091624
