bus_number,bus_type,P_demand,Q_demand,voltage_mag,voltage_ang
1,1,0.0,0,1,-0.0735190932205934
2,3,0.0,0,1,0.0
3,2,0.0,0,1,-0.275118622108954
4,2,0.0,0,1,-0.271335225635105
5,1,0.0,0,1,-0.446400194026727
6,1,0.0,0,1,-1.35723966848577
7,1,0.0,0,1,-0.943921276547367
8,2,0.0,0,1,-1.70548282704925
9,1,0.0,0,1,-1.64751246688196
10,1,0.0,0,1,-0.4827580594385
11,1,386.940752974082,0,1,-0.23711594839568
12,1,48.1041370922746,0,1,-2.18872929790336
13,2,0.0,0,1,-1.63825025377511
14,1,35.3188712092192,0,1,-1.58957152975314
15,2,0.0,0,1,-1.87176411732121
16,1,360.435652965124,0,1,-0.687135672302669
17,1,0.0,0,1,-1.30043459167474
18,1,0.0,0,1,-1.21958163156994
19,2,0.0,0,1,-2.18872929790336
20,1,230.192122463343,0,1,-2.44103757189808
21,1,135.187493059559,0,1,-1.72394842233927
22,1,253.831461098997,0,1,-1.02071943523626
23,1,0.0,0,1,-0.458050918279002
24,2,0.0,0,1,0.148860978840727
25,1,317.117649776831,0,1,-0.601908321464707
26,1,0.0,0,1,-1.74085020208015
27,1,221.050467110478,0,1,-2.20035330633289
28,2,0.0,0,1,-1.10784124739939
29,1,0.0,0,1,-0.625718964824647
30,1,0.0,0,1,-1.98217222505383
31,1,165.917203806595,0,1,-1.18749181252616
32,1,0.0,0,1,-1.18553896788487
33,1,0.0,0,1,-0.515304405349606
34,1,0.0,0,1,-1.18449344455228
35,1,10.2364388260378,0,1,-0.679126884692166
36,2,0.0,0,1,-0.407091510707568
37,1,0.0,0,1,-1.86522312084367
38,1,0.0,0,1,-0.873626949718734
39,1,0.0,0,1,-0.459830275281156
40,1,0.0,0,1,-0.347257630372577
41,1,230.927898161654,0,1,-0.823538870049211
42,1,0.0,0,1,-0.821613779983552
43,1,0.0,0,1,-0.410111995155373
44,1,0.0,0,1,-0.78382586194897
45,1,0.0,0,1,-0.662017920278753
46,1,0.0,0,1,-0.669913077237681
47,1,0.0,0,1,-0.47446368432597
48,1,0.0,0,1,-0.279170349767743
49,1,94.0081270074068,0,1,-0.141297181528584
50,2,0.0,0,1,-0.386368929547888
51,1,0.0,0,1,-1.64877472319103
52,1,0.0,0,1,-1.44525144455738
53,1,0.0,0,1,-1.36303228923832
54,2,0.0,0,1,-1.45848716867342
55,1,0.0,0,1,-1.3798302865718
56,2,0.0,0,1,-1.4616351891507
57,1,0.0,0,1,-1.51177157556939
