bus_number,bus_type,P_demand,Q_demand,voltage_mag,voltage_ang
1,1,0.0,0,1,-4.12374414588462
2,1,0.0,0,1,-1.85719795431896
3,3,0.0,0,1,0.0
4,2,0.0,0,1,-0.124587991244804
5,1,226.265722889004,0,1,-9.58509594711476
6,1,0.0,0,1,-0.368974656801172
7,2,0.0,0,1,-3.64600114401109
8,1,0.0,0,1,-3.69394989356862
9,2,0.0,0,1,-0.0681097117492125
10,2,0.0,0,1,-2.58244716929842
11,1,0.0,0,1,-7.55029913401207
12,2,0.0,0,1,-2.26737780153935
13,1,184.548796341845,0,1,-4.12771205977573
14,1,0.0,0,1,-5.93962979197492
15,2,0.0,0,1,-3.69394989356862
16,1,0.0,0,1,-7.03913677131627
17,1,0.0,0,1,-6.99138068903414
18,1,119.933882229004,0,1,-4.8743690417926
19,1,0.0,0,1,-6.99138068903414
20,1,211.687760652883,0,1,-7.68999663098672
21,1,0.0,0,1,-6.99138068903414
22,1,0.0,0,1,-6.06483876245777
23,1,52.9747098553487,0,1,-2.41519193563417
24,1,75.7832587942056,0,1,-5.4939838628391
25,1,0.0,0,1,-6.99138068903413
26,1,0.0,0,1,-4.07167608054042
27,1,114.275838785929,0,1,-6.41164758014738
28,2,0.0,0,1,-6.40920236810044
29,1,0.0,0,1,-5.36116033767403
30,1,0.0,0,1,-3.53020209317436
31,1,92.0053232546062,0,1,-6.9545830506407
32,2,0.0,0,1,-5.25438746474429
33,1,45.6816813543034,0,1,-4.23931161830153
34,2,0.0,0,1,-4.07167608054042
35,1,83.0707790650633,0,1,-7.5543420811033
36,2,0.0,0,1,-4.51424740288015
37,1,189.971398027721,0,1,-6.47835382902556
38,1,8.04013305393297,0,1,-3.02302152737084
39,2,0.0,0,1,-6.18043005264317
40,1,85.142591584755,0,1,-2.73117222125675
41,1,0.0,0,1,-7.59071770846624
42,1,0.0,0,1,-4.62468654050071
43,1,19.1345966908482,0,1,-2.90315241353691
44,1,117.951030214211,0,1,-7.62174294145929
45,1,393.638596802101,0,1,-4.05814877755257
46,1,0.0,0,1,-4.99717124857544
47,1,0.0,0,1,-4.00108845904469
48,2,0.0,0,1,-1.82687185260226
49,2,0.0,0,1,-5.59287506618625
50,2,0.0,0,1,-4.67271877208329
51,1,0.0,0,1,-3.12098860115738
52,1,0.0,0,1,-1.6470514766003
53,1,375.888382080488,0,1,-4.67271877208329
54,1,0.0,0,1,-2.67405169379508
55,1,0.0,0,1,-3.64600114401109
56,1,0.0,0,1,-4.43046079826995
57,1,155.075568788338,0,1,-0.941632860554254
