bus_number,bus_type,P_demand,Q_demand,voltage_mag,voltage_ang
1,1,0.0,0,1,-0.191659570853446
2,1,0.0,0,1,-2.07177677861209
3,1,0.0,0,1,-3.99738103981463
4,1,0.0,0,1,-2.21623005091984
5,1,0.0,0,1,-2.56449898727847
6,1,0.0,0,1,-0.638189140495964
7,2,0.0,0,1,-0.604511707901004
8,3,0.0,0,1,0.0
9,1,0.0,0,1,-1.89646392157456
10,1,5.35314480486933,0,1,-1.82844031362067
11,1,0.0,0,1,-1.44432737864468
12,2,0.0,0,1,-2.23519801013228
13,1,69.9433904022697,0,1,-6.07569430598072
14,1,0.0,0,1,-4.4608315718029
15,2,0.0,0,1,-0.977096273610807
16,1,0.0,0,1,-2.3985713916443
17,1,409.786612387587,0,1,0.56977550663357
18,1,0.0,0,1,-3.26157657186836
19,2,0.0,0,1,-0.391490183372243
20,1,12.8738971811469,0,1,-3.2229029656678
21,1,0.0,0,1,-3.75307327454225
22,1,1189.38581471023,0,1,-4.61568687005694
23,1,0.0,0,1,-4.43286378024322
24,1,0.0,0,1,-4.50394062127224
25,1,42.5454125941862,0,1,-4.19648064134605
26,1,0.0,0,1,1.41785884769791
27,1,0.0,0,1,-1.45920051425994
28,1,0.0,0,1,-4.5231047471478
29,1,0.0,0,1,-0.246657547512938
30,1,0.0,0,1,-4.28655950961342
31,1,472.107233537143,0,1,-3.57108567133061
32,2,0.0,0,1,2.08269686425464
33,1,0.0,0,1,-2.99591221638369
34,1,64.8474007248043,0,1,0.979921440304998
35,1,0.0,0,1,-1.18470236093913
36,2,0.0,0,1,2.82233281241345
37,1,78.9990916634676,0,1,15.2287617360238
38,1,223.059823214288,0,1,-0.335769182988993
39,2,0.0,0,1,18.3326323244923
40,1,0.0,0,1,0.466556933816254
41,1,0.0,0,1,5.12975299301117
42,1,0.0,0,1,1.42853446767083
43,2,0.0,0,1,1.42387480520211
44,2,0.0,0,1,2.24475765783086
45,2,0.0,0,1,-1.43120355477043
46,1,139.498310586619,0,1,-1.96561229323791
47,1,0.0,0,1,9.9549270781218
48,1,0.0,0,1,-1.22933224219782
49,2,0.0,0,1,-2.17731992465428
50,1,0.0,0,1,0.491339293214075
51,2,0.0,0,1,1.00497412025468
52,1,14.8288136387389,0,1,-1.7369428525372
53,1,0.0,0,1,-1.1293081709186
54,1,0.0,0,1,-2.05731676421766
55,1,0.0,0,1,-0.354665059744067
56,1,31.0816480372545,0,1,-0.8248463509036
57,1,0.0,0,1,-0.978612214886265
