bus_number,bus_type,P_demand,Q_demand,voltage_mag,voltage_ang
1,1,271.225415887476,0,1,-1.6999050207079
2,2,0.0,0,1,-0.314664522274816
3,2,0.0,0,1,7.03240490329409
4,1,61.0070108219587,0,1,-0.464497792945878
5,1,447.322012112161,0,1,-0.472049387858026
6,1,0.0,0,1,-1.5262110876083
7,1,2.53738604694125,0,1,1.56288198092677
8,1,0.0,0,1,-0.927155059094852
9,3,0.0,0,1,0.0
10,1,0.0,0,1,7.25904833756737
11,1,0.0,0,1,6.81196259182779
12,1,0.0,0,1,0.80359403953088
13,2,0.0,0,1,10.3894116940011
14,1,0.0,0,1,3.37384247647789
15,2,0.0,0,1,8.8597199730092
16,1,0.0,0,1,2.09027223471037
17,2,0.0,0,1,9.37345742098538
18,1,0.0,0,1,6.45342413571931
19,1,0.0,0,1,5.79429124904114
20,1,0.0,0,1,8.65068579828753
21,1,0.0,0,1,4.56915188078129
22,1,0.0,0,1,8.49684351366557
23,1,205.92655231139,0,1,8.18330168265745
24,1,351.954968084749,0,1,7.25903728209377
25,1,0.0,0,1,6.9039819328204
26,1,115.838967446127,0,1,5.46734964792991
27,1,0.0,0,1,8.99030093877923
28,1,0.0,0,1,7.24948557675157
29,1,0.0,0,1,7.25776238917342
30,1,0.0,0,1,7.46858543941794
31,2,0.0,0,1,8.11257358016345
32,1,83.4254365774584,0,1,7.77685863145108
33,1,20.1693682647729,0,1,7.18642437549687
34,1,253.943297362472,0,1,6.34798866410588
35,1,0.0,0,1,6.93713343811151
36,2,0.0,0,1,7.31284176578938
37,1,0.0,0,1,6.847733504209
38,1,0.0,0,1,6.90486833144606
39,1,0.0,0,1,7.55835459754843
40,1,40.1607686650987,0,1,6.15574076362569
41,2,0.0,0,1,6.4485345207712
42,1,0.0,0,1,7.14729728406053
43,1,0.0,0,1,7.05406756968338
44,2,0.0,0,1,8.06827006102241
45,1,340.887165985015,0,1,-0.865181947028793
46,1,0.0,0,1,6.83519846589116
47,1,0.0,0,1,7.31274179050926
48,1,66.6808915024135,0,1,5.66544833862498
49,2,0.0,0,1,-0.246274763097518
50,1,121.474505311324,0,1,5.95132781084992
51,1,10.5617571426546,0,1,3.69554618306858
52,1,306.075376719654,0,1,-1.15232204865025
53,1,0.0,0,1,-0.404637278051535
54,1,55.1197132409355,0,1,-0.0526214189853726
55,1,0.0,0,1,0.227385209035304
56,2,0.0,0,1,-0.0574211907126914
57,2,0.0,0,1,-0.0123044711003947
