bus_number,bus_type,P_demand,Q_demand,voltage_mag,voltage_ang
1,1,188.765603715634,0,1,-2.41394030011515
2,1,0.0,0,1,-0.202401146547325
3,3,0.0,0,1,0.0
4,1,0.0,0,1,-1.20957601144055
5,1,0.0,0,1,-0.975698705148143
6,1,144.445574845998,0,1,-0.0947830369977487
7,1,102.770874473089,0,1,-3.20236902095983
8,1,0.0,0,1,-0.412409582653531
9,1,0.0,0,1,-3.4937595981653
10,1,0.0,0,1,-1.03871115235998
11,2,0.0,0,1,-1.89643758266998
12,2,0.0,0,1,1.89685237686741
13,1,0.0,0,1,-2.58009303693171
14,1,0.0,0,1,-0.748223696367498
15,1,0.0,0,1,-3.66183864381131
16,1,0.0,0,1,-1.63049429725142
17,1,42.2390912131292,0,1,-0.688320077462502
18,1,0.0,0,1,-0.268421305297387
19,1,91.7114410586212,0,1,-0.539271899098488
20,1,56.8879803367673,0,1,-2.00046346319372
21,1,0.0,0,1,-1.57528135433446
22,1,347.285616917148,0,1,-3.92983436950063
23,1,0.0,0,1,-1.61972576112152
24,1,0.0,0,1,-3.1328303896195
25,1,18.3697666735899,0,1,-4.36568816226811
26,1,0.0,0,1,-2.45397283418444
27,1,0.0,0,1,-1.1667073607031
28,1,792.911006595765,0,1,-1.81962534423674
29,2,0.0,0,1,-0.958632244242198
30,2,0.0,0,1,0.0560320016363054
31,1,0.0,0,1,-1.14004994966489
32,2,0.0,0,1,-1.37123458940902
33,1,0.0,0,1,-1.29077476148608
34,1,0.0,0,1,-1.46016617103099
35,1,156.637904084745,0,1,-1.31654052461745
36,2,0.0,0,1,-0.593951204558513
37,1,69.346007165535,0,1,-0.971277349394263
38,2,0.0,0,1,-0.51090586189233
39,1,149.279385350631,0,1,-1.04964540938731
40,2,0.0,0,1,0.124611239418537
41,1,476.671650775145,0,1,-2.41350547633336
42,1,91.7152473666514,0,1,-2.0792360652594
43,1,0.0,0,1,-1.63501093882383
44,2,0.0,0,1,-1.69708840069813
45,1,25.2734429101527,0,1,-0.254944175408092
46,1,0.0,0,1,-1.21237495300528
47,1,0.0,0,1,-0.475261243498691
48,1,0.0,0,1,-1.56411684705454
49,1,0.0,0,1,-0.846332957098094
50,2,0.0,0,1,-0.806951483741706
51,1,0.0,0,1,-2.35443855392275
52,1,0.0,0,1,-0.880077427221078
53,1,0.0,0,1,-1.38438313418663
54,1,0.0,0,1,-0.844776467027776
55,2,0.0,0,1,-0.757087701830883
56,1,0.0,0,1,-1.93246643879775
57,1,0.0,0,1,-1.38795592361807
