bus_number,bus_type,P_demand,Q_demand,voltage_mag,voltage_ang
1,2,0.0,0,1,-0.375384550022591
2,3,0.0,0,1,0.0
3,1,0.0,0,1,-3.93425530271122
4,1,282.081130270719,0,1,-8.86580099835257
5,1,0.0,0,1,-3.62063067988915
6,1,40.57152999629,0,1,-3.73359408472711
7,2,0.0,0,1,7.48616911155423
8,1,68.2714660637759,0,1,-1.92519580766625
9,1,0.0,0,1,-3.14944174161672
10,2,0.0,0,1,-1.60865847430822
11,1,0.0,0,1,0.387926611175171
12,1,11.6963689028145,0,1,-3.96766814524947
13,1,0.0,0,1,-3.03425990046699
14,2,0.0,0,1,0.465636604724721
15,2,0.0,0,1,-4.53770988208812
16,1,0.0,0,1,-4.19199477109806
17,1,36.1317022891227,0,1,-2.69287840615164
18,1,109.264953806228,0,1,-7.42696704509993
19,1,0.0,0,1,-0.946247200446935
20,1,0.0,0,1,-2.95593679549572
21,1,190.987250980264,0,1,-5.29998630569894
22,1,0.0,0,1,-1.96925986843571
23,1,0.0,0,1,-3.25463547791281
24,2,0.0,0,1,-4.6794535988574
25,1,49.9135512808703,0,1,-6.83372368757728
26,1,165.506706847467,0,1,-2.86721226027075
27,1,0.0,0,1,-3.43706510855693
28,1,0.0,0,1,-0.675631578910646
29,2,0.0,0,1,7.77341875404837
30,1,0.0,0,1,-4.76479511223903
31,1,0.0,0,1,-1.31386442343135
32,1,0.0,0,1,-0.228940215682045
33,1,0.0,0,1,1.26848349824349
34,1,0.0,0,1,2.16678324258329
35,1,0.0,0,1,2.62583144299975
36,2,0.0,0,1,0.253643445571795
37,1,0.0,0,1,7.54027276433864
38,2,0.0,0,1,2.44260305339595
39,1,0.0,0,1,3.13707016159964
40,1,0.0,0,1,-3.04011323385994
41,1,102.031859541686,0,1,2.1026946970807
42,1,0.0,0,1,0.0528197854755586
43,2,0.0,0,1,10.5384103206319
44,2,0.0,0,1,4.6697351984939
45,1,0.0,0,1,-5.15202544620383
46,1,144.349053187712,0,1,-5.62112770720351
47,1,0.0,0,1,5.02877665803585
48,1,0.0,0,1,-0.0998805098089227
49,2,0.0,0,1,-2.66779102593978
50,2,0.0,0,1,-6.1648958385003
51,1,648.047947940137,0,1,-6.1648958385003
52,1,402.451849202137,0,1,-5.6888993746689
53,1,162.479798330642,0,1,-5.74340139583027
54,2,0.0,0,1,-4.53891690877404
55,1,0.0,0,1,-5.33339381669146
56,1,0.0,0,1,-4.21169674408063
57,1,168.434882359049,0,1,-2.56884673710207
