bus_number,bus_type,P_demand,Q_demand,voltage_mag,voltage_ang
1,1,0.0,0,1,-0.235125999002549
2,2,0.0,0,1,-3.10972098099838
3,2,0.0,0,1,-1.25768311546877
4,2,0.0,0,1,-0.927695076498078
5,1,0.0,0,1,-2.97327421492742
6,1,52.9843185548569,0,1,-3.38900876597054
7,1,0.0,0,1,-4.64811083471777
8,2,0.0,0,1,-0.563059406127219
9,1,23.8613690375129,0,1,-2.45934239084851
10,2,0.0,0,1,-1.07871873458095
11,3,0.0,0,1,0.0
12,1,0.0,0,1,-6.14500328871516
13,1,0.0,0,1,-3.11199032587944
14,1,0.0,0,1,-1.34186561659061
15,2,0.0,0,1,-2.9106587883115
16,1,193.726730594397,0,1,-0.883446719816438
17,1,0.0,0,1,-5.29589621688367
18,1,0.0,0,1,-0.975049924492673
19,1,579.509376319683,0,1,-6.71134255720474
20,1,0.0,0,1,0.051460514761693
21,1,0.0,0,1,0.478286902894966
22,1,171.430577501682,0,1,-5.39239917771591
23,1,0.0,0,1,-0.0692640976506037
24,1,0.0,0,1,-3.7204897654853
25,2,0.0,0,1,-0.324434795712669
26,2,0.0,0,1,-5.92132643489213
27,1,193.009584182391,0,1,-5.976943921634
28,1,0.0,0,1,-1.81024956623977
29,2,0.0,0,1,2.27318655865782
30,1,0.0,0,1,-2.3091484334904
31,2,0.0,0,1,-4.21513773645029
32,1,0.0,0,1,-2.51055929652093
33,1,0.0,0,1,-2.98589497591949
34,1,218.317511394971,0,1,-4.1551258850344
35,2,0.0,0,1,1.85467263749247
36,1,0.0,0,1,-0.318189288372315
37,2,0.0,0,1,-4.13696340599437
38,1,0.0,0,1,-2.62365047395903
39,1,0.0,0,1,-2.96861130858652
40,1,58.2715410560467,0,1,-4.59695328503766
41,2,0.0,0,1,1.01565517170637
42,2,0.0,0,1,-4.59695328503766
43,2,0.0,0,1,-2.25097019563258
44,2,0.0,0,1,-0.0036941595986532
45,1,1251.3156913336,0,1,-4.37679096005538
46,1,0.0,0,1,-2.25097019563258
47,2,0.0,0,1,0.511489840826647
48,1,0.0,0,1,-2.64391613375616
49,2,0.0,0,1,-4.32059210781863
50,2,0.0,0,1,-2.50185053861252
51,2,0.0,0,1,-2.76996963326956
52,1,0.0,0,1,-2.89089822129424
53,1,0.0,0,1,-2.43622501276126
54,2,0.0,0,1,-3.42745628426901
55,2,0.0,0,1,-2.76996963326956
56,2,0.0,0,1,-3.41590450055745
57,1,11.8838935074622,0,1,-1.95149374371568
