bus_number,P_output,Q_output,voltage_mag,gen_status,P_max,P_min
2,0.0,0,1,0,374.317406944765,0
4,33.6538055452945,0,1,1,33.6538055458169,0
19,385.054163948214,0,1,1,385.054163952063,0
20,149.908524413713,0,1,1,149.908524414129,0
21,133.91119569717,0,1,1,133.911195698601,0
23,347.091069097729,0,1,1,982.541796787652,0
25,336.010640076434,0,1,1,336.010640076559,0
28,0.0,0,1,0,273.901565805918,0
30,583.344429229712,0,1,1,583.344429231007,0
34,0.0,0,1,0,224.397453492501,0
37,38.4855132372682,0,1,1,38.4855132378174,0
39,186.920031666289,0,1,1,186.920031666505,0
42,559.931220570779,0,1,1,559.931220570986,0
