cost_model,startup,shutdown,n_coefficients,coeff_n,coeff1,coeff0
2,0,0,3,0.0058089143061481,23.2870481417768,2535.67823816662
2,0,0,3,0.0037146030431879,40.9232805875157,104.72409622954
2,0,0,3,0.0,0.0,0.0
2,0,0,3,0.0073797672342893,47.9238327225119,138.29247992903
2,0,0,3,0.0071058054921038,52.544215049149,497.083689038038
2,0,0,3,0.0044404040033164,25.0612057540743,86.0419404721553
2,0,0,3,0.005385991363925,38.1937091247374,509.17724424961
2,0,0,3,0.0,0.0,0.0
2,0,0,3,0.0,0.0,0.0
2,0,0,3,0.0,0.0,0.0
2,0,0,3,0.0,0.0,0.0
2,0,0,3,0.0,0.0,0.0
2,0,0,3,0.0,0.0,0.0
2,0,0,3,0.0,0.0,0.0
2,0,0,3,0.0,0.0,0.0
2,0,0,3,0.0,0.0,0.0
2,0,0,3,0.0,0.0,0.0
2,0,0,3,0.0064114099592106,35.0792739227317,144.872964039572
2,0,0,3,0.0,0.0,0.0
2,0,0,3,0.0052257531892945,24.2722005820786,137.274513326201
