bus_number,bus_type,P_demand,Q_demand,voltage_mag,voltage_ang
1,1,0.0,0,1,-0.190098742630851
2,2,0.0,0,1,-0.132274518319789
3,1,0.0,0,1,-0.173173796514438
4,1,92.0382469241344,0,1,-0.0887789185211098
5,1,0.0,0,1,-0.448905441233165
6,1,68.3013370366636,0,1,-0.759384905747416
7,1,638.422658098084,0,1,-0.380291374808154
8,2,0.0,0,1,-0.0694004231715833
9,1,111.058971914531,0,1,-6.95605065841201
10,3,0.0,0,1,0.0
11,2,0.0,0,1,0.125637550552915
12,1,0.0,0,1,-0.0429797071984803
13,1,300.195256696757,0,1,0.354512803633331
14,1,0.0,0,1,-2.03060105098855
15,1,0.0,0,1,-0.249216816913957
16,2,0.0,0,1,0.491188851904467
17,1,250.280442318843,0,1,-0.69854385407859
18,1,0.0,0,1,-0.89125944764914
19,1,0.0,0,1,-0.134984364452422
20,1,0.0,0,1,-0.334633627066935
21,1,148.015262395594,0,1,-2.40307307483776
22,1,0.0,0,1,-3.76864393318408
23,2,0.0,0,1,-0.0305605393706733
24,1,0.0,0,1,-0.0679103183997037
25,1,0.0,0,1,-0.771945687118516
26,1,0.0,0,1,-2.33189434037713
27,1,44.7713357514331,0,1,-5.03660407250281
28,1,0.0,0,1,-2.07587294217187
29,1,0.0,0,1,-0.280643540560818
30,1,219.683119488057,0,1,-2.31098036499331
31,1,0.0,0,1,-1.41781546434382
32,1,28.7749397021476,0,1,-3.22769874629245
33,1,251.436589308024,0,1,-0.908019585128527
34,1,0.0,0,1,-2.96097793947487
35,2,0.0,0,1,-1.94163416767844
36,1,0.0,0,1,-6.60300420602174
37,1,155.367158459842,0,1,-3.69038987587625
38,1,0.0,0,1,-0.964525226011019
39,1,0.0,0,1,-0.688153201461088
40,1,0.0,0,1,-4.88504517270496
41,1,0.0,0,1,-0.313933105589148
42,1,0.0,0,1,-3.23821350985454
43,1,0.0,0,1,-0.693416568966133
44,1,280.731280118156,0,1,-1.21140560207598
45,1,0.0,0,1,-0.855536309033138
46,1,0.0,0,1,0.129678352284546
47,2,0.0,0,1,0.185249055065764
48,2,0.0,0,1,-0.0440669862192864
49,1,77.2960896316902,0,1,-0.685210757949028
50,2,0.0,0,1,-1.03302056943329
51,2,0.0,0,1,-0.564408913365473
52,1,0.0,0,1,-0.165491171776596
53,1,0.0,0,1,0.462931915886613
54,2,0.0,0,1,-0.225819749040025
55,1,0.0,0,1,-0.137696740302706
56,1,53.2411797228618,0,1,-0.230567363174592
57,2,0.0,0,1,0.61064023173556
