bus_number,P_output,Q_output,voltage_mag,gen_status,P_max,P_min
7,142.368120720499,0,1,1,142.368120720499,0
8,0.0,0,1,0,392.378435077262,0
9,496.588296861744,0,1,1,496.588296861744,0
11,1044.63473430719,0,1,1,1657.04709385554,0
12,61.2087284669896,0,1,1,61.2087284669896,0
14,391.271388149878,0,1,1,391.271388149878,0
25,169.959830668847,0,1,1,169.959830668847,0
28,0.0,0,1,0,313.160420901101,0
39,0.0,0,1,0,190.115938415005,0
45,50.0499390059556,0,1,1,50.0499390059556,0
52,30.6086219092859,0,1,1,30.6086219092859,0
56,367.620933392212,0,1,1,367.620933392212,0
