cost_model,startup,shutdown,n_coefficients,coeff_n,coeff1,coeff0
2,0,0,3,0.0043609969747981,55.5493454162668,2644.20947122211
2,0,0,3,0.006304220078942,49.9637507771075,365.448021858454
2,0,0,3,0.0,0.0,0.0
2,0,0,3,0.0061830241038536,33.4197329896338,3187.29816562964
2,0,0,3,0.0,0.0,0.0
2,0,0,3,0.0,0.0,0.0
2,0,0,3,0.0,0.0,0.0
2,0,0,3,0.0,0.0,0.0
2,0,0,3,0.0022209884778551,39.6216199249493,1477.97928496864
2,0,0,3,0.0057600886937803,43.0076583152512,289.849567206819
2,0,0,3,0.0,0.0,0.0
2,0,0,3,0.0,0.0,0.0
2,0,0,3,0.0,0.0,0.0
2,0,0,3,0.0026279792374735,49.8075557694202,20.7353211087376
