cost_model,startup,shutdown,n_coefficients,coeff_n,coeff1,coeff0
2,0,0,3,0.0021396444039748,41.4483453866953,2889.56626456021
2,0,0,3,0.0060688331992354,36.9176280627345,3230.50448257176
2,0,0,3,0.0033723677934286,42.7477731292702,581.562674196439
2,0,0,3,0.0,0.0,0.0
2,0,0,3,0.0070095934270813,51.6817159157728,455.472783244963
2,0,0,3,0.0067286215167964,51.7763008718296,38.3017649522198
2,0,0,3,0.004483757208504,43.973048395419,1664.73645795816
2,0,0,3,0.0,0.0,0.0
2,0,0,3,0.0060542257712426,26.034070587974,3825.20796572616
2,0,0,3,0.0,0.0,0.0
2,0,0,3,0.0,0.0,0.0
2,0,0,3,0.0,0.0,0.0
2,0,0,3,0.0,0.0,0.0
2,0,0,3,0.0058896320674583,36.6602934601453,265.566573273032
2,0,0,3,0.0,0.0,0.0
2,0,0,3,0.0,0.0,0.0
2,0,0,3,0.0,0.0,0.0
2,0,0,3,0.0,0.0,0.0
