bus_number,bus_type,P_demand,Q_demand,voltage_mag,voltage_ang
1,1,0.0,0,1,-3.26359695559025
2,1,0.0,0,1,-2.35092456861071
3,1,0.0,0,1,-4.27946469871121
4,1,0.0,0,1,-3.25698565185344
5,1,0.0,0,1,-5.47940383952782
6,1,0.0,0,1,-2.91498715935778
7,1,67.3773551536525,0,1,-5.58396122156348
8,1,0.0,0,1,-3.65720075085095
9,1,0.0,0,1,-2.44074174918524
10,1,0.0,0,1,-1.71501143875787
11,1,0.0,0,1,-2.29918386951845
12,1,153.151301941458,0,1,-8.08295225384527
13,1,0.0,0,1,-3.52735901092329
14,1,0.0,0,1,-2.22077154288409
15,1,0.0,0,1,-2.2047951052273
16,1,0.0,0,1,-0.97179506194808
17,1,0.0,0,1,-7.03577070512244
18,1,72.1809114515451,0,1,-4.13132586153782
19,1,0.0,0,1,-2.54188380199108
20,1,0.0,0,1,-1.4929219139679
21,1,124.715944637138,0,1,-3.87011389516187
22,2,0.0,0,1,-1.61216361398062
23,1,0.0,0,1,-1.67198176296635
24,2,0.0,0,1,0.360786090739475
25,1,47.2506298947264,0,1,-2.33091667445703
26,3,0.0,0,1,0.0
27,2,0.0,0,1,-1.62479463346702
28,2,0.0,0,1,-1.9434205543724
29,2,0.0,0,1,-1.15275063836804
30,1,0.0,0,1,-2.37069995090517
31,1,187.7565882753,0,1,-2.2389609152551
32,1,142.933512143399,0,1,-3.03810947660638
33,2,0.0,0,1,-0.174998071169286
34,1,18.0032597982353,0,1,-0.979368693050948
35,1,772.712028134964,0,1,-4.36347849909143
36,1,30.0853712915992,0,1,-7.39146246907747
37,2,0.0,0,1,-3.80285053321717
38,1,272.683195206703,0,1,-2.19257518346738
39,1,0.0,0,1,-2.35373780575238
40,1,0.0,0,1,-3.29760387551862
41,2,0.0,0,1,19.2231291785806
42,1,443.914297015791,0,1,-5.17884420106815
43,1,0.0,0,1,-4.89599000818449
44,1,0.0,0,1,-3.66493186228793
45,1,67.9687213184859,0,1,-4.00512217490801
46,1,0.0,0,1,-3.01412409415436
47,2,0.0,0,1,-2.0592322951888
48,2,0.0,0,1,-2.76525785230366
49,1,0.0,0,1,-2.21537132700544
50,2,0.0,0,1,-3.38570977280241
51,2,0.0,0,1,-4.04932332274982
52,1,0.0,0,1,-2.68053330606831
53,1,0.0,0,1,-3.8828887557306
54,1,10.3026098029169,0,1,-2.76525785230366
55,1,0.0,0,1,-2.32126710559019
56,1,0.0,0,1,-2.41436687489341
57,1,73.889022394176,0,1,-2.44772941628953
