cost_model,startup,shutdown,n_coefficients,coeff_n,coeff1,coeff0
2,0,0,3,0.0,0.0,0.0
2,0,0,3,0.0021561396970207,55.8569550337597,3728.6094689582
2,0,0,3,0.0021811206193537,24.6235636668287,318.565984631031
2,0,0,3,0.0057973664349742,40.1890608808676,1639.41463873594
2,0,0,3,0.0040716511919969,25.6025883829087,201.292224328616
2,0,0,3,0.0,0.0,0.0
2,0,0,3,0.0,0.0,0.0
2,0,0,3,0.0,0.0,0.0
2,0,0,3,0.0067119023512472,33.23754998042,529.489464425741
2,0,0,3,0.0,0.0,0.0
2,0,0,3,0.0,0.0,0.0
2,0,0,3,0.0,0.0,0.0
2,0,0,3,0.0,0.0,0.0
