cost_model,startup,shutdown,n_coefficients,coeff_n,coeff1,coeff0
2,0,0,3,0.0051497172611008,46.2730954174058,385.593119544296
2,0,0,3,0.0,0.0,0.0
2,0,0,3,0.0026275784974258,31.0591762357602,3325.6469130642
2,0,0,3,0.0026974258874176,32.8983779272259,1421.02867597278
2,0,0,3,0.0070863615036533,36.807493426389,242.996421067039
2,0,0,3,0.0,0.0,0.0
2,0,0,3,0.0053669732650831,48.2231103142426,386.353595654411
2,0,0,3,0.005748757962357,24.154634638041,390.854883989053
2,0,0,3,0.0,0.0,0.0
2,0,0,3,0.0049714102927506,38.3848767294022,285.794040069868
2,0,0,3,0.0,0.0,0.0
2,0,0,3,0.0,0.0,0.0
2,0,0,3,0.0,0.0,0.0
2,0,0,3,0.0,0.0,0.0
2,0,0,3,0.0,0.0,0.0
2,0,0,3,0.0,0.0,0.0
2,0,0,3,0.0,0.0,0.0
