bus_number,bus_type,P_demand,Q_demand,voltage_mag,voltage_ang
1,1,0.0,0,1,0.821193102300436
2,1,0.0,0,1,1.21101626966475
3,1,93.744620831987,0,1,0.100946322181533
4,2,0.0,0,1,-2.7000457740155
5,1,0.0,0,1,0.804690339899128
6,1,505.24852557106,0,1,-2.95102059802371
7,1,329.383355061563,0,1,-4.71202656958388
8,1,279.837373306397,0,1,0.183252411966529
9,2,0.0,0,1,-2.11703259316028
10,2,0.0,0,1,0.237317444744575
11,2,0.0,0,1,-3.63702480406985
12,1,0.0,0,1,-2.5529532495347
13,1,0.0,0,1,-2.48928784133773
14,1,0.0,0,1,-2.6202687147468
15,1,138.776542682725,0,1,-4.910454921403
16,2,0.0,0,1,-3.9082054926615
17,1,1.86057271314772,0,1,-1.74190449154394
18,1,0.0,0,1,-3.48716508406574
19,1,3.66938344127653,0,1,-3.06749146929813
20,1,0.0,0,1,-1.41836361984126
21,1,220.655754177898,0,1,-3.4268250704474
22,1,69.5833095116016,0,1,-3.86499982553322
23,2,0.0,0,1,-3.78896425772828
24,1,0.0,0,1,-3.59231039536858
25,1,210.727811301229,0,1,-0.70010302267245
26,2,0.0,0,1,0.665628798859823
27,1,95.1666538172412,0,1,-2.24718011739692
28,1,111.565395877319,0,1,-4.76646879466872
29,2,0.0,0,1,-2.26938815323781
30,1,187.640868591298,0,1,-4.96475641597095
31,2,0.0,0,1,-2.63618752170904
32,1,257.314399712673,0,1,-3.68979818405911
33,1,68.5297109872853,0,1,-2.10280131153321
34,2,0.0,0,1,1.77683528505348
35,2,0.0,0,1,-2.66690612745063
36,1,0.0,0,1,0.683211619379636
37,1,0.0,0,1,-2.65835531858477
38,1,0.0,0,1,-2.23325294568417
39,1,5.54900839671512,0,1,-2.40154393885282
40,1,1.56106757885068,0,1,-2.69860835650313
41,3,0.0,0,1,0.0
42,1,0.0,0,1,-1.51004959470247
43,1,0.0,0,1,0.688679729801413
44,2,0.0,0,1,1.93277087973273
45,1,0.0,0,1,1.00288860878109
46,2,0.0,0,1,2.45794946685458
47,2,0.0,0,1,1.93208476114845
48,1,0.0,0,1,0.932028501802367
49,1,0.0,0,1,-1.45365547217311
50,1,79.6077240453236,0,1,1.93277087973273
51,1,62.6735551280318,0,1,1.46911086449213
52,2,0.0,0,1,0.511689740325281
53,1,0.0,0,1,-1.07247966627698
54,1,0.0,0,1,-0.444478121214935
55,1,26.733491130748,0,1,-0.0565926343198342
56,1,4.48146961823146,0,1,-1.07328955212826
57,1,0.0,0,1,-1.06343729897068
