bus_number,bus_type,P_demand,Q_demand,voltage_mag,voltage_ang
1,1,0.0,0,1,1.71029621432223
2,1,149.760133990418,0,1,-1.95144804128641
3,1,203.318645691399,0,1,0.0395079145270529
4,3,0.0,0,1,0.0
5,1,0.0,0,1,-1.62947787760832
6,2,0.0,0,1,-0.499205548254916
7,1,0.0,0,1,-0.966409972698248
8,1,0.0,0,1,-1.91845414533748
9,1,0.0,0,1,0.904912367722347
10,1,0.0,0,1,-1.04351005209979
11,1,0.0,0,1,-1.52014011174597
12,2,0.0,0,1,2.70254115198095
13,1,0.0,0,1,-0.406041908628248
14,1,0.0,0,1,-1.16611019427626
15,1,0.0,0,1,-1.72805916881476
16,1,335.435176387141,0,1,-6.42123851958725
17,1,0.0,0,1,-2.2408102846871
18,1,0.0,0,1,-1.08777390622643
19,1,172.485068780836,0,1,-2.14198381136573
20,1,0.0,0,1,-3.3474130900098
21,1,0.0,0,1,-2.84231384280818
22,1,64.8586898439705,0,1,-3.78932154242213
23,1,0.0,0,1,-5.94628673508969
24,1,0.0,0,1,-1.6253297020845
25,1,78.4082166886434,0,1,-5.39406154329672
26,1,0.0,0,1,-2.55750586704047
27,1,0.0,0,1,-4.9545877103406
28,1,33.0549346245777,0,1,-4.50321431708899
29,1,0.0,0,1,-4.51339653035929
30,1,0.0,0,1,-4.00840231238938
31,2,0.0,0,1,-3.9934296321559
32,1,8.48683638445237,0,1,-5.33880554355793
33,1,0.0,0,1,-4.91564160935336
34,2,0.0,0,1,-1.01912254722505
35,1,120.456974896881,0,1,-3.30929515251448
36,1,0.0,0,1,-1.51879820508988
37,2,0.0,0,1,-1.04375331754335
38,2,0.0,0,1,-2.54297228051299
39,2,0.0,0,1,-0.461060954436301
40,1,0.0,0,1,-0.602989448354723
41,1,29.0951530487582,0,1,-1.61065749775159
42,1,0.0,0,1,0.272630998591713
43,1,151.874839633956,0,1,-1.0658998047407
44,2,0.0,0,1,0.764925491551989
45,1,0.0,0,1,-1.46546909556122
46,1,81.4254024009952,0,1,-1.3778020297271
47,1,391.120773829672,0,1,-2.92876273710634
48,1,27.7312203008028,0,1,-1.26967279363051
49,1,344.867644240397,0,1,-1.93297179825858
50,2,0.0,0,1,1.73161928116025
51,2,0.0,0,1,-1.46754718346561
52,1,60.6064187729248,0,1,-1.49280490447651
53,1,0.0,0,1,-1.52358947654986
54,1,217.336259940168,0,1,-1.06379653670813
55,1,0.0,0,1,-0.71401270049845
56,1,0.0,0,1,-1.37592335376252
57,1,160.215321296509,0,1,-2.30183906473214
