cost_model,startup,shutdown,n_coefficients,coeff_n,coeff1,coeff0
2,0,0,3,0.0045980651017619,49.17527600316,480.729645672625
2,0,0,3,0.0,0.0,0.0
2,0,0,3,0.0,0.0,0.0
2,0,0,3,0.0,0.0,0.0
2,0,0,3,0.0063743500178891,28.6031939102213,2070.48901924538
2,0,0,3,0.0,0.0,0.0
2,0,0,3,0.0058389651207783,36.6958500803724,420.081597433519
2,0,0,3,0.0029554546258698,46.0717571716267,578.658377832157
2,0,0,3,0.0,0.0,0.0
2,0,0,3,0.0,0.0,0.0
2,0,0,3,0.0,0.0,0.0
2,0,0,3,0.0050852455053804,41.6985764329029,110.907994862011
2,0,0,3,0.0048441966084015,34.6102462110948,239.858860649601
2,0,0,3,0.0,0.0,0.0
2,0,0,3,0.0,0.0,0.0
2,0,0,3,0.0,0.0,0.0
