bus_number,P_output,Q_output,voltage_mag,gen_status,P_max,P_min
4,420.758788274289,0,1,1,991.924070842668,0
7,695.709957278977,0,1,1,695.709957278978,0
22,296.404282601841,0,1,1,296.404282601842,0
23,258.679108910326,0,1,1,258.679108910328,0
24,74.5020876680244,0,1,1,74.502087668025,0
26,160.064670707238,0,1,1,160.06467070724,0
28,112.1808227315,0,1,1,112.180822731501,0
33,348.335071100232,0,1,1,348.335071100232,0
37,16.7164044543102,0,1,1,16.7164044543108,0
40,283.120177570933,0,1,1,283.120177570933,0
41,0.0,0,1,0,116.195966058822,0
42,67.5105245649059,0,1,1,67.5105245649065,0
49,34.8034317947697,0,1,1,34.8034317947702,0
54,0.0,0,1,0,775.216896598656,0
55,31.0142745411072,0,1,1,31.0142745411087,0
