cost_model,startup,shutdown,n_coefficients,coeff_n,coeff1,coeff0
2,0,0,3,0.0,0.0,0.0
2,0,0,3,0.002644377972658,46.1240002449838,483.986577104753
2,0,0,3,0.0,0.0,0.0
2,0,0,3,0.0066378471371764,45.8038401676291,581.389112804142
2,0,0,3,0.0,0.0,0.0
2,0,0,3,0.0,0.0,0.0
2,0,0,3,0.0,0.0,0.0
2,0,0,3,0.0026049490437679,42.4351868118783,3677.14145794526
2,0,0,3,0.0,0.0,0.0
2,0,0,3,0.0,0.0,0.0
2,0,0,3,0.0028777697173608,37.167115212768,3779.51021421419
2,0,0,3,0.0,0.0,0.0
2,0,0,3,0.0056102435458889,48.5158947213652,2730.81760451152
2,0,0,3,0.0071941963682596,37.6632752730205,165.980588913042
