bus_number,P_output,Q_output,voltage_mag,gen_status,P_max,P_min
2,0.0,0,1,0,208.510652534055,0
3,545.660584846703,0,1,1,551.100193801181,0
4,497.165091272346,0,1,1,497.165091272341,0
5,524.37051560584,0,1,1,524.370515606087,0
6,193.442279862891,0,1,1,193.44227986306,0
13,83.0030546399557,0,1,1,83.0030546399408,0
18,48.6194142250046,0,1,1,202.344591354055,0
23,356.935091397067,0,1,1,356.935091397084,0
27,0.0,0,1,0,288.330395099769,0
28,0.0,0,1,0,204.569276009138,0
32,0.0,0,1,0,25.4609017213107,0
34,170.61480317172,0,1,1,170.614803171684,0
37,78.5920684395197,0,1,1,185.09178484013,0
41,125.852161292939,0,1,1,481.221498899252,0
45,124.426982733365,0,1,1,124.426982738004,0
48,-6.65846927389552e-11,0,1,1,13.1768655834712,0
55,0.0,0,1,0,146.98522289847,0
56,5.62854599530063,0,1,1,5.62854599528688,0
