bus_number,bus_type,P_demand,Q_demand,voltage_mag,voltage_ang
1,1,189.746618714261,0,1,0.0926069891068603
2,1,135.355258924821,0,1,0.185493415913575
3,1,0.0,0,1,-0.333359027885439
4,2,0.0,0,1,0.683723730003754
5,3,0.0,0,1,0.0
6,2,0.0,0,1,-0.570677888970398
7,1,0.0,0,1,-1.58360207397497
8,1,0.0,0,1,-0.538531333292623
9,1,0.0,0,1,-1.82096125851621
10,1,195.10728661888,0,1,-1.46309632989837
11,2,0.0,0,1,-1.0592215954928
12,1,0.0,0,1,-0.340965377206512
13,1,98.7879026090695,0,1,-0.474240046211161
14,1,0.0,0,1,-0.391528149215574
15,1,1105.51629674296,0,1,-2.26849810112078
16,1,46.5659990632072,0,1,-1.49467722022031
17,1,0.0,0,1,-0.210633143719266
18,1,0.0,0,1,-1.33739966299947
19,1,0.0,0,1,-1.38663997530568
20,1,0.0,0,1,-1.1933793060157
21,2,0.0,0,1,1.45917499285326
22,1,0.0,0,1,1.17162927821941
23,1,201.733970656444,0,1,-3.21818368599031
24,2,0.0,0,1,-1.53212988503375
25,2,0.0,0,1,-1.57428134808438
26,1,0.0,0,1,-1.51900127190999
27,1,0.0,0,1,-0.979156562663681
28,1,0.0,0,1,-1.52401812854619
29,1,0.0,0,1,-0.748073575205793
30,1,151.123017596952,0,1,-1.48795997595932
31,1,84.3623370918243,0,1,-1.58216539579411
32,1,0.0,0,1,-1.96730010509492
33,2,0.0,0,1,1.14112951969454
34,1,220.7142003174,0,1,-1.94030823371756
35,2,0.0,0,1,-0.979156562663681
36,1,0.0,0,1,-0.0391959157843912
37,1,0.0,0,1,-1.62100006733366
38,1,0.0,0,1,0.338563022328752
39,1,0.0,0,1,0.100698964784131
40,1,0.0,0,1,-0.535188945381485
41,1,0.0,0,1,0.142418479824636
42,1,0.0,0,1,-0.859351180859133
43,1,132.508772642389,0,1,-1.72850479170908
44,1,0.0,0,1,-0.0653778523755882
45,1,0.0,0,1,-0.0153114663391567
46,2,0.0,0,1,1.74007710341552
47,1,0.0,0,1,1.13184873048649
48,1,0.0,0,1,0.619355874129686
49,1,0.0,0,1,-0.631978764001204
50,2,0.0,0,1,0.316337610025812
51,1,0.0,0,1,0.791874516274788
52,2,0.0,0,1,-0.345040584420174
53,1,17.5366976921444,0,1,-0.401276407532766
54,1,175.252234812247,0,1,-1.03742940046366
55,1,0.0,0,1,0.590028687291413
56,2,0.0,0,1,0.0244736340033062
57,1,0.0,0,1,-0.644736782003637
