bus_number,bus_type,P_demand,Q_demand,voltage_mag,voltage_ang
1,2,0.0,0,1,-4.14194718718515
2,1,0.0,0,1,-4.19675226833466
3,2,0.0,0,1,-3.60739609451785
4,1,0.0,0,1,-3.98640270115212
5,1,0.0,0,1,-4.70831295289204
6,1,0.0,0,1,-4.37659240560474
7,1,97.1746371659919,0,1,-5.49299137649891
8,1,603.296806486439,0,1,-4.52624245592499
9,1,0.0,0,1,-4.41512082657326
10,1,0.0,0,1,-4.18791413943725
11,1,196.049015397411,0,1,-5.85672496246337
12,1,0.0,0,1,-5.20244608979103
13,1,0.0,0,1,-4.95026752952822
14,1,0.0,0,1,-4.8968741491514
15,1,0.0,0,1,-5.28540170015074
16,1,0.0,0,1,-4.58833590493456
17,1,560.445707961783,0,1,-5.52860804564745
18,1,0.0,0,1,-3.98306930550196
19,1,137.929000796189,0,1,-5.3382993759784
20,1,140.661498653623,0,1,-6.00061746025511
21,1,86.9482585678464,0,1,-6.49717205357025
22,1,0.0,0,1,-3.32688235465119
23,2,0.0,0,1,1.39017355898531
24,2,0.0,0,1,-3.77480516839092
25,1,0.0,0,1,-3.87262948800014
26,1,0.0,0,1,-3.94536861646677
27,1,0.0,0,1,-4.62879054559339
28,1,24.730831680664,0,1,-2.28030231756722
29,3,0.0,0,1,0.0
30,1,0.0,0,1,-2.92247212191309
31,1,0.0,0,1,-3.96932641470142
32,1,106.556600814217,0,1,-2.98232279037894
33,1,0.0,0,1,-4.09469317343032
34,1,203.88451269526,0,1,-4.11470237291284
35,2,0.0,0,1,-2.90802489315919
36,1,0.0,0,1,-2.58524203358235
37,1,0.0,0,1,-4.46816926247751
38,1,0.0,0,1,-3.52365098408354
39,1,39.6806319572397,0,1,-5.91417897278801
40,1,0.0,0,1,-5.81272541182096
41,1,369.421141033392,0,1,-4.30237989810063
42,1,0.0,0,1,-5.99254255426996
43,1,0.0,0,1,-4.49811810094079
44,1,0.0,0,1,-3.73655531397222
45,1,19.77118351055,0,1,-7.54231116403934
46,1,60.7039273873275,0,1,-9.43183171672155
47,1,55.9444473390095,0,1,-3.74782449605747
48,2,0.0,0,1,-6.89947081182459
49,1,0.0,0,1,-3.07831921102567
50,2,0.0,0,1,-2.40099091160266
51,1,43.8569115133991,0,1,-4.9978141461308
52,1,18.1077703405304,0,1,-2.95639744758856
53,1,0.0,0,1,-4.80351755185335
54,2,0.0,0,1,-2.96445049858563
55,2,0.0,0,1,-2.15199799836556
56,1,13.2897183059667,0,1,-3.99074032507206
57,1,0.0,0,1,-3.86080619077024
