bus_number,P_output,Q_output,voltage_mag,gen_status,P_max,P_min
2,0.0,0,1,0,268.564561771418,0
4,867.744592540117,0,1,1,867.744592595157,0
9,0.0,0,1,0,292.803005891693,0
13,0.0,0,1,0,297.485540358953,0
14,165.899333569475,0,1,1,165.899333584809,0
16,135.006817825114,0,1,1,135.006817839579,0
18,133.032401205047,0,1,1,133.032401221493,0
19,86.596658310719,0,1,1,86.5966583273447,0
20,499.55163832023,0,1,1,761.705875276229,0
22,80.1114334508789,0,1,1,80.1114335403931,0
31,111.08482929671,0,1,1,111.084829310145,0
37,439.201179495685,0,1,1,439.201179511653,0
40,0.0,0,1,0,336.248028135113,0
43,96.4116227058234,0,1,1,96.4116227209901,0
45,89.0414615087264,0,1,1,89.0414615244142,0
46,0.0,0,1,0,23.1887208603471,0
51,50.6286252540736,0,1,1,87.1638678276962,0
54,0.0,0,1,0,147.484505503652,0
