bus_number,bus_type,P_demand,Q_demand,voltage_mag,voltage_ang
1,1,0.0,0,1,-2.8803965323743
2,3,0.0,0,1,0.0
3,1,0.0,0,1,-2.58831863526482
4,2,0.0,0,1,-2.49834690254118
5,2,0.0,0,1,-2.62828969406396
6,2,0.0,0,1,-3.07072885624523
7,2,0.0,0,1,-2.92823448562496
8,1,0.0,0,1,-2.85420530462534
9,1,256.49041685457,0,1,-3.32484905155998
10,1,0.0,0,1,-2.9631150847727
11,1,0.0,0,1,-2.66073644575915
12,1,51.7162738596678,0,1,-3.57390846699451
13,1,205.26103944329,0,1,-2.64473725931809
14,1,93.4858913343607,0,1,-2.70252161328522
15,1,0.0,0,1,-1.57978637680577
16,1,0.0,0,1,-2.67712736050156
17,1,411.383366722681,0,1,-3.05560050547759
18,1,0.0,0,1,-1.57031525564393
19,1,0.0,0,1,-2.15564164100587
20,1,0.0,0,1,-1.21243872213613
21,1,0.0,0,1,-2.41786669191519
22,1,0.0,0,1,-1.39354913030066
23,1,0.0,0,1,-1.49040390478502
24,1,0.0,0,1,-2.14392138959198
25,1,0.0,0,1,-1.31714490260992
26,1,0.0,0,1,-0.800096093112407
27,1,355.576567213332,0,1,-1.16795483054323
28,1,164.742247647874,0,1,0.76618171541899
29,1,0.0,0,1,-0.921406152112836
30,1,20.370206572312,0,1,-0.53454320287432
31,2,0.0,0,1,0.160887181557804
32,2,0.0,0,1,0.980325604034724
33,1,341.967915020645,0,1,-0.339048474263105
34,1,0.0,0,1,-0.646618942759868
35,1,0.0,0,1,-0.0252985666641309
36,1,0.0,0,1,0.35031692092642
37,1,93.5790887357754,0,1,-0.765056137845685
38,1,0.0,0,1,-0.178637136574088
39,1,0.0,0,1,-0.942583864013666
40,1,252.249112611372,0,1,-0.536064797471095
41,1,28.4874671168606,0,1,-2.32674239640026
42,2,0.0,0,1,-2.77315859937357
43,1,0.0,0,1,-0.675316060143844
44,1,0.0,0,1,-0.596518605295938
45,2,0.0,0,1,-2.21793578792732
46,1,0.0,0,1,-2.63888025709398
47,1,202.688439230749,0,1,-3.10724319999282
48,1,0.0,0,1,-2.62936583826928
49,1,0.0,0,1,-0.157193139046242
50,1,45.4166804589803,0,1,-1.13261530435031
51,1,108.269455029518,0,1,-2.39300898504454
52,1,0.0,0,1,-2.71791993358037
53,1,0.0,0,1,-2.66144790681373
54,2,0.0,0,1,-2.1404815308952
55,1,0.0,0,1,-2.95029916194921
56,2,0.0,0,1,-2.86460239145403
57,1,122.626425630614,0,1,-3.31580401744133
