bus_number,P_output,Q_output,voltage_mag,gen_status,P_max,P_min
2,242.598889425586,0,1,1,242.598889427383,0
5,325.867852109343,0,1,1,688.803203254102,0
10,224.879104623486,0,1,1,224.879104623983,0
12,197.866687398801,0,1,1,197.866687404134,0
16,19.4674119929382,0,1,1,137.572318628682,0
17,0.0,0,1,0,343.040815051679,0
18,19.9059052613372,0,1,1,19.9059052609961,0
20,563.835429459997,0,1,1,563.835429463042,0
22,38.4497827939484,0,1,1,38.4497827932332,0
30,128.721000022654,0,1,1,269.774610327434,0
33,190.148691405219,0,1,1,190.148691405259,0
36,548.981525944309,0,1,1,548.981525945948,0
37,0.0,0,1,0,309.205837738126,0
38,0.0,0,1,0,233.726633055261,0
39,1.580097012251,0,1,1,1.58009701287606,0
54,214.741107579767,0,1,1,214.741107580183,0
56,37.2671084513599,0,1,1,37.2671084519974,0
