bus_number,P_output,Q_output,voltage_mag,gen_status,P_max,P_min
11,16.1065634959089,0,1,1,16.106563495909,0
18,887.696117827483,0,1,1,992.126221681189,0
23,961.027732335799,0,1,1,961.0277323358,0
25,0.0,0,1,0,290.893336444209,0
29,288.030502981728,0,1,1,288.030502981729,0
32,126.460924823388,0,1,1,126.460924823388,0
34,2.79929024281352,0,1,1,2.79929024281433,0
35,117.233313390419,0,1,1,283.743121333117,0
36,14.8985106716725,0,1,1,14.8985106716726,0
39,0.0,0,1,0,623.586489472866,0
40,147.339990509159,0,1,1,147.339990509172,0
41,142.305701452118,0,1,1,142.305701452118,0
49,0.0,0,1,0,322.647416228214,0
52,50.4119457521219,0,1,1,50.4119457521225,0
