bus_number,bus_type,P_demand,Q_demand,voltage_mag,voltage_ang
1,1,0.0,0,1,-2.33523553656698
2,1,0.0,0,1,-0.917782169802518
3,1,0.0,0,1,-1.71998855977193
4,1,0.0,0,1,-1.54733118419804
5,1,35.551342484865,0,1,-0.81600572945165
6,1,52.9331369834767,0,1,-1.39473244815855
7,1,431.289309594658,0,1,-3.01992147483348
8,1,219.764455500463,0,1,-3.38392250840092
9,1,0.0,0,1,-2.84709881353292
10,2,0.0,0,1,-1.95119971083101
11,1,0.0,0,1,-3.83692766015536
12,1,367.078824648894,0,1,-5.6324941304476
13,1,261.20555493003,0,1,-3.16666353267108
14,1,0.0,0,1,-1.70218006067498
15,1,0.0,0,1,-2.66420207578432
16,2,0.0,0,1,-4.67663511627574
17,1,0.0,0,1,-3.63196796209023
18,2,0.0,0,1,-1.29837589480783
19,2,0.0,0,1,-1.08384298264957
20,1,0.0,0,1,-2.66854495939746
21,3,0.0,0,1,0.0
22,1,157.810650513791,0,1,-4.40473946558937
23,1,0.0,0,1,-2.46827846549609
24,1,0.0,0,1,-3.24091325085276
25,1,87.0058688727568,0,1,-3.91095343045435
26,1,0.0,0,1,-3.50424392402932
27,1,0.0,0,1,-2.51325699142584
28,1,0.0,0,1,-3.04344156658773
29,1,0.0,0,1,-4.67700108956949
30,1,42.9494215609798,0,1,-0.292062537934286
31,2,0.0,0,1,-4.11339884959625
32,1,32.3413158141245,0,1,-7.9598002485202
33,2,0.0,0,1,-0.875903700906643
34,1,321.29492636688,0,1,-1.63417513193351
35,1,0.0,0,1,-1.66368649792449
36,1,11.0624779596172,0,1,-1.47596428265253
37,1,167.001522145248,0,1,-4.10191630421562
38,1,26.316179606537,0,1,-2.53109224383263
39,1,0.0,0,1,-0.449239418687965
40,1,44.2772834126222,0,1,-0.622376730336812
41,1,53.6686903277166,0,1,-1.55720261401238
42,2,0.0,0,1,-1.35025735894047
43,1,251.255458137782,0,1,-2.27828588721053
44,1,39.1595209937395,0,1,-3.12233287211287
45,1,0.0,0,1,-0.86980240947316
46,1,0.0,0,1,-0.679616763494135
47,1,37.7392959029405,0,1,-1.48662533449618
48,2,0.0,0,1,-0.930206580676695
49,1,0.0,0,1,-1.22141230134558
50,1,0.0,0,1,-2.52607657700809
51,2,0.0,0,1,-1.85934559826324
52,1,0.0,0,1,-1.5502732393722
53,2,0.0,0,1,-2.04175781015515
54,1,0.0,0,1,-3.25246819121786
55,1,104.002396105691,0,1,-2.89433856509367
56,1,10.6029616197873,0,1,-2.44694293294692
57,2,0.0,0,1,2.83008899023643
