bus_number,P_output,Q_output,voltage_mag,gen_status,P_max,P_min
4,322.406693787148,0,1,1,322.406693787148,0
10,800.289998115394,0,1,1,931.24692445193,0
14,609.464454483415,0,1,1,609.464454483416,0
23,0.0,0,1,0,415.294164170987,0
25,28.5597123837589,0,1,1,28.5597123837588,0
27,0.0,0,1,0,124.158909981093,0
28,582.707842619506,0,1,1,582.707842619506,0
29,-3.02835708576978e-13,0,1,1,111.924178756757,0
31,121.125860121545,0,1,1,125.142866246618,0
34,16.3695152726858,0,1,1,16.369515272686,0
39,-3.13914984230359e-13,0,1,1,226.75963572204,0
42,0.0,0,1,0,491.52738448359,0
44,97.7742753384699,0,1,1,97.7742753384697,0
45,106.530195787601,0,1,1,106.530195787602,0
48,26.1703919369744,0,1,1,26.1703919369744,0
51,0.0,0,1,0,3.42894836563868,0
56,6.30150410013122,0,1,1,6.30150410013204,0
57,36.6101495359745,0,1,1,36.6101495359747,0
