bus_number,P_output,Q_output,voltage_mag,gen_status,P_max,P_min
3,0.0,0,1,0,105.154544534147,0
4,326.179360046621,0,1,1,340.577756422028,0
13,387.968193126812,0,1,1,387.968193126812,0
14,100.802404252491,0,1,1,100.802404252491,0
23,66.526229598181,0,1,1,396.947938526658,0
26,58.6929400030123,0,1,1,58.6929400030122,0
32,203.280106706561,0,1,1,365.67605740828,0
33,744.045380919151,0,1,1,744.045380919151,0
40,229.292958494968,0,1,1,229.292958494968,0
42,502.540264869606,0,1,1,502.540264869606,0
44,47.3287461430347,0,1,1,47.3287461430347,0
45,0.0,0,1,0,423.402456622444,0
47,60.5216477051645,0,1,1,60.5216477051645,0
48,6.839313591054451e-20,0,1,1,317.492172779665,0
51,8.56765946942425,0,1,1,8.56765946942425,0
57,18.5647021475706,0,1,1,18.5647021475706,0
