bus_number,bus_type,P_demand,Q_demand,voltage_mag,voltage_ang
1,1,501.091011674878,0,1,-1.9917926682262
2,3,0.0,0,1,0.0
3,1,0.0,0,1,-1.16010990960376
4,2,0.0,0,1,-1.35745913823606
5,2,0.0,0,1,-0.464350320608303
6,1,0.0,0,1,-1.17868449268702
7,1,188.193752177213,0,1,-1.74428134502073
8,1,0.0,0,1,-0.868646576058006
9,1,0.0,0,1,-0.922679444675366
10,1,0.0,0,1,-0.862889187087141
11,2,0.0,0,1,0.675765536255452
12,1,0.0,0,1,-1.8246283148767
13,1,0.0,0,1,0.453243710063467
14,1,0.0,0,1,-0.383065036244761
15,1,0.0,0,1,-1.0060675155694
16,1,0.0,0,1,-0.12136087451902
17,2,0.0,0,1,0.130350226542964
18,2,0.0,0,1,-0.990702568032899
19,1,0.0,0,1,-0.471809174553909
20,1,246.797933994435,0,1,0.343098997051664
21,1,0.0,0,1,-0.590838966688105
22,2,0.0,0,1,-0.0959727164324094
23,1,0.0,0,1,-0.358365171975357
24,1,0.0,0,1,-0.29934871727165
25,1,0.0,0,1,-0.424659405101409
26,1,164.807604704763,0,1,-1.90184084281124
27,1,0.0,0,1,-0.905617250496703
28,1,0.0,0,1,-1.06185427353436
29,1,0.0,0,1,-1.69634123696888
30,1,0.0,0,1,-0.380731522860968
31,1,0.0,0,1,-2.18813606072127
32,2,0.0,0,1,0.73599992581354
33,1,0.0,0,1,-1.66123515872579
34,1,0.0,0,1,-1.32111491510738
35,1,0.0,0,1,-1.49647229443209
36,1,30.6168353858826,0,1,-2.38819980511549
37,2,0.0,0,1,-1.06185427353436
38,1,0.0,0,1,-2.89407466610639
39,2,0.0,0,1,-2.87660966047807
40,1,0.0,0,1,-2.56314939263027
41,1,0.0,0,1,-1.49499103607437
42,1,314.647613644207,0,1,-3.38954789776705
43,2,0.0,0,1,-2.38819980511549
44,1,0.0,0,1,-4.59086333494734
45,1,1.58784438383499,0,1,-4.98810238757154
46,1,0.0,0,1,-1.58898629509617
47,1,508.792456446154,0,1,-4.16538666721873
48,1,0.0,0,1,-1.50487785683398
49,1,77.9359631654447,0,1,-1.70762847361968
50,1,0.0,0,1,-0.274258622024833
51,1,158.564884631214,0,1,-0.696702353043935
52,2,0.0,0,1,-1.29847757352993
53,1,216.390949513043,0,1,-2.33224245632131
54,1,186.558411979118,0,1,-1.87572883084903
55,1,0.0,0,1,-1.17346633798498
56,2,0.0,0,1,-0.211943967272631
57,1,158.325331782414,0,1,-1.67128661716636
