cost_model,startup,shutdown,n_coefficients,coeff_n,coeff1,coeff0
2,0,0,3,0.0,0.0,0.0
2,0,0,3,0.0,0.0,0.0
2,0,0,3,0.0030000156851915,33.5443633622868,84.5663044447188
2,0,0,3,0.0070818244797587,55.7057822961301,3763.73175820498
2,0,0,3,0.0,0.0,0.0
2,0,0,3,0.0040842027599599,36.3543097798496,365.738820303189
2,0,0,3,0.0,0.0,0.0
2,0,0,3,0.0,0.0,0.0
2,0,0,3,0.0037148365464624,24.9143552625071,42.5706058467064
2,0,0,3,0.0,0.0,0.0
2,0,0,3,0.0,0.0,0.0
2,0,0,3,0.0,0.0,0.0
2,0,0,3,0.0059294380512675,38.7774415363078,1781.85516796796
