bus_number,P_output,Q_output,voltage_mag,gen_status,P_max,P_min
2,560.216531916069,0,1,1,830.757171282077,0
6,773.14290342599,0,1,1,773.142903426003,0
7,303.401384644333,0,1,1,303.401384644331,0
8,0.0,0,1,0,53.0326411740087,0
10,0.0,0,1,0,314.54972990164,0
12,373.147944015403,0,1,1,559.577062402932,0
14,157.793026688521,0,1,1,294.299314424547,0
21,0.0,0,1,0,335.725881546313,0
22,138.721964011032,0,1,1,138.721964011075,0
25,177.373568654905,0,1,1,177.373568654914,0
30,0.0,0,1,0,304.842764939174,0
39,0.0,0,1,0,54.0999731630204,0
41,130.460486805686,0,1,1,130.460486805696,0
43,103.499991531385,0,1,1,103.499991531392,0
47,4.2585794147156795e-11,0,1,1,5.64879656657628,0
50,36.5527917892345,0,1,1,36.5527917892453,0
