bus_number,bus_type,P_demand,Q_demand,voltage_mag,voltage_ang
1,1,0.0,0,1,-1.66285951180194
2,1,0.0,0,1,-1.10055712547997
3,1,0.0,0,1,-0.286767295592976
4,1,0.0,0,1,-0.518695110279818
5,1,0.0,0,1,-2.26740697663277
6,1,24.5527805266513,0,1,-3.02775636469992
7,2,0.0,0,1,-0.385984927720237
8,1,0.0,0,1,-4.15655282765086
9,1,72.9683590960399,0,1,-1.21081488229656
10,1,0.0,0,1,-0.159411260194238
11,3,0.0,0,1,0.0
12,2,0.0,0,1,-0.769306279775534
13,1,379.35297552575,0,1,-4.61885489015354
14,1,0.0,0,1,-0.0489454614704141
15,1,0.0,0,1,-0.762205629304095
16,1,0.0,0,1,-0.865032213541611
17,2,0.0,0,1,-3.25723213457539
18,1,266.217732600589,0,1,-2.27514477945392
19,1,36.2675098065028,0,1,-1.19882667311131
20,2,0.0,0,1,-0.512914899734761
21,1,0.0,0,1,-1.8609146534621
22,1,0.0,0,1,-1.16667342807212
23,2,0.0,0,1,0.0538107151192669
24,2,0.0,0,1,0.109553620181952
25,2,0.0,0,1,-1.55459848700077
26,1,0.0,0,1,-4.41801059630939
27,1,0.0,0,1,-1.86685774628424
28,2,0.0,0,1,-1.19972685624191
29,2,0.0,0,1,-0.0421786048228728
30,1,51.5635406246351,0,1,-6.7476868464578
31,1,0.0,0,1,-1.66649219963683
32,1,0.0,0,1,-1.27533177126018
33,1,0.0,0,1,-2.72244894058073
34,2,0.0,0,1,-3.2307792307467
35,1,510.866061355692,0,1,-3.31840331299233
36,1,0.0,0,1,-5.62741923906572
37,1,501.832885979565,0,1,-2.70039388539989
38,2,0.0,0,1,-2.49853399095039
39,1,81.8734435519128,0,1,-4.62127232676367
40,1,0.0,0,1,-1.87162526066896
41,1,0.0,0,1,-2.33601901234615
42,1,307.473780225642,0,1,-0.906355269123182
43,1,40.7935099400932,0,1,-1.14262449002753
44,1,0.0,0,1,-1.22486317545452
45,1,59.4255520837801,0,1,-2.08268158388149
46,2,0.0,0,1,-1.27427844097028
47,1,40.9926060554768,0,1,-1.82398484912738
48,1,0.0,0,1,-2.11608628819049
49,1,158.576018942049,0,1,-1.32798508067404
50,1,92.1330983108724,0,1,-1.43653184669285
51,1,0.0,0,1,-1.87861666419903
52,1,0.0,0,1,-2.31599596775822
53,1,61.2284728123428,0,1,-0.475901363755495
54,1,68.1922660450078,0,1,-0.864984899591031
55,1,0.0,0,1,-1.09017105921598
56,1,0.0,0,1,-3.4444002794817
57,1,0.0,0,1,-1.87865013483238
