bus_number,bus_type,P_demand,Q_demand,voltage_mag,voltage_ang
1,3,0.0,0,1,0.0
2,1,177.059389507461,0,1,-4.3232536807853
3,1,0.0,0,1,-6.63929931843756
4,1,41.6758373083366,0,1,-1.21935844552824
5,1,0.0,0,1,-6.45323675723404
6,1,29.3015594902035,0,1,-4.49211878712191
7,1,0.0,0,1,-2.29419121493749
8,1,89.4954170498894,0,1,-5.41515256511846
9,1,8.84140339781264,0,1,-3.51540870935163
10,2,0.0,0,1,-1.73570191085062
11,1,0.0,0,1,-0.426201848515218
12,2,0.0,0,1,-2.13497026729217
13,1,0.0,0,1,-2.71522295118504
14,2,0.0,0,1,-3.67671807440663
15,1,216.244547441723,0,1,-6.3194004070097
16,1,394.081719995191,0,1,-6.59495439842431
17,2,0.0,0,1,-3.74689854389037
18,2,0.0,0,1,-2.22962979584107
19,2,0.0,0,1,-3.2606051196189
20,1,0.0,0,1,-4.14775682538792
21,1,0.0,0,1,-6.53891713484771
22,1,0.0,0,1,-3.61896872143912
23,1,184.350172042979,0,1,-4.75355685837179
24,1,295.046135061197,0,1,-6.03308876988518
25,1,0.0,0,1,-5.46446563110815
26,1,0.0,0,1,-5.74914079497748
27,1,105.737103473947,0,1,-6.11672863579068
28,1,0.0,0,1,-4.22834363667271
29,1,0.0,0,1,-4.89011385939924
30,1,132.837837207089,0,1,-4.69171810454589
31,1,0.0,0,1,-4.54524625235162
32,1,139.728630124226,0,1,-5.85331169851661
33,1,0.0,0,1,-5.74914079497748
34,1,165.773361322369,0,1,-5.74914079497748
35,2,0.0,0,1,-5.41533187757599
36,1,7.08479029057009,0,1,-5.8868972258654
37,1,72.8031568958856,0,1,-4.81966617716568
38,1,0.0,0,1,-5.05102294452098
39,1,72.0967705167607,0,1,-4.98972927554059
40,1,0.0,0,1,-5.00252256147333
41,2,0.0,0,1,-9.47042559157972
42,1,0.0,0,1,-6.37944803755829
43,1,75.2570311416363,0,1,-9.47042559157972
44,1,76.6820860271922,0,1,-8.0149985521894
45,2,0.0,0,1,-3.55042113213642
46,2,0.0,0,1,-4.28969368321101
47,1,85.0827782155412,0,1,-6.17833226378457
48,1,0.0,0,1,-6.27628997529369
49,2,0.0,0,1,-4.61676940412941
50,1,191.195253761001,0,1,-6.78957804719581
51,1,0.0,0,1,-7.35617607696359
52,1,0.0,0,1,-8.18029681622867
53,1,0.0,0,1,-7.00831225529575
54,1,79.7441939453733,0,1,-5.58280969972477
55,1,114.191419266217,0,1,-6.21585289509551
56,1,0.0,0,1,-5.57809101373972
57,1,0.0,0,1,-4.63476407952484
