cost_model,startup,shutdown,n_coefficients,coeff_n,coeff1,coeff0
2,0,0,3,0.0068920504988846,29.3105757755923,1655.42056891986
2,0,0,3,0.0,0.0,0.0
2,0,0,3,0.0,0.0,0.0
2,0,0,3,0.0051973872379436,29.8745874572623,507.034489323107
2,0,0,3,0.0,0.0,0.0
2,0,0,3,0.0054149937523416,31.0482792281781,2249.91967482533
2,0,0,3,0.0,0.0,0.0
2,0,0,3,0.0,0.0,0.0
2,0,0,3,0.0021773710475276,47.5001604522861,436.795200923865
2,0,0,3,0.0,0.0,0.0
2,0,0,3,0.0,0.0,0.0
2,0,0,3,0.0076726717575017,46.9657980612106,341.780781958693
2,0,0,3,0.0049031538701194,31.7585338269175,177.435891303707
2,0,0,3,0.0,0.0,0.0
2,0,0,3,0.0,0.0,0.0
2,0,0,3,0.0,0.0,0.0
