bus_number,bus_type,P_demand,Q_demand,voltage_mag,voltage_ang
1,1,0.0,0,1,-4.52574823137251
2,2,0.0,0,1,-0.21274976549433
3,1,0.0,0,1,-2.47387513435503
4,3,0.0,0,1,0.0
5,1,0.0,0,1,-5.62162446976616
6,1,241.53577115611,0,1,-7.16236173067092
7,1,220.805760612374,0,1,-5.36254991774035
8,2,0.0,0,1,0.266808182492952
9,1,0.0,0,1,-1.07522333846471
10,1,0.0,0,1,-2.93974952755535
11,1,0.0,0,1,-5.74610331499609
12,2,0.0,0,1,-5.78265472475361
13,1,0.0,0,1,-0.333896696167706
14,1,0.0,0,1,-4.96455317390121
15,2,0.0,0,1,-3.02299851330039
16,1,0.0,0,1,-5.37735620713951
17,2,0.0,0,1,-4.7499368839649
18,1,118.819028143055,0,1,-7.56569416143827
19,1,0.0,0,1,-5.63324221850675
20,1,0.0,0,1,-5.92758742141242
21,1,0.0,0,1,-6.21732766993872
22,1,0.0,0,1,-3.63650098545234
23,1,0.0,0,1,-6.33520539889561
24,1,0.0,0,1,-6.40025331207016
25,1,91.1379229982856,0,1,-10.6652809570188
26,1,119.660011918979,0,1,-8.68225196485677
27,1,508.298235459048,0,1,-10.8206249532365
28,1,0.0,0,1,-10.0022589346827
29,1,0.0,0,1,-4.0179980689219
30,1,242.474237829072,0,1,-6.98230203413202
31,1,0.0,0,1,-6.76344404635232
32,1,0.0,0,1,-7.28933372286633
33,1,0.0,0,1,-7.23272061181496
34,1,0.0,0,1,-5.59910845158651
35,1,0.0,0,1,-9.94559496090351
36,1,0.0,0,1,-5.92268866291316
37,1,333.773324819158,0,1,-8.48198475923937
38,1,0.0,0,1,-2.40915262988716
39,1,0.0,0,1,-7.3455345868407
40,2,0.0,0,1,-3.4628027505842
41,1,0.0,0,1,-4.6835880636643
42,1,61.7069263512569,0,1,-3.4379483489305
43,1,346.027889921268,0,1,-7.56635774122829
44,1,0.0,0,1,-5.01176053536754
45,1,0.0,0,1,-4.31198389603024
46,1,196.309305747522,0,1,-4.3554412811521
47,1,67.8804765499351,0,1,-3.4503341187363
48,2,0.0,0,1,-0.877634885819124
49,2,0.0,0,1,-1.94040369769795
50,1,0.0,0,1,-4.08592035284768
51,2,0.0,0,1,-1.99681686143429
52,1,0.0,0,1,-3.25674439121971
53,2,0.0,0,1,-0.56263689278217
54,1,205.881701976538,0,1,-0.794170141863222
55,2,0.0,0,1,-0.514933100157939
56,1,0.0,0,1,-0.0745836361777301
57,2,0.0,0,1,-1.35931805760434
