bus_number,bus_type,P_demand,Q_demand,voltage_mag,voltage_ang
1,1,132.982737556958,0,1,-1.97418857345777
2,1,0.0,0,1,-1.21171892352455
3,1,228.708616088428,0,1,-3.82350321543873
4,1,0.0,0,1,-1.07660765808752
5,1,48.3921669143875,0,1,-1.23076294372355
6,1,2.67141227199447,0,1,-0.386562975015544
7,3,0.0,0,1,0.0
8,1,195.420506371597,0,1,-2.16320649206302
9,2,0.0,0,1,6.09475619945092
10,2,0.0,0,1,-0.863343894179375
11,2,0.0,0,1,-1.74204392734078
12,1,35.1674074400997,0,1,4.07988845826708
13,1,0.0,0,1,-1.48579528821262
14,2,0.0,0,1,-0.792635819785527
15,2,0.0,0,1,0.267443758837594
16,1,0.0,0,1,-0.997878052828933
17,1,0.0,0,1,-0.463300758781268
18,1,420.840131913832,0,1,-2.02829624855589
19,1,113.470085023262,0,1,-1.01445917631445
20,1,134.962646877018,0,1,0.228991627121892
21,1,39.2998741640622,0,1,-0.312377274336294
22,2,0.0,0,1,0.115413624983277
23,1,0.0,0,1,-0.31648388008873
24,1,141.271164173108,0,1,-0.633910070917144
25,1,0.0,0,1,0.120786469410579
26,2,0.0,0,1,-1.10219874024241
27,2,0.0,0,1,1.95850125715948
28,2,0.0,0,1,-0.312377274336294
29,2,0.0,0,1,0.948675006549532
30,1,103.741923576817,0,1,-2.08130964047252
31,1,75.2380251309971,0,1,0.0972966123745796
32,1,178.581443194642,0,1,-1.65589113906882
33,2,0.0,0,1,-0.865559218512823
34,1,0.0,0,1,-0.973220226207523
35,1,32.0359173206363,0,1,-1.99417626843593
36,1,448.631270324429,0,1,-1.29970078028884
37,1,0.0,0,1,-1.26389166908684
38,1,26.5060742817684,0,1,-1.53159439611663
39,1,0.0,0,1,-1.1911208196645
40,1,0.0,0,1,-2.33712910878784
41,2,0.0,0,1,-0.983727156591018
42,1,11.0695241785736,0,1,-1.14775995803138
43,1,38.1186931261941,0,1,-1.81233565315321
44,1,0.0,0,1,-2.64692722732879
45,1,0.0,0,1,-0.143847042025336
46,1,0.0,0,1,0.0367115398008617
47,1,0.0,0,1,-2.15305781413791
48,1,89.1341735089533,0,1,-2.86790039220694
49,2,0.0,0,1,-2.60564663959444
50,2,0.0,0,1,-1.0407064468534
51,2,0.0,0,1,0.224104805542346
52,1,3.85458748049578,0,1,-1.16038058967134
53,2,0.0,0,1,-1.14106903868357
54,1,0.0,0,1,-3.37438071176276
55,1,123.456779135296,0,1,-2.1570028748937
56,1,130.755433429052,0,1,-1.19423281717989
57,1,0.0,0,1,-1.25845105659091
