bus_number,bus_type,P_demand,Q_demand,voltage_mag,voltage_ang
1,1,0.0,0,1,-1.17370982349427
2,1,205.297455611209,0,1,-0.992481888649208
3,2,0.0,0,1,-0.195171293087105
4,1,240.080890181086,0,1,-2.16692097562547
5,1,0.0,0,1,0.386265895657882
6,1,0.0,0,1,0.846301732306737
7,1,47.441227085429,0,1,-0.952702036543998
8,2,0.0,0,1,0.329440623440071
9,1,520.445305946238,0,1,-1.11480252940873
10,1,43.462049257235,0,1,-2.01374582466739
11,1,0.0,0,1,0.806501231654317
12,3,0.0,0,1,0.0
13,1,488.145456648185,0,1,-1.25278264623901
14,1,472.209304945774,0,1,-0.274698169920106
15,1,212.179637841635,0,1,-1.04086370571363
16,2,0.0,0,1,-0.0596884208220275
17,1,172.50976470257,0,1,-2.02863043497941
18,1,0.0,0,1,-0.493101919142023
19,1,0.0,0,1,0.758907620060926
20,1,0.0,0,1,1.29353266895058
21,1,0.0,0,1,4.1371491521487
22,1,22.0542762796733,0,1,-0.627048035284373
23,2,0.0,0,1,5.02370737097243
24,2,0.0,0,1,2.40618909803675
25,1,0.0,0,1,2.09843576280047
26,1,0.0,0,1,3.42101518016452
27,1,0.0,0,1,2.28255930780023
28,1,0.0,0,1,1.57459818006389
29,1,0.0,0,1,0.569608232061017
30,1,0.0,0,1,2.03872552283439
31,1,0.0,0,1,0.0890068370224441
32,1,0.0,0,1,0.502108535114493
33,2,0.0,0,1,1.19756912512241
34,2,0.0,0,1,-1.95374343320827
35,1,38.6746190424515,0,1,-4.19134407179994
36,1,87.6969761963092,0,1,-0.436293007792647
37,2,0.0,0,1,0.824776506734774
38,2,0.0,0,1,0.815335863481275
39,1,0.0,0,1,0.362565007768343
40,1,0.0,0,1,0.20781853680202
41,2,0.0,0,1,0.862908487364979
42,1,0.0,0,1,-3.05485884572711
43,2,0.0,0,1,0.862908487364979
44,2,0.0,0,1,-0.268992874643377
45,1,0.0,0,1,0.277079034872602
46,1,0.0,0,1,0.351551277593833
47,1,0.0,0,1,-0.0310089697538989
48,1,0.0,0,1,-0.104566147872604
49,1,124.645727982341,0,1,-0.321612051565776
50,1,0.0,0,1,-0.841163730453448
51,1,68.2032048270121,0,1,-2.05296984619908
52,1,0.0,0,1,-0.486105964147047
53,1,0.0,0,1,0.323666636266969
54,1,0.0,0,1,-1.50720529826416
55,1,11.2646969354524,0,1,-0.405537729035636
56,1,0.0,0,1,0.327030642118706
57,1,0.0,0,1,-0.270415109150689
