bus_number,bus_type,P_demand,Q_demand,voltage_mag,voltage_ang
1,2,0.0,0,1,-1.73882599669702
2,1,0.0,0,1,0.98788872126697
3,1,0.0,0,1,-1.5139308061459
4,1,113.361002967623,0,1,-2.08808505417185
5,2,0.0,0,1,-1.39621436915438
6,1,0.0,0,1,-1.27535579921101
7,2,0.0,0,1,0.363944575740402
8,1,48.370556839994,0,1,-2.2207262338205
9,1,0.0,0,1,-1.41190174206878
10,1,0.0,0,1,-1.73924580101537
11,1,0.0,0,1,-1.34255110102584
12,1,0.0,0,1,0.104017138022399
13,1,39.4478026432521,0,1,-1.96756956433308
14,1,0.0,0,1,-1.15744074724148
15,2,0.0,0,1,-0.163579053219104
16,1,0.0,0,1,-0.559300416138226
17,1,39.0119366361028,0,1,-0.567780397303396
18,1,0.0,0,1,-1.1153651340003
19,2,0.0,0,1,-1.46675985291158
20,3,0.0,0,1,0.0
21,1,0.0,0,1,-0.804886235000129
22,1,170.673642976331,0,1,-1.81005106286504
23,1,73.6710106975039,0,1,-0.683221071459529
24,1,0.0,0,1,-2.29750300671993
25,1,0.0,0,1,-1.77663837616039
26,1,0.0,0,1,-3.23473625248869
27,1,72.5850021627045,0,1,-3.07676457262163
28,1,56.6901921198371,0,1,-2.44724853726777
29,1,105.094625421749,0,1,-1.81645332421357
30,2,0.0,0,1,-2.70571267253618
31,1,119.212496360794,0,1,-2.10504296434261
32,1,0.0,0,1,-1.98608751735572
33,1,0.0,0,1,-2.44149429043772
34,1,0.0,0,1,-3.72231305519752
35,1,263.253740606747,0,1,-4.20687837670942
36,1,8.92908785052886,0,1,-3.02820341371389
37,1,0.0,0,1,-0.75353887903063
38,1,0.0,0,1,-2.26929610292979
39,1,225.27360856533,0,1,-1.10001395821035
40,1,128.030990449101,0,1,-3.25412101497106
41,2,0.0,0,1,1.50054995843439
42,1,0.0,0,1,-3.9799050567867
43,1,0.0,0,1,-1.0604724024384
44,1,83.914142649281,0,1,-0.112008759993947
45,2,0.0,0,1,-0.342910356005734
46,1,0.0,0,1,-1.51458822970503
47,1,0.0,0,1,-0.615638770566387
48,2,0.0,0,1,-0.0104988582793895
49,1,0.0,0,1,0.254210898904027
50,2,0.0,0,1,1.29593029186755
51,1,0.0,0,1,-0.405560541993654
52,1,0.0,0,1,-0.167008835579531
53,1,0.0,0,1,-0.996693490249953
54,1,707.815383222609,0,1,-1.65813139442346
55,1,325.140296444943,0,1,0.760259217927788
56,1,0.0,0,1,-2.10101640778796
57,1,173.83507486817,0,1,-0.473766593075147
