cost_model,startup,shutdown,n_coefficients,coeff_n,coeff1,coeff0
2,0,0,3,0.0037158107135191,33.3027773143303,975.9730028707
2,0,0,3,0.0,0.0,0.0
2,0,0,3,0.0031070524659511,31.8207140582765,3033.27289965757
2,0,0,3,0.0060106757676332,49.4475068714747,243.287642614431
2,0,0,3,0.0,0.0,0.0
2,0,0,3,0.0,0.0,0.0
2,0,0,3,0.0,0.0,0.0
2,0,0,3,0.0023368667582264,49.6633736175557,305.965324934238
2,0,0,3,0.0,0.0,0.0
2,0,0,3,0.0,0.0,0.0
2,0,0,3,0.0,0.0,0.0
2,0,0,3,0.0,0.0,0.0
