bus_number,bus_type,P_demand,Q_demand,voltage_mag,voltage_ang
1,2,0.0,0,1,-4.66127216198505
2,3,0.0,0,1,0.0
3,2,0.0,0,1,-5.2195051450152
4,1,0.0,0,1,-0.962631005612192
5,1,258.09854378057,0,1,-3.16119624279821
6,2,0.0,0,1,-3.1188592599494
7,2,0.0,0,1,-2.57160898697927
8,1,0.0,0,1,-1.83191058710736
9,1,0.0,0,1,-2.11495411274218
10,2,0.0,0,1,-3.1964784483233
11,1,0.0,0,1,-4.60482226504149
12,1,0.0,0,1,-3.74981229686048
13,2,0.0,0,1,-1.2951188319076
14,2,0.0,0,1,-3.69589105132581
15,1,263.325628126971,0,1,-4.24869855744862
16,1,0.0,0,1,-2.8879735050651
17,1,0.0,0,1,-3.41536817928118
18,1,0.0,0,1,-4.48755012694208
19,2,0.0,0,1,-2.93866934828912
20,1,0.0,0,1,-3.84506262159994
21,1,360.214743191903,0,1,-5.16536841453552
22,1,0.0,0,1,-4.63845779279282
23,1,0.0,0,1,-4.54646079785937
24,1,0.0,0,1,-4.34186871481927
25,2,0.0,0,1,-5.41704220791693
26,2,0.0,0,1,-2.50399844757947
27,1,76.444593340378,0,1,-4.64003202107724
28,1,80.7966135195835,0,1,-4.61114604643883
29,2,0.0,0,1,-5.73436698114534
30,1,0.0,0,1,-4.59313994078724
31,1,0.0,0,1,-3.46185154407939
32,1,0.0,0,1,-3.73121418092745
33,1,264.645012435302,0,1,-5.08196437494713
34,1,0.0,0,1,-2.58590822027576
35,1,0.0,0,1,-3.27376554710669
36,1,239.98165567165,0,1,-6.48683204911519
37,1,118.28938006976,0,1,-3.78037624839129
38,2,0.0,0,1,-3.33656836929887
39,2,0.0,0,1,-3.41913426793889
40,1,0.0,0,1,-4.19816573963995
41,2,0.0,0,1,-3.08526933478041
42,2,0.0,0,1,-2.54057821060227
43,1,0.0,0,1,-5.0764906904906
44,1,419.593227365066,0,1,-7.31814644226926
45,2,0.0,0,1,-3.44641721178666
46,1,243.380972303121,0,1,-7.22670867819031
47,1,64.7573336532081,0,1,-3.85686886821121
48,1,0.0,0,1,-4.9144577609582
49,1,364.78289002509,0,1,-5.87111699046265
50,1,0.0,0,1,-5.03315448163795
51,1,0.0,0,1,-4.48375799737483
52,1,0.0,0,1,-6.31741115252952
53,1,0.0,0,1,-4.64053505190528
54,1,0.0,0,1,-4.24372736089994
55,2,0.0,0,1,-4.75106805695056
56,1,0.0,0,1,-2.26219782874865
57,1,0.0,0,1,-2.70439191367909
