cost_model,startup,shutdown,n_coefficients,coeff_n,coeff1,coeff0
2,0,0,3,0.0079314484803193,54.2114592359278,198.757743947018
2,0,0,3,0.0,0.0,0.0
2,0,0,3,0.0,0.0,0.0
2,0,0,3,0.0,0.0,0.0
2,0,0,3,0.0,0.0,0.0
2,0,0,3,0.0072763866165136,47.0315984368797,2929.71722834388
2,0,0,3,0.0047451918782738,32.3443965873892,397.673125864104
2,0,0,3,0.003650114131153,41.8251080726163,22.2333387398906
2,0,0,3,0.0,0.0,0.0
2,0,0,3,0.0047815960767294,31.4336541145174,137.407839445906
2,0,0,3,0.0,0.0,0.0
2,0,0,3,0.0,0.0,0.0
2,0,0,3,0.0,0.0,0.0
2,0,0,3,0.0049989554823764,43.3462126717342,63.0778075170748
