bus_number,bus_type,P_demand,Q_demand,voltage_mag,voltage_ang
1,1,0.0,0,1,-12.5760317488276
2,2,0.0,0,1,-4.43796849724959
3,3,0.0,0,1,0.0
4,1,0.0,0,1,-8.20466399253228
5,1,0.0,0,1,-6.11560645538888
6,2,0.0,0,1,-6.06363807808851
7,2,0.0,0,1,-6.22758986527056
8,1,0.0,0,1,-4.19357032702222
9,1,0.0,0,1,-7.45999347106562
10,2,0.0,0,1,-4.26266224021981
11,2,0.0,0,1,-5.93355271937495
12,2,0.0,0,1,-6.11560645538888
13,2,0.0,0,1,-3.59946732370728
14,1,0.0,0,1,-5.07115476127096
15,1,344.338681246281,0,1,-5.65578507830525
16,2,0.0,0,1,-8.7188393306021
17,1,59.1114718247719,0,1,-4.53942509003034
18,1,0.0,0,1,-8.40979238334514
19,1,46.4784969702769,0,1,-6.99382159999058
20,1,0.0,0,1,-7.60585696481983
21,1,11.7262741304333,0,1,-11.6848810818872
22,1,19.2202103022106,0,1,-11.6842965185416
23,2,0.0,0,1,-5.88940220286394
24,1,132.361275228662,0,1,-10.8690425902822
25,2,0.0,0,1,-10.2201835225673
26,2,0.0,0,1,-8.61094116465796
27,2,0.0,0,1,-8.21182648463589
28,2,0.0,0,1,-6.24155310466891
29,1,0.0,0,1,-8.0365561745884
30,1,65.4940885657126,0,1,-7.01449004108561
31,1,0.0,0,1,-11.2630687286562
32,1,589.114083594563,0,1,-9.15155463708918
33,2,0.0,0,1,-5.89937009427334
34,1,236.387775394439,0,1,-7.4920782291736
35,1,607.526194460974,0,1,-11.8648779906987
36,2,0.0,0,1,-5.3308351542467
37,1,52.5766704023081,0,1,-2.74405181848079
38,1,0.0,0,1,-8.88051665257799
39,2,0.0,0,1,-5.14519182906713
40,2,0.0,0,1,-5.99453025471821
41,1,0.0,0,1,-3.45870296158712
42,2,0.0,0,1,-2.59202699940939
43,1,0.0,0,1,-4.59372106332226
44,1,0.0,0,1,-3.99219330030256
45,1,0.0,0,1,-3.24482375722906
46,1,66.533750513079,0,1,-10.1666623202827
47,2,0.0,0,1,-3.13723872781492
48,2,0.0,0,1,-5.50761183313695
49,1,54.2679357793952,0,1,-4.82459861746497
50,2,0.0,0,1,-1.94959869205946
51,1,0.0,0,1,-16.204985137757
52,1,85.4161525588021,0,1,-5.25228227912169
53,2,0.0,0,1,-1.00447284833175
54,1,81.6357357036894,0,1,-5.04043740065644
55,2,0.0,0,1,-7.37353092482191
56,1,0.0,0,1,-1.57597431704329
57,1,79.5396295574545,0,1,-20.6636600820652
