bus_number,bus_type,P_demand,Q_demand,voltage_mag,voltage_ang
1,1,0.0,0,1,-0.686001586647755
2,1,0.0,0,1,-1.28914341248324
3,1,0.0,0,1,-1.31455734218835
4,1,0.0,0,1,-0.18049109979005
5,3,0.0,0,1,0.0
6,2,0.0,0,1,-0.775240076817212
7,1,0.0,0,1,-1.2902111983605
8,1,0.0,0,1,-0.918581705468197
9,1,0.0,0,1,-1.18444876590855
10,1,0.0,0,1,-1.08160612217697
11,1,0.0,0,1,-0.558603501395389
12,1,0.0,0,1,-0.350529983968991
13,2,0.0,0,1,-0.611591075645581
14,1,0.0,0,1,-0.864544860323668
15,1,0.0,0,1,-0.541464980537534
16,1,0.0,0,1,-0.573057479560461
17,1,214.910771947215,0,1,-2.20321510413017
18,1,398.650115337542,0,1,-1.16406819419855
19,2,0.0,0,1,-0.0646336614455831
20,1,0.0,0,1,-1.47869669091751
21,2,0.0,0,1,-1.1666997183813
22,2,0.0,0,1,-0.150779416398253
23,2,0.0,0,1,-0.333711741325637
24,1,208.535191259002,0,1,-2.74788463698982
25,2,0.0,0,1,-1.73037162878273
26,1,0.0,0,1,-1.58287236757538
27,2,0.0,0,1,-0.333711741325637
28,2,0.0,0,1,-2.02562310689126
29,1,697.709665494165,0,1,-1.83844178537871
30,2,0.0,0,1,-1.53232130350665
31,1,0.0,0,1,-2.42176396428386
32,1,55.3295682609243,0,1,-0.624323342238212
33,1,0.0,0,1,-1.60359463198508
34,2,0.0,0,1,-1.50994111326195
35,1,0.0,0,1,-0.806786902763819
36,1,0.0,0,1,-1.50428582486799
37,2,0.0,0,1,0.13412982630577
38,1,0.0,0,1,-0.0433977723299725
39,1,161.795593227683,0,1,-1.44838952847722
40,2,0.0,0,1,-1.05274494406605
41,1,40.2157051647217,0,1,-3.46922435616797
42,1,96.0332909786769,0,1,-1.83502119402547
43,1,0.0,0,1,0.202784158984875
44,2,0.0,0,1,1.62318630362177
45,2,0.0,0,1,-0.670846828866543
46,1,0.0,0,1,-1.2889272666213
47,2,0.0,0,1,-1.69006420238387
48,1,568.071786680065,0,1,-2.00356048233922
49,2,0.0,0,1,-0.978329250038723
50,1,0.0,0,1,-1.49465439379097
51,2,0.0,0,1,-1.58884591393532
52,1,0.0,0,1,-1.40431240611482
53,2,0.0,0,1,-1.47843072283177
54,2,0.0,0,1,-0.837534827209641
55,1,134.537287626244,0,1,-2.30208738404922
56,1,0.0,0,1,-0.314173445880617
57,1,75.5363168420947,0,1,-1.7470374510904
