bus_number,bus_type,P_demand,Q_demand,voltage_mag,voltage_ang
1,1,0.0,0,1,-0.945351497122924
2,1,0.0,0,1,-1.34255423025017
3,1,5.43378593382553,0,1,-2.71283453947703
4,1,631.360169008268,0,1,-1.82032466742377
5,1,0.0,0,1,-2.44522789523583
6,1,0.0,0,1,-0.78015619031323
7,1,219.448190607817,0,1,-3.33486685963051
8,1,0.0,0,1,-0.879042684531194
9,1,62.2162567993021,0,1,-0.332552550264659
10,1,0.0,0,1,-0.41790850226101
11,1,0.0,0,1,-0.22889504936246
12,1,0.0,0,1,-1.47593923786093
13,1,242.822343774897,0,1,-1.1968006109665
14,1,0.0,0,1,-1.92476049467186
15,1,0.0,0,1,-1.5200381437979
16,1,0.0,0,1,-0.592340460900361
17,3,0.0,0,1,0.0
18,2,0.0,0,1,0.0515280143161436
19,1,0.0,0,1,0.389022689417637
20,2,0.0,0,1,1.11312578796161
21,1,0.0,0,1,0.113720654102305
22,1,43.6482725290198,0,1,-1.80819673476203
23,1,128.158071038451,0,1,0.182894671339584
24,1,62.5410953403247,0,1,-0.784783440525297
25,1,0.0,0,1,0.740952504774671
26,1,0.0,0,1,0.703118296307558
27,1,431.737493853515,0,1,0.0893332346778083
28,1,0.0,0,1,-1.79195047542362
29,1,0.0,0,1,0.986280250020509
30,2,0.0,0,1,-0.235179206984351
31,1,0.0,0,1,0.343774839401737
32,2,0.0,0,1,0.448752979544402
33,1,0.0,0,1,0.613741181124833
34,1,53.7061208560925,0,1,0.58158883705218
35,2,0.0,0,1,35.8872612550796
36,2,0.0,0,1,0.057110083973245
37,2,0.0,0,1,1.15530606451417
38,1,0.0,0,1,-1.07134898383717
39,1,0.0,0,1,0.515608750843882
40,1,0.0,0,1,-0.174595670109681
41,1,0.0,0,1,-0.0309063779415108
42,1,0.0,0,1,-0.535399571967212
43,1,44.9539025630812,0,1,-0.363258543957418
44,2,0.0,0,1,-0.975354367817303
45,2,0.0,0,1,-2.19472626612465
46,1,0.0,0,1,-0.938635538776859
47,1,90.9171156014634,0,1,-2.34866381829288
48,1,0.0,0,1,-1.98165925736945
49,2,0.0,0,1,-3.12061826389148
50,1,0.0,0,1,-0.497538201493225
51,1,0.0,0,1,-1.80974261776048
52,1,0.0,0,1,-1.67120699229267
53,1,0.0,0,1,-2.72372035559041
54,2,0.0,0,1,-1.06969810046579
55,1,0.0,0,1,-1.25688844049982
56,1,806.586697376495,0,1,-3.56644648796193
57,2,0.0,0,1,-1.66972728592684
