bus_number,P_output,Q_output,voltage_mag,gen_status,P_max,P_min
6,1060.54328031943,0,1,1,1402.28492323674,0
8,584.46224552401,0,1,1,584.462245615512,0
12,5.71913619557284,0,1,1,5.71913620102141,0
13,72.1527604439738,0,1,1,72.1527604528354,0
21,358.189282905663,0,1,1,358.18928291122,0
22,52.9078522152034,0,1,1,52.907852222692,0
29,65.892517907093,0,1,1,65.8925179114413,0
35,357.149697092001,0,1,1,357.149697093253,0
36,26.5008431129196,0,1,1,154.900668613636,0
41,0.0,0,1,0,628.675464693507,0
42,9.93924322729636e-12,0,1,1,39.0301529436194,0
46,0.0,0,1,0,258.469503425121,0
54,282.543542088492,0,1,1,282.543542103716,0
