cost_model,startup,shutdown,n_coefficients,coeff_n,coeff1,coeff0
2,0,0,3,0.0,0.0,0.0
2,0,0,3,0.0,0.0,0.0
2,0,0,3,0.0049241766747265,52.4745339499937,790.858528063802
2,0,0,3,0.0,0.0,0.0
2,0,0,3,0.0030614530921038,25.4447742412563,541.86781452973
2,0,0,3,0.0,0.0,0.0
2,0,0,3,0.0,0.0,0.0
2,0,0,3,0.0,0.0,0.0
2,0,0,3,0.0065062928363406,43.7792000996932,1104.43208747567
2,0,0,3,0.0,0.0,0.0
2,0,0,3,0.0036431163851383,54.7775686851233,316.376767727352
2,0,0,3,0.0,0.0,0.0
