bus_number,bus_type,P_demand,Q_demand,voltage_mag,voltage_ang
1,1,0.0,0,1,-1.76388909817707
2,1,6.2964512750053,0,1,-2.44167032103344
3,1,0.0,0,1,-1.9283406108143
4,3,0.0,0,1,0.0
5,1,0.0,0,1,-1.52127194865268
6,2,0.0,0,1,1.08066465957668
7,1,0.0,0,1,-2.12019280447534
8,1,0.0,0,1,-1.89156757870503
9,1,0.0,0,1,-2.23401067963963
10,1,105.150569710786,0,1,-1.34751522253876
11,1,0.0,0,1,-1.68720744224109
12,1,0.0,0,1,0.212559285500273
13,1,0.0,0,1,-0.656814875420638
14,1,167.960387010053,0,1,0.14951102952083
15,1,0.0,0,1,-2.14560193493462
16,1,37.629030310239,0,1,0.286092720519016
17,1,0.0,0,1,-2.06567398130843
18,2,0.0,0,1,-0.993634841359133
19,1,0.0,0,1,-1.38743040772202
20,1,35.4727103908745,0,1,-1.4784523614048
21,2,0.0,0,1,-1.62536058567671
22,1,169.529521775417,0,1,-3.19869900490533
23,1,0.0,0,1,-2.42308471000072
24,1,0.0,0,1,-2.64583959103627
25,2,0.0,0,1,0.425547638036281
26,1,156.95331335527,0,1,-3.49781470169265
27,2,0.0,0,1,-1.91661459714744
28,2,0.0,0,1,-1.80295025803125
29,1,119.762467283868,0,1,-2.58961904690864
30,1,64.7589040481067,0,1,-2.16048449032055
31,1,412.225155976975,0,1,-2.89084501513943
32,2,0.0,0,1,-0.956425271970976
33,2,0.0,0,1,-2.27250782029534
34,1,0.0,0,1,-1.54198768562812
35,1,297.621989639735,0,1,-3.0283930939773
36,2,0.0,0,1,-2.81271844020024
37,2,0.0,0,1,-2.37336101708731
38,1,96.2837588441354,0,1,-1.68616622972295
39,1,0.0,0,1,-1.92769018762767
40,2,0.0,0,1,11.0348410966365
41,1,0.0,0,1,-2.2262755248277
42,2,0.0,0,1,-1.86743603199111
43,1,364.355538249479,0,1,-2.71220287957545
44,1,0.0,0,1,-1.97724654947431
45,1,0.0,0,1,-2.16762481201489
46,1,0.0,0,1,0.461965591027115
47,1,79.3570281550998,0,1,-1.83070350113815
48,1,0.0,0,1,-2.20509797834591
49,1,0.0,0,1,-2.4256322956496
50,1,0.0,0,1,-2.02777755006243
51,1,359.525345106787,0,1,-0.520766969105113
52,1,0.0,0,1,-1.50474821269994
53,1,26.3761554493417,0,1,-2.40746704834738
54,1,0.0,0,1,-1.97303415492797
55,1,0.0,0,1,-1.7660051075892
56,2,0.0,0,1,-0.741559268772976
57,1,104.264854782159,0,1,-2.58519128673555
