cost_model,startup,shutdown,n_coefficients,coeff_n,coeff1,coeff0
2,0,0,3,0.0067417659468357,29.4571512883147,1305.48793868238
2,0,0,3,0.0,0.0,0.0
2,0,0,3,0.0031800089834202,34.8340772401137,2243.48128382504
2,0,0,3,0.0,0.0,0.0
2,0,0,3,0.0,0.0,0.0
2,0,0,3,0.0,0.0,0.0
2,0,0,3,0.0,0.0,0.0
2,0,0,3,0.0043148519605021,47.2100782357319,539.688266320553
2,0,0,3,0.0,0.0,0.0
2,0,0,3,0.0056967714403168,53.2778375059759,102.00527156533
2,0,0,3,0.0,0.0,0.0
2,0,0,3,0.0,0.0,0.0
2,0,0,3,0.0,0.0,0.0
2,0,0,3,0.0039507995135589,33.2680766675965,25.1475479880407
2,0,0,3,0.0074385328576215,30.6243178700633,527.293046664329
2,0,0,3,0.0044247126455248,38.6565047631563,536.348687154477
2,0,0,3,0.0,0.0,0.0
2,0,0,3,0.00745051178207,25.8776243170918,178.863722136263
2,0,0,3,0.0,0.0,0.0
2,0,0,3,0.0,0.0,0.0
