bus_number,P_output,Q_output,voltage_mag,gen_status,P_max,P_min
4,1216.3590202992,0,1,1,1419.92616431604,0
6,0.0,0,1,0,246.088526789525,0
11,185.067985186791,0,1,1,185.067985186791,0
15,831.280705921543,0,1,1,831.280705921543,0
19,69.6373592284275,0,1,1,69.6373592284292,0
20,0.0,0,1,0,190.982113541332,0
21,-7.79303975473616e-14,0,1,1,63.2843666070353,0
22,0.0,0,1,0,599.461761122276,0
23,0.0,0,1,0,204.683241864702,0
39,45.4363123982323,0,1,1,45.4363123982327,0
43,339.855400733349,0,1,1,339.855400733349,0
49,66.6738097150627,0,1,1,66.673809715063,0
