bus_number,bus_type,P_demand,Q_demand,voltage_mag,voltage_ang
1,1,186.928059513445,0,1,-4.03643978673491
2,1,73.8102635558034,0,1,-2.1717034034708
3,2,0.0,0,1,-0.261467671567958
4,2,0.0,0,1,0.519814857331515
5,1,0.0,0,1,1.02870307175493
6,3,0.0,0,1,0.0
7,2,0.0,0,1,-0.525350603852563
8,2,0.0,0,1,1.48532943412039
9,2,0.0,0,1,2.69971680335418
10,1,0.0,0,1,-2.45633408759292
11,1,0.0,0,1,-1.64873830712483
12,2,0.0,0,1,0.495400771792371
13,1,0.0,0,1,0.507819764733308
14,1,15.3749481467384,0,1,-1.74424128066401
15,1,0.0,0,1,2.02370596350976
16,1,32.5267966678714,0,1,-1.36668737614617
17,1,0.0,0,1,0.495400771792371
18,1,0.0,0,1,-2.11795574361347
19,1,0.0,0,1,-1.62602131261207
20,1,0.0,0,1,-1.96330383162907
21,1,0.0,0,1,-0.938416203383874
22,1,63.8697382151233,0,1,-3.51590412768145
23,1,99.1207402662283,0,1,-1.99654517010174
24,1,37.2635041899959,0,1,-2.32665585535673
25,2,0.0,0,1,-0.608669453698661
26,1,0.0,0,1,-1.76622260244707
27,2,0.0,0,1,0.6479944738621
28,1,0.0,0,1,-1.56492163945846
29,1,15.6736727966068,0,1,-0.671426708378467
30,1,63.4571916741185,0,1,1.20661015466069
31,1,88.6804157054833,0,1,-1.28431331445882
32,1,0.0,0,1,0.276251725844184
33,2,0.0,0,1,4.02134820942525
34,1,0.0,0,1,-0.279684341940079
35,1,0.0,0,1,-0.679176245022851
36,1,0.0,0,1,-1.55354439612895
37,1,0.0,0,1,-2.85128250433178
38,1,1002.02588007055,0,1,-2.52186674792704
39,2,0.0,0,1,-2.85128250433178
40,1,0.0,0,1,-0.487684021696342
41,2,0.0,0,1,-0.481432854177732
42,1,0.0,0,1,-1.45631961683088
43,1,0.0,0,1,-4.08863532930484
44,1,59.8446875401439,0,1,-4.89182663916989
45,1,0.0,0,1,-4.18146788656352
46,1,385.081026594571,0,1,-1.42051503880163
47,1,114.823315090842,0,1,-2.85128250433178
48,1,0.0,0,1,-1.89087519667728
49,1,0.0,0,1,-1.68987751865938
50,1,0.0,0,1,-1.78784999222551
51,1,0.0,0,1,-0.73052082989538
52,1,269.694372506648,0,1,-5.59139078194831
53,2,0.0,0,1,-1.68987751865938
54,1,244.182315796865,0,1,-4.58333568904846
55,1,1.9536651515668,0,1,-3.4370917306551
56,2,0.0,0,1,-2.29784339093809
57,1,0.0,0,1,-1.00738153249187
