cost_model,startup,shutdown,n_coefficients,coeff_n,coeff1,coeff0
2,0,0,3,0.0054584194777918,48.6793689524969,3789.83819196957
2,0,0,3,0.0072674101253527,23.2804100054897,135.751360333358
2,0,0,3,0.0,0.0,0.0
2,0,0,3,0.0,0.0,0.0
2,0,0,3,0.0023099540562621,55.7868689345437,479.366963695869
2,0,0,3,0.005971921652039,45.6073738003484,2910.046679405
2,0,0,3,0.0,0.0,0.0
2,0,0,3,0.0,0.0,0.0
2,0,0,3,0.0,0.0,0.0
2,0,0,3,0.0,0.0,0.0
2,0,0,3,0.0079956847403134,50.7754574377757,345.366001641836
2,0,0,3,0.0052940875487046,29.1604528939846,408.006894656218
2,0,0,3,0.0,0.0,0.0
2,0,0,3,0.0,0.0,0.0
2,0,0,3,0.0,0.0,0.0
