cost_model,startup,shutdown,n_coefficients,coeff_n,coeff1,coeff0
2,0,0,3,0.0051890491383025,27.6654018733098,2021.99158767714
2,0,0,3,0.0032057080307612,45.7211477139648,2388.78198478401
2,0,0,3,0.0,0.0,0.0
2,0,0,3,0.0072452388262034,30.7779502356669,1954.31633779435
2,0,0,3,0.0,0.0,0.0
2,0,0,3,0.0,0.0,0.0
2,0,0,3,0.0,0.0,0.0
2,0,0,3,0.0,0.0,0.0
2,0,0,3,0.0046119898205423,41.7136887698558,193.36276795115
2,0,0,3,0.0,0.0,0.0
2,0,0,3,0.0043418657131402,49.7608132802668,68.9877542931487
2,0,0,3,0.0,0.0,0.0
2,0,0,3,0.0,0.0,0.0
