bus_number,bus_type,P_demand,Q_demand,voltage_mag,voltage_ang
1,2,0.0,0,1,2.04325655725823
2,1,179.984856419797,0,1,-4.79780041957448
3,3,0.0,0,1,0.0
4,1,0.0,0,1,-1.94307474520172
5,1,0.0,0,1,-1.23548995823281
6,1,0.0,0,1,1.09234559657119
7,2,0.0,0,1,1.09535245309753
8,1,0.0,0,1,-0.140800808874449
9,2,0.0,0,1,-1.03265860343623
10,2,0.0,0,1,3.22618297078406
11,1,0.0,0,1,0.2856026840889
12,1,0.0,0,1,-3.97980701547969
13,2,0.0,0,1,1.03815548271132
14,1,125.141882787066,0,1,-4.80592731342187
15,1,0.0,0,1,0.553236912409149
16,2,0.0,0,1,1.67211257928684
17,1,0.0,0,1,-0.729547874918391
18,1,107.069489412946,0,1,-2.63497484334917
19,1,0.0,0,1,0.245456490451112
20,2,0.0,0,1,-2.30912951910515
21,2,0.0,0,1,-2.50379737840906
22,2,0.0,0,1,-1.11820297185033
23,1,0.0,0,1,-1.72081527738789
24,2,0.0,0,1,0.104431132956368
25,1,172.370666888831,0,1,-1.33384581696745
26,1,0.0,0,1,0.384165659489947
27,1,146.009684078186,0,1,-0.420887786227328
28,1,0.0,0,1,-1.77003903571905
29,2,0.0,0,1,1.08990416473294
30,1,0.0,0,1,-1.47641502274809
31,1,422.47075968883,0,1,-3.05423001999837
32,1,0.0,0,1,1.47689326967262
33,1,38.7487508229639,0,1,-1.67719567524166
34,1,0.0,0,1,-1.10805801333417
35,1,263.770092272262,0,1,0.170985706645103
36,2,0.0,0,1,0.735337190155051
37,1,0.0,0,1,-1.32950062207056
38,2,0.0,0,1,-1.36658497388003
39,2,0.0,0,1,-1.47655332765287
40,1,0.0,0,1,-3.01868798705973
41,1,353.659104801268,0,1,-3.56770742936515
42,1,0.0,0,1,-1.44429679394991
43,2,0.0,0,1,-1.77401208962549
44,1,0.0,0,1,-1.62578033176256
45,1,0.0,0,1,-1.88059937178156
46,1,91.4618371586605,0,1,-2.75821253621244
47,2,0.0,0,1,-2.51130405481546
48,2,0.0,0,1,-0.855910072474402
49,1,687.23780678115,0,1,-2.10593403764393
50,1,0.0,0,1,-4.32477887306112
51,1,110.846918315541,0,1,-0.341042327453926
52,1,0.0,0,1,-2.21747992002512
53,1,0.0,0,1,-2.8027213948958
54,1,55.5387440551004,0,1,-3.56992725039562
55,1,0.0,0,1,-2.93992615103852
56,1,0.0,0,1,-1.36357024608567
57,1,0.0,0,1,-0.0341892951541778
