bus_number,P_output,Q_output,voltage_mag,gen_status,P_max,P_min
1,218.144739068239,0,1,1,218.144739068239,0
6,508.158204329056,0,1,1,508.158204329056,0
7,0.0,0,1,0,309.483585798559,0
9,385.935525235429,0,1,1,453.873822403676,0
10,0.0,0,1,0,431.909062327619,0
28,91.4135055567961,0,1,1,91.4135055567961,0
37,323.033849982582,0,1,1,323.033849982582,0
40,482.172223433128,0,1,1,770.354429590395,0
42,63.2194156124849,0,1,1,63.2194156124849,0
43,0.0,0,1,0,35.552268570321,0
46,0.0,0,1,0,345.98111016362,0
47,1.2684994449578,0,1,1,1.2684994449578,0
48,241.906524958906,0,1,1,241.906524958906,0
50,7.65142066611551e-22,0,1,1,29.0206237560862,0
53,439.058105861024,0,1,1,439.058105861024,0
