bus_number,bus_type,P_demand,Q_demand,voltage_mag,voltage_ang
1,2,0.0,0,1,-2.866799752787
2,2,0.0,0,1,-0.69931870358023
3,3,0.0,0,1,0.0
4,1,0.0,0,1,-0.490284323540893
5,1,0.0,0,1,-1.18714872910593
6,1,0.0,0,1,-3.19521777739567
7,1,0.0,0,1,-1.83571600095129
8,1,471.176491419916,0,1,-3.21637520866453
9,2,0.0,0,1,0.43716765549019
10,2,0.0,0,1,-0.337811699889292
11,1,441.608762486038,0,1,-2.24291923278573
12,2,0.0,0,1,-3.68831682803755
13,2,0.0,0,1,-3.99647189862301
14,2,0.0,0,1,-3.43463531886855
15,1,0.0,0,1,-2.56288543184495
16,1,0.0,0,1,-3.5486111922168
17,1,224.116643275076,0,1,-5.89269324621511
18,2,0.0,0,1,-3.40300839554514
19,1,0.0,0,1,-3.64996320052655
20,2,0.0,0,1,-2.37037436644181
21,1,355.456796962256,0,1,-4.53196689159767
22,1,0.0,0,1,-3.57997226874069
23,1,340.163875448377,0,1,-6.57415650368791
24,2,0.0,0,1,-5.42327913085878
25,1,0.0,0,1,-5.04145153496101
26,1,0.0,0,1,-3.87346249221817
27,2,0.0,0,1,-1.60245559737236
28,1,0.0,0,1,-6.31103722089859
29,1,0.0,0,1,-6.99753546286996
30,2,0.0,0,1,-7.33608147363147
31,1,45.0340624727856,0,1,-5.82220304074662
32,1,242.625541017342,0,1,-7.48751660461532
33,1,0.0,0,1,-2.67693706012509
34,1,0.0,0,1,-7.0094740427648
35,2,0.0,0,1,-2.35297016559047
36,1,0.0,0,1,-3.80632926695745
37,1,164.517789794232,0,1,-6.19526972279992
38,2,0.0,0,1,-6.85232912359566
39,1,0.0,0,1,-4.81154758214288
40,1,50.0910282870672,0,1,-11.1430762138315
41,1,0.0,0,1,-4.00420820439256
42,1,178.333920233817,0,1,-8.33337511289123
43,2,0.0,0,1,-6.26376517867327
44,1,0.0,0,1,-5.40362271769927
45,1,0.0,0,1,-1.59382805466665
46,2,0.0,0,1,-4.00766724958454
47,1,25.7103072503883,0,1,-4.26437008742372
48,1,0.0,0,1,-2.98655168734385
49,2,0.0,0,1,-3.11256011229097
50,1,0.0,0,1,-3.65214936445475
51,2,0.0,0,1,-4.99153371913523
52,1,0.0,0,1,-3.70476516727401
53,1,215.475374835307,0,1,-2.45260847673174
54,1,0.0,0,1,-3.09965807417502
55,2,0.0,0,1,-0.857167300990198
56,2,0.0,0,1,-1.34865247166657
57,2,0.0,0,1,-1.88384988179333
