cost_model,startup,shutdown,n_coefficients,coeff_n,coeff1,coeff0
2,0,0,3,0.0033812472512343,36.2520148171933,351.357109357329
2,0,0,3,0.0023491938483536,35.6430594178632,414.686915406344
2,0,0,3,0.0059986249481538,45.9409367932181,1791.50848600794
2,0,0,3,0.0,0.0,0.0
2,0,0,3,0.0039892585675224,23.3439757708753,162.758819622946
2,0,0,3,0.0044207923401225,33.5556649711882,3223.47724770743
2,0,0,3,0.0,0.0,0.0
2,0,0,3,0.0,0.0,0.0
2,0,0,3,0.0,0.0,0.0
2,0,0,3,0.0,0.0,0.0
2,0,0,3,0.0,0.0,0.0
2,0,0,3,0.0,0.0,0.0
2,0,0,3,0.0,0.0,0.0
