cost_model,startup,shutdown,n_coefficients,coeff_n,coeff1,coeff0
2,0,0,3,0.0028833331976858,25.4907881744962,774.075794858591
2,0,0,3,0.0,0.0,0.0
2,0,0,3,0.0,0.0,0.0
2,0,0,3,0.0051029838139951,53.7239353721049,1942.41117423764
2,0,0,3,0.0,0.0,0.0
2,0,0,3,0.0,0.0,0.0
2,0,0,3,0.0025373738828652,48.9850576835233,1086.95785205195
2,0,0,3,0.0,0.0,0.0
2,0,0,3,0.0025458597202898,38.5800720633634,512.550681751999
2,0,0,3,0.0023668269898459,55.569242184447,386.263513239666
2,0,0,3,0.0070584090110079,50.4003539383364,437.061847086985
2,0,0,3,0.0,0.0,0.0
2,0,0,3,0.0,0.0,0.0
2,0,0,3,0.0,0.0,0.0
