bus_number,P_output,Q_output,voltage_mag,gen_status,P_max,P_min
1,869.515644842003,0,1,1,874.946624577803,0
2,56.3060373550167,0,1,1,56.3060373550167,0
6,2.4458809647581e-15,0,1,1,122.046813569449,0
9,1.55226783228687,0,1,1,1.55226783228687,0
11,17.0484699159853,0,1,1,251.892902287369,0
13,0.0,0,1,0,153.339637897579,0
22,634.643571691506,0,1,1,634.643571691506,0
24,82.6260436938275,0,1,1,82.6260436938275,0
25,210.044020609798,0,1,1,210.044020609798,0
29,247.214277789864,0,1,1,247.214277789864,0
33,33.0996944368442,0,1,1,33.0996944368442,0
34,86.0747919386964,0,1,1,86.0747919386964,0
35,93.0371883168488,0,1,1,93.0371883168488,0
38,0.0,0,1,0,474.385396516696,0
43,69.6512633016661,0,1,1,69.6512633016661,0
45,0.0,0,1,0,278.352677029314,0
46,61.5467091658738,0,1,1,61.5467091658738,0
50,34.0367454608862,0,1,1,34.0367454608862,0
51,257.913867131506,0,1,1,257.913867131506,0
