bus_number,bus_type,P_demand,Q_demand,voltage_mag,voltage_ang
1,1,0.0,0,1,-5.89070562123719
2,1,276.969185276166,0,1,-7.2816902296178
3,1,0.0,0,1,-4.5575840378606
4,3,0.0,0,1,0.0
5,1,0.0,0,1,-5.15783396693537
6,1,189.470935668698,0,1,-5.26127296078192
7,2,0.0,0,1,-4.50758998135941
8,2,0.0,0,1,-5.97078806926948
9,1,231.905439895593,0,1,-6.0180740332283
10,2,0.0,0,1,-1.35805890195513
11,1,0.0,0,1,-4.29495364657806
12,1,320.703983827036,0,1,-6.79207168389116
13,1,3.58558331172736,0,1,-5.36629112592342
14,1,0.0,0,1,-1.91759514875949
15,1,0.0,0,1,-5.45614304045858
16,1,0.0,0,1,-5.28372659083305
17,2,0.0,0,1,-5.33951339906802
18,1,0.0,0,1,-5.32250166200097
19,1,36.0649381855286,0,1,-9.30862183499996
20,1,179.034620204049,0,1,-5.83935983040883
21,1,0.0,0,1,-6.5732418994017
22,2,0.0,0,1,-6.50703588843477
23,2,0.0,0,1,-6.52130347121303
24,2,0.0,0,1,-6.02206665098435
25,1,526.279907438051,0,1,-6.8771961703057
26,2,0.0,0,1,-6.5358156572899
27,2,0.0,0,1,-6.58513139187204
28,2,0.0,0,1,-6.77362034231283
29,2,0.0,0,1,-5.94532170545154
30,1,0.0,0,1,-8.77043353984173
31,1,48.9320045990529,0,1,-6.58900460449773
32,1,0.0,0,1,-7.74254695768157
33,1,0.0,0,1,-5.83657461835881
34,2,0.0,0,1,-4.70980194292408
35,2,0.0,0,1,-7.56944227314502
36,1,0.0,0,1,-9.32612750716373
37,1,481.337272432872,0,1,-9.71925349895372
38,1,290.614019656536,0,1,-8.75612054073815
39,2,0.0,0,1,-8.73781363001934
40,2,0.0,0,1,-7.11579792599282
41,1,0.0,0,1,-8.01055396897139
42,1,0.0,0,1,-5.34186484964468
43,1,0.0,0,1,-7.13109194305254
44,2,0.0,0,1,-4.62245515659358
45,1,94.6781364877321,0,1,-4.82912774564026
46,1,0.0,0,1,-4.88153326213208
47,1,0.0,0,1,-4.25565678085585
48,1,0.0,0,1,-5.50869698879319
49,2,0.0,0,1,-5.62499283462048
50,1,0.0,0,1,-6.04233899538102
51,1,0.0,0,1,-4.03176127723066
52,1,1.26632846353145,0,1,-4.7949777957304
53,1,0.0,0,1,-4.44398841221517
54,1,0.0,0,1,-4.20927478998582
55,2,0.0,0,1,-4.70042298822169
56,1,73.4682380360293,0,1,-4.28722191391531
57,1,0.0,0,1,-4.87564034344379
