bus_number,bus_type,P_demand,Q_demand,voltage_mag,voltage_ang
1,1,105.052611772925,0,1,1.96554207547715
2,1,0.0,0,1,2.11416104083899
3,1,0.0,0,1,-0.701781175483308
4,1,93.2009257458151,0,1,-2.05149874960061
5,1,0.0,0,1,-0.884491149047544
6,1,0.0,0,1,-0.818964982900775
7,1,0.0,0,1,-0.0821783448767354
8,1,0.0,0,1,0.100282033490108
9,1,408.044214825727,0,1,-1.24671645225202
10,1,0.0,0,1,0.524398205245704
11,2,0.0,0,1,-0.616576261453761
12,1,128.063122094208,0,1,-2.00711735466109
13,1,159.90193171393,0,1,-1.13843468543797
14,1,11.5360609554445,0,1,-1.37725422512029
15,1,0.0,0,1,0.391880170027098
16,1,73.7133138604302,0,1,1.4501701330845
17,2,0.0,0,1,-2.56943736567053
18,1,0.0,0,1,-0.274564978522788
19,1,0.0,0,1,0.514228102385827
20,1,0.0,0,1,-0.0826907011301395
21,3,0.0,0,1,0.0
22,1,0.0,0,1,-1.32873183036867
23,1,0.0,0,1,-1.66215658268219
24,1,174.708077864084,0,1,-3.11589776426345
25,2,0.0,0,1,-1.4440261954314
26,1,12.8812551097984,0,1,0.222475308773465
27,1,0.0,0,1,-0.44320409507024
28,1,121.90717145188,0,1,-0.765075185379934
29,1,102.040235449009,0,1,-1.14336694422543
30,1,0.0,0,1,-2.51333262745699
31,2,0.0,0,1,-0.108370258043665
32,1,139.752007588949,0,1,-2.31194700438008
33,1,93.6816844155245,0,1,-1.89540872711703
34,1,0.0,0,1,-1.11672067833463
35,2,0.0,0,1,2.03835643836547
36,2,0.0,0,1,-1.29250580761026
37,1,541.034898278798,0,1,-3.10732918021198
38,1,112.942382672631,0,1,-1.58508815680464
39,1,0.974416331651136,0,1,-0.342307021447177
40,2,0.0,0,1,0.667374675021716
41,1,61.8087004586772,0,1,-2.79490037345248
42,2,0.0,0,1,1.56415318937697
43,1,18.3280815429223,0,1,1.09843268180857
44,2,0.0,0,1,0.55035492053337
45,1,0.0,0,1,-2.0902030462737
46,1,0.136014332309966,0,1,-2.77087630639219
47,1,144.777624769437,0,1,-5.56784170500693
48,1,0.0,0,1,0.747734857506933
49,1,0.0,0,1,-0.636097214416514
50,1,0.0,0,1,-3.11965041259906
51,1,0.0,0,1,1.64547637704124
52,1,154.8151517551,0,1,-1.23977724528261
53,2,0.0,0,1,0.97153581378262
54,2,0.0,0,1,2.37864160556382
55,1,0.0,0,1,-0.239466762078312
56,2,0.0,0,1,-1.97986206611874
57,1,95.0107104933509,0,1,-3.99499826572799
