cost_model,startup,shutdown,n_coefficients,coeff_n,coeff1,coeff0
2,0,0,3,0.0047400108833892,36.8175415331865,2661.16182578939
2,0,0,3,0.0,0.0,0.0
2,0,0,3,0.0,0.0,0.0
2,0,0,3,0.0056680275066356,35.5626640863456,3193.89280377462
2,0,0,3,0.0,0.0,0.0
2,0,0,3,0.0,0.0,0.0
2,0,0,3,0.0075115578367229,39.8062240585031,3717.84918069913
2,0,0,3,0.0,0.0,0.0
2,0,0,3,0.0,0.0,0.0
2,0,0,3,0.0,0.0,0.0
2,0,0,3,0.0062303829205796,46.3839089985478,399.615099274704
2,0,0,3,0.0,0.0,0.0
