bus_number,bus_type,P_demand,Q_demand,voltage_mag,voltage_ang
1,1,0.0,0,1,-2.06646837533857
2,1,83.0130349665908,0,1,-2.26433565310246
3,1,82.9895086735927,0,1,-2.7906253375613
4,3,0.0,0,1,0.0
5,1,26.307416838071,0,1,-0.782831645065416
6,1,0.0,0,1,-0.945195000493968
7,1,85.4652396607572,0,1,-1.13554178646336
8,1,53.4001392764678,0,1,-0.442857600946697
9,1,0.0,0,1,-0.609030914615766
10,1,0.0,0,1,-3.14470841214569
11,1,0.0,0,1,-0.360095566002247
12,2,0.0,0,1,-0.567979895364541
13,1,0.0,0,1,-2.49823122385207
14,1,0.0,0,1,-1.84224514878293
15,1,0.0,0,1,-5.73524521787876
16,2,0.0,0,1,-0.286967074695335
17,1,97.5867564648383,0,1,-7.23687796412544
18,1,0.0,0,1,-3.40300497488049
19,1,0.0,0,1,-4.25140267033213
20,1,0.0,0,1,-5.2960353204889
21,1,0.0,0,1,-5.39531317978221
22,1,0.0,0,1,-3.06272216627334
23,1,496.377867822523,0,1,-2.74783957331814
24,1,2.3028577321387,0,1,-2.53268403018651
25,2,0.0,0,1,-2.89830749021047
26,1,0.0,0,1,-5.16862641349924
27,1,0.0,0,1,-3.45636697113198
28,1,0.0,0,1,-3.10887294043736
29,1,40.1688463083326,0,1,-1.68899078351432
30,1,0.0,0,1,-2.30859076005458
31,1,0.0,0,1,-3.17081282354071
32,2,0.0,0,1,-1.32014981195067
33,2,0.0,0,1,-0.995411758710472
34,1,450.266600092985,0,1,-3.02965735781138
35,1,0.0,0,1,-1.44890626145614
36,1,338.367685679123,0,1,-4.67653187450735
37,1,0.0,0,1,-4.63765184731297
38,1,241.278568605001,0,1,-5.53403301983187
39,2,0.0,0,1,-2.28596134998817
40,1,0.0,0,1,-3.57492650542764
41,1,0.0,0,1,-4.40439350274335
42,1,1.58485130828415,0,1,-3.75233999072916
43,1,28.0418312620926,0,1,-2.75085597349069
44,1,17.3901034394318,0,1,0.135380479104623
45,2,0.0,0,1,-0.730490751269485
46,2,0.0,0,1,-3.33712756351718
47,1,319.761884103102,0,1,-4.46554448526755
48,1,152.271041004384,0,1,-5.3413307172679
49,2,0.0,0,1,0.507510003968155
50,1,0.0,0,1,-2.58550852017371
51,1,0.0,0,1,-3.12879365030303
52,2,0.0,0,1,3.74784753158344
53,1,237.736360244885,0,1,-2.70955473677766
54,1,0.0,0,1,-2.31819956995673
55,1,0.0,0,1,-1.23171465049285
56,2,0.0,0,1,-1.32469910692957
57,1,0.0,0,1,-1.54020778378079
