bus_number,P_output,Q_output,voltage_mag,gen_status,P_max,P_min
1,138.531726150397,0,1,1,138.531726150388,0
5,181.560589572778,0,1,1,612.373119545479,0
10,571.198786627572,0,1,1,571.198786627594,0
12,503.581905548973,0,1,1,503.58190554898,0
18,163.935330343554,0,1,1,163.935330343542,0
19,0.0,0,1,0,57.6723712512345,0
20,125.457909389787,0,1,1,125.457909389771,0
22,0.0,0,1,0,360.567377023934,0
29,92.8504882926428,0,1,1,92.8504882926524,0
30,465.231807543345,0,1,1,465.23180754335,0
31,122.427462167445,0,1,1,122.427462167432,0
34,7.35069045282946e-11,0,1,1,128.648294214682,0
35,228.608035079876,0,1,1,228.608035079864,0
39,0.0,0,1,0,292.239806945788,0
43,160.926552766147,0,1,1,246.588247822607,0
49,0.0,0,1,0,6.26556440126048,0
53,0.0,0,1,0,146.19951507576,0
