bus_number,bus_type,P_demand,Q_demand,voltage_mag,voltage_ang
1,1,239.751202624517,0,1,-14.2715487134751
2,1,0.0,0,1,-4.75268160848712
3,1,0.0,0,1,-4.71866145212165
4,1,0.0,0,1,-6.62454579979785
5,2,0.0,0,1,-5.36953512370988
6,1,0.0,0,1,-9.72931505058983
7,1,0.0,0,1,-12.0094379193565
8,3,0.0,0,1,0.0
9,1,0.0,0,1,1.99956951157445
10,1,0.0,0,1,-4.08125823498797
11,2,0.0,0,1,-12.1892253649748
12,1,457.097633394566,0,1,-13.5808755893272
13,1,0.0,0,1,-6.78201663035971
14,1,0.0,0,1,-2.35912985717002
15,2,0.0,0,1,3.43778557182569
16,1,0.0,0,1,-12.1760821354475
17,1,0.0,0,1,-3.09031573007069
18,1,117.774968936465,0,1,-4.83789244442895
19,1,0.0,0,1,-5.71094912455029
20,1,129.47783113688,0,1,-12.4776947754833
21,1,0.0,0,1,-10.1025219971474
22,1,0.0,0,1,-10.9442264223358
23,1,0.0,0,1,-6.07921547241268
24,2,0.0,0,1,-9.21983270402269
25,1,0.0,0,1,-9.72065214114562
26,1,26.0883385488781,0,1,-6.86232645753764
27,1,0.0,0,1,-5.40041890318537
28,2,0.0,0,1,-8.31617860360701
29,2,0.0,0,1,-6.80024962780037
30,1,0.0,0,1,-8.48927132809178
31,1,0.0,0,1,-7.88342243075807
32,1,0.0,0,1,-9.44491780051378
33,1,353.278669704014,0,1,-7.17558273435067
34,1,474.534281111476,0,1,-10.5905941172652
35,1,373.51727746967,0,1,-10.4230095060839
36,1,0.0,0,1,-8.29259776672762
37,2,0.0,0,1,-9.92843701813665
38,1,16.6490347241403,0,1,-9.74839857914195
39,2,0.0,0,1,-6.64385103894321
40,1,0.0,0,1,-8.73444674230863
41,1,0.0,0,1,-7.41930457207971
42,2,0.0,0,1,-6.64385103894321
43,1,177.710846669192,0,1,-9.92843701813665
44,1,88.3422304293792,0,1,-8.99033803771306
45,2,0.0,0,1,1.49194387243727
46,1,0.0,0,1,-5.12985990473435
47,2,0.0,0,1,-7.31851869346246
48,2,0.0,0,1,-8.54264897912478
49,1,0.0,0,1,-7.34621240749697
50,1,0.0,0,1,-7.15652421476611
51,1,0.0,0,1,-7.82702151784858
52,1,0.0,0,1,-5.02864351755041
53,1,106.425966416846,0,1,-7.10462719192184
54,1,0.0,0,1,-6.87702716922275
55,1,0.0,0,1,-4.47361200627334
56,1,193.662312316579,0,1,-6.52720214435002
57,1,0.0,0,1,-6.75100632942975
