bus_number,P_output,Q_output,voltage_mag,gen_status,P_max,P_min
8,148.462617324402,0,1,1,148.462617324402,0
9,169.256706396955,0,1,1,169.256706396965,0
24,1132.28899458361,0,1,1,1542.74157164471,0
26,0.0,0,1,0,417.555822005093,0
31,0.0,0,1,0,653.21792989345,0
36,198.357613048578,0,1,1,198.357613048579,0
40,81.1877037721574,0,1,1,81.1877037721573,0
44,136.80213584612,0,1,1,136.802135846119,0
45,248.018311811002,0,1,1,248.018311811002,0
47,404.58198679946,0,1,1,404.581986799461,0
52,12.9689508898227,0,1,1,12.9689508898423,0
53,212.640487606809,0,1,1,249.226397992545,0
