bus_number,P_output,Q_output,voltage_mag,gen_status,P_max,P_min
6,2.5796580623172797e-18,0,1,1,23.7199564608396,0
8,87.4739069047414,0,1,1,87.4739069047414,0
12,956.42391489216,0,1,1,1045.68956002086,0
13,36.186842030894,0,1,1,195.502640044532,0
21,388.90070434469,0,1,1,476.059540998182,0
22,212.254724201671,0,1,1,212.254724201671,0
26,314.001942561598,0,1,1,314.001942561598,0
28,483.929536328451,0,1,1,557.473374864037,0
38,0.0,0,1,0,319.738360019459,0
41,123.924460537567,0,1,1,123.924460537567,0
45,0.0,0,1,0,347.040739497101,0
49,151.214561680828,0,1,1,151.214561680828,0
56,0.0,0,1,0,408.283979632903,0
