cost_model,startup,shutdown,n_coefficients,coeff_n,coeff1,coeff0
2,0,0,3,0.0,0.0,0.0
2,0,0,3,0.0072440276819667,27.4291860946874,514.007048371888
2,0,0,3,0.0,0.0,0.0
2,0,0,3,0.0,0.0,0.0
2,0,0,3,0.0,0.0,0.0
2,0,0,3,0.0040666116812011,47.8752430171674,130.149733381337
2,0,0,3,0.0077927688781915,39.6183810696315,3187.67223447038
2,0,0,3,0.0048554306766241,56.819542656141,599.428783687922
2,0,0,3,0.0,0.0,0.0
2,0,0,3,0.0025716850341288,37.1847216410451,3723.00456058057
2,0,0,3,0.0047128343239934,26.9784124874092,593.700597832081
2,0,0,3,0.0,0.0,0.0
2,0,0,3,0.0,0.0,0.0
2,0,0,3,0.0,0.0,0.0
2,0,0,3,0.0,0.0,0.0
