cost_model,startup,shutdown,n_coefficients,coeff_n,coeff1,coeff0
2,0,0,3,0.0,0.0,0.0
2,0,0,3,0.0,0.0,0.0
2,0,0,3,0.0,0.0,0.0
2,0,0,3,0.0031627528020533,27.4496547341788,27.7602879363692
2,0,0,3,0.0,0.0,0.0
2,0,0,3,0.0079322979887829,54.8653685829712,182.161485741499
2,0,0,3,0.0050036124990566,55.6800316965609,598.432337627759
2,0,0,3,0.0035110621337518,31.4439978780927,3064.91535271699
2,0,0,3,0.0028702614614824,32.6530795377977,2026.83003395848
2,0,0,3,0.0,0.0,0.0
2,0,0,3,0.0,0.0,0.0
2,0,0,3,0.0,0.0,0.0
2,0,0,3,0.0,0.0,0.0
