cost_model,startup,shutdown,n_coefficients,coeff_n,coeff1,coeff0
2,0,0,3,0.0,0.0,0.0
2,0,0,3,0.0,0.0,0.0
2,0,0,3,0.0,0.0,0.0
2,0,0,3,0.0,0.0,0.0
2,0,0,3,0.0023077371467953,39.8998374278089,1588.81592486171
2,0,0,3,0.004624901741441,26.6163865100942,577.82476595947
2,0,0,3,0.0,0.0,0.0
2,0,0,3,0.0059028424018901,42.7742464562931,342.811154757487
2,0,0,3,0.0044943293528424,39.7141679741387,61.2773826878827
2,0,0,3,0.0,0.0,0.0
2,0,0,3,0.0,0.0,0.0
2,0,0,3,0.0,0.0,0.0
2,0,0,3,0.0,0.0,0.0
2,0,0,3,0.0,0.0,0.0
2,0,0,3,0.0,0.0,0.0
2,0,0,3,0.0026129454080133,32.5939062574236,290.186619637262
2,0,0,3,0.0,0.0,0.0
2,0,0,3,0.0071985611315905,39.8152462773791,510.212118932921
2,0,0,3,0.0,0.0,0.0
2,0,0,3,0.0,0.0,0.0
2,0,0,3,0.0,0.0,0.0
2,0,0,3,0.0046035680887357,48.9660269376077,60.6152985095285
2,0,0,3,0.0048398262613442,34.745665213014,1440.92982786552
2,0,0,3,0.0077223150920658,49.431343249973,455.23710626072
