bus_number,bus_type,P_demand,Q_demand,voltage_mag,voltage_ang
1,1,0.0,0,1,-0.0858358419739961
2,1,0.0,0,1,-1.12795282527175
3,1,0.0,0,1,-1.4282655203478
4,1,36.6096842388721,0,1,-0.153697678542171
5,2,0.0,0,1,-0.226135158485962
6,1,452.756509275638,0,1,-3.43844530345862
7,1,0.0,0,1,-1.9341690412034
8,2,0.0,0,1,0.887274487747705
9,2,0.0,0,1,-7.42994217128807
10,3,0.0,0,1,0.0
11,1,0.0,0,1,-0.512207750268262
12,1,0.0,0,1,-0.506544278598068
13,2,0.0,0,1,-2.59729567147139
14,1,0.0,0,1,-5.01877940507863
15,1,116.977032764684,0,1,-7.97587628946502
16,1,0.0,0,1,-2.30732569739471
17,1,0.0,0,1,-5.27502211606441
18,1,0.0,0,1,-2.94742281818044
19,2,0.0,0,1,-6.51605645164225
20,1,0.0,0,1,-6.76586719690417
21,1,277.95321872774,0,1,-3.26886169584191
22,1,0.0,0,1,-6.97125653565358
23,1,0.0,0,1,-6.8286353021564
24,1,0.0,0,1,-3.08533087578342
25,1,296.186837695148,0,1,-3.24626894292144
26,2,0.0,0,1,-2.91877791044255
27,1,134.086975825431,0,1,-3.86011924703617
28,1,215.662392178456,0,1,-7.28862272497993
29,1,589.551926560361,0,1,-4.45200417189456
30,1,0.0,0,1,-2.74860708048271
31,1,0.0,0,1,-2.91877791044255
32,2,0.0,0,1,-2.95685004826142
33,1,0.0,0,1,-2.72068533443571
34,2,0.0,0,1,-0.378736231736729
35,2,0.0,0,1,-2.91877791044255
36,1,0.0,0,1,-2.91877791044255
37,1,0.0,0,1,-3.79767974099678
38,2,0.0,0,1,-3.90253170484021
39,1,0.0,0,1,-3.68904621766183
40,1,0.0,0,1,-2.23889669047059
41,1,42.3559719255639,0,1,-7.7353465358903
42,1,205.21178391788,0,1,-7.6533480505813
43,1,0.0,0,1,-1.59722187870521
44,1,0.0,0,1,-6.1811249490014
45,1,0.0,0,1,-5.8821064609073
46,2,0.0,0,1,-3.82782143351368
47,1,44.7930480667924,0,1,-2.92424331662002
48,2,0.0,0,1,-1.98879484864009
49,1,0.0,0,1,-1.99142284871603
50,1,287.604217420673,0,1,-4.60761140281567
51,1,0.0,0,1,-3.22835006002317
52,1,54.5609948853618,0,1,-2.85789465882894
53,2,0.0,0,1,-1.90964422685571
54,2,0.0,0,1,-2.08376277030478
55,2,0.0,0,1,-1.39351445586101
56,1,0.0,0,1,-2.35453855461498
57,1,0.0,0,1,-2.20167826230798
