cost_model,startup,shutdown,n_coefficients,coeff_n,coeff1,coeff0
2,0,0,3,0.0035124068877054,28.7302045085546,2368.21171580586
2,0,0,3,0.0047976787099299,36.9103880757753,40.4009774593198
2,0,0,3,0.0,0.0,0.0
2,0,0,3,0.0,0.0,0.0
2,0,0,3,0.0,0.0,0.0
2,0,0,3,0.0030368410520501,32.7629176802905,3331.88655941974
2,0,0,3,0.0021385009355627,37.0341195920634,482.398513275557
2,0,0,3,0.0033878075815733,26.8345544957391,32.1292787832835
2,0,0,3,0.007604608198095,39.4879598981444,65.1020525484562
2,0,0,3,0.0,0.0,0.0
2,0,0,3,0.0,0.0,0.0
2,0,0,3,0.0,0.0,0.0
2,0,0,3,0.0,0.0,0.0
2,0,0,3,0.0,0.0,0.0
2,0,0,3,0.0,0.0,0.0
2,0,0,3,0.0034249349908548,44.6022738558744,413.960365299403
2,0,0,3,0.0,0.0,0.0
