bus_number,P_output,Q_output,voltage_mag,gen_status,P_max,P_min
2,163.841743508277,0,1,1,163.841743508277,0
9,0.0,0,1,0,296.081081964885,0
10,264.904371787609,0,1,1,264.904371787609,0
18,442.633711292183,0,1,1,673.922637528,0
23,488.501494411359,0,1,1,488.501494411359,0
28,131.987223702445,0,1,1,131.987223702445,0
29,0.0,0,1,0,432.934897300545,0
34,0.0,0,1,0,397.058058012127,0
36,38.1095476772162,0,1,1,38.1095476772162,0
42,499.123799165643,0,1,1,499.123799165643,0
46,165.662342485348,0,1,1,165.662342485348,0
49,25.2717402229165,0,1,1,25.2717402229167,0
53,0.0,0,1,0,129.708599797421,0
54,513.182724893264,0,1,1,534.178315524187,0
57,21.0918943363416,0,1,1,21.0918943363416,0
