bus_number,bus_type,P_demand,Q_demand,voltage_mag,voltage_ang
1,1,0.0,0,1,0.0466002294366509
2,1,139.07381671901,0,1,-0.874919325521747
3,1,0.0,0,1,-1.06947976107078
4,1,0.0,0,1,-1.04651688178002
5,1,0.0,0,1,0.636545021646329
6,1,0.0,0,1,-0.973060178775277
7,1,252.577535361914,0,1,-2.14730341434707
8,2,0.0,0,1,-1.41182849241748
9,2,0.0,0,1,-0.599321306102107
10,1,956.032040822977,0,1,-1.41474096622592
11,1,0.0,0,1,-1.14175576509019
12,2,0.0,0,1,-0.471897073718259
13,3,0.0,0,1,0.0
14,1,74.3847196244454,0,1,-0.732434045876552
15,1,0.0,0,1,-0.945434552923622
16,1,0.0,0,1,-0.447266328556871
17,1,0.0,0,1,-1.30195024522268
18,1,0.0,0,1,-0.469387176112759
19,1,0.0,0,1,-0.48111530730765
20,1,0.0,0,1,-0.374533726078241
21,2,0.0,0,1,-0.723382534803192
22,1,439.028937164499,0,1,-0.880274253326039
23,1,0.0,0,1,-0.509566592331594
24,1,0.0,0,1,-0.826217343120034
25,1,0.0,0,1,1.19292295067247
26,2,0.0,0,1,-0.434771159426858
27,1,25.8251125036003,0,1,-1.16911520618562
28,2,0.0,0,1,0.105966909082916
29,2,0.0,0,1,-0.465220579602023
30,2,0.0,0,1,-0.617353456489856
31,1,0.0,0,1,-1.05880780321519
32,1,0.0,0,1,-1.27811006036787
33,1,0.0,0,1,-1.05760400511037
34,1,213.524448378053,0,1,-1.99435863943395
35,2,0.0,0,1,1.86044550845255
36,1,74.8685633293552,0,1,-1.3354607019353
37,1,184.935320269422,0,1,-0.250408823561963
38,1,0.0,0,1,-1.20112600214304
39,1,0.0,0,1,-1.25533591152622
40,1,33.67914563135,0,1,-2.04531579017062
41,2,0.0,0,1,-0.854933589410911
42,1,145.858262680568,0,1,-1.62257335251218
43,1,0.0,0,1,-0.55988724945425
44,1,0.0,0,1,-0.532199589903804
45,1,0.0,0,1,-0.876670240734503
46,1,0.0,0,1,-0.733146385135293
47,1,0.0,0,1,1.5717056897849
48,1,118.694488604859,0,1,-1.4713295071453
49,1,0.0,0,1,0.417970705560703
50,2,0.0,0,1,-0.355665385632674
51,1,0.0,0,1,0.179015939447217
52,1,0.0,0,1,-0.514610599824368
53,1,0.0,0,1,-0.282209762158506
54,1,0.0,0,1,0.799360422538036
55,2,0.0,0,1,0.61426105927099
56,1,0.0,0,1,-0.008763468088723
57,1,7.84331902554896,0,1,-0.789483191848638
