cost_model,startup,shutdown,n_coefficients,coeff_n,coeff1,coeff0
2,0,0,3,0.0,0.0,0.0
2,0,0,3,0.0,0.0,0.0
2,0,0,3,0.0043801752761164,26.3095098305174,1983.64185809371
2,0,0,3,0.0,0.0,0.0
2,0,0,3,0.0030972512092464,40.5352393127116,139.19173086418
2,0,0,3,0.0,0.0,0.0
2,0,0,3,0.0,0.0,0.0
2,0,0,3,0.0,0.0,0.0
2,0,0,3,0.0047697978031513,39.8776133682299,32.3966679313574
2,0,0,3,0.0,0.0,0.0
2,0,0,3,0.0,0.0,0.0
2,0,0,3,0.0050896735588841,28.1177678680783,540.068787906994
