bus_number,bus_type,P_demand,Q_demand,voltage_mag,voltage_ang
1,1,0.0,0,1,-1.9674214904201
2,1,0.0,0,1,-2.82628753293759
3,1,0.0,0,1,-1.11441928421957
4,1,313.853182243447,0,1,-1.60600089001417
5,3,0.0,0,1,0.0
6,1,262.18470464283,0,1,-2.15183994443306
7,1,0.0,0,1,-0.748672880896624
8,1,557.071121294251,0,1,-3.10084993439953
9,2,0.0,0,1,1.53521577407781
10,2,0.0,0,1,2.40532794659431
11,1,0.0,0,1,3.76938351365058
12,1,21.821209955596,0,1,-0.909451230472423
13,2,0.0,0,1,0.355516725984127
14,1,0.0,0,1,2.6413623876555
15,1,0.0,0,1,-0.340986457097581
16,2,0.0,0,1,1.98313810814224
17,1,0.0,0,1,1.96719529469436
18,1,0.0,0,1,-0.965129114337671
19,1,0.0,0,1,1.50511485366956
20,2,0.0,0,1,2.07053709708759
21,2,0.0,0,1,4.28591872655172
22,1,0.0,0,1,1.62046257417831
23,1,0.0,0,1,-0.872006079744943
24,2,0.0,0,1,-0.3086008726752
25,2,0.0,0,1,-0.561439196423807
26,1,0.0,0,1,-2.55947918639505
27,2,0.0,0,1,2.04785071824169
28,1,117.84110304059,0,1,-0.586120271164769
29,2,0.0,0,1,0.508287189804585
30,1,0.0,0,1,0.653484989004111
31,1,410.72866300738,0,1,-2.3024664841726
32,2,0.0,0,1,-0.780859078390171
33,1,0.0,0,1,-1.0339446976463
34,1,0.0,0,1,-1.76726441703129
35,2,0.0,0,1,-1.80748122270282
36,2,0.0,0,1,-2.25020674615556
37,2,0.0,0,1,1.91770471015712
38,1,127.859949782084,0,1,-3.35859691265381
39,1,0.0,0,1,-3.23990485311538
40,1,48.1415019991433,0,1,-7.43611689722045
41,1,0.0,0,1,4.78379443324788
42,1,395.874327610902,0,1,4.2700483967019
43,2,0.0,0,1,3.97755594194413
44,1,0.0,0,1,-5.32646282429152
45,2,0.0,0,1,5.30470829628472
46,2,0.0,0,1,-1.06162637646277
47,2,0.0,0,1,-3.89177957998642
48,1,220.192833367386,0,1,-4.98863880517605
49,1,139.446674643214,0,1,-1.25655476296335
50,1,39.7599279833824,0,1,-1.83781854578315
51,1,0.0,0,1,-2.32348797991254
52,2,0.0,0,1,-1.85336766994915
53,2,0.0,0,1,-0.62552761309247
54,2,0.0,0,1,-1.38053939331439
55,1,0.0,0,1,-2.69307396519694
56,2,0.0,0,1,0.0178184836179818
57,1,127.209806492689,0,1,-3.57074503147242
