bus_number,bus_type,P_demand,Q_demand,voltage_mag,voltage_ang
1,1,0.0,0,1,-2.07520434503284
2,1,0.0,0,1,-0.436635722928217
3,1,0.0,0,1,-4.9057004569435
4,1,47.1953130915953,0,1,-0.780388339483995
5,1,20.587829755718,0,1,-1.96481179457341
6,1,0.0,0,1,-1.59094471399215
7,1,0.0,0,1,-5.01185613056813
8,3,0.0,0,1,0.0
9,1,337.883189812274,0,1,-8.14830440799558
10,1,0.0,0,1,-8.22314944130348
11,1,0.0,0,1,-7.02626983084048
12,1,147.86541842104,0,1,-9.06713148241008
13,1,317.059531647303,0,1,-5.79887668405375
14,1,0.0,0,1,-6.05243187485474
15,1,0.0,0,1,-1.72135783171507
16,1,0.0,0,1,-6.49892781249861
17,1,0.0,0,1,-2.02934193293035
18,1,285.849717564848,0,1,-6.11034673910423
19,1,94.6606135259461,0,1,-5.39308814002006
20,2,0.0,0,1,-3.98384795830101
21,1,17.0123578986043,0,1,-3.97720580783511
22,1,0.0,0,1,-5.60160645157445
23,2,0.0,0,1,-2.70904263317514
24,1,0.0,0,1,-5.72990020553799
25,1,0.0,0,1,-2.43088693330773
26,1,0.0,0,1,-3.04765362910769
27,1,19.1498706664511,0,1,-3.72689910294234
28,1,109.824432445515,0,1,-5.08535688267779
29,1,0.0,0,1,-4.45275897732714
30,2,0.0,0,1,-2.21475999140533
31,1,399.518360760685,0,1,-3.98907847947471
32,1,119.127954173524,0,1,-3.32680369876628
33,1,56.7578908850911,0,1,-2.6823282734407
34,1,378.75295839193,0,1,-1.80990640030454
35,1,0.0,0,1,-3.21280191577558
36,1,0.0,0,1,-4.56008123612071
37,2,0.0,0,1,-2.21986239824908
38,1,149.954396410131,0,1,-3.57212324721653
39,2,0.0,0,1,-2.9274338732922
40,1,51.563941792528,0,1,-5.92425608247822
41,2,0.0,0,1,-1.66334826756454
42,1,46.7884468168429,0,1,-2.7512090474995
43,1,0.0,0,1,-1.73086130468894
44,2,0.0,0,1,-1.05459990387504
45,1,0.0,0,1,-2.11950153220047
46,1,0.0,0,1,-2.70391306410184
47,1,0.0,0,1,-2.95496414157119
48,1,0.0,0,1,-3.44958445348909
49,1,72.8371636465419,0,1,-2.71034014997619
50,1,0.0,0,1,-2.26178767753867
51,2,0.0,0,1,1.05901755127716
52,2,0.0,0,1,-1.6206664607295
53,1,0.0,0,1,-3.82983145665404
54,1,0.0,0,1,-2.31208852755797
55,2,0.0,0,1,-1.62693826075453
56,1,81.9212057760321,0,1,-3.95723309653455
57,2,0.0,0,1,-3.64788972607767
