cost_model,startup,shutdown,n_coefficients,coeff_n,coeff1,coeff0
2,0,0,3,0.0,0.0,0.0
2,0,0,3,0.0060374862949086,34.4772130267723,150.007133522483
2,0,0,3,0.0040147666788247,52.563509365644,1891.96778311298
2,0,0,3,0.0,0.0,0.0
2,0,0,3,0.0064661112367316,29.9299649871023,276.781288110516
2,0,0,3,0.0,0.0,0.0
2,0,0,3,0.0,0.0,0.0
2,0,0,3,0.0044120663245151,27.7652236144178,570.707546403102
2,0,0,3,0.0,0.0,0.0
2,0,0,3,0.0,0.0,0.0
2,0,0,3,0.0,0.0,0.0
2,0,0,3,0.0,0.0,0.0
2,0,0,3,0.0042278959713352,33.1523930113847,2331.16590717156
2,0,0,3,0.0052711224498193,50.7050985713922,293.439472917148
