bus_number,P_output,Q_output,voltage_mag,gen_status,P_max,P_min
2,904.536740476008,0,1,1,1119.76743337416,0
3,61.691578958689,0,1,1,61.6915789624897,0
5,0.0,0,1,0,565.323912068381,0
15,72.8268803494169,0,1,1,72.8268803532259,0
27,1.22298186670984e-08,0,1,1,4.47154046476077,0
28,102.808196849789,0,1,1,102.808196853697,0
30,478.748216083474,0,1,1,478.748216087349,0
31,0.0,0,1,0,330.952944654333,0
33,683.152334882264,0,1,1,683.152334886046,0
34,5.9886484640605305e-09,0,1,1,83.6880502784393,0
36,95.5411803077191,0,1,1,95.5411803114902,0
38,23.7813167004433,0,1,1,23.7813167041795,0
45,247.850984328524,0,1,1,247.850984332323,0
51,6.944520689704341e-09,0,1,1,308.400013568552,0
56,83.3731645211077,0,1,1,83.373164524896,0
