bus_number,bus_type,P_demand,Q_demand,voltage_mag,voltage_ang
1,1,0.0,0,1,-7.10370276393454
2,1,0.0,0,1,-6.51959688301253
3,1,0.0,0,1,-6.29151149487334
4,3,0.0,0,1,0.0
5,1,181.624085154147,0,1,-3.65412069345069
6,2,0.0,0,1,-5.37151420465792
7,1,0.0,0,1,-8.23492565405873
8,1,2.79507861727846,0,1,-6.62417764912281
9,1,712.838403533233,0,1,-7.46268764767293
10,1,68.0370269012903,0,1,-6.67302039816371
11,2,0.0,0,1,-6.49683408420078
12,1,441.849923532479,0,1,-8.87514433255376
13,1,0.0,0,1,-6.83004028482246
14,1,312.522812187706,0,1,-8.02692739925417
15,2,0.0,0,1,-2.50346908910778
16,1,0.0,0,1,-6.19697293794127
17,1,0.0,0,1,-6.42875907413092
18,1,0.0,0,1,-5.5708444901569
19,2,0.0,0,1,-6.50312509718353
20,2,0.0,0,1,-5.97938516205828
21,2,0.0,0,1,-4.71494372694746
22,2,0.0,0,1,-7.91003642226994
23,2,0.0,0,1,-5.10848551032
24,1,0.0,0,1,-6.28978432268301
25,1,0.0,0,1,-4.20569370789526
26,1,6.22047685390127,0,1,-6.28525394703662
27,1,0.0,0,1,-7.26314442401891
28,1,0.0,0,1,-4.84613559617803
29,1,0.0,0,1,-5.44508635186339
30,1,0.0,0,1,-6.21781785721695
31,1,0.0,0,1,-5.60411040998659
32,1,0.0,0,1,-7.26728923789526
33,1,12.7631520804512,0,1,-7.06512216120754
34,1,0.0,0,1,-6.27807652807429
35,1,0.0,0,1,-4.93055001360374
36,1,156.923884136648,0,1,-7.49090888862604
37,1,0.0,0,1,-7.27308357293095
38,1,52.2867609136973,0,1,-5.22654330431813
39,2,0.0,0,1,-4.72641334323436
40,1,120.468870437274,0,1,-8.67417672813869
41,1,0.0,0,1,-4.39783440944361
42,1,168.395077167941,0,1,-5.25510563119371
43,2,0.0,0,1,-3.14213633449714
44,1,31.0841876901089,0,1,-4.41224777255623
45,1,346.469964687104,0,1,-7.76013423331516
46,1,0.0,0,1,-4.6115666554083
47,1,44.0001795755327,0,1,-6.63071513308051
48,1,0.0,0,1,-4.43266260539809
49,2,0.0,0,1,-6.42249884603693
50,1,0.0,0,1,-4.12548971342481
51,1,0.0,0,1,-4.1001975459149
52,1,0.0,0,1,-6.04066675871848
53,1,0.0,0,1,-4.98456859751308
54,1,61.2149521844843,0,1,-5.36121936629406
55,1,0.0,0,1,-3.67512997077144
56,1,0.0,0,1,-7.17085532178701
57,1,34.8157578293243,0,1,-4.83274387652441
