bus_number,bus_type,P_demand,Q_demand,voltage_mag,voltage_ang
1,1,0.0,0,1,-0.716902891649598
2,3,0.0,0,1,0.0
3,1,0.0,0,1,-0.730152512717064
4,1,55.5353237863064,0,1,-4.24273149025183
5,1,0.0,0,1,-1.60262840140161
6,1,134.12080526076,0,1,-2.36945696993004
7,2,0.0,0,1,-1.91937056695094
8,1,41.9763502099782,0,1,-0.202428719636411
9,1,0.0,0,1,-3.02743125068309
10,1,118.840670724391,0,1,-3.78590206764716
11,1,0.0,0,1,-3.15078116395149
12,1,0.0,0,1,-1.15915512953182
13,2,0.0,0,1,30.8888921594701
14,2,0.0,0,1,-0.552643782572019
15,1,0.0,0,1,-2.60991919433603
16,1,0.0,0,1,-0.277334674340659
17,1,164.040015091068,0,1,-1.72101557526155
18,2,0.0,0,1,0.358247796489098
19,1,1.42969924856189,0,1,-2.90390563969463
20,1,0.0,0,1,-1.21976344568924
21,1,0.0,0,1,-0.416909722051439
22,1,0.0,0,1,-2.37369148673849
23,1,176.839094170983,0,1,-3.26796474667417
24,2,0.0,0,1,-1.26163495187625
25,2,0.0,0,1,-2.75305007532723
26,1,0.0,0,1,-0.791878530994765
27,1,0.0,0,1,-0.355737892907688
28,1,9.55668848216938,0,1,-1.62937118165927
29,2,0.0,0,1,-1.19704199954395
30,1,0.0,0,1,-1.52945381143101
31,2,0.0,0,1,-0.678106328727171
32,1,436.708185645774,0,1,-2.93748137568311
33,1,161.743162399611,0,1,-2.01761209134326
34,1,0.0,0,1,-1.87718476691918
35,1,0.0,0,1,-1.1249568298154
36,1,0.0,0,1,-2.16075124541378
37,2,0.0,0,1,-0.5830253571182
38,1,0.0,0,1,0.618595386426835
39,1,227.183491914496,0,1,-1.5694726321836
40,1,0.0,0,1,-0.138266806568375
41,1,92.1974380577288,0,1,-0.0182611133289669
42,2,0.0,0,1,-1.18423870366791
43,2,0.0,0,1,1.10132428994692
44,1,0.0,0,1,-0.706214426971632
45,1,356.313493716393,0,1,-2.61751249085372
46,1,0.0,0,1,-0.901962525742297
47,1,0.0,0,1,-0.480937763797413
48,1,0.0,0,1,-3.12902120517695
49,1,0.0,0,1,-3.45007283403715
50,1,0.0,0,1,-2.57104409307053
51,2,0.0,0,1,-1.76497512160528
52,2,0.0,0,1,-2.1011538911556
53,1,0.0,0,1,-2.81871014773764
54,1,282.512369526391,0,1,-4.34585510825046
55,2,0.0,0,1,1.45921334662262
56,1,188.248922701286,0,1,-4.07667401009459
57,1,307.064882546706,0,1,-4.06845960112078
