cost_model,startup,shutdown,n_coefficients,coeff_n,coeff1,coeff0
2,0,0,3,0.006959475491818,26.3725516785972,3229.9261565324
2,0,0,3,0.0,0.0,0.0
2,0,0,3,0.003838123201546,39.3153831589621,3139.11032185102
2,0,0,3,0.0,0.0,0.0
2,0,0,3,0.0,0.0,0.0
2,0,0,3,0.0,0.0,0.0
2,0,0,3,0.0,0.0,0.0
2,0,0,3,0.0,0.0,0.0
2,0,0,3,0.0065867445121711,56.3203722344894,200.396724548285
2,0,0,3,0.0049018380023724,37.8935443206646,472.088403394156
2,0,0,3,0.0,0.0,0.0
2,0,0,3,0.0,0.0,0.0
