bus_number,bus_type,P_demand,Q_demand,voltage_mag,voltage_ang
1,1,80.4007392395585,0,1,-2.80228651731085
2,1,0.0,0,1,-5.65619737767918
3,1,0.0,0,1,-1.71814724866702
4,1,0.0,0,1,-3.67637572644882
5,2,0.0,0,1,-3.66695834083358
6,1,0.0,0,1,-1.92308709297945
7,3,0.0,0,1,0.0
8,1,240.199406934481,0,1,-5.75038025946115
9,1,0.0,0,1,-2.1531533173521
10,1,0.0,0,1,-4.54191472692704
11,1,306.490619576783,0,1,-6.15088797985189
12,1,339.988552804513,0,1,-2.90933381873114
13,1,146.11828428657,0,1,-3.55763134014536
14,2,0.0,0,1,-3.4684956115561
15,1,0.0,0,1,-3.37606510634653
16,1,0.0,0,1,-3.59080998205522
17,2,0.0,0,1,-1.27377731219862
18,1,0.0,0,1,-3.0281755276102
19,1,0.0,0,1,-2.74114360469916
20,1,0.0,0,1,-4.39426033373187
21,2,0.0,0,1,-3.59334918535969
22,1,0.0,0,1,-3.64320509270081
23,2,0.0,0,1,-1.03060770726006
24,1,0.0,0,1,-3.94213081581913
25,1,178.960307020099,0,1,-5.48557472544263
26,1,19.3074764310224,0,1,-4.12051153687861
27,1,0.0,0,1,-4.13451043781094
28,1,0.0,0,1,-3.17999118992966
29,2,0.0,0,1,-3.67367944954961
30,1,148.508553844372,0,1,-6.40383875670498
31,1,0.0,0,1,-3.62943909639492
32,1,485.554624202713,0,1,-4.36914007427662
33,1,214.979990526803,0,1,-5.00615871162896
34,1,0.0,0,1,-2.91074810351956
35,1,0.0,0,1,-2.95848376008507
36,1,0.0,0,1,-4.63647237106297
37,1,23.7373433844975,0,1,-1.97164758546861
38,1,0.0,0,1,-4.9907963046707
39,2,0.0,0,1,-4.82269322742194
40,1,10.620757168923,0,1,-2.47801438236104
41,2,0.0,0,1,-1.21721195078899
42,1,0.0,0,1,-6.42027100556316
43,2,0.0,0,1,2.84533992918807
44,1,1.24039445996673,0,1,-7.43758007473191
45,2,0.0,0,1,-0.454817923211327
46,1,128.16219703154,0,1,2.06070807369424
47,1,378.277227799672,0,1,-8.02740568620249
48,2,0.0,0,1,-3.08147753320281
49,1,48.492495275328,0,1,-1.64073143843144
50,1,0.0,0,1,-3.04319392891468
51,1,0.0,0,1,-0.611413346579709
52,1,0.0,0,1,-2.83238248908956
53,1,3.27162349575946,0,1,12.3016662841958
54,1,0.0,0,1,-0.918630796924743
55,1,0.0,0,1,-2.32722650869961
56,2,0.0,0,1,13.495940529829
57,2,0.0,0,1,-1.86023118770211
