bus_number,bus_type,P_demand,Q_demand,voltage_mag,voltage_ang
1,1,22.7058161832475,0,1,-3.7722792356083
2,3,0.0,0,1,0.0
3,1,0.0,0,1,-2.04897804084616
4,1,191.767881302793,0,1,-3.80961212149984
5,1,0.0,0,1,-4.10105825036895
6,1,0.0,0,1,-1.38511529515184
7,1,0.0,0,1,-0.609045837519854
8,2,0.0,0,1,-7.72882769520414
9,1,0.0,0,1,-6.29133706923417
10,1,58.0747841519208,0,1,-5.0557558075197
11,1,0.0,0,1,-5.1240199995845
12,2,0.0,0,1,-8.32344282448912
13,2,0.0,0,1,-5.27729582701477
14,1,0.0,0,1,-5.64279845328607
15,1,0.0,0,1,-3.48402373529849
16,2,0.0,0,1,-3.45872689816356
17,2,0.0,0,1,-5.77090321042969
18,1,0.0,0,1,-5.76423405739548
19,1,520.600300588392,0,1,-6.8975467795603
20,1,0.0,0,1,-6.17872556350731
21,1,0.0,0,1,-7.50467525660104
22,1,0.0,0,1,-6.12811512486469
23,1,0.0,0,1,-7.38143900366596
24,1,0.0,0,1,-5.02446175164602
25,2,0.0,0,1,-9.02124557758166
26,1,0.0,0,1,-7.8612769332947
27,1,485.71294103601,0,1,-8.89336563634816
28,1,0.0,0,1,-5.239814885614
29,1,0.0,0,1,-6.40942657711424
30,2,0.0,0,1,-4.25441043926533
31,1,0.0,0,1,-8.01439517458348
32,1,160.924205537356,0,1,-9.75365787928868
33,1,0.0,0,1,-4.41671881780447
34,2,0.0,0,1,-4.85083265606863
35,2,0.0,0,1,-4.01307934534395
36,1,0.0,0,1,-9.0310597857852
37,1,3.16552857753095,0,1,-6.83438928244069
38,1,122.09660790207,0,1,-10.8068059442112
39,1,0.0,0,1,-4.66712747673422
40,1,0.0,0,1,-5.56349052937841
41,1,174.391259642335,0,1,-8.3434062472805
42,1,0.0,0,1,-3.24305303550634
43,1,402.305091661387,0,1,-6.29765421179786
44,1,161.299300048431,0,1,-2.20509189479498
45,1,113.408468968031,0,1,-1.87986393342709
46,1,157.291820622847,0,1,-2.27508653558557
47,2,0.0,0,1,-7.03925621177813
48,1,0.0,0,1,-6.70215532681552
49,1,0.0,0,1,-5.87165169864488
50,1,0.0,0,1,-2.97344664866277
51,1,0.0,0,1,-5.01570019328414
52,1,24.6820918952443,0,1,-5.54456924501504
53,1,15.5989287445888,0,1,-1.73589659141001
54,1,0.0,0,1,-1.40306868960251
55,1,0.0,0,1,-1.79824801458155
56,2,0.0,0,1,-0.181832394862582
57,1,80.253212196313,0,1,-3.05542373651489
