bus_number,bus_type,P_demand,Q_demand,voltage_mag,voltage_ang
1,3,0.0,0,1,0.0
2,1,0.0,0,1,-3.98476105916505
3,1,0.0,0,1,-4.72121347763066
4,1,0.0,0,1,-3.47509871928136
5,1,0.0,0,1,-5.07216978437304
6,1,54.6443196530575,0,1,-2.76285499926707
7,1,0.0,0,1,-2.24574508774406
8,1,0.0,0,1,-2.1179395941676
9,1,0.0,0,1,-0.490295776493777
10,2,0.0,0,1,-4.50905876626421
11,2,0.0,0,1,-1.40168639546356
12,2,0.0,0,1,-3.74666816281563
13,1,0.0,0,1,-4.42407528486097
14,1,308.414142998633,0,1,-6.15634800970622
15,1,0.0,0,1,-1.59771388282392
16,1,201.465036192951,0,1,-6.5622269268101
17,1,392.111884960885,0,1,-1.99599058343103
18,2,0.0,0,1,-3.57229557875588
19,2,0.0,0,1,-0.941467929955549
20,1,0.0,0,1,-4.74399167157754
21,1,273.054171077759,0,1,-4.44880361853705
22,1,0.0,0,1,-3.57229557875588
23,2,0.0,0,1,-4.2833563568679
24,1,0.0,0,1,-5.29536029767114
25,1,149.393701883758,0,1,-6.3417599633388
26,2,0.0,0,1,-5.57027763502151
27,1,316.088320270478,0,1,-6.59204189632096
28,2,0.0,0,1,-2.39121202257937
29,2,0.0,0,1,-4.15580360961697
30,2,0.0,0,1,-1.83859679911957
31,1,0.0,0,1,-6.34269257517841
32,2,0.0,0,1,-5.55056579407547
33,1,0.0,0,1,-5.3058465123626
34,1,0.0,0,1,-5.59765261652814
35,1,0.0,0,1,-5.68583604517365
36,1,0.0,0,1,-2.68221978368096
37,1,89.7286243511908,0,1,-3.84174919161682
38,1,0.0,0,1,-6.81391251023143
39,1,0.0,0,1,-3.09818622226974
40,1,501.820112567366,0,1,-3.58947065467641
41,1,0.0,0,1,-4.7414736951751
42,1,366.343643257328,0,1,-6.82213958990146
43,1,57.2083878108128,0,1,-4.82984373059358
44,2,0.0,0,1,-4.70575207274533
45,1,0.0,0,1,-6.62939882074556
46,1,0.0,0,1,-5.52616818443154
47,1,5.83690389354677,0,1,-5.75531950304258
48,1,0.0,0,1,-2.81078828512729
49,1,12.1730666428804,0,1,-3.77335169575774
50,1,0.0,0,1,-6.20262091149046
51,1,0.0,0,1,-5.04374938459169
52,1,0.0,0,1,-4.97757045135697
53,1,0.0,0,1,-5.42300433458262
54,2,0.0,0,1,-1.79838108534874
55,1,0.0,0,1,-3.04576270811709
56,1,26.0282779219544,0,1,-2.77760832559987
57,1,0.0,0,1,-5.00050196464941
