cost_model,startup,shutdown,n_coefficients,coeff_n,coeff1,coeff0
2,0,0,3,0.0,0.0,0.0
2,0,0,3,0.0027779771635879,23.2147547818918,178.842526044823
2,0,0,3,0.0031869723349426,56.3995072311964,1878.55009223049
2,0,0,3,0.0,0.0,0.0
2,0,0,3,0.0,0.0,0.0
2,0,0,3,0.0061703977546542,50.4067781774496,111.647873915997
2,0,0,3,0.0,0.0,0.0
2,0,0,3,0.0,0.0,0.0
2,0,0,3,0.0,0.0,0.0
2,0,0,3,0.0056059144110276,38.5788510515943,258.256616103768
2,0,0,3,0.0,0.0,0.0
2,0,0,3,0.0,0.0,0.0
2,0,0,3,0.0,0.0,0.0
2,0,0,3,0.0028515394479921,36.2161803183439,751.313925774778
2,0,0,3,0.0,0.0,0.0
2,0,0,3,0.0063051527172108,53.5275680190073,285.255706367688
2,0,0,3,0.0079198438194384,38.3995666168031,386.750220390746
