cost_model,startup,shutdown,n_coefficients,coeff_n,coeff1,coeff0
2,0,0,3,0.0077151050883412,23.1726015114012,1164.20219068078
2,0,0,3,0.0,0.0,0.0
2,0,0,3,0.0,0.0,0.0
2,0,0,3,0.0062923659529897,41.5268482154518,2148.80215150071
2,0,0,3,0.0,0.0,0.0
2,0,0,3,0.0034593161970153,44.2040082056806,1460.88615339587
2,0,0,3,0.0048440408478069,42.1592423645186,378.995922566487
2,0,0,3,0.0,0.0,0.0
2,0,0,3,0.0034047031330007,57.0092699388322,422.567788266962
2,0,0,3,0.0,0.0,0.0
2,0,0,3,0.0,0.0,0.0
2,0,0,3,0.0,0.0,0.0
2,0,0,3,0.0,0.0,0.0
2,0,0,3,0.0054961949611799,55.2031902745965,1844.66299393928
