cost_model,startup,shutdown,n_coefficients,coeff_n,coeff1,coeff0
2,0,0,3,0.0044179046323419,42.4076471699162,527.39163209878
2,0,0,3,0.0,0.0,0.0
2,0,0,3,0.0039897933054272,51.1761479269219,214.4028708737
2,0,0,3,0.0,0.0,0.0
2,0,0,3,0.0,0.0,0.0
2,0,0,3,0.0,0.0,0.0
2,0,0,3,0.00760662620859,44.5211132506884,3822.7603263606
2,0,0,3,0.0,0.0,0.0
2,0,0,3,0.0056541109740317,45.3508100130483,323.603013756379
2,0,0,3,0.0,0.0,0.0
2,0,0,3,0.0046810176957845,23.6908463074177,217.719048803402
2,0,0,3,0.0020840882827195,47.1950089170511,1417.7221471044
2,0,0,3,0.0,0.0,0.0
2,0,0,3,0.0,0.0,0.0
2,0,0,3,0.0070235197616811,41.8919840741933,100.643067956607
2,0,0,3,0.0071778996140767,47.6993938959418,543.468468158095
2,0,0,3,0.0,0.0,0.0
2,0,0,3,0.0,0.0,0.0
2,0,0,3,0.0,0.0,0.0
