cost_model,startup,shutdown,n_coefficients,coeff_n,coeff1,coeff0
2,0,0,3,0.0,0.0,0.0
2,0,0,3,0.0,0.0,0.0
2,0,0,3,0.0051015561082322,38.6171278123224,145.933316538922
2,0,0,3,0.0027215725103613,30.8843214759235,358.100208056537
2,0,0,3,0.0040685248514229,26.4993032703624,532.840973146841
2,0,0,3,0.0049706346754302,26.3378268279554,95.5930137974531
2,0,0,3,0.0,0.0,0.0
2,0,0,3,0.0020026283154685,50.5218386576198,2286.86246151726
2,0,0,3,0.0,0.0,0.0
2,0,0,3,0.0,0.0,0.0
2,0,0,3,0.0,0.0,0.0
2,0,0,3,0.0,0.0,0.0
2,0,0,3,0.0043257710791177,26.9934167678271,1188.52101327409
2,0,0,3,0.0050924338861583,28.5582225100941,76.749451817032
2,0,0,3,0.0,0.0,0.0
2,0,0,3,0.0028760414131731,26.8844218950301,314.889220871802
2,0,0,3,0.0,0.0,0.0
2,0,0,3,0.0,0.0,0.0
2,0,0,3,0.0,0.0,0.0
