cost_model,startup,shutdown,n_coefficients,coeff_n,coeff1,coeff0
2,0,0,3,0.0,0.0,0.0
2,0,0,3,0.0,0.0,0.0
2,0,0,3,0.0049838446821637,43.429722350243,1221.21866795418
2,0,0,3,0.0044795418756202,36.9586892639286,118.284126872572
2,0,0,3,0.0058052690454506,33.0012629505619,127.351508946252
2,0,0,3,0.0050318635895259,47.8995092579518,1541.68687446003
2,0,0,3,0.0,0.0,0.0
2,0,0,3,0.0,0.0,0.0
2,0,0,3,0.0060280737393027,44.1247341812036,177.318292596569
2,0,0,3,0.0,0.0,0.0
2,0,0,3,0.0,0.0,0.0
2,0,0,3,0.0,0.0,0.0
2,0,0,3,0.0,0.0,0.0
2,0,0,3,0.0027815297601238,27.3773834187057,285.271807182608
