bus_number,bus_type,P_demand,Q_demand,voltage_mag,voltage_ang
1,2,0.0,0,1,0.464784552806196
2,1,376.164398879585,0,1,-0.568307630360884
3,1,0.0,0,1,-0.0533286892892569
4,2,0.0,0,1,1.23118856104609
5,2,0.0,0,1,0.168020312826218
6,1,0.0,0,1,0.421853038571556
7,2,0.0,0,1,2.89926335294362
8,1,50.4054657877772,0,1,-0.235437778253588
9,2,0.0,0,1,-0.230343445958007
10,2,0.0,0,1,2.16608513450215
11,1,351.263601992656,0,1,-0.0556862630791937
12,1,0.0,0,1,1.02649099224406
13,2,0.0,0,1,-0.551651155115298
14,1,0.0,0,1,-1.58641545840619
15,1,0.0,0,1,-0.134485093837434
16,1,121.633594459048,0,1,-0.55801434543285
17,1,0.0,0,1,0.278911209525852
18,1,129.986425215286,0,1,-1.17010043981429
19,2,0.0,0,1,-1.0593550959644
20,1,0.0,0,1,0.268892239024276
21,1,0.0,0,1,-0.249735204565755
22,1,0.0,0,1,-0.890722159933445
23,1,202.445459348003,0,1,-1.91203317775371
24,1,9.16316048930663,0,1,-0.756592634619453
25,1,0.0,0,1,-0.14057533238557
26,2,0.0,0,1,0.190716224067274
27,1,0.0,0,1,-0.577370748942625
28,1,85.6764886185597,0,1,-0.597868839382908
29,1,0.0,0,1,-0.619320255818528
30,1,26.0307395469724,0,1,-1.00277106588836
31,1,521.833231470636,0,1,-1.07874112470343
32,3,0.0,0,1,0.0
33,2,0.0,0,1,0.864648848898246
34,1,0.0,0,1,-0.174563321744706
35,1,127.329173107315,0,1,-0.550844047048839
36,1,0.0,0,1,-0.435899169493809
37,1,0.0,0,1,-0.393299273677869
38,2,0.0,0,1,-0.439752289299144
39,2,0.0,0,1,-0.503469540049886
40,1,0.0,0,1,-0.901773616885512
41,1,63.6811179869207,0,1,-0.0197668512692728
42,2,0.0,0,1,2.03297891731186
43,2,0.0,0,1,-0.731023786391552
44,1,4.79191555533642,0,1,-0.608813455338359
45,1,411.780674472118,0,1,-0.70679559903579
46,1,139.950547019799,0,1,0.372043825342676
47,1,4.42790723619763,0,1,-0.296792963390688
48,1,0.0,0,1,0.0544411365944333
49,1,0.0,0,1,0.802642780964188
50,2,0.0,0,1,0.0601720148567184
51,1,0.0,0,1,0.894089788556145
52,1,0.0,0,1,0.821505965439678
53,1,80.350510291118,0,1,0.338281930419217
54,2,0.0,0,1,0.314053923260751
55,2,0.0,0,1,1.20821506200252
56,1,10.6370702990665,0,1,0.361681347968478
57,1,36.7591117069017,0,1,0.853335182586716
