bus_number,bus_type,P_demand,Q_demand,voltage_mag,voltage_ang
1,1,0.0,0,1,-1.38638917827763
2,1,226.660520946871,0,1,-2.18157668029819
3,1,0.0,0,1,-3.75567110989267
4,2,0.0,0,1,-1.45094440541055
5,1,0.0,0,1,-0.165658771168893
6,1,115.574577462194,0,1,-1.07931997778984
7,1,0.0,0,1,1.87934305700862
8,2,0.0,0,1,2.56112223034173
9,1,0.0,0,1,-1.68770229115114
10,2,0.0,0,1,-0.893536449666419
11,1,0.0,0,1,-0.0371230054818517
12,1,148.50021821821,0,1,-1.933656881602
13,2,0.0,0,1,3.80759556868614
14,1,0.0,0,1,-0.066106379971092
15,1,0.0,0,1,0.938816816359386
16,1,0.0,0,1,-0.856025886017012
17,1,4.33242577172558,0,1,-0.954090888728454
18,1,0.0,0,1,-0.715963725162259
19,3,0.0,0,1,0.0
20,1,0.0,0,1,-0.288972789508028
21,2,0.0,0,1,0.127612313488647
22,1,4.29247979805736,0,1,-0.889221247358911
23,1,164.184845210895,0,1,-3.15832915122278
24,1,124.389252216468,0,1,-1.24453607171078
25,1,64.4485614024966,0,1,-1.26614566559975
26,1,437.056740421848,0,1,-1.5217926771525
27,1,0.0,0,1,-0.594214390818385
28,1,13.8753022202979,0,1,0.510843766373346
29,1,0.0,0,1,-5.55450802545214
30,1,0.0,0,1,-6.30671706356116
31,2,0.0,0,1,0.649316505061558
32,2,0.0,0,1,-3.36267095365481
33,2,0.0,0,1,-5.55450802545214
34,1,146.086939579555,0,1,-9.94511528766979
35,1,107.870463329407,0,1,0.273177160325059
36,1,0.0,0,1,-4.72096737524259
37,2,0.0,0,1,-1.92001926263707
38,1,128.466983018288,0,1,-5.78281438584151
39,1,0.0,0,1,-2.85398814292998
40,1,63.9037011958592,0,1,-2.06269347340703
41,1,0.0,0,1,-0.966906000805802
42,1,0.0,0,1,-2.70606106530157
43,1,0.0,0,1,-7.98371482903722
44,1,0.0,0,1,-1.78511650018053
45,1,19.1162482185935,0,1,-2.14705395583912
46,1,64.9940386128239,0,1,-2.06921437400952
47,1,0.0,0,1,-4.38825722553178
48,1,0.0,0,1,-4.36353520745928
49,1,0.0,0,1,-2.43578328269111
50,1,487.138605627413,0,1,-4.2967526248213
51,2,0.0,0,1,-0.498810595446629
52,1,0.0,0,1,-3.04882343988007
53,1,156.538517734409,0,1,-3.10766475300527
54,2,0.0,0,1,-0.671121259982506
55,1,276.880172497189,0,1,-2.19298696841388
56,2,0.0,0,1,-3.94379883220897
57,1,0.0,0,1,-3.21562966338111
