bus_number,bus_type,P_demand,Q_demand,voltage_mag,voltage_ang
1,1,0.0,0,1,-3.6007713613588
2,1,37.238818889931,0,1,-2.35505971076662
3,1,0.0,0,1,-2.87950113193781
4,1,0.0,0,1,-3.82266051206243
5,1,54.529387804672,0,1,-1.213636677668
6,1,0.0,0,1,-4.62798392371654
7,2,0.0,0,1,-0.864080520897221
8,1,0.0,0,1,-0.923877248452509
9,2,0.0,0,1,-2.47348975629948
10,1,0.0,0,1,-5.34748846015058
11,1,302.540397044629,0,1,-3.87555136819831
12,3,0.0,0,1,0.0
13,2,0.0,0,1,-5.93773778987553
14,1,0.0,0,1,-2.4336443816896
15,1,550.804183923486,0,1,-4.20148710857217
16,2,0.0,0,1,-1.24348643797868
17,1,0.0,0,1,-3.04424877050216
18,1,0.0,0,1,-3.61991200139037
19,1,184.938550571949,0,1,-5.91887754727259
20,1,79.709155337501,0,1,-3.8419830677799
21,1,0.0,0,1,-3.14047520370572
22,2,0.0,0,1,-3.77830939298457
23,1,160.531863071864,0,1,-3.59041152127787
24,1,0.0,0,1,-3.34423470767609
25,1,86.283479266594,0,1,-7.49949276756632
26,1,0.0,0,1,-3.71408869709508
27,1,0.0,0,1,-4.10057921644188
28,2,0.0,0,1,8.40429712899604
29,1,0.0,0,1,-5.19509018079326
30,2,0.0,0,1,-2.68476353762359
31,2,0.0,0,1,-6.7516128549272
32,1,0.0,0,1,-5.31770331405073
33,2,0.0,0,1,-3.59292821878781
34,1,0.0,0,1,-5.10160299300389
35,1,0.0,0,1,2.61611227988426
36,1,0.0,0,1,-5.92289788139819
37,1,0.0,0,1,-7.25495952087878
38,1,0.0,0,1,-6.92527726595499
39,1,0.0,0,1,-4.88267616752179
40,2,0.0,0,1,-6.15571405872916
41,2,0.0,0,1,-4.25829758332986
42,1,22.9588134547682,0,1,-5.49035994296809
43,1,0.0,0,1,-5.80165416818404
44,1,309.276583385582,0,1,-8.94192389780873
45,1,0.0,0,1,-6.15571405872916
46,2,0.0,0,1,-1.86041386136111
47,1,0.0,0,1,-3.22597029908465
48,2,0.0,0,1,1.24365289428126
49,1,170.617537238401,0,1,-6.75161285387729
50,1,157.36520409434,0,1,-7.31320422962775
51,1,0.0,0,1,-4.93967536384379
52,1,208.417271629753,0,1,-6.43595319702658
53,1,174.948623381396,0,1,-5.62429591536564
54,1,131.063137908418,0,1,-7.72093521645806
55,1,123.087586479318,0,1,-2.78925521919135
56,2,0.0,0,1,-1.58918722728051
57,1,0.0,0,1,-5.5528586952104
