cost_model,startup,shutdown,n_coefficients,coeff_n,coeff1,coeff0
2,0,0,3,0.0026283502315921,33.7507046712623,2500.74955710057
2,0,0,3,0.0,0.0,0.0
2,0,0,3,0.0,0.0,0.0
2,0,0,3,0.0,0.0,0.0
2,0,0,3,0.0065601749130059,27.2267309637966,153.985546429606
2,0,0,3,0.0022320384732487,39.0591845821201,451.95858708607
2,0,0,3,0.0071137328175878,34.5360438602276,208.465232368168
2,0,0,3,0.0050126931708847,51.0621223489383,3732.93543132198
2,0,0,3,0.0,0.0,0.0
2,0,0,3,0.0,0.0,0.0
2,0,0,3,0.0,0.0,0.0
2,0,0,3,0.0,0.0,0.0
2,0,0,3,0.0063912487945666,43.775425408695,456.664962157014
2,0,0,3,0.0,0.0,0.0
