bus_number,P_output,Q_output,voltage_mag,gen_status,P_max,P_min
5,687.871289049696,0,1,1,687.871289049701,0
7,137.228053686652,0,1,1,137.228053686649,0
15,376.13494577966,0,1,1,1168.80302663601,0
17,261.415930207893,0,1,1,261.415930207885,0
22,0.0,0,1,0,332.74602310571,0
25,555.039296017924,0,1,1,555.039296017927,0
27,148.745399281638,0,1,1,148.745399281644,0
29,215.511725482119,0,1,1,215.511725482116,0
31,276.580941829718,0,1,1,276.580941829719,0
34,4.92326827880803,0,1,1,210.350909654837,0
35,90.8597438684817,0,1,1,186.088806271202,0
57,0.0,0,1,0,49.6350155735332,0
