cost_model,startup,shutdown,n_coefficients,coeff_n,coeff1,coeff0
2,0,0,3,0.0,0.0,0.0
2,0,0,3,0.0061847043688711,39.9748623178236,1909.50689712024
2,0,0,3,0.0,0.0,0.0
2,0,0,3,0.0,0.0,0.0
2,0,0,3,0.0,0.0,0.0
2,0,0,3,0.0,0.0,0.0
2,0,0,3,0.0,0.0,0.0
2,0,0,3,0.0020201972422329,23.8623912051219,236.825411820184
2,0,0,3,0.0060338878339659,33.6487587483118,252.528360184699
2,0,0,3,0.0,0.0,0.0
2,0,0,3,0.0,0.0,0.0
2,0,0,3,0.0065680571352363,29.4414309324893,387.818247546083
2,0,0,3,0.0,0.0,0.0
2,0,0,3,0.0,0.0,0.0
2,0,0,3,0.0022703029412984,26.5988424628463,283.916118936557
2,0,0,3,0.0020538770566285,53.858056732296,975.695246541365
2,0,0,3,0.0062824539349778,43.06618193101,333.927463924874
2,0,0,3,0.0071441092755041,30.5847359991911,406.978210180811
2,0,0,3,0.0,0.0,0.0
2,0,0,3,0.0,0.0,0.0
