cost_model,startup,shutdown,n_coefficients,coeff_n,coeff1,coeff0
2,0,0,3,0.0069927991268419,47.2002142207332,1074.65973834604
2,0,0,3,0.0021725190392318,46.6203829553742,266.207328188089
2,0,0,3,0.0072872065256693,39.875180070894,393.794441567933
2,0,0,3,0.0,0.0,0.0
2,0,0,3,0.0050722884555217,49.2344835574809,1705.96219750317
2,0,0,3,0.0,0.0,0.0
2,0,0,3,0.0037165082536838,39.2104283638096,396.396023511729
2,0,0,3,0.0054403542249282,50.6110937242478,98.4043047286137
2,0,0,3,0.0066253554992659,38.5386926382765,466.365259363827
2,0,0,3,0.0,0.0,0.0
2,0,0,3,0.0045880943793605,36.4640877103156,388.525691287657
2,0,0,3,0.0,0.0,0.0
2,0,0,3,0.0,0.0,0.0
2,0,0,3,0.0,0.0,0.0
2,0,0,3,0.0038328725478435,54.3992800666026,286.517283040218
2,0,0,3,0.0,0.0,0.0
2,0,0,3,0.0,0.0,0.0
2,0,0,3,0.0,0.0,0.0
2,0,0,3,0.0,0.0,0.0
2,0,0,3,0.0,0.0,0.0
2,0,0,3,0.0,0.0,0.0
2,0,0,3,0.0,0.0,0.0
2,0,0,3,0.0,0.0,0.0
