bus_number,bus_type,P_demand,Q_demand,voltage_mag,voltage_ang
1,1,121.644421746819,0,1,-3.66017335713735
2,1,0.0,0,1,-0.385136524793078
3,3,0.0,0,1,0.0
4,2,0.0,0,1,4.84882364459929
5,2,0.0,0,1,2.48533399689175
6,2,0.0,0,1,3.65290710916253
7,2,0.0,0,1,2.48533399689175
8,1,0.0,0,1,2.11246467244805
9,1,145.343633950757,0,1,-6.47251669018967
10,2,0.0,0,1,4.25803823803591
11,2,0.0,0,1,2.23513078909546
12,1,57.9992366149543,0,1,0.994785250182969
13,1,183.362477557494,0,1,3.08036684242404
14,1,239.487541367692,0,1,-1.67379874930678
15,2,0.0,0,1,3.54885101997163
16,1,0.0,0,1,2.52718932767245
17,1,176.046134765631,0,1,2.3057859833354
18,2,0.0,0,1,1.76914853080154
19,2,0.0,0,1,0.394892828827328
20,2,0.0,0,1,3.06799126305765
21,1,896.347168426644,0,1,-0.774662163752072
22,2,0.0,0,1,-0.774662163752072
23,2,0.0,0,1,-0.438006981855737
24,1,0.0,0,1,-1.33395090691714
25,1,0.0,0,1,-0.690713104133206
26,2,0.0,0,1,-0.291443941504687
27,2,0.0,0,1,-0.864527433205421
28,1,0.0,0,1,-2.47946655000074
29,2,0.0,0,1,-2.14383781853822
30,2,0.0,0,1,-0.436228694249048
31,2,0.0,0,1,1.78074761183237
32,1,518.815253154694,0,1,-3.32623134614879
33,2,0.0,0,1,1.52443526869225
34,1,284.760851792513,0,1,-2.95205733868144
35,2,0.0,0,1,-1.00555812404751
36,1,129.554261028185,0,1,-3.37576714751397
37,2,0.0,0,1,0.413554651661387
38,2,0.0,0,1,-2.15449543206894
39,2,0.0,0,1,-2.46770125969505
40,1,0.0,0,1,-3.21713018983209
41,2,0.0,0,1,-0.645565402540684
42,2,0.0,0,1,-1.95408561297086
43,1,0.0,0,1,-2.33602243800558
44,1,0.0,0,1,-1.6278021252757
45,1,0.949613077218459,0,1,-1.85887130757234
46,2,0.0,0,1,-1.78031708490574
47,1,0.0,0,1,-1.12753073846202
48,1,0.0,0,1,-1.66699863112957
49,1,0.0,0,1,-1.51106478178543
50,2,0.0,0,1,-1.89603384897183
51,1,0.0,0,1,-0.436228694249086
52,1,0.0,0,1,-1.6193432622415
53,1,0.0,0,1,-1.69932714467686
54,1,0.0,0,1,-1.01723303052454
55,1,0.0,0,1,-2.5555761009155
56,1,0.0,0,1,-2.04134177701828
57,1,0.0,0,1,-0.469111818666449
