bus_number,P_output,Q_output,voltage_mag,gen_status,P_max,P_min
5,90.0800451244891,0,1,1,90.0800451241275,0
6,259.882221618576,0,1,1,259.882221620928,0
9,21.2511301672665,0,1,1,21.2511301668092,0
12,596.865866073063,0,1,1,596.865866074149,0
17,1.06326578450664e-08,0,1,1,92.5790223013172,0
18,76.9079413708442,0,1,1,76.9079413705212,0
22,740.227117323291,0,1,1,788.403634219658,0
30,71.814830853143,0,1,1,167.596219346475,0
31,125.730519509582,0,1,1,125.730519509438,0
37,0.0,0,1,0,506.425492440476,0
39,0.0,0,1,0,324.885655362282,0
46,0.0,0,1,0,267.522958426083,0
47,146.516382931679,0,1,1,146.516382931537,0
48,697.985444599436,0,1,1,771.20512554439,0
53,26.5255329854858,0,1,1,26.5255329861305,0
