cost_model,startup,shutdown,n_coefficients,coeff_n,coeff1,coeff0
2,0,0,3,0.0,0.0,0.0
2,0,0,3,0.0,0.0,0.0
2,0,0,3,0.0,0.0,0.0
2,0,0,3,0.006854111890623,31.4369704700339,328.577294713739
2,0,0,3,0.006167229562561,49.6867049044065,382.523902852205
2,0,0,3,0.0036381827685392,40.0801587254366,1530.53595944528
2,0,0,3,0.0,0.0,0.0
2,0,0,3,0.0061227434373096,32.1894988552278,531.166109374633
2,0,0,3,0.0,0.0,0.0
2,0,0,3,0.0035412106244029,47.28456489857,412.994631862655
2,0,0,3,0.0,0.0,0.0
2,0,0,3,0.0047587852391845,27.9554408428936,269.105544870056
2,0,0,3,0.0,0.0,0.0
2,0,0,3,0.0,0.0,0.0
2,0,0,3,0.0073415507883445,54.8278940092152,544.034841918122
2,0,0,3,0.0067725833081215,56.8913421605419,258.972729680288
2,0,0,3,0.0,0.0,0.0
2,0,0,3,0.0,0.0,0.0
2,0,0,3,0.0,0.0,0.0
2,0,0,3,0.0048352271592253,35.06820805213,584.726339481921
2,0,0,3,0.0,0.0,0.0
2,0,0,3,0.0,0.0,0.0
