bus_number,bus_type,P_demand,Q_demand,voltage_mag,voltage_ang
1,1,0.0,0,1,-0.629134862271975
2,1,0.0,0,1,-1.39981465843516
3,2,0.0,0,1,1.46864573244449
4,1,173.92227036232,0,1,-0.116204186276908
5,1,507.779138609014,0,1,-1.06217651472528
6,2,0.0,0,1,-0.112863995174883
7,1,0.0,0,1,2.83223485763023
8,2,0.0,0,1,0.266623707414658
9,1,0.0,0,1,0.787935510723014
10,1,262.130038457722,0,1,-1.37612466012955
11,1,0.0,0,1,2.51833399822847
12,1,5.08806847870385,0,1,-0.211211348142845
13,1,0.0,0,1,1.46247152821852
14,2,0.0,0,1,2.77394106607987
15,2,0.0,0,1,2.35960701740942
16,2,0.0,0,1,2.86094644849721
17,1,0.0,0,1,0.902446901115741
18,1,0.0,0,1,2.63828734336508
19,1,218.484337027184,0,1,-0.201129114067424
20,1,59.377187555184,0,1,-0.3839622965362
21,1,0.0,0,1,2.22044845980131
22,1,0.0,0,1,1.6940619027549
23,1,171.747355128013,0,1,1.45724885253331
24,1,0.0,0,1,0.524922099480127
25,2,0.0,0,1,0.395571857663063
26,1,0.0,0,1,1.22486736689029
27,1,277.383802438033,0,1,-1.19086717050085
28,2,0.0,0,1,0.456788738764322
29,1,0.0,0,1,2.28470929568009
30,2,0.0,0,1,1.84294716636126
31,2,0.0,0,1,1.74681043669671
32,1,0.0,0,1,-0.0320518575956632
33,2,0.0,0,1,3.57595008207183
34,1,0.0,0,1,2.94818764761044
35,1,0.0,0,1,-0.893969878542443
36,1,97.1845126394186,0,1,-2.0843448762145
37,1,16.5502870650586,0,1,-0.193152500679437
38,1,92.0987220961249,0,1,-1.72221284618588
39,1,160.633757990035,0,1,2.25843585464021
40,1,353.609280564518,0,1,1.35783084543808
41,2,0.0,0,1,1.23898821352929
42,3,0.0,0,1,0.0
43,1,0.0,0,1,1.19740223945063
44,1,104.819706224987,0,1,-0.0443631785509628
45,1,0.0,0,1,0.141794943223554
46,2,0.0,0,1,-1.0488100987878
47,1,103.885716507641,0,1,-0.795080627008732
48,1,0.0,0,1,0.889506071974627
49,1,0.0,0,1,-0.370939815199221
50,2,0.0,0,1,2.09215803671033
51,2,0.0,0,1,-0.116204186276908
52,2,0.0,0,1,-0.276484914497533
53,1,0.0,0,1,-0.607857794513014
54,1,101.403267764954,0,1,-0.97988476748753
55,1,49.1042990204065,0,1,-0.648786988762765
56,2,0.0,0,1,7.05754467019173
57,2,0.0,0,1,-0.569783324178253
