bus_number,P_output,Q_output,voltage_mag,gen_status,P_max,P_min
1,613.50923062337,0,1,1,613.509230623395,0
2,0.0,0,1,0,452.240199833235,0
3,0.0,0,1,0,371.924987869729,0
9,28.5508880539212,0,1,1,28.5508880539192,0
13,519.973303669829,0,1,1,745.091316943911,0
30,151.166566592468,0,1,1,151.166566592322,0
31,509.253477596674,0,1,1,509.253477596685,0
34,0.0,0,1,0,221.390193151095,0
35,0.0,0,1,0,237.393759810368,0
46,609.550259934138,0,1,1,609.55025993461,0
52,113.910171471995,0,1,1,113.910171471931,0
55,8.28624901732649,0,1,1,8.28624901822824,0
56,89.3265619684743,0,1,1,89.3265619684483,0
57,110.783884554373,0,1,1,110.783884556444,0
