bus_number,bus_type,P_demand,Q_demand,voltage_mag,voltage_ang
1,1,0.0,0,1,-0.773878916081354
2,1,0.0,0,1,-1.35567680853157
3,2,0.0,0,1,-2.6669554050437
4,3,0.0,0,1,0.0
5,1,0.0,0,1,0.314746811862293
6,1,117.31026966695,0,1,-0.202496687786563
7,1,363.249798982939,0,1,-2.71676057675894
8,1,0.0,0,1,-1.04868900114786
9,2,0.0,0,1,1.29023742614213
10,2,0.0,0,1,-1.58865397020131
11,2,0.0,0,1,-0.678086661146764
12,2,0.0,0,1,-0.346241217627145
13,1,0.0,0,1,-2.3211176887378
14,2,0.0,0,1,-0.44143592645839
15,1,0.0,0,1,-1.41198189698318
16,2,0.0,0,1,-2.84060726545186
17,2,0.0,0,1,-1.80805409526509
18,2,0.0,0,1,-3.18578916804358
19,2,0.0,0,1,-3.06814978639355
20,1,52.8683893369525,0,1,-2.24007168930191
21,1,18.8081978990272,0,1,-3.19656281866549
22,1,938.99829451515,0,1,-3.26632968374531
23,1,400.010269286433,0,1,-4.69444752148886
24,1,0.0,0,1,-2.97988825282896
25,1,36.3375197101564,0,1,-3.84397519099809
26,2,0.0,0,1,-2.57482426150716
27,2,0.0,0,1,-2.36498823310406
28,2,0.0,0,1,-2.65461312517119
29,2,0.0,0,1,-2.94810329520251
30,1,0.0,0,1,-2.78218073417727
31,1,0.0,0,1,-3.15477432754571
32,1,0.0,0,1,-3.28692733756581
33,1,352.519400138414,0,1,-3.91996203451588
34,1,159.165664630563,0,1,-2.36857208247066
35,1,0.0,0,1,-1.97574582423839
36,2,0.0,0,1,-2.62268780090203
37,1,0.0,0,1,-3.82394218438157
38,2,0.0,0,1,-2.55743780592752
39,1,39.3875073081781,0,1,-3.26053553176792
40,2,0.0,0,1,-2.12508983391944
41,1,0.0,0,1,-2.03054033066784
42,2,0.0,0,1,-0.999810182528336
43,1,0.0,0,1,-2.6425975326469
44,1,87.5039307784485,0,1,-4.62289875479822
45,1,96.7868206795432,0,1,-2.9087177122843
46,1,91.3645305498476,0,1,-3.96137181445466
47,1,0.0,0,1,-2.44611510615979
48,1,0.0,0,1,0.166596496620648
49,1,0.0,0,1,-2.01747410059364
50,2,0.0,0,1,-2.81250387393636
51,1,0.0,0,1,-1.15771433012691
52,1,0.0,0,1,-1.78152863912972
53,1,0.0,0,1,-1.04617582882794
54,2,0.0,0,1,-0.590968702718289
55,2,0.0,0,1,0.906045832401833
56,1,0.0,0,1,-2.78506376734205
57,1,0.0,0,1,-1.80837390756765
