bus_number,bus_type,P_demand,Q_demand,voltage_mag,voltage_ang
1,1,0.0,0,1,-3.74794951920348
2,2,0.0,0,1,-2.2484894535321
3,1,51.0789335293273,0,1,-7.41986192689033
4,1,0.0,0,1,-0.938839422346835
5,1,120.965372791557,0,1,-5.19711886877573
6,1,142.287823775542,0,1,-14.6629042692703
7,3,0.0,0,1,0.0
8,1,0.0,0,1,-0.539936358167834
9,1,405.189180013379,0,1,-6.86499865260533
10,2,0.0,0,1,-6.00306740543802
11,1,196.921993455737,0,1,-10.2071125615636
12,1,42.5831633787054,0,1,-5.34066905144702
13,1,0.0,0,1,-11.8444109681326
14,1,0.0,0,1,-5.85489512235646
15,1,0.0,0,1,-8.2901579135373
16,1,0.0,0,1,-6.18887963338723
17,1,0.0,0,1,-7.09508631318032
18,1,0.0,0,1,-3.03867802494288
19,1,398.975944951574,0,1,-8.77267037853646
20,2,0.0,0,1,-3.95907480608008
21,1,0.0,0,1,-7.78074645622251
22,1,0.0,0,1,-5.55392818402154
23,1,51.2336371355446,0,1,0.817239334523167
24,1,114.347064773467,0,1,-3.86094132779212
25,1,0.0,0,1,-5.09857745275387
26,2,0.0,0,1,4.52302388313285
27,1,0.0,0,1,-5.60139862238811
28,2,0.0,0,1,-2.48776292870576
29,1,0.0,0,1,-1.86380096262566
30,1,192.941174458569,0,1,-5.02069428451324
31,1,0.0,0,1,-0.104196109912066
32,2,0.0,0,1,1.18726791112185
33,2,0.0,0,1,1.62764686840117
34,1,100.919121405132,0,1,-7.44147861524399
35,1,381.067010044395,0,1,4.23276934839474
36,1,102.286389499652,0,1,-8.23018875368619
37,1,0.0,0,1,-0.104196109912066
38,2,0.0,0,1,-0.104196109912066
39,1,0.0,0,1,-0.0233048980172648
40,1,110.724839122744,0,1,-1.17387408000666
41,2,0.0,0,1,1.79470663954888
42,1,20.0904665907245,0,1,-2.69006638416263
43,2,0.0,0,1,1.97330281284157
44,1,0.0,0,1,-0.368523930510729
45,2,0.0,0,1,-0.533278692771753
46,1,13.9734547241411,0,1,-1.21618563466273
47,2,0.0,0,1,1.97330281284157
48,1,0.0,0,1,-1.99128918190921
49,1,134.518523857304,0,1,-4.31197509058538
50,1,0.0,0,1,-4.64539143460274
51,1,0.0,0,1,-1.58914934748441
52,1,0.0,0,1,-4.14574172470574
53,1,0.0,0,1,-3.78780561951737
54,1,0.0,0,1,-2.68154069113006
55,1,1.08202867520785,0,1,-4.7807584828713
56,1,0.0,0,1,-0.400724378496526
57,1,0.0,0,1,-0.193682587694922
