bus_number,bus_type,P_demand,Q_demand,voltage_mag,voltage_ang
1,1,0.0,0,1,-6.81695337625907
2,1,0.0,0,1,-5.72163554046912
3,2,0.0,0,1,-6.69297398363535
4,1,500.337809127826,0,1,-7.88390965976973
5,2,0.0,0,1,-6.07879978753513
6,1,0.0,0,1,-5.63097319700884
7,1,172.697095949592,0,1,-9.08374262625191
8,1,114.836718166476,0,1,-3.77108087201658
9,3,0.0,0,1,0.0
10,1,7.53410158841676,0,1,-5.84336923177826
11,1,31.3035545998496,0,1,-8.05949590128832
12,2,0.0,0,1,-4.20564583745697
13,1,0.0,0,1,-4.68015065571949
14,1,0.0,0,1,-5.10179162978807
15,1,0.0,0,1,-2.71337579337723
16,2,0.0,0,1,-3.18779205911792
17,1,0.0,0,1,-3.6426524118576
18,1,0.0,0,1,-4.80015659506176
19,1,0.0,0,1,-5.08736078324521
20,1,0.0,0,1,-4.70642746016341
21,1,167.803247763936,0,1,-5.88336781614844
22,1,0.0,0,1,-4.95140608056804
23,1,170.725231420658,0,1,-7.0874078863918
24,1,513.868132427725,0,1,-4.86861650024919
25,1,0.0,0,1,-6.6055364947134
26,2,0.0,0,1,-5.93878895082694
27,2,0.0,0,1,-4.96424935096205
28,2,0.0,0,1,-3.61967943854763
29,1,0.0,0,1,-4.59985186622302
30,1,0.0,0,1,-5.72541998179003
31,2,0.0,0,1,-4.58516049256902
32,2,0.0,0,1,-4.96424935096205
33,2,0.0,0,1,-0.745108957099378
34,2,0.0,0,1,-3.90317916741225
35,2,0.0,0,1,-4.98056843251001
36,1,0.0,0,1,-3.4417165907099
37,1,68.6920175167277,0,1,-4.22120081364655
38,2,0.0,0,1,-4.49171463803952
39,1,0.0,0,1,-5.98497561858111
40,2,0.0,0,1,-7.82398849683813
41,1,0.0,0,1,-4.91210166681009
42,1,0.0,0,1,-7.13601972473942
43,1,0.0,0,1,-2.99485832166375
44,1,540.862090283046,0,1,-9.75155587380896
45,2,0.0,0,1,-6.5147910501115
46,1,8.52484353071723,0,1,-6.75943151802008
47,1,48.7824418581906,0,1,-6.75758395241136
48,1,0.0,0,1,-6.69272204782993
49,1,0.0,0,1,-7.16993352182884
50,1,408.343309249441,0,1,-7.83865501727669
51,1,0.0,0,1,-6.7802840523509
52,1,0.0,0,1,-5.80936345639024
53,1,0.0,0,1,-5.62473023513318
54,1,0.0,0,1,-6.63226258214243
55,1,0.0,0,1,-6.74140015456574
56,1,0.0,0,1,-4.44397519432906
57,1,0.0,0,1,-4.4125643238095
