bus_number,bus_type,P_demand,Q_demand,voltage_mag,voltage_ang
1,1,186.652816289478,0,1,-0.126761395854193
2,1,0.0,0,1,-0.356776078799091
3,1,27.068424691693,0,1,-0.368668303321967
4,1,0.0,0,1,-0.0639102024648458
5,2,0.0,0,1,-0.368668303321968
6,3,0.0,0,1,0.0
7,1,20.4534144471226,0,1,-2.62196171899413
8,1,0.0,0,1,-0.368668303321968
9,1,32.8115299399467,0,1,-1.47966443689758
10,2,0.0,0,1,0.387061042126251
11,1,0.0,0,1,-0.368668303321968
12,1,267.194259829746,0,1,-2.24818221446882
13,1,61.5130359843538,0,1,-1.07345557984024
14,2,0.0,0,1,-0.555414692036795
15,2,0.0,0,1,-0.616544148236029
16,1,0.0,0,1,-0.986594997074234
17,2,0.0,0,1,-0.879038624062842
18,1,0.0,0,1,-0.845282859403629
19,1,0.0,0,1,-0.97285625965009
20,1,0.0,0,1,0.150353547400076
21,1,0.0,0,1,-0.174554274527697
22,1,229.223860598988,0,1,-1.34064150006797
23,1,0.0,0,1,-1.10190905050598
24,1,0.0,0,1,-0.805272497790963
25,2,0.0,0,1,0.356980262755074
26,2,0.0,0,1,0.0665460628692624
27,1,0.0,0,1,-0.124452089194495
28,1,76.1864038116595,0,1,-1.67756509845817
29,1,643.140802590387,0,1,-1.29036714505385
30,1,0.0,0,1,-0.369412920826745
31,1,0.0,0,1,-0.84550450710873
32,1,0.0,0,1,-1.28878946985278
33,2,0.0,0,1,-1.18948663210963
34,2,0.0,0,1,-0.895741558088064
35,1,0.0,0,1,-1.82782186096366
36,1,0.0,0,1,-1.37346183844606
37,1,0.0,0,1,-1.50142205950723
38,1,94.1409693319216,0,1,-1.34959043591305
39,1,0.0,0,1,-1.2895455275028
40,1,0.0,0,1,-1.68835170533867
41,2,0.0,0,1,-1.47820100655909
42,1,68.6937406281743,0,1,-1.85293693751949
43,1,0.0,0,1,-1.89251960887877
44,1,472.27128660368,0,1,-2.35908693916598
45,1,0.0,0,1,-1.17226120389262
46,1,200.737765855077,0,1,-0.842167044745292
47,2,0.0,0,1,-0.772962011488192
48,1,225.011369776762,0,1,-1.25307896986479
49,1,0.0,0,1,-1.59985165512339
50,1,0.0,0,1,-1.14774182288423
51,1,0.0,0,1,-0.548890000088332
52,1,0.0,0,1,-0.790589629825496
53,1,0.0,0,1,-0.53430438519929
54,2,0.0,0,1,-1.04504352037891
55,2,0.0,0,1,-0.294320689909582
56,1,0.0,0,1,-0.39911965038739
57,1,149.210913103611,0,1,-0.847990759061848
