bus_number,P_output,Q_output,voltage_mag,gen_status,P_max,P_min
8,134.472187641638,0,1,1,134.472187658081,0
9,748.750784662785,0,1,1,1066.59169738377,0
10,344.80121314348,0,1,1,344.801213193419,0
11,0.0,0,1,0,99.2187071292768,0
13,79.9994124189808,0,1,1,284.717367856231,0
24,345.976961337816,0,1,1,463.138765463735,0
26,0.0,0,1,0,69.7573851548681,0
31,60.1666320500924,0,1,1,60.1666320668947,0
37,201.530348185491,0,1,1,201.530348201982,0
40,121.707362063104,0,1,1,465.638481394556,0
41,336.474551422964,0,1,1,336.474551440234,0
43,60.2376880662437,0,1,1,60.2376880827174,0
45,1.7580056754004e-05,0,1,1,55.6555066042695,0
49,0.0,0,1,0,233.014666820092,0
50,189.321059826546,0,1,1,189.321059844286,0
52,130.872374977588,0,1,1,172.269901924105,0
56,1.05818036562452e-07,0,1,1,25.3715872057992,0
