cost_model,startup,shutdown,n_coefficients,coeff_n,coeff1,coeff0
2,0,0,3,0.0,0.0,0.0
2,0,0,3,0.0073652974583009,56.0529130426738,1759.05935041456
2,0,0,3,0.0034112459016899,45.7171607959802,168.809000372513
2,0,0,3,0.0,0.0,0.0
2,0,0,3,0.0048118108903511,32.6786993769295,1064.80202305987
2,0,0,3,0.0033956219352486,30.5530859362867,1974.25517642577
2,0,0,3,0.0,0.0,0.0
2,0,0,3,0.0,0.0,0.0
2,0,0,3,0.0,0.0,0.0
2,0,0,3,0.0,0.0,0.0
2,0,0,3,0.0,0.0,0.0
2,0,0,3,0.0,0.0,0.0
