bus_number,P_output,Q_output,voltage_mag,gen_status,P_max,P_min
4,672.657023744887,0,1,1,823.73348586142,0
9,11.0608332090807,0,1,1,11.0608332090807,0
10,146.15292648886,0,1,1,146.15292648886,0
12,0.0,0,1,0,294.975905444873,0
16,465.080315694283,0,1,1,465.080315694283,0
17,0.0,0,1,0,346.369007327434,0
18,159.598551088087,0,1,1,379.940889357348,0
27,630.210261800654,0,1,1,701.300104828425,0
32,0.0,0,1,0,212.848173690095,0
33,22.4406000846649,0,1,1,22.4406000846649,0
34,131.696998109382,0,1,1,131.696998109382,0
42,0.0,0,1,0,161.703848766623,0
43,216.13343383352,0,1,1,216.13343383352,0
51,182.594681433648,0,1,1,182.594681433648,0
52,2.6334070282449902e-23,0,1,1,49.6615752991316,0
56,116.684967995533,0,1,1,116.684967995533,0
