cost_model,startup,shutdown,n_coefficients,coeff_n,coeff1,coeff0
2,0,0,3,0.0,0.0,0.0
2,0,0,3,0.0027162619061429,51.6737048507824,231.777225179009
2,0,0,3,0.0,0.0,0.0
2,0,0,3,0.0078053264929846,52.1702318678901,224.777042858134
2,0,0,3,0.0033769249266729,47.8740512418784,594.731197376183
2,0,0,3,0.0063372629046674,36.3896492124957,193.681076564487
2,0,0,3,0.0,0.0,0.0
2,0,0,3,0.0,0.0,0.0
2,0,0,3,0.0,0.0,0.0
2,0,0,3,0.0039324455553594,52.2920452478327,3829.57745368769
2,0,0,3,0.0,0.0,0.0
2,0,0,3,0.0,0.0,0.0
2,0,0,3,0.0068243626867528,26.0121155979426,486.674970324675
2,0,0,3,0.0,0.0,0.0
2,0,0,3,0.0054893483987017,24.7514287400323,213.238459798077
2,0,0,3,0.0070828496310865,29.3347694042659,568.136493700584
2,0,0,3,0.0,0.0,0.0
2,0,0,3,0.0077859154251538,27.3263212667815,96.0464194718475
2,0,0,3,0.0064704163703517,38.1840043605476,80.2279732321941
2,0,0,3,0.0,0.0,0.0
2,0,0,3,0.0,0.0,0.0
2,0,0,3,0.0,0.0,0.0
2,0,0,3,0.0,0.0,0.0
2,0,0,3,0.0,0.0,0.0
2,0,0,3,0.0,0.0,0.0
2,0,0,3,0.0,0.0,0.0
