bus_number,bus_type,P_demand,Q_demand,voltage_mag,voltage_ang
1,2,0.0,0,1,-2.68502851871266
2,1,0.0,0,1,-2.78459356671981
3,1,0.0,0,1,-3.73356238103882
4,1,29.9416972851435,0,1,-4.54561358606097
5,1,0.0,0,1,-4.01090216117614
6,1,0.0,0,1,-0.541370927596991
7,1,0.0,0,1,-5.35590325599197
8,1,330.842610232516,0,1,-5.24740994554173
9,1,0.0,0,1,-1.34645529544554
10,1,44.9967526580702,0,1,-3.97470035260972
11,1,29.1451556172038,0,1,-2.25910864542568
12,1,0.0,0,1,-1.00277933283011
13,2,0.0,0,1,-0.329362143800058
14,2,0.0,0,1,0.120353622589582
15,1,0.0,0,1,-0.349189226890431
16,1,178.926181201462,0,1,-6.04760858651088
17,1,0.0,0,1,-1.4565103186541
18,2,0.0,0,1,1.24303335220389
19,1,0.0,0,1,-2.16881208176483
20,1,0.0,0,1,-1.85249416077422
21,3,0.0,0,1,0.0
22,1,0.0,0,1,-1.02791773080008
23,1,138.856970395857,0,1,-1.66426832221812
24,1,614.903022873945,0,1,-2.55077090987215
25,2,0.0,0,1,1.98035713725243
26,1,0.0,0,1,0.378150468387231
27,1,0.0,0,1,0.799768693169736
28,1,0.0,0,1,-1.08784458956753
29,1,9.37301987798934,0,1,-0.935887166120101
30,1,0.0,0,1,-1.34491098579226
31,1,611.006775141223,0,1,-2.92883359059106
32,1,0.0,0,1,-1.05317849624105
33,1,0.0,0,1,-1.47495578253938
34,2,0.0,0,1,-1.58528753040519
35,1,0.0,0,1,-1.52070515850571
36,1,0.0,0,1,-0.317320756990517
37,1,0.0,0,1,-1.11262947593099
38,1,21.2373276835692,0,1,-1.20236639042249
39,2,0.0,0,1,-2.38914458009263
40,1,0.0,0,1,-1.32646981965483
41,2,0.0,0,1,-1.3750330792969
42,1,0.0,0,1,-1.30662300159006
43,1,0.0,0,1,-1.17187815650448
44,2,0.0,0,1,-2.19076753882458
45,2,0.0,0,1,-1.50870956556014
46,2,0.0,0,1,-1.34452695441926
47,1,233.01024840034,0,1,-3.00503535383994
48,1,0.0,0,1,-1.86747277167102
49,2,0.0,0,1,-0.881444654967896
50,2,0.0,0,1,-1.99883239351574
51,1,10.5302749265029,0,1,-3.05911308177018
52,1,0.0,0,1,-2.49934079127257
53,1,0.0,0,1,-2.80765563262831
54,1,478.563463021973,0,1,-3.45396354340562
55,1,0.0,0,1,-2.70588995529047
56,1,0.0,0,1,-3.29325386792826
57,1,22.9770941668056,0,1,-3.62320786703936
