bus_number,bus_type,P_demand,Q_demand,voltage_mag,voltage_ang
1,1,0.0,0,1,-0.190961353070518
2,1,530.207802413432,0,1,-1.19323834880673
3,1,360.211712594083,0,1,-0.467092094646109
4,1,0.0,0,1,-0.464225628389262
5,1,0.0,0,1,0.134016532945808
6,3,0.0,0,1,0.0
7,1,18.3370496230114,0,1,-0.513240825984159
8,1,0.0,0,1,-0.478397972173267
9,1,0.0,0,1,-0.70134579595016
10,1,0.0,0,1,-0.583268986216751
11,2,0.0,0,1,0.0894801210296412
12,2,0.0,0,1,-0.315830859269999
13,1,495.642344948704,0,1,-0.863595670267233
14,2,0.0,0,1,0.518403210531375
15,2,0.0,0,1,0.385003413196353
16,1,0.0,0,1,-1.13204639673925
17,1,264.782999599179,0,1,-1.16652453750334
18,1,106.265151266228,0,1,-0.643397483801581
19,1,0.0,0,1,-0.27036554696884
20,1,11.6411270691839,0,1,-0.333652051060487
21,1,0.0,0,1,0.0383747230811626
22,2,0.0,0,1,-0.224670081810423
23,1,0.0,0,1,0.688930281015824
24,1,0.0,0,1,-1.04977466986866
25,2,0.0,0,1,-0.948057965901788
26,1,0.0,0,1,-0.247571523556097
27,2,0.0,0,1,0.187205028404448
28,2,0.0,0,1,0.360601195298213
29,1,0.0,0,1,0.832186418639473
30,2,0.0,0,1,0.704472628970549
31,2,0.0,0,1,2.05172088265176
32,1,188.814361265443,0,1,0.141060404092566
33,2,0.0,0,1,0.689229215652168
34,1,0.0,0,1,1.10974156998457
35,1,0.0,0,1,1.68670643292667
36,1,54.0202399988549,0,1,-0.154141363720893
37,2,0.0,0,1,0.919756443501959
38,1,0.0,0,1,0.624626462881963
39,1,0.0,0,1,1.57243608482022
40,1,0.0,0,1,1.34599038333357
41,2,0.0,0,1,1.21844024751399
42,1,0.0,0,1,1.21844024751399
43,1,724.387804704482,0,1,-1.48199620832324
44,1,0.0,0,1,-1.46284004794169
45,1,0.0,0,1,0.148935850989528
46,1,0.0,0,1,-0.585534917858976
47,1,0.0,0,1,0.324799099533653
48,2,0.0,0,1,-0.827521899210041
49,1,0.0,0,1,-0.855884928423594
50,1,0.0,0,1,-0.998873801015374
51,2,0.0,0,1,0.634107781110783
52,2,0.0,0,1,0.293442817321698
53,1,0.0,0,1,0.0449388147412095
54,2,0.0,0,1,0.542249414327131
55,2,0.0,0,1,-0.217173449778277
56,1,0.0,0,1,0.106070783035299
57,1,0.0,0,1,0.0593904554642624
