bus_number,P_output,Q_output,voltage_mag,gen_status,P_max,P_min
1,133.422235885735,0,1,1,133.422235885879,0
7,0.0,0,1,0,318.95575432159,0
9,0.0,0,1,0,396.496165346842,0
11,250.062061364922,0,1,1,250.062061364847,0
17,78.8432434047534,0,1,1,78.8432434046476,0
23,542.466290694564,0,1,1,826.831703068606,0
26,1.74438659160447e-10,0,1,1,270.544792560118,0
30,782.467423362974,0,1,1,782.467423363624,0
39,5.6303091448629e-10,0,1,1,160.724991235999,0
45,196.384515649663,0,1,1,224.566618693329,0
47,600.936704303174,0,1,1,600.936704303431,0
50,98.0815015595225,0,1,1,98.0815015594285,0
52,71.6466172563242,0,1,1,71.646617256381,0
56,1.40603037580431e-10,0,1,1,48.7979350595988,0
