cost_model,startup,shutdown,n_coefficients,coeff_n,coeff1,coeff0
2,0,0,3,0.0,0.0,0.0
2,0,0,3,0.004110586915088,24.3490372283002,3218.37546297806
2,0,0,3,0.0043548186281531,28.4049757457083,312.874759580714
2,0,0,3,0.0,0.0,0.0
2,0,0,3,0.0,0.0,0.0
2,0,0,3,0.0079192166003952,48.2981322944689,2624.33207824131
2,0,0,3,0.0,0.0,0.0
2,0,0,3,0.0046781264676811,43.4906942433677,26.0422993609803
2,0,0,3,0.0,0.0,0.0
2,0,0,3,0.0,0.0,0.0
2,0,0,3,0.0,0.0,0.0
2,0,0,3,0.0,0.0,0.0
