bus_number,bus_type,P_demand,Q_demand,voltage_mag,voltage_ang
1,1,0.0,0,1,-1.18554645237939
2,2,0.0,0,1,0.231523538606118
3,3,0.0,0,1,0.0
4,1,0.0,0,1,-1.39144229997814
5,2,0.0,0,1,-1.57666249614598
6,1,53.7855172945369,0,1,-0.0749787479625638
7,1,0.0,0,1,0.102673675827472
8,2,0.0,0,1,-0.155509947696565
9,2,0.0,0,1,1.90404313605882
10,2,0.0,0,1,0.311303292068938
11,1,0.0,0,1,0.0770179706116755
12,1,0.0,0,1,0.134781302172061
13,1,0.0,0,1,-0.818853901137179
14,1,0.0,0,1,1.44018664978555
15,1,0.0,0,1,-0.392120612002392
16,2,0.0,0,1,-1.97061282301522
17,1,0.0,0,1,0.591748095954089
18,1,0.0,0,1,-0.16733425669297
19,1,60.4349847821685,0,1,0.419643439348716
20,1,0.0,0,1,-0.0045239113651366
21,2,0.0,0,1,1.19870879432523
22,2,0.0,0,1,0.926204629363469
23,1,304.559516053402,0,1,-2.47945532242828
24,1,0.0,0,1,2.09823996766114
25,2,0.0,0,1,1.49271355854759
26,2,0.0,0,1,4.76059260592174
27,2,0.0,0,1,2.80519686463423
28,2,0.0,0,1,2.53173157587895
29,1,0.0,0,1,1.8819765425132
30,1,0.0,0,1,3.14762204778086
31,1,0.0,0,1,2.61017171840844
32,1,0.0,0,1,0.861384744082311
33,1,0.0,0,1,2.46230536087362
34,1,0.0,0,1,3.24872508400648
35,1,0.0,0,1,3.84262016566342
36,1,0.0,0,1,1.16250498200111
37,2,0.0,0,1,1.94562030381446
38,2,0.0,0,1,6.21453823856636
39,2,0.0,0,1,5.07245361812325
40,1,0.0,0,1,1.49025987820462
41,1,757.559443142984,0,1,0.431668043341183
42,1,0.0,0,1,3.47895310804114
43,2,0.0,0,1,4.4313379467436
44,1,0.0,0,1,1.16673143249024
45,1,0.0,0,1,0.863743246715719
46,1,0.0,0,1,0.342989410672545
47,2,0.0,0,1,2.20238987960468
48,1,0.0,0,1,-1.16975506197659
49,1,563.257203309364,0,1,-1.63359950952632
50,1,411.164906439892,0,1,-0.266926430081608
51,1,0.0,0,1,-1.53589071147746
52,1,118.86089655661,0,1,-4.13675286654041
53,1,83.4646152322051,0,1,-2.03859318193805
54,1,204.705909040104,0,1,-1.68237701692027
55,1,114.725077164789,0,1,0.717081568440062
56,1,0.0,0,1,-0.589275817941164
57,2,0.0,0,1,-2.03859318193805
