bus_number,bus_type,P_demand,Q_demand,voltage_mag,voltage_ang
1,1,0.0,0,1,-3.84139541105234
2,1,0.0,0,1,-2.57196206447602
3,1,307.048694543178,0,1,-4.23653896419441
4,1,0.0,0,1,-3.77580274665547
5,1,75.3391610559457,0,1,-3.07772728247717
6,2,0.0,0,1,-2.58620252820114
7,1,0.0,0,1,-2.32482868250768
8,1,59.9119004783002,0,1,-1.3484043558135
9,1,174.200090563971,0,1,-5.22223616918718
10,1,0.0,0,1,-3.26950602554033
11,1,0.0,0,1,-1.83619925506727
12,1,0.0,0,1,-4.66357186242753
13,1,0.0,0,1,-4.02267005675531
14,1,0.0,0,1,-0.753056361044776
15,1,254.512270575746,0,1,-1.80186819279401
16,2,0.0,0,1,-1.81877785410879
17,1,330.195794528781,0,1,-1.48074098897429
18,2,0.0,0,1,-1.51563803154464
19,1,0.0,0,1,-3.64297260791198
20,3,0.0,0,1,0.0
21,1,0.0,0,1,-0.893856764027842
22,2,0.0,0,1,-1.18787189757346
23,1,205.400700170614,0,1,-0.0435078830266788
24,2,0.0,0,1,-0.287519409985511
25,1,96.2930842774165,0,1,-0.514464321564709
26,1,67.9454767304148,0,1,-1.345198137156
27,1,14.7474052358209,0,1,-0.250932673962099
28,2,0.0,0,1,-0.295151763076622
29,1,31.3446327119306,0,1,0.198222245061918
30,2,0.0,0,1,-0.683585029470201
31,2,0.0,0,1,0.278868125183802
32,1,13.9307512842998,0,1,-0.0704973387359148
33,1,5.0747735852637,0,1,-0.382852811033041
34,1,0.0,0,1,-0.262169583611451
35,2,0.0,0,1,-0.0329726648307814
36,1,0.0,0,1,-0.618167830320555
37,1,0.0,0,1,-0.590960418486444
38,1,9.08928301284641,0,1,-0.836671148248016
39,1,0.0,0,1,0.111364425422555
40,2,0.0,0,1,-0.586976481151939
41,1,173.481278767121,0,1,-0.941178145437786
42,1,0.0,0,1,-1.35134196391978
43,1,0.0,0,1,-0.596906363468767
44,1,105.477036702562,0,1,-1.23869682834812
45,1,39.1661027660741,0,1,-1.36826207166284
46,1,130.361877842389,0,1,-1.56199142054038
47,2,0.0,0,1,0.324874652456071
48,2,0.0,0,1,-1.12584192398201
49,1,166.17707105711,0,1,-0.327405528571118
50,1,0.0,0,1,-1.24397271222426
51,1,38.0614828502446,0,1,-2.64941917187242
52,1,72.6857353695505,0,1,-1.978318269354
53,1,0.0,0,1,-2.0302832972462
54,1,27.3212146721308,0,1,-2.76924458862261
55,2,0.0,0,1,-3.08933284420119
56,1,0.0,0,1,-1.46501067578419
57,1,356.544774700891,0,1,-3.99581583595301
