cost_model,startup,shutdown,n_coefficients,coeff_n,coeff1,coeff0
2,0,0,3,0.0062194030096218,25.0117156010597,60.7486623081208
2,0,0,3,0.0,0.0,0.0
2,0,0,3,0.0,0.0,0.0
2,0,0,3,0.0041183443625316,49.9360355292999,115.109622018595
2,0,0,3,0.0034220188367157,49.5172853073473,1841.60349374513
2,0,0,3,0.0,0.0,0.0
2,0,0,3,0.0046451679930823,26.2863330872545,3640.39097892865
2,0,0,3,0.003192944908135,51.9157617979686,166.439318989187
2,0,0,3,0.0033461486096583,42.0232481666727,103.333193980074
2,0,0,3,0.0,0.0,0.0
2,0,0,3,0.0,0.0,0.0
2,0,0,3,0.0,0.0,0.0
2,0,0,3,0.0,0.0,0.0
2,0,0,3,0.0039256845483019,32.4104736491917,70.2016843317942
2,0,0,3,0.0,0.0,0.0
2,0,0,3,0.0,0.0,0.0
2,0,0,3,0.0,0.0,0.0
2,0,0,3,0.005540998136409,56.417630436212,354.549579395445
2,0,0,3,0.0077164496885244,27.1560684409952,362.695531056113
2,0,0,3,0.0,0.0,0.0
2,0,0,3,0.0,0.0,0.0
2,0,0,3,0.0,0.0,0.0
