bus_number,P_output,Q_output,voltage_mag,gen_status,P_max,P_min
5,606.334661403318,0,1,1,1111.6312115583,0
17,400.749922741189,0,1,1,400.749922741242,0
22,0.0,0,1,0,294.370222923706,0
28,175.3467720054,0,1,1,186.77012142066,0
29,715.084187901459,0,1,1,715.084187902529,0
31,157.624561425071,0,1,1,157.624561425074,0
32,0.688073702640754,0,1,1,0.688073702573865,0
33,151.714697104694,0,1,1,151.7146971047,0
35,0.0,0,1,0,196.971064440565,0
40,377.022173116727,0,1,1,377.022173116722,0
41,11.4992883717127,0,1,1,11.4992883717434,0
44,0.0,0,1,0,233.393956981612,0
47,76.0437356021611,0,1,1,76.0437356021311,0
49,82.202520108183,0,1,1,82.2025201081523,0
51,0.0,0,1,0,266.612010024611,0
