cost_model,startup,shutdown,n_coefficients,coeff_n,coeff1,coeff0
2,0,0,3,0.0067732093157845,30.1703747731724,1496.42039196464
2,0,0,3,0.0,0.0,0.0
2,0,0,3,0.0,0.0,0.0
2,0,0,3,0.0045815854709986,43.6113152329487,2972.79912195933
2,0,0,3,0.0041918526171663,43.3698978381354,318.662654167371
2,0,0,3,0.0,0.0,0.0
2,0,0,3,0.0,0.0,0.0
2,0,0,3,0.0040135394297696,55.838866031871,20.998812940293
2,0,0,3,0.0074650968451345,49.8830756432503,237.17351553896
2,0,0,3,0.0,0.0,0.0
2,0,0,3,0.0,0.0,0.0
2,0,0,3,0.0,0.0,0.0
2,0,0,3,0.0071239212408084,53.1862009534745,38.3901664036604
2,0,0,3,0.0,0.0,0.0
2,0,0,3,0.0,0.0,0.0
