cost_model,startup,shutdown,n_coefficients,coeff_n,coeff1,coeff0
2,0,0,3,0.0065015899189377,32.7224849014376,3854.94660134538
2,0,0,3,0.0069939165497347,30.3633306854522,3530.4482449935
2,0,0,3,0.0,0.0,0.0
2,0,0,3,0.0,0.0,0.0
2,0,0,3,0.0,0.0,0.0
2,0,0,3,0.0,0.0,0.0
2,0,0,3,0.0,0.0,0.0
2,0,0,3,0.0,0.0,0.0
2,0,0,3,0.0,0.0,0.0
2,0,0,3,0.0074724754550616,27.1276720401653,60.9752234206841
2,0,0,3,0.0068510686582517,38.9096926739245,336.655054901492
2,0,0,3,0.0,0.0,0.0
2,0,0,3,0.0035003421770456,39.635279485839,573.666824530742
