cost_model,startup,shutdown,n_coefficients,coeff_n,coeff1,coeff0
2,0,0,3,0.0,0.0,0.0
2,0,0,3,0.0,0.0,0.0
2,0,0,3,0.0,0.0,0.0
2,0,0,3,0.0,0.0,0.0
2,0,0,3,0.0039544951643163,42.0618218039727,333.50454858129
2,0,0,3,0.007711831483553,44.8078749509045,2542.69733756847
2,0,0,3,0.0,0.0,0.0
2,0,0,3,0.0,0.0,0.0
2,0,0,3,0.0,0.0,0.0
2,0,0,3,0.0,0.0,0.0
2,0,0,3,0.0066519619417622,56.0507352606544,0.0363076706034304
2,0,0,3,0.0,0.0,0.0
2,0,0,3,0.0,0.0,0.0
2,0,0,3,0.0029161529365775,47.832178045065,266.504834949782
2,0,0,3,0.0,0.0,0.0
2,0,0,3,0.0,0.0,0.0
2,0,0,3,0.0068605784880514,40.4913958239063,397.464846934144
2,0,0,3,0.0054856435011781,41.8121297101228,781.955500618383
2,0,0,3,0.0034933257108511,30.5077806710977,274.64625041128
2,0,0,3,0.0035496940068238,50.03455283,164.938128485443
