bus_number,bus_type,P_demand,Q_demand,voltage_mag,voltage_ang
1,1,0.0,0,1,2.25839949927522
2,1,329.240020083016,0,1,3.44590584013637
3,1,0.0,0,1,1.48506547137736
4,1,0.0,0,1,1.96941302969324
5,2,0.0,0,1,2.42564027448315
6,1,0.0,0,1,1.64605421309253
7,2,0.0,0,1,3.78002304268009
8,3,0.0,0,1,0.0
9,1,0.0,0,1,3.06273507641824
10,2,0.0,0,1,8.1514155638854
11,1,0.0,0,1,2.48476110654503
12,2,0.0,0,1,4.49592509993622
13,1,0.0,0,1,4.21999447043819
14,1,0.0,0,1,2.99327017693256
15,1,28.8698318774474,0,1,2.70135782395056
16,1,92.6380126656071,0,1,2.04232111383785
17,1,0.0,0,1,3.85912747860913
18,1,0.0,0,1,3.08916794836753
19,1,40.8836543701931,0,1,4.59658116824457
20,1,0.0,0,1,3.78364620360099
21,1,0.0,0,1,2.66689477587591
22,2,0.0,0,1,4.36145714669047
23,1,399.803675869771,0,1,2.65326786691202
24,1,0.0,0,1,4.38141078574668
25,1,4.93856358456406,0,1,3.4735590761875
26,1,212.716882889552,0,1,3.37047590314711
27,2,0.0,0,1,3.95260639773333
28,1,60.8143072340539,0,1,2.36120960219539
29,1,0.0,0,1,3.40746436100774
30,2,0.0,0,1,2.07925228579018
31,1,0.0,0,1,3.03272541070245
32,1,7.01669183740582,0,1,2.67644948230124
33,1,0.0,0,1,0.951083604842949
34,2,0.0,0,1,2.91497982459255
35,2,0.0,0,1,6.92592611935353
36,1,217.871408528211,0,1,0.648085318975799
37,2,0.0,0,1,3.29759342358711
38,2,0.0,0,1,3.29957955985082
39,1,0.0,0,1,2.5928267592839
40,2,0.0,0,1,2.2684195534265
41,1,121.251281643126,0,1,1.46562020525039
42,1,0.0,0,1,2.48714037026946
43,1,0.0,0,1,3.89503937336809
44,1,0.0,0,1,3.02857516024826
45,1,0.0,0,1,1.18254140449059
46,2,0.0,0,1,3.64841725853769
47,1,165.395359391165,0,1,2.06948201966896
48,2,0.0,0,1,3.11264064250146
49,1,0.0,0,1,3.06496297544342
50,1,21.9721601847585,0,1,1.37911897895852
51,2,0.0,0,1,3.07466868402642
52,1,146.19622022864,0,1,2.41045181276149
53,1,0.0,0,1,2.02925974662808
54,1,0.0,0,1,2.74307690661929
55,1,727.528452382896,0,1,-0.0157829384525033
56,1,0.0,0,1,3.07466868402642
57,1,177.174070712196,0,1,0.898477799794081
