bus_number,P_output,Q_output,voltage_mag,gen_status,P_max,P_min
6,200.310859068919,0,1,1,200.310859068919,0
8,0.0,0,1,0,36.1376071836661,0
9,50.0386027536385,0,1,1,50.0386027536385,0
12,1424.79843753607,0,1,1,2134.85158132841,0
13,226.120985913452,0,1,1,226.120985913452,0
17,38.7421810380115,0,1,1,38.7421810380115,0
27,0.0,0,1,0,185.4287350522,0
30,39.4995583387828,0,1,1,39.4995583387828,0
31,0.0,0,1,0,183.828446811801,0
35,401.904176749089,0,1,1,401.904176749089,0
39,132.339011648369,0,1,1,297.013173630549,0
42,233.73870356486,0,1,1,233.73870356486,0
53,78.8147496863986,0,1,1,234.763135990939,0
