bus_number,bus_type,P_demand,Q_demand,voltage_mag,voltage_ang
1,2,0.0,0,1,-1.20732575171001
2,1,121.332939155919,0,1,-0.700995978489052
3,1,0.0,0,1,-1.4896040259084
4,1,329.48864973858,0,1,-0.692912288484248
5,1,398.803874308459,0,1,0.0997031953647465
6,2,0.0,0,1,1.50621153228998
7,1,87.4434659953528,0,1,-0.152351786992311
8,2,0.0,0,1,0.360930214437599
9,3,0.0,0,1,0.0
10,2,0.0,0,1,-0.33122293395218
11,2,0.0,0,1,0.953728248814261
12,1,219.574443190153,0,1,-2.00769693522042
13,1,0.0,0,1,0.104475303263924
14,1,0.0,0,1,0.558085650690873
15,1,0.0,0,1,-0.178372340764668
16,1,0.0,0,1,0.646881052397758
17,1,0.0,0,1,-0.134551198537367
18,2,0.0,0,1,0.052953306221601
19,1,77.8380468704857,0,1,-0.746561810128715
20,1,0.0,0,1,-0.153227341658108
21,1,95.1183065935484,0,1,-0.121912490233304
22,1,0.0,0,1,-0.0906864112366225
23,1,105.385575179538,0,1,-1.86856484614536
24,1,153.659661966688,0,1,-0.523511206166878
25,1,0.0,0,1,-0.647811439689608
26,1,0.0,0,1,-1.32623770567845
27,1,0.0,0,1,-0.676945895733924
28,1,0.0,0,1,-0.716810531865068
29,2,0.0,0,1,0.283249828521082
30,1,0.0,0,1,-0.502740250526997
31,2,0.0,0,1,-0.192473009873522
32,1,0.0,0,1,-0.525850354856135
33,2,0.0,0,1,-0.583816332416725
34,1,0.0,0,1,-0.416369728934161
35,1,0.0,0,1,-0.761138544814423
36,1,0.0,0,1,0.0421207779809477
37,1,522.172919222003,0,1,-0.918654061472791
38,1,0.0,0,1,0.0608430844230076
39,1,0.0,0,1,-0.610879312146283
40,1,0.0,0,1,-0.834278247021168
41,1,160.000052597529,0,1,-0.402551309178014
42,1,0.0,0,1,-0.328601656930238
43,1,1.38830481789344,0,1,0.724770025418733
44,1,51.6929073248387,0,1,-0.196034021336527
45,2,0.0,0,1,0.26248432642158
46,1,56.6312069754699,0,1,-1.135521298849
47,1,0.0,0,1,-0.342463662789869
48,1,0.0,0,1,-0.166598313323007
49,1,0.0,0,1,-0.555994856848231
50,1,78.5351806710176,0,1,0.479156944576092
51,1,129.372697038906,0,1,0.0695695066808678
52,1,0.0,0,1,-0.140505777036548
53,1,87.3633152001084,0,1,-0.245662829984999
54,1,0.0,0,1,-0.377828736411427
55,1,78.5090466361111,0,1,1.94028595153084
56,2,0.0,0,1,2.2050387996991
57,1,0.0,0,1,1.2196080871585
