bus_number,P_output,Q_output,voltage_mag,gen_status,P_max,P_min
5,28.7161900225811,0,1,1,28.7161900242302,0
8,1205.62877110136,0,1,1,1205.62877111836,0
10,0.0,0,1,0,270.422350790763,0
11,16.1454840228976,0,1,1,16.1454840248381,0
16,24.5867680268661,0,1,1,173.677232065524,0
20,0.0,0,1,0,207.302680703903,0
23,368.495909336622,0,1,1,614.326888126959,0
24,378.531856750825,0,1,1,378.531856752418,0
26,146.937894358619,0,1,1,146.937894362372,0
31,315.254990173903,0,1,1,315.25499017859,0
32,135.295638445979,0,1,1,135.295638447674,0
35,19.2556427531671,0,1,1,19.2556427549916,0
42,0.0,0,1,0,156.122086438099,0
44,0.0,0,1,0,243.134324286177,0
47,0.0,0,1,0,236.164268817882,0
51,44.8819022716993,0,1,1,44.8819022760882,0
53,46.7060946423833,0,1,1,46.7060946439762,0
57,23.8734515756914,0,1,1,23.8734516114774,0
