bus_number,P_output,Q_output,voltage_mag,gen_status,P_max,P_min
1,0.0,0,1,0,491.765726265292,0
7,0.0,0,1,0,256.250566309913,0
13,260.409542111668,0,1,1,260.409542242335,0
21,307.379197168971,0,1,1,307.379197172723,0
22,61.428585865195,0,1,1,61.4285858997862,0
23,179.902634075279,0,1,1,179.902634080754,0
24,0.0,0,1,0,106.606548003574,0
26,141.36758955265,0,1,1,141.367619488007,0
27,0.0,0,1,0,106.843800832405,0
28,568.978320367873,0,1,1,858.866900621463,0
30,77.5463373442307,0,1,1,77.5463375362888,0
31,6.28406735540009,0,1,1,6.28406735936263,0
33,83.1461308977445,0,1,1,83.14613090329,0
37,0.0,0,1,0,140.484165407834,0
44,0.0,0,1,0,116.227735537275,0
46,519.12916255047,0,1,1,519.129162553781,0
47,399.973866257378,0,1,1,399.973866881661,0
49,38.2420033939872,0,1,1,38.2420033984035,0
50,4.21300055573478,0,1,1,4.21300055895867,0
52,34.2482827016228,0,1,1,34.2482830827157,0
57,72.0618732844098,0,1,1,72.0618732884957,0
