bus_number,bus_type,P_demand,Q_demand,voltage_mag,voltage_ang
1,1,0.0,0,1,0.771222468900271
2,1,279.357194577144,0,1,-4.47777929845996
3,1,84.5231205492191,0,1,0.0149723141956756
4,2,0.0,0,1,-3.03888059999824
5,2,0.0,0,1,1.12493851125514
6,1,486.319082117939,0,1,-2.57559799616944
7,1,0.0,0,1,-3.84250713924493
8,1,0.0,0,1,-2.51420286033691
9,1,0.0,0,1,-0.71445707465399
10,1,0.0,0,1,0.417311118582295
11,1,0.0,0,1,-1.07196474666584
12,1,468.119954912988,0,1,-1.172646489309
13,1,0.0,0,1,-1.05556872421469
14,3,0.0,0,1,0.0
15,1,331.708021976662,0,1,-2.11328768657024
16,2,0.0,0,1,0.364272068341038
17,2,0.0,0,1,0.208803094382702
18,1,0.0,0,1,-0.98763572537437
19,2,0.0,0,1,1.11516214124703
20,2,0.0,0,1,-0.0835216849072252
21,1,12.5678656625817,0,1,-0.418701147764755
22,2,0.0,0,1,2.27489425018135
23,1,73.6327900724088,0,1,-1.11280406478322
24,1,0.0,0,1,1.52926836757892
25,2,0.0,0,1,0.0389335382322721
26,2,0.0,0,1,0.930263090187849
27,1,0.0,0,1,-0.803780129728711
28,1,0.0,0,1,0.703643211704449
29,1,9.74641265442417,0,1,0.216892832427511
30,1,0.0,0,1,1.10712586220398
31,2,0.0,0,1,2.49544009866036
32,1,0.0,0,1,-0.845580079223836
33,1,0.0,0,1,-0.227730950695008
34,2,0.0,0,1,0.351618564064565
35,2,0.0,0,1,-0.345616126558272
36,1,195.656800218776,0,1,-2.24297234993286
37,1,0.0,0,1,0.478789506069797
38,2,0.0,0,1,-0.0623572651700023
39,1,27.348500396919,0,1,-0.816503799949671
40,1,0.0,0,1,-0.243174151936489
41,1,0.0,0,1,-0.020966355130581
42,1,0.0,0,1,-1.18468054748554
43,2,0.0,0,1,5.74131664880449
44,2,0.0,0,1,0.432937895372002
45,1,0.0,0,1,0.256390183814392
46,1,24.2652067573568,0,1,-0.716377694090858
47,2,0.0,0,1,-1.09790627779402
48,1,0.0,0,1,0.0745276712402378
49,2,0.0,0,1,-0.825963953219124
50,2,0.0,0,1,-0.665866225447964
51,1,0.0,0,1,0.352417280689357
52,1,11.5863996048819,0,1,-1.42261656695046
53,1,0.0,0,1,0.148762251305237
54,1,0.0,0,1,-0.103120355282495
55,1,672.220584766681,0,1,-0.956331292814044
56,2,0.0,0,1,-0.539923325038248
57,1,77.2586592146206,0,1,-0.802659659500048
