bus_number,bus_type,P_demand,Q_demand,voltage_mag,voltage_ang
1,1,508.761958730096,0,1,-8.99735436164305
2,1,0.0,0,1,-2.53574903208103
3,2,0.0,0,1,-3.08742102920184
4,1,0.0,0,1,-5.35631390169838
5,1,0.0,0,1,-0.0898048277923928
6,1,0.0,0,1,-3.83072457545889
7,3,0.0,0,1,0.0
8,2,0.0,0,1,-1.83216966735911
9,1,96.3123148972941,0,1,-5.03133490344872
10,2,0.0,0,1,-3.10174925629665
11,1,0.0,0,1,-1.89521320779573
12,1,0.0,0,1,-2.60294737617154
13,2,0.0,0,1,-2.86591219193134
14,2,0.0,0,1,-1.94265219633822
15,1,0.0,0,1,-1.76747325348148
16,2,0.0,0,1,-3.01728988441733
17,2,0.0,0,1,-4.52780917426111
18,2,0.0,0,1,-4.11756855058902
19,1,130.040293269311,0,1,-3.98401197229532
20,1,10.9001898261809,0,1,-3.84535349017492
21,1,0.0,0,1,-6.74172303372296
22,1,0.0,0,1,-2.27386994866866
23,2,0.0,0,1,-2.35282287813182
24,1,0.0,0,1,-3.00693672305292
25,1,589.687112155425,0,1,-3.49127118915228
26,1,33.7994505407681,0,1,-0.0735263646959495
27,1,566.266661977014,0,1,-7.31665039327927
28,2,0.0,0,1,-1.8805012038356
29,1,0.0,0,1,-5.27552586615825
30,1,0.0,0,1,-4.85685169975823
31,1,136.504368037817,0,1,-6.72696211124508
32,1,0.0,0,1,-6.75369888390401
33,1,0.0,0,1,-2.93034054937802
34,1,21.2755740440961,0,1,-0.160964195080372
35,1,3.8297806611415,0,1,-6.22061802219901
36,2,0.0,0,1,-5.88193712354706
37,1,116.97712953842,0,1,-6.03809489348501
38,1,0.0,0,1,-3.93156767556397
39,1,0.0,0,1,-3.36773491459901
40,1,101.72249339654,0,1,-4.98539570162589
41,1,59.5747510428542,0,1,-4.64764704005912
42,1,0.0,0,1,-6.00960624914301
43,1,0.0,0,1,-5.41694135993223
44,2,0.0,0,1,-4.49448184499503
45,2,0.0,0,1,-2.88590789047294
46,2,0.0,0,1,-5.44553950675108
47,1,0.0,0,1,-4.62081417270362
48,1,0.0,0,1,-5.29849321571737
49,2,0.0,0,1,-4.26255246357662
50,1,0.0,0,1,-3.41511763543225
51,2,0.0,0,1,-4.41732520126659
52,1,0.0,0,1,-5.07630519198467
53,1,222.226493638313,0,1,-5.83824720389199
54,1,0.0,0,1,-6.26537806643034
55,1,0.0,0,1,-4.5452553034363
56,2,0.0,0,1,-6.4515507045028
57,1,65.9424994755657,0,1,-5.08282555034645
