cost_model,startup,shutdown,n_coefficients,coeff_n,coeff1,coeff0
2,0,0,3,0.0060904943115721,25.3128211371909,79.0814341610184
2,0,0,3,0.0,0.0,0.0
2,0,0,3,0.0,0.0,0.0
2,0,0,3,0.0051459785215277,56.0603476912401,97.2568147485914
2,0,0,3,0.0,0.0,0.0
2,0,0,3,0.0028423210483244,50.3473910670377,159.122394797587
2,0,0,3,0.0,0.0,0.0
2,0,0,3,0.0033200633134791,52.8012334990174,2408.41084619389
2,0,0,3,0.0,0.0,0.0
2,0,0,3,0.0,0.0,0.0
2,0,0,3,0.0067164785843653,37.5218611182562,1374.49548814
2,0,0,3,0.0069586171356361,35.8527975657031,295.638581172403
2,0,0,3,0.0,0.0,0.0
2,0,0,3,0.0038174124505932,25.6200455157416,1210.69319680941
2,0,0,3,0.0,0.0,0.0
2,0,0,3,0.0036933222566037,35.7894193297105,285.332875485876
2,0,0,3,0.0,0.0,0.0
2,0,0,3,0.0,0.0,0.0
