cost_model,startup,shutdown,n_coefficients,coeff_n,coeff1,coeff0
2,0,0,3,0.0049384324482767,28.5138095334989,134.632702346556
2,0,0,3,0.0038829691774858,39.3459111923378,37.6476366141686
2,0,0,3,0.0,0.0,0.0
2,0,0,3,0.0,0.0,0.0
2,0,0,3,0.0,0.0,0.0
2,0,0,3,0.0,0.0,0.0
2,0,0,3,0.0,0.0,0.0
2,0,0,3,0.0,0.0,0.0
2,0,0,3,0.0,0.0,0.0
2,0,0,3,0.0059553367977034,23.3978341914038,141.422668171597
2,0,0,3,0.0049977174379196,56.1211297557558,2531.13454203574
2,0,0,3,0.0048361690260829,53.9303750677513,3085.46489403138
2,0,0,3,0.0,0.0,0.0
