bus_number,P_output,Q_output,voltage_mag,gen_status,P_max,P_min
3,493.629757374293,0,1,1,493.629757374294,0
11,486.632960531889,0,1,1,972.305812856722,0
13,18.4235227212011,0,1,1,18.4235227212013,0
15,495.029969022863,0,1,1,495.029969022863,0
16,0.0,0,1,0,341.834161618191,0
21,69.9270392318827,0,1,1,97.7646719605212,0
25,86.8980943121627,0,1,1,86.8980943121628,0
26,1.21148971475829e-06,0,1,1,146.495181784685,0
29,29.1211903577258,0,1,1,29.121190357726,0
30,746.76701751248,0,1,1,746.76701751248,0
37,0.0,0,1,0,490.662977463238,0
47,221.057801760851,0,1,1,236.622150994475,0
49,43.8490521683361,0,1,1,43.8490521683363,0
54,62.974187277424,0,1,1,62.9741872774242,0
