bus_number,bus_type,P_demand,Q_demand,voltage_mag,voltage_ang
1,1,25.2284929521561,0,1,-7.66798594391975
2,1,0.0,0,1,-5.44173988547994
3,1,164.091506939299,0,1,-6.38011435653159
4,1,23.6121986905065,0,1,-2.74909627721657
5,1,27.3315436054651,0,1,-6.79632774402124
6,1,334.669281736899,0,1,-4.39232651703921
7,1,38.5870739370936,0,1,-1.67920660845909
8,1,35.3686916701432,0,1,-2.91745518747549
9,1,0.0,0,1,-4.67216749646356
10,1,64.7581465920731,0,1,-2.17317713181949
11,2,0.0,0,1,-4.63128940963904
12,3,0.0,0,1,0.0
13,1,0.0,0,1,-5.59971727259985
14,1,0.0,0,1,-3.15840904529993
15,1,0.0,0,1,-2.78542585495088
16,1,179.257044544199,0,1,-5.43562618297129
17,1,177.473195590386,0,1,-2.4097923613581
18,1,0.0,0,1,-3.85180396702295
19,1,0.0,0,1,-1.31079157920526
20,2,0.0,0,1,1.52991885049346
21,2,0.0,0,1,-0.18982938205101
22,1,109.721236030863,0,1,-2.58351009183719
23,2,0.0,0,1,-2.41584307276827
24,1,0.0,0,1,-0.462137845798778
25,2,0.0,0,1,-0.194343378431149
26,1,27.8814622107626,0,1,-0.629570183230061
27,2,0.0,0,1,-2.43457308787039
28,1,258.606914081494,0,1,-0.797544950626036
29,1,0.0,0,1,0.518148857948194
30,1,444.499879327137,0,1,-2.70026081948342
31,1,0.0,0,1,-1.70275720703454
32,1,0.0,0,1,-3.54136121342926
33,1,0.0,0,1,-2.11464908452371
34,1,0.0,0,1,-2.52003574490681
35,1,32.0738022685236,0,1,-0.937926059479755
36,2,0.0,0,1,-2.86972848649573
37,1,1.9603496429192,0,1,-4.12775424052719
38,1,0.0,0,1,-1.71892847594427
39,1,0.0,0,1,-2.45198522295732
40,1,0.0,0,1,-1.95901122578576
41,1,277.781114465466,0,1,-3.56107586760747
42,2,0.0,0,1,-0.806570839699027
43,1,0.0,0,1,-1.35226716077986
44,2,0.0,0,1,-1.09447313893717
45,1,70.4849295815769,0,1,-5.40056062126772
46,2,0.0,0,1,-2.09408459999385
47,2,0.0,0,1,-1.50969186272466
48,1,0.0,0,1,-3.87875308060651
49,1,48.2880668392794,0,1,-2.87430605450004
50,1,0.0,0,1,-3.48668262952888
51,1,20.131082931164,0,1,-3.15414338261628
52,1,205.834322181108,0,1,-5.56953654157577
53,2,0.0,0,1,-3.11364815900719
54,1,54.5047273776778,0,1,-3.62153755394641
55,1,0.0,0,1,-2.05302191649153
56,1,0.0,0,1,-3.82103463141902
57,1,0.0,0,1,-2.96858800396279
