bus_number,P_output,Q_output,voltage_mag,gen_status,P_max,P_min
2,61.3099371726939,0,1,1,453.340652313236,0
4,0.0,0,1,0,218.840633025727,0
5,281.302886114252,0,1,1,281.302886114252,0
6,441.539915270995,0,1,1,441.539915270995,0
7,0.0,0,1,0,199.703689007758,0
19,219.42372371705,0,1,1,219.42372371705,0
26,304.01276177309,0,1,1,304.01276177309,0
27,134.499817381781,0,1,1,134.499817381781,0
29,47.3269628462495,0,1,1,47.3269628462495,0
33,0.0,0,1,0,22.3506236174993,0
36,151.628391272266,0,1,1,151.628391272266,0
38,1.60108907638672,0,1,1,1.60108907638672,0
40,35.5734065925249,0,1,1,35.5734065925249,0
41,99.2700958428507,0,1,1,99.2700958428507,0
44,283.7255619014,0,1,1,283.7255619014,0
46,383.480611876649,0,1,1,383.480611876649,0
47,35.0047752964553,0,1,1,143.32755193325,0
49,0.0,0,1,0,117.574169564525,0
50,100.562008778527,0,1,1,100.562008778527,0
53,88.8594402460359,0,1,1,88.8594402460359,0
55,0.0,0,1,0,71.2086706076032,0
56,85.1892083233952,0,1,1,85.1892083233952,0
