bus_number,P_output,Q_output,voltage_mag,gen_status,P_max,P_min
1,168.410437619401,0,1,1,168.410437619401,0
5,1079.08527084178,0,1,1,1297.50525785967,0
6,294.11395218381,0,1,1,294.11395218381,0
8,105.546364801025,0,1,1,105.546364801025,0
12,76.0663390557453,0,1,1,76.0663390557453,0
14,153.188765015658,0,1,1,153.188765015658,0
19,0.0,0,1,0,166.317095258641,0
21,0.0,0,1,0,592.800078487319,0
34,300.841931965425,0,1,1,300.841931965425,0
35,182.773381195376,0,1,1,182.773381195376,0
36,89.7041837237729,0,1,1,89.7041837237729,0
43,0.0,0,1,0,362.405114423708,0
44,1.65387361263082,0,1,1,1.65387361263083,0
46,41.654517940373,0,1,1,209.779396694568,0
52,24.0581042839341,0,1,1,24.0581042839341,0
53,23.868203796769,0,1,1,23.868203796769,0
54,70.3026992964069,0,1,1,70.3026992964069,0
55,143.042568150457,0,1,1,143.042568150457,0
