bus_number,P_output,Q_output,voltage_mag,gen_status,P_max,P_min
3,224.651761755094,0,1,1,416.576534215587,0
7,3.22646062726321e-14,0,1,1,528.243428936128,0
10,456.729100394939,0,1,1,456.729100394939,0
12,2.6092053035457902e-14,0,1,1,365.567607838036,0
15,383.260316030406,0,1,1,383.260316030407,0
18,405.501647295385,0,1,1,405.501647295385,0
19,0.0,0,1,0,193.047322278003,0
20,346.289739952508,0,1,1,346.289739952508,0
25,65.9149221131519,0,1,1,119.918636299714,0
41,376.164178331916,0,1,1,376.164178331916,0
42,76.2466910272852,0,1,1,76.2466910272852,0
47,344.838077825362,0,1,1,344.838077825362,0
48,5.2745036794377e-14,0,1,1,69.799278959415,0
52,44.9896677096472,0,1,1,44.9896677096472,0
55,0.0,0,1,0,126.90050573952,0
56,8.30501459046789,0,1,1,8.3050145904679,0
