bus_number,P_output,Q_output,voltage_mag,gen_status,P_max,P_min
3,0.0,0,1,0,221.114898067066,0
11,120.308305656831,0,1,1,120.308305656912,0
12,719.683346966375,0,1,1,927.348019988326,0
13,523.87056488086,0,1,1,523.87056488094,0
21,201.21889799322,0,1,1,201.218897998713,0
27,1.53519809563885e-10,0,1,1,65.107812143228,0
31,441.813074388857,0,1,1,441.813074388984,0
32,0.0,0,1,0,50.3424067281157,0
33,0.0,0,1,0,225.653249431415,0
34,0.0,0,1,0,427.813511370412,0
36,113.94959562059,0,1,1,116.092873122172,0
50,218.219230975966,0,1,1,526.446556648252,0
51,49.5164033754363,0,1,1,49.5164033755078,0
52,194.988584349815,0,1,1,194.988584349921,0
55,170.742589274332,0,1,1,170.742589274355,0
