cost_model,startup,shutdown,n_coefficients,coeff_n,coeff1,coeff0
2,0,0,3,0.0073505244288169,47.9732638889429,2764.16628992102
2,0,0,3,0.0031597819124515,50.6333383441208,2200.11669713759
2,0,0,3,0.0,0.0,0.0
2,0,0,3,0.003521031243789,36.9561402495798,534.978241634087
2,0,0,3,0.0,0.0,0.0
2,0,0,3,0.0,0.0,0.0
2,0,0,3,0.0,0.0,0.0
2,0,0,3,0.0,0.0,0.0
2,0,0,3,0.0,0.0,0.0
2,0,0,3,0.0068746930082446,41.1159977830302,99.181908639315
2,0,0,3,0.0,0.0,0.0
2,0,0,3,0.0,0.0,0.0
