bus_number,bus_type,P_demand,Q_demand,voltage_mag,voltage_ang
1,1,0.0,0,1,-0.0314421132180217
2,2,0.0,0,1,1.15629745698074
3,1,377.289966344836,0,1,-0.354180154615361
4,2,0.0,0,1,-0.896841528031699
5,1,0.0,0,1,-0.0079008336608543
6,1,0.0,0,1,-0.157864170419431
7,2,0.0,0,1,-1.87186543306616
8,3,0.0,0,1,0.0
9,1,0.0,0,1,-0.296776507327764
10,1,259.053436859295,0,1,-1.87911374969094
11,2,0.0,0,1,1.15664402927068
12,1,0.0,0,1,-2.3041277740004
13,1,0.0,0,1,-0.0656386113379575
14,1,266.878670749605,0,1,-1.09796645458955
15,1,102.740814671384,0,1,-2.61864605211375
16,1,0.0,0,1,-2.12271828329146
17,1,0.0,0,1,0.626152898555165
18,1,0.0,0,1,-0.132199639374652
19,1,0.0,0,1,-0.797468871000428
20,1,131.858601562352,0,1,-1.46865376474595
21,1,0.0,0,1,0.672830573908979
22,1,245.869005624096,0,1,-0.0345030820591315
23,1,0.0,0,1,-0.860993803460324
24,1,0.0,0,1,-0.926765179941846
25,1,0.0,0,1,-0.311506902805333
26,1,262.481013954443,0,1,-2.87788479917785
27,1,0.0,0,1,0.1265360095967
28,2,0.0,0,1,0.391064845476402
29,1,222.875796508955,0,1,-0.507709870409266
30,1,0.0,0,1,-1.98311450302121
31,2,0.0,0,1,-0.148610723581825
32,1,33.3399375011579,0,1,-0.157895025304224
33,1,40.738625027209,0,1,-1.32978294001073
34,1,0.0,0,1,-0.192419861094251
35,1,0.0,0,1,-0.236415094058955
36,2,0.0,0,1,0.483097613608003
37,2,0.0,0,1,0.201958974802489
38,1,0.0,0,1,-0.99621298465872
39,2,0.0,0,1,3.40902371379261
40,1,0.0,0,1,-0.0924794440130993
41,1,0.0,0,1,-0.0813182100427133
42,1,0.0,0,1,0.45641155515544
43,1,459.030536206742,0,1,-1.33272523872092
44,2,0.0,0,1,2.77510808723325
45,1,205.296540986172,0,1,-0.498185869393642
46,1,60.417727603121,0,1,-2.5655575278106
47,1,0.0,0,1,-0.391175523616387
48,2,0.0,0,1,0.201958974802489
49,1,0.0,0,1,-0.384229586583639
50,1,0.0,0,1,-0.359631670485282
51,1,0.0,0,1,0.0013674680491511
52,1,0.0,0,1,-0.0603663151283539
53,1,0.0,0,1,1.67079489346619
54,1,86.4399198832343,0,1,0.795950873161267
55,1,0.0,0,1,-0.627895809567434
56,1,0.0,0,1,-1.09531253986982
57,2,0.0,0,1,1.16189718620781
