bus_number,bus_type,P_demand,Q_demand,voltage_mag,voltage_ang
1,1,110.347759857365,0,1,-1.81016319242044
2,3,0.0,0,1,0.0
3,1,162.589547756031,0,1,-2.01169031399452
4,2,0.0,0,1,-0.855998579886328
5,1,84.0890493079218,0,1,-3.48846164497885
6,1,7.74498935879795,0,1,-0.379861629301678
7,2,0.0,0,1,-3.47945539612033
8,2,0.0,0,1,-2.42289629749517
9,1,6.46201465309837,0,1,-3.83852763344617
10,1,197.920525204861,0,1,-5.87315281593497
11,1,97.7223591266233,0,1,-3.02525362366164
12,1,48.6935098806121,0,1,-3.99371752423449
13,1,168.556347133613,0,1,-1.75586488821304
14,1,82.8117719379371,0,1,-3.96726627581268
15,2,0.0,0,1,-1.13935193587196
16,1,0.0,0,1,-2.82110011706061
17,1,0.0,0,1,-2.56655149500551
18,1,24.8072254140851,0,1,-3.56618260494124
19,1,115.321427262292,0,1,-2.4401566349598
20,1,0.0,0,1,-1.91239725722756
21,1,261.525534176072,0,1,-2.70812686172046
22,1,172.072266592561,0,1,-0.156945773811069
23,1,0.370999657502659,0,1,-3.34334012959065
24,1,0.0,0,1,-2.135045400154
25,1,72.1083503829303,0,1,-3.03689033849614
26,2,0.0,0,1,-1.36904807967909
27,1,24.2776683969657,0,1,-2.86550707483006
28,1,43.3378934302355,0,1,0.661619909437058
29,1,19.5748769506303,0,1,-2.03413444098356
30,1,111.365301611747,0,1,0.618367458553208
31,2,0.0,0,1,1.63381896305193
32,1,240.291011217075,0,1,-1.49310659615822
33,1,110.006486873682,0,1,-3.96189413705109
34,1,0.0,0,1,-2.30206611862386
35,2,0.0,0,1,-1.78205070659163
36,2,0.0,0,1,-1.65469210279632
37,1,58.4517890480242,0,1,-1.80435570011189
38,1,77.2064501924391,0,1,1.10071141318449
39,2,0.0,0,1,-2.81540126033754
40,1,0.0,0,1,-1.64690864372764
41,1,51.468255703313,0,1,-4.25338641161566
42,2,0.0,0,1,-2.12003478677046
43,1,196.613471631376,0,1,-2.85103734106279
44,1,44.0991404264862,0,1,-2.35595338361082
45,2,0.0,0,1,-1.13974063531537
46,2,0.0,0,1,-2.27743576514714
47,2,0.0,0,1,1.66858709079867
48,1,0.0,0,1,-1.4189666429004
49,1,30.5273818780513,0,1,-1.44606426625744
50,2,0.0,0,1,-1.50431935310933
51,2,0.0,0,1,-1.52876534157538
52,1,0.0,0,1,-1.73770050195305
53,2,0.0,0,1,-0.75961211959514
54,1,129.077436094681,0,1,-3.10214166529551
55,2,0.0,0,1,-1.17534657827575
56,2,0.0,0,1,-4.11712249903303
57,2,0.0,0,1,-5.09418875407457
