cost_model,startup,shutdown,n_coefficients,coeff_n,coeff1,coeff0
2,0,0,3,0.0067549731765951,33.2203835265096,861.966131031797
2,0,0,3,0.0,0.0,0.0
2,0,0,3,0.0062960792728831,55.8587458993693,1378.71239875934
2,0,0,3,0.0,0.0,0.0
2,0,0,3,0.007830978815103,40.8856652708091,365.068882576385
2,0,0,3,0.0,0.0,0.0
2,0,0,3,0.0,0.0,0.0
2,0,0,3,0.0,0.0,0.0
2,0,0,3,0.0034484746636788,55.6338245762149,123.714424403815
2,0,0,3,0.0,0.0,0.0
2,0,0,3,0.0035303345454153,41.2016637933174,590.597601778637
2,0,0,3,0.0,0.0,0.0
2,0,0,3,0.0,0.0,0.0
2,0,0,3,0.0053624437335339,50.4598078071769,155.297538433557
