bus_number,P_output,Q_output,voltage_mag,gen_status,P_max,P_min
2,285.009270264482,0,1,1,285.009270264482,0
8,586.294412714907,0,1,1,728.211794203608,0
9,7.54238006912436e-16,0,1,1,289.508567765224,0
11,247.157036044097,0,1,1,247.157036044097,0
12,472.193875794213,0,1,1,472.193875794213,0
13,0.0,0,1,0,6.92805013021502,0
15,269.74150890821,0,1,1,269.74150890821,0
17,93.7457237215426,0,1,1,93.7457237215426,0
18,92.6007254079023,0,1,1,92.6007254079023,0
21,108.596914144774,0,1,1,163.181281825161,0
26,66.832215586468,0,1,1,66.832215586468,0
29,91.4827144809109,0,1,1,91.4827144809109,0
36,3.10970693802809e-17,0,1,1,103.865679915446,0
37,69.9458402445999,0,1,1,335.923226626373,0
42,58.5586653303837,0,1,1,58.5586653303837,0
44,0.0,0,1,0,375.256314189131,0
45,110.678962691642,0,1,1,170.95119624394,0
48,0.0,0,1,0,196.619292968747,0
52,201.472728148469,0,1,1,201.472728148469,0
53,-2.16153120107072e-21,0,1,1,13.1378798697957,0
