bus_number,bus_type,P_demand,Q_demand,voltage_mag,voltage_ang
1,3,0.0,0,1,0.0
2,1,46.7568394737163,0,1,-1.81585072313367
3,1,664.22276097315,0,1,-6.14168537098257
4,2,0.0,0,1,-2.832708503821
5,1,208.303834562725,0,1,-3.73770021308131
6,1,192.285456993182,0,1,-2.80546243381461
7,1,0.0,0,1,-0.0058856881694554
8,1,0.0,0,1,-3.7691052118558
9,1,0.0,0,1,-1.81744441837363
10,2,0.0,0,1,-6.96783311196509
11,1,0.0,0,1,-4.53550471367753
12,1,0.0,0,1,-2.12852102229986
13,2,0.0,0,1,-6.09180653842532
14,2,0.0,0,1,-4.43577568980393
15,1,147.738651326855,0,1,-8.05802111366496
16,1,444.210977838282,0,1,-3.88350064385991
17,1,34.5864195924361,0,1,-20.2344511509644
18,2,0.0,0,1,1.18843238907519
19,1,113.470067589164,0,1,-4.66468099556584
20,1,0.0,0,1,-4.09311426616129
21,1,71.1710634087018,0,1,-6.4867217952144
22,1,0.0,0,1,-2.75347818777617
23,1,265.499838343722,0,1,-3.96019625837436
24,1,0.0,0,1,-3.22057505994138
25,2,0.0,0,1,-0.875006030784736
26,1,0.0,0,1,-1.77943760628487
27,1,0.0,0,1,-2.78504557790887
28,1,0.0,0,1,-2.82457122184618
29,1,36.465574267139,0,1,-3.76072738434618
30,1,0.0,0,1,-3.70951103275361
31,1,0.0,0,1,-2.08145584476939
32,1,0.0,0,1,-2.55656217652526
33,1,0.0,0,1,-2.832708503821
34,2,0.0,0,1,2.36414228861828
35,2,0.0,0,1,0.508437890172177
36,1,100.408039788591,0,1,-2.71359726413669
37,1,0.0,0,1,0.343176217982467
38,1,0.0,0,1,-1.50606413336241
39,1,0.0,0,1,-0.41197402379962
40,1,0.0,0,1,0.145857753201501
41,2,0.0,0,1,-1.11818236315677
42,1,0.0,0,1,0.817373768388693
43,1,0.0,0,1,-0.201190628281635
44,2,0.0,0,1,-1.67964562143285
45,1,11.2030384241578,0,1,-1.42085353578883
46,2,0.0,0,1,0.0400258711479311
47,1,319.314464832628,0,1,-2.02689078578803
48,1,11.0314643736363,0,1,-8.30943951776681
49,2,0.0,0,1,-1.52607589626328
50,2,0.0,0,1,-3.67795751620526
51,1,0.0,0,1,-1.76904684447221
52,2,0.0,0,1,-1.6474341296078
53,1,0.0,0,1,-2.28747541467296
54,1,0.0,0,1,-1.59572612901663
55,2,0.0,0,1,-2.3209430141178
56,1,0.0,0,1,-2.33783180679235
57,1,87.6421016945157,0,1,-2.83648348003376
