bus_number,bus_type,P_demand,Q_demand,voltage_mag,voltage_ang
1,1,44.2147173298833,0,1,-2.71615928662528
2,1,249.314728124599,0,1,-4.51226319726412
3,1,0.0,0,1,-1.6460150490674
4,1,0.0,0,1,-2.49874698547404
5,1,0.0,0,1,-2.31354908620924
6,1,0.0,0,1,-0.935928888405515
7,1,0.0,0,1,-0.632301153727894
8,1,120.954791088771,0,1,-4.52901515740309
9,1,0.0,0,1,-2.11344818039858
10,1,0.0,0,1,-0.735582891936207
11,2,0.0,0,1,0.0028518965864167
12,1,221.594131594214,0,1,-2.31903362770786
13,1,0.0,0,1,-0.195003027293949
14,1,230.072685554398,0,1,-1.81529327741172
15,1,0.0,0,1,-1.18696185016833
16,1,0.0,0,1,-1.31678517404676
17,2,0.0,0,1,0.355775405884969
18,1,0.0,0,1,-1.77281399569804
19,1,0.0,0,1,-1.80705432580445
20,1,76.926029419194,0,1,-0.222498379558098
21,1,0.0,0,1,-2.29279289371967
22,1,0.0,0,1,-1.75484395099099
23,3,0.0,0,1,0.0
24,1,730.401021740356,0,1,-2.22563438528948
25,1,0.0,0,1,-1.60282004704943
26,1,0.0,0,1,-1.13064017265142
27,1,0.0,0,1,-3.3935833995957
28,1,0.0,0,1,-2.42207570924277
29,1,0.0,0,1,-1.79589955829509
30,1,0.0,0,1,-3.6261618196854
31,1,0.0,0,1,-1.63600670131301
32,1,430.014746666844,0,1,-4.84222073274019
33,1,0.0,0,1,-1.42283750701195
34,2,0.0,0,1,-3.29172460100072
35,1,38.8617048535457,0,1,-2.57190204176717
36,2,0.0,0,1,-0.677018244972223
37,1,0.0,0,1,-1.50742333557142
38,2,0.0,0,1,-3.10412054390762
39,1,0.0,0,1,-2.4290626914348
40,1,0.0,0,1,-2.08104490955022
41,1,0.0,0,1,-1.66415969514345
42,2,0.0,0,1,-1.41453062988255
43,2,0.0,0,1,-1.73385760259882
44,1,0.0,0,1,-0.0456324601559202
45,1,0.0,0,1,-1.35483850632211
46,2,0.0,0,1,-1.61343433082033
47,1,0.0,0,1,-2.54392923569168
48,1,314.687124796515,0,1,-3.55833838075635
49,2,0.0,0,1,-1.39343578641488
50,1,0.0,0,1,-2.02563657146617
51,1,0.0,0,1,-2.04645931773788
52,2,0.0,0,1,0.653943173012027
53,2,0.0,0,1,-2.30860700892103
54,1,184.315071555044,0,1,-1.54398064802044
55,2,0.0,0,1,-3.71035538974736
56,1,80.1111670482879,0,1,-4.51200208986852
57,1,110.404367254949,0,1,-3.25454756666859
