bus_number,bus_type,P_demand,Q_demand,voltage_mag,voltage_ang
1,2,0.0,0,1,-0.939094434495766
2,2,0.0,0,1,-0.220770342529839
3,1,89.9745305441316,0,1,-0.391948165202442
4,2,0.0,0,1,0.263269264722275
5,1,0.0,0,1,-1.38016312966408
6,2,0.0,0,1,-0.288397084299428
7,1,606.874878272273,0,1,-0.972108146466813
8,1,0.0,0,1,-0.212465515576932
9,1,0.0,0,1,-1.08081191785178
10,1,0.0,0,1,-0.949172995042609
11,2,0.0,0,1,-1.47359649308804
12,1,0.0,0,1,0.424285307350815
13,1,311.458325842304,0,1,-0.120574346621781
14,1,0.0,0,1,-0.989591686216351
15,2,0.0,0,1,-0.071197532099325
16,1,0.0,0,1,-1.61940537822485
17,2,0.0,0,1,2.99064057946237
18,1,0.0,0,1,1.32377378685045
19,2,0.0,0,1,-2.23244088212059
20,3,0.0,0,1,0.0
21,2,0.0,0,1,1.85058272490978
22,2,0.0,0,1,-0.66126368427578
23,1,0.0,0,1,-1.3027278466837
24,1,0.0,0,1,-1.71068286483132
25,1,0.0,0,1,-3.07220574599905
26,1,21.5849720067254,0,1,-0.956747935820092
27,1,0.0,0,1,-1.48247096314639
28,1,127.008268513647,0,1,-4.10827935755017
29,1,0.0,0,1,-3.03347669252864
30,1,367.421236840065,0,1,-2.90509344836377
31,1,166.127465440729,0,1,-5.056517446695
32,2,0.0,0,1,0.336147393990654
33,1,0.0,0,1,-2.30134978856918
34,2,0.0,0,1,-2.90509344836377
35,2,0.0,0,1,-2.47487717796225
36,2,0.0,0,1,-2.8871654952104
37,1,0.0,0,1,-2.66434095500026
38,1,0.0,0,1,-1.00583617549756
39,1,0.0,0,1,-1.10783377492528
40,1,0.0,0,1,-0.708525878785789
41,1,0.0,0,1,-2.14421183286579
42,1,0.0,0,1,-1.11877113513019
43,1,0.0,0,1,-0.963438102363293
44,1,135.457813846348,0,1,-3.11934344644105
45,1,643.925409639257,0,1,-1.93739770947176
46,1,107.542348641699,0,1,-0.109041003646893
47,2,0.0,0,1,-1.56302755917333
48,1,0.0,0,1,0.203720469322751
49,1,0.0,0,1,-1.2678934431733
50,1,0.0,0,1,-1.65398170394182
51,1,114.468437608092,0,1,-3.09084308083337
52,2,0.0,0,1,-1.24807433782195
53,1,35.5031381339464,0,1,-1.68527751724815
54,2,0.0,0,1,-1.7490432049536
55,2,0.0,0,1,0.919743581944154
56,1,26.9637681533838,0,1,0.276209680490011
57,1,0.0,0,1,0.551140281404971
