cost_model,startup,shutdown,n_coefficients,coeff_n,coeff1,coeff0
2,0,0,3,0.0069374546480667,53.5680301508595,2836.21048644513
2,0,0,3,0.0052722110550534,44.5816647570099,141.814898964556
2,0,0,3,0.0076465916076384,52.0782013461271,54.2479384328127
2,0,0,3,0.0044852225481546,38.0051737394067,936.839793210852
2,0,0,3,0.0,0.0,0.0
2,0,0,3,0.0,0.0,0.0
2,0,0,3,0.0,0.0,0.0
2,0,0,3,0.0,0.0,0.0
2,0,0,3,0.0,0.0,0.0
2,0,0,3,0.0064184967047756,45.1236028239926,217.04730692475
2,0,0,3,0.0047009606891113,33.2840310921096,106.351615458177
2,0,0,3,0.0,0.0,0.0
2,0,0,3,0.0,0.0,0.0
2,0,0,3,0.0042323720709363,38.5216416569472,549.768313692951
2,0,0,3,0.0,0.0,0.0
2,0,0,3,0.0,0.0,0.0
2,0,0,3,0.0,0.0,0.0
2,0,0,3,0.0038820390044762,34.7604660425426,210.08713320726
