bus_number,P_output,Q_output,voltage_mag,gen_status,P_max,P_min
6,1059.52948264253,0,1,1,1285.18264911708,0
17,0.0,0,1,0,200.884102837009,0
21,0.0,0,1,0,123.173217320471,0
22,0.0,0,1,0,505.751809548097,0
26,110.44948435964,0,1,1,110.44948435887,0
27,661.984509943151,0,1,1,661.984509943964,0
39,177.97796801865,0,1,1,198.723793791846,0
40,38.1268845776373,0,1,1,38.1268845756638,0
41,42.6139237280792,0,1,1,59.1816720756721,0
44,399.283610926523,0,1,1,399.283610925804,0
46,119.487291159155,0,1,1,119.487291158233,0
47,45.0714171288274,0,1,1,387.586140456501,0
50,77.0939452068054,0,1,1,77.0939452048219,0
57,22.6920757891767,0,1,1,22.6920757890344,0
