bus_number,P_output,Q_output,voltage_mag,gen_status,P_max,P_min
6,0.0,0,1,0,116.725896574595,0
8,521.288956732995,0,1,1,521.288956732998,0
14,12.378852754667,0,1,1,12.3788527546712,0
18,0.0,0,1,0,239.164246001051,0
21,0.0,0,1,0,149.129853311661,0
24,56.264811235922,0,1,1,56.2648112359268,0
28,75.7941976347786,0,1,1,75.7941976347834,0
41,0.0,0,1,0,323.461180079596,0
43,314.838960899088,0,1,1,314.838960899099,0
44,101.241073593742,0,1,1,101.241073593825,0
46,691.699552777224,0,1,1,759.618960568321,0
49,42.7114146015001,0,1,1,42.7114146015267,0
50,9.21871992042172,0,1,1,9.21871992042584,0
52,283.491377911105,0,1,1,283.491377911124,0
53,300.291746066894,0,1,1,743.344851286386,0
54,204.453567076241,0,1,1,373.067032040278,0
55,119.921741201699,0,1,1,119.921741201717,0
56,20.7156210763295,0,1,1,20.7156210763335,0
