bus_number,bus_type,P_demand,Q_demand,voltage_mag,voltage_ang
1,1,464.742797946928,0,1,-1.32727233773255
2,1,0.0,0,1,0.638924387834843
3,1,0.0,0,1,-0.269317685836547
4,1,33.5726809230466,0,1,-1.38388606603999
5,1,0.0,0,1,-1.07868891810603
6,2,0.0,0,1,1.16675368229621
7,1,0.0,0,1,-0.134271877134754
8,1,0.0,0,1,0.675966937159408
9,1,235.809908998037,0,1,-1.73388310110621
10,1,0.0,0,1,-0.323361665843537
11,1,0.0,0,1,-0.411539381905476
12,1,0.0,0,1,1.38405553733044
13,3,0.0,0,1,0.0
14,1,0.0,0,1,-1.11782139570466
15,1,0.0,0,1,0.852342125823622
16,1,0.0,0,1,3.26939482563534
17,1,0.0,0,1,2.03307198506828
18,1,263.620777921778,0,1,0.0059758864597513
19,2,0.0,0,1,2.52021699581343
20,1,0.0,0,1,-0.622028285865625
21,1,58.4082313367107,0,1,3.69024022128552
22,2,0.0,0,1,4.44760853215664
23,2,0.0,0,1,-1.75280136786254
24,1,0.0,0,1,4.68818620357025
25,2,0.0,0,1,2.03307198506828
26,2,0.0,0,1,2.21051428698528
27,1,0.0,0,1,4.25990187757148
28,2,0.0,0,1,3.65274681603802
29,2,0.0,0,1,10.1403283598939
30,1,345.367151202437,0,1,-3.0513089343028
31,1,33.0208337752171,0,1,1.22566003192008
32,1,0.0,0,1,-2.71426196260279
33,1,232.651237638926,0,1,-3.9291518898804
34,1,94.9846093443461,0,1,0.255468705365853
35,1,0.0,0,1,-0.746677073214313
36,1,0.0,0,1,0.373040789912944
37,1,0.0,0,1,-0.423436860814504
38,2,0.0,0,1,1.30634352383197
39,1,150.054833064621,0,1,-2.06464731377827
40,1,21.2692860317242,0,1,-2.80404128836594
41,1,0.0,0,1,-0.315682174616591
42,1,0.0,0,1,2.43413561051714
43,1,0.0,0,1,0.0125531841621259
44,2,0.0,0,1,-0.325984631595184
45,1,0.0,0,1,-0.948347517570377
46,2,0.0,0,1,-2.01623995204331
47,1,0.0,0,1,1.40312768321293
48,2,0.0,0,1,-0.315682174616591
49,2,0.0,0,1,-0.573084320574268
50,1,0.0,0,1,1.71718501054214
51,1,0.0,0,1,0.0078881270110689
52,1,801.150798179717,0,1,-4.34834439740727
53,1,0.0,0,1,0.754353142500873
54,1,19.6574471191136,0,1,-0.645028898897276
55,1,0.0,0,1,-0.577772095773159
56,1,0.0,0,1,-0.865724115313271
57,1,0.0,0,1,-1.0450742756871
