bus_number,P_output,Q_output,voltage_mag,gen_status,P_max,P_min
7,612.333037583714,0,1,1,722.015932487879,0
8,70.7616889778778,0,1,1,70.7616889778778,0
13,661.678220620914,0,1,1,661.678220620914,0
22,530.24032925329,0,1,1,530.240329253292,0
24,279.244537114398,0,1,1,405.623278970613,0
25,165.978102581072,0,1,1,165.978102581072,0
31,82.3461336829679,0,1,1,82.346133682968,0
33,81.71900514336,0,1,1,81.7190051433601,0
35,0.0,0,1,0,395.62831245628,0
43,0.0,0,1,0,303.835168727953,0
46,0.0,0,1,0,229.720369293979,0
47,16.4667358758356,0,1,1,16.4667358758388,0
50,144.146082224159,0,1,1,144.146082224159,0
52,0.0,0,1,0,57.2123500351747,0
54,109.396720425017,0,1,1,109.396720425018,0
56,0.0,0,1,0,285.609316667943,0
