bus_number,bus_type,P_demand,Q_demand,voltage_mag,voltage_ang
1,1,235.329776255982,0,1,-3.55042280611181
2,1,4.02726930528126,0,1,-3.84420756294252
3,2,0.0,0,1,-0.516668740217012
4,2,0.0,0,1,-0.0667215982264092
5,3,0.0,0,1,0.0
6,1,0.0,0,1,-2.12272241628387
7,1,0.0,0,1,-0.577895608407638
8,1,0.0,0,1,-1.23781355874277
9,1,0.0,0,1,-2.22228766230648
10,1,415.254326863089,0,1,-1.78772750502615
11,1,279.124662064865,0,1,-8.55504133925653
12,2,0.0,0,1,-1.23026301378345
13,1,225.627455310052,0,1,-3.19742015278033
14,1,0.0,0,1,-2.35449092541653
15,2,0.0,0,1,-1.34741340244482
16,1,0.0,0,1,-2.17874446670129
17,1,263.086785754006,0,1,-2.72467999245082
18,2,0.0,0,1,0.132275434344715
19,1,0.0,0,1,-5.73492582761295
20,1,0.0,0,1,-0.21606377444325
21,1,52.0947668849745,0,1,-6.9777590976124
22,1,0.0,0,1,-1.24519598452882
23,1,0.0,0,1,-0.0251598505907046
24,1,0.0,0,1,0.129387991424726
25,2,0.0,0,1,-0.402602465965689
26,1,0.0,0,1,-0.521697161610007
27,1,0.0,0,1,-2.50738983765772
28,1,0.0,0,1,0.884788106150635
29,1,0.0,0,1,-0.436356973239106
30,2,0.0,0,1,0.801014329866895
31,2,0.0,0,1,0.445239417989773
32,2,0.0,0,1,-0.337500306024241
33,2,0.0,0,1,1.60115227167795
34,2,0.0,0,1,0.835556348468001
35,1,169.07345485659,0,1,-3.44481523464362
36,2,0.0,0,1,2.21423100904794
37,1,0.0,0,1,-1.14339955246382
38,1,0.0,0,1,-0.35328319512653
39,1,56.3097026149215,0,1,-1.92378777486678
40,1,125.43315632242,0,1,-2.10985566777645
41,1,0.0,0,1,-0.991900799246434
42,1,144.365045994349,0,1,-1.60350015810583
43,2,0.0,0,1,0.207757043848492
44,1,15.028038970656,0,1,0.207998484976839
45,1,0.0,0,1,-1.18427856075542
46,1,0.0,0,1,-0.947986317760296
47,1,21.8479656345367,0,1,-2.92826874683849
48,1,97.0106700647309,0,1,-2.20580593630255
49,1,0.0894145140787361,0,1,-2.02544710092317
50,1,481.316094122258,0,1,-2.77108193170709
51,1,0.0,0,1,-0.735719756834203
52,1,0.0,0,1,-1.39648602002078
53,1,169.292007949811,0,1,-2.70687457717235
54,1,0.0,0,1,-3.04260633389445
55,2,0.0,0,1,-1.58844773889744
56,1,0.0,0,1,-2.65552790774157
57,1,0.0,0,1,-2.49060515673062
