bus_number,bus_type,P_demand,Q_demand,voltage_mag,voltage_ang
1,1,71.2587950093411,0,1,-3.1699086831483
2,1,0.0,0,1,-1.27090397782461
3,1,0.0,0,1,-1.32614519953056
4,1,0.0,0,1,-1.33169435346829
5,1,234.963327129763,0,1,-1.55989240993069
6,1,222.312099041204,0,1,-1.97737274627485
7,1,275.725418367506,0,1,-3.32936785279363
8,1,2.24465733296616,0,1,-1.30590445810564
9,1,0.0,0,1,-1.88665398313042
10,1,46.716316741222,0,1,-1.50584588173078
11,1,49.8443312428723,0,1,-2.70006158483356
12,2,0.0,0,1,-1.02822421464188
13,2,0.0,0,1,-2.56854271455908
14,1,0.0,0,1,-1.32865820313927
15,1,0.0,0,1,-0.346109213170861
16,1,132.337019207581,0,1,-2.83304054926449
17,1,16.7434013695104,0,1,-4.1356657934736
18,2,0.0,0,1,-1.59855209047952
19,1,0.0,0,1,-1.99823945983727
20,1,0.0,0,1,-1.106534094651
21,1,0.0,0,1,-1.47276645680164
22,1,0.0,0,1,-2.42832927446014
23,1,207.682003617928,0,1,-1.34984857173405
24,1,0.0,0,1,-0.202851051259394
25,1,457.779784475607,0,1,-1.95814374543142
26,1,0.0,0,1,-1.35504977236799
27,3,0.0,0,1,0.0
28,1,0.0,0,1,-3.1676466392827
29,2,0.0,0,1,-0.890825006516656
30,2,0.0,0,1,-1.39415342418551
31,1,0.0,0,1,-2.34038762237102
32,1,0.0,0,1,-1.71689603220847
33,1,0.0,0,1,-2.34038762237102
34,1,292.334091663633,0,1,-3.77727808296714
35,2,0.0,0,1,0.181760499567064
36,2,0.0,0,1,-2.34038762237102
37,2,0.0,0,1,-0.466154884203732
38,1,0.0,0,1,-1.77827140615534
39,2,0.0,0,1,-0.495971702916859
40,1,0.0,0,1,-3.00031436611316
41,2,0.0,0,1,-0.406938338825567
42,2,0.0,0,1,-0.406938338825567
43,1,280.488485925151,0,1,-1.26605299536573
44,2,0.0,0,1,-0.293405473798855
45,2,0.0,0,1,0.135240481594986
46,1,0.0,0,1,-2.91844024083594
47,1,0.0,0,1,-0.5783442557176
48,1,183.130679520547,0,1,-3.05549896030294
49,1,178.737597706868,0,1,-0.95842637757562
50,1,11.670149935741,0,1,-1.2572571103593
51,1,0.0,0,1,-1.792799215415
52,1,90.3424351951613,0,1,-2.09340028407366
53,2,0.0,0,1,-0.765522328754981
54,1,0.0,0,1,-0.943990932690066
55,1,0.0,0,1,-1.77239311039541
56,1,0.0,0,1,-1.1498753237447
57,1,0.0,0,1,-0.822783003146151
