cost_model,startup,shutdown,n_coefficients,coeff_n,coeff1,coeff0
2,0,0,3,0.0027667230806624,53.4003548804548,971.114289245151
2,0,0,3,0.0024461844902292,48.2004133832668,204.512712039217
2,0,0,3,0.0,0.0,0.0
2,0,0,3,0.0078770669308121,45.3192218400048,653.649002453091
2,0,0,3,0.0020257744599862,26.4985765244282,13.8546201847469
2,0,0,3,0.0,0.0,0.0
2,0,0,3,0.0,0.0,0.0
2,0,0,3,0.0077869888812112,43.9553804055763,93.8163189067677
2,0,0,3,0.0,0.0,0.0
2,0,0,3,0.0,0.0,0.0
2,0,0,3,0.0073998156457747,26.9984849727495,173.35799940379
2,0,0,3,0.0,0.0,0.0
2,0,0,3,0.0,0.0,0.0
2,0,0,3,0.0,0.0,0.0
2,0,0,3,0.0068102809525862,34.2561190191187,171.031459784767
2,0,0,3,0.0,0.0,0.0
2,0,0,3,0.0067045089483316,42.5858886082162,446.65777069668
2,0,0,3,0.0,0.0,0.0
2,0,0,3,0.0,0.0,0.0
2,0,0,3,0.0,0.0,0.0
2,0,0,3,0.0032937425513389,29.0358448536964,139.995119016246
2,0,0,3,0.0,0.0,0.0
2,0,0,3,0.0,0.0,0.0
