bus_number,P_output,Q_output,voltage_mag,gen_status,P_max,P_min
2,125.80523272483,0,1,1,125.805232724997,0
4,326.395340669207,0,1,1,326.395340669309,0
8,3.45329709701718e-10,0,1,1,254.289001796953,0
10,73.0324109757413,0,1,1,73.0324109757851,0
12,78.9239684170272,0,1,1,78.9239684171764,0
15,0.0,0,1,0,4.91750161226996,0
16,155.400450021377,0,1,1,155.400450021429,0
17,30.1744569292668,0,1,1,135.032162094551,0
19,240.590963251563,0,1,1,240.590963251563,0
23,160.968498142115,0,1,1,160.96849814217,0
24,7.12779475256623e-10,0,1,1,68.3264054835153,0
31,37.2754316324008,0,1,1,37.2754316324137,0
35,633.572535492718,0,1,1,633.572535492791,0
37,240.92604336044,0,1,1,240.926043360488,0
38,0.0,0,1,0,174.342497875206,0
40,25.27211860317,0,1,1,25.2721186032223,0
42,21.3462086653315,0,1,1,21.3462086653876,0
47,3.7839841401226096e-11,0,1,1,417.706113647014,0
48,134.842622675752,0,1,1,134.842622675803,0
49,0.0,0,1,0,333.852509399988,0
51,263.138646456464,0,1,1,263.13864645651,0
52,34.8921649900275,0,1,1,184.667583951599,0
56,27.587866916159,0,1,1,27.587866916211,0
57,144.165633557915,0,1,1,144.165633557968,0
