bus_number,bus_type,P_demand,Q_demand,voltage_mag,voltage_ang
1,1,91.2535695998926,0,1,-1.1325695422009
2,1,144.643749253217,0,1,-5.18313306624962
3,1,0.0,0,1,-1.68813439738138
4,1,747.65007449822,0,1,-1.47933381262224
5,1,0.0,0,1,-0.548536499642133
6,1,0.0,0,1,-3.09942050903719
7,3,0.0,0,1,0.0
8,1,0.0,0,1,-5.01116762354586
9,2,0.0,0,1,-3.30205654590235
10,1,170.145692982674,0,1,-6.90994775463019
11,1,90.9097821774991,0,1,-3.14125496172166
12,1,49.8621899399395,0,1,-4.25504113596062
13,1,0.0,0,1,-2.5464821147113
14,1,0.0,0,1,-3.08324115462868
15,1,0.0,0,1,-4.83830348091288
16,1,402.911609780927,0,1,-4.29067267322309
17,1,0.0,0,1,-3.69197593988884
18,1,0.0,0,1,-4.01322991617358
19,2,0.0,0,1,36.2960330776127
20,2,0.0,0,1,-6.48678839414548
21,1,60.1461098388273,0,1,-4.4188513581879
22,1,0.0,0,1,-3.09677697443845
23,1,240.205779537785,0,1,-6.59076144342518
24,1,0.0,0,1,-3.97234770795628
25,1,30.1090517500814,0,1,-4.46578588602419
26,1,0.0,0,1,-3.89118320954702
27,1,0.0,0,1,-3.74490144514913
28,2,0.0,0,1,-2.98815474367535
29,1,0.0,0,1,-0.958516621348284
30,1,0.0,0,1,-3.65856162059895
31,1,89.5541295199423,0,1,-2.4461859594331
32,2,0.0,0,1,-0.105878579872867
33,2,0.0,0,1,-3.68817641352307
34,1,0.0,0,1,-1.84423793218629
35,1,0.0,0,1,-3.09007011939667
36,1,0.0,0,1,-0.671071081377543
37,1,0.0,0,1,-0.471081146544583
38,1,0.0,0,1,-1.11402522332837
39,1,0.0,0,1,-0.293586907436371
40,1,0.0,0,1,-1.91624207389919
41,1,31.3154458235604,0,1,-0.790703983443487
42,1,0.0,0,1,-0.666711681779658
43,1,42.4595454138317,0,1,-0.66771644825156
44,2,0.0,0,1,-1.12180375333834
45,1,0.0,0,1,-0.79442224645161
46,1,0.0,0,1,-0.777018552193261
47,2,0.0,0,1,0.992750661764891
48,2,0.0,0,1,-0.190147544116766
49,2,0.0,0,1,-1.89676144199857
50,1,383.381858628141,0,1,-1.96923396277853
51,1,0.0,0,1,-1.3539565655652
52,2,0.0,0,1,-0.574774109244282
53,1,0.0,0,1,-1.86302616404099
54,2,0.0,0,1,-1.73728090955571
55,1,14.1374537564145,0,1,-1.98617286454934
56,1,165.624550981649,0,1,-0.884142794792012
57,1,0.0,0,1,-1.18287101548293
