cost_model,startup,shutdown,n_coefficients,coeff_n,coeff1,coeff0
2,0,0,3,0.0,0.0,0.0
2,0,0,3,0.0,0.0,0.0
2,0,0,3,0.0,0.0,0.0
2,0,0,3,0.0,0.0,0.0
2,0,0,3,0.0031737637055605,32.3000440611181,400.818937407035
2,0,0,3,0.0,0.0,0.0
2,0,0,3,0.0071822031942942,40.3310328417761,1762.22667612169
2,0,0,3,0.0058370595851679,46.9223541560058,2146.76313149635
2,0,0,3,0.0026492288015198,54.7501263085724,2899.79822640249
2,0,0,3,0.0,0.0,0.0
2,0,0,3,0.0,0.0,0.0
2,0,0,3,0.0026185718107386,53.9001837025436,246.847236564073
2,0,0,3,0.0071112278449035,54.315520333368,387.686973768418
2,0,0,3,0.0,0.0,0.0
2,0,0,3,0.0,0.0,0.0
