bus_number,bus_type,P_demand,Q_demand,voltage_mag,voltage_ang
1,1,0.0,0,1,-2.64620524772726
2,1,244.835540978904,0,1,-6.6286644512701
3,3,0.0,0,1,0.0
4,2,0.0,0,1,-4.31289519360288
5,1,0.0,0,1,-4.6072758096205
6,1,0.0,0,1,-1.61766371682994
7,2,0.0,0,1,-5.65596061124297
8,2,0.0,0,1,-4.99174838579593
9,1,0.0,0,1,-1.8310372577828
10,1,0.0,0,1,-6.19701551655775
11,2,0.0,0,1,-1.20206462939515
12,2,0.0,0,1,-4.46636346258486
13,2,0.0,0,1,-3.56234816943489
14,2,0.0,0,1,-5.36098812351612
15,1,344.23209659971,0,1,-6.09653949425833
16,2,0.0,0,1,-2.01003947895852
17,2,0.0,0,1,-0.847606619186313
18,1,53.6767488955231,0,1,-2.01144086299337
19,1,0.0,0,1,-1.65867693313256
20,1,0.0,0,1,-1.27194901294501
21,1,75.3969009167638,0,1,-2.10085661427789
22,2,0.0,0,1,0.0969410187605569
23,2,0.0,0,1,-2.90291252584542
24,1,0.0,0,1,-4.63102817744152
25,2,0.0,0,1,-3.72888099187426
26,1,93.5538439602884,0,1,-7.30769822600561
27,1,49.4997541899681,0,1,-3.09139995943241
28,1,1028.20964732769,0,1,-2.20287879902437
29,2,0.0,0,1,-6.30031635816763
30,1,0.0,0,1,-5.05909266750857
31,2,0.0,0,1,-5.8969610994103
32,2,0.0,0,1,-4.62042992683819
33,1,0.0,0,1,-4.64173285852055
34,2,0.0,0,1,-1.27194901294501
35,2,0.0,0,1,-3.21759364223767
36,1,0.0,0,1,-8.00770876787925
37,1,123.567222640056,0,1,-5.92819778722088
38,1,410.363198179142,0,1,-8.39722785437314
39,1,0.0,0,1,-6.48568772558822
40,1,0.0,0,1,-4.81730118460486
41,1,0.0,0,1,-2.03704703355269
42,1,192.991401664757,0,1,-5.83833698946348
43,1,45.3098527022984,0,1,-4.16965667963508
44,2,0.0,0,1,-5.07157680371859
45,1,0.0,0,1,-1.79704010078688
46,1,0.0,0,1,-1.68522812340391
47,2,0.0,0,1,-4.39996745801395
48,2,0.0,0,1,-3.46663341508936
49,1,0.0,0,1,-2.69257767052398
50,2,0.0,0,1,-2.13449615921992
51,1,0.0,0,1,-2.27406422859683
52,1,0.0,0,1,-1.07942600177838
53,1,58.6180695051142,0,1,-7.3690678551148
54,1,0.0,0,1,-5.13120631058497
55,1,0.0,0,1,-4.39717022862797
56,1,0.0,0,1,-5.57434130635295
57,1,34.0563159223857,0,1,-6.82397890072608
