bus_number,bus_type,P_demand,Q_demand,voltage_mag,voltage_ang
1,1,313.733112632527,0,1,-1.27653543625071
2,1,0.0,0,1,1.45526677622782
3,1,0.0,0,1,0.866179886145359
4,1,260.920753366761,0,1,-1.16835416011027
5,1,0.0,0,1,-0.473676070297545
6,1,13.8126735381363,0,1,-2.39872552773217
7,1,35.8410730662215,0,1,1.52913015442399
8,1,85.7293048796282,0,1,-0.785996345136783
9,1,134.177692953503,0,1,-1.89579271353436
10,1,0.0,0,1,-1.97288763074633
11,2,0.0,0,1,0.553964791844289
12,1,0.0,0,1,2.2251515852837
13,2,0.0,0,1,0.281930495154589
14,1,0.0,0,1,3.6082387852771
15,1,0.0,0,1,-1.5338026013102
16,1,0.0,0,1,5.46719050936369
17,1,0.0,0,1,-0.0921413089656282
18,2,0.0,0,1,0.167432895278386
19,1,0.0,0,1,3.33825319631548
20,2,0.0,0,1,6.57904605150171
21,1,0.0,0,1,1.29283682611592
22,2,0.0,0,1,2.26876296930843
23,1,0.0,0,1,-0.394505261988118
24,1,0.0,0,1,-0.394505261988118
25,1,119.876802960955,0,1,-0.34874776377047
26,1,336.243921758515,0,1,4.84667267512974
27,1,0.0,0,1,-0.850929484365686
28,1,165.865820944167,0,1,-0.965307855308771
29,1,0.0,0,1,0.712427611454416
30,2,0.0,0,1,-0.619337341654265
31,1,0.0,0,1,-0.992530240050256
32,1,0.0,0,1,-0.394505261988118
33,1,0.0,0,1,-0.978705247088543
34,2,0.0,0,1,-0.759170674313404
35,1,108.213540116638,0,1,4.17145673678291
36,1,0.0,0,1,-0.96721739375975
37,1,25.2207162718083,0,1,-0.998245602139023
38,1,0.0,0,1,-1.68711180747289
39,1,0.0,0,1,-1.60340716382352
40,1,0.0,0,1,-1.78064286574833
41,1,0.0,0,1,-3.65284309200454
42,2,0.0,0,1,-0.49193755839785
43,1,0.0,0,1,-1.08530780142395
44,1,0.0,0,1,-3.9647593565732
45,2,0.0,0,1,-2.5482760522636
46,3,0.0,0,1,0.0
47,2,0.0,0,1,-2.18254875264435
48,2,0.0,0,1,-0.754732298216968
49,2,0.0,0,1,-1.03743135097108
50,1,115.865531268302,0,1,-2.31799173088234
51,1,201.831782047798,0,1,-4.91183691605307
52,1,836.97786767764,0,1,-2.84376687854731
53,1,0.0,0,1,-0.0971404429313235
54,2,0.0,0,1,2.44820619856057
55,1,0.0,0,1,3.1237826584998
56,1,0.0,0,1,-2.38236630589341
57,1,0.0,0,1,-2.65737822517441
