bus_number,P_output,Q_output,voltage_mag,gen_status,P_max,P_min
7,685.007502980474,0,1,1,718.086449323336,0
10,3.04869531586529e-14,0,1,1,513.250325107932,0
12,497.852173977825,0,1,1,497.852173977825,0
13,0.0,0,1,0,44.1947036083071,0
21,293.592795169592,0,1,1,293.592795169597,0
38,-1.84324362369551e-13,0,1,1,324.83909595581,0
40,190.534385236482,0,1,1,313.588932016257,0
42,254.213648070716,0,1,1,254.213648070717,0
44,3.69175655280484e-14,0,1,1,205.465284876738,0
48,77.8661667246782,0,1,1,237.30829312471,0
52,602.439509375014,0,1,1,602.439509375016,0
54,152.804411947822,0,1,1,152.804411947822,0
56,0.0,0,1,0,104.742124870254,0
