bus_number,bus_type,P_demand,Q_demand,voltage_mag,voltage_ang
1,1,0.0,0,1,-1.06098465769783
2,1,37.3879413829892,0,1,-3.41837428054959
3,1,477.773761347083,0,1,-1.72279075892232
4,1,0.0,0,1,-0.643777732254685
5,1,313.932735296792,0,1,-1.49456599567679
6,1,161.025558309784,0,1,-3.61992480758097
7,1,112.272425198586,0,1,-5.05029993955762
8,1,3.2617165645094,0,1,-0.183362737284825
9,1,177.051939290124,0,1,-1.17457169942138
10,3,0.0,0,1,0.0
11,1,288.228505050909,0,1,-2.28009187311763
12,1,0.0,0,1,-0.0680490894874403
13,1,0.0,0,1,-1.03691891618981
14,2,0.0,0,1,1.03521931329457
15,2,0.0,0,1,-0.365470867908647
16,1,0.0,0,1,-0.933256524555449
17,1,0.0,0,1,-0.762085560264807
18,2,0.0,0,1,-0.557357071386759
19,1,0.0,0,1,-1.87285966923006
20,1,0.0,0,1,-0.427641413112099
21,1,0.0,0,1,-0.191532299914176
22,2,0.0,0,1,-0.60211021505033
23,2,0.0,0,1,-0.144056791768433
24,1,108.038547860713,0,1,0.583779248676975
25,1,0.0,0,1,-1.76962739418232
26,2,0.0,0,1,-1.09674643457485
27,1,0.0,0,1,-1.84147209177419
28,1,43.9263842376634,0,1,-3.17256726413833
29,1,116.246861052415,0,1,-2.63466104985232
30,1,0.0,0,1,-0.356750897431266
31,2,0.0,0,1,-0.947364363056239
32,1,0.0,0,1,-1.3720903866718
33,1,0.0,0,1,-2.17927842071458
34,1,46.9375485759075,0,1,-2.68788685346151
35,1,40.2312606500711,0,1,-3.62604651447809
36,1,0.0,0,1,-2.49315149307289
37,1,0.0,0,1,-1.42680369560563
38,1,49.4717378384366,0,1,-1.44925996149227
39,1,0.0,0,1,-1.39373033391261
40,2,0.0,0,1,-1.68824390193676
41,1,498.054801065882,0,1,-2.60233169184742
42,2,0.0,0,1,0.669009398119778
43,2,0.0,0,1,-1.02956889355245
44,1,148.943727129789,0,1,-1.58950251014867
45,1,0.0,0,1,-0.522417201786608
46,1,0.0,0,1,-1.1609848588811
47,1,0.0,0,1,-1.09736574828857
48,1,0.0,0,1,-0.182357102817743
49,2,0.0,0,1,-1.29277063550551
50,1,0.0,0,1,-1.09339302299336
51,2,0.0,0,1,2.47228162100299
52,2,0.0,0,1,0.12097557609062
53,1,0.0,0,1,-1.42578428312277
54,1,59.9381361102666,0,1,-1.98289299797193
55,2,0.0,0,1,-1.08867314571079
56,2,0.0,0,1,-2.0535694334283
57,1,71.5870065206817,0,1,-1.00461003412108
