bus_number,P_output,Q_output,voltage_mag,gen_status,P_max,P_min
6,79.9604149308257,0,1,1,79.9604149308267,0
14,0.0,0,1,0,262.265106043867,0
15,688.620244762457,0,1,1,719.252431257571,0
20,0.0,0,1,0,404.727536228745,0
25,2.73423593492403e-12,0,1,1,235.962081723122,0
28,0.0,0,1,0,109.55429083071,0
29,188.596284087838,0,1,1,244.33129394437,0
31,247.986337423124,0,1,1,247.986337423125,0
32,0.0,0,1,0,103.84184334543,0
35,133.206324987892,0,1,1,301.883004830435,0
37,45.7674607152938,0,1,1,45.7674607152945,0
42,312.647114955649,0,1,1,449.3195345313,0
49,615.468822436842,0,1,1,615.468822436843,0
50,442.05758918268,0,1,1,442.057589182681,0
