cost_model,startup,shutdown,n_coefficients,coeff_n,coeff1,coeff0
2,0,0,3,0.005767729336606,24.9827966872766,2633.5058852171
2,0,0,3,0.0,0.0,0.0
2,0,0,3,0.0063407374481568,23.8814549560714,481.505879798087
2,0,0,3,0.0,0.0,0.0
2,0,0,3,0.0071504750746852,38.7374684597584,1658.05848292736
2,0,0,3,0.0,0.0,0.0
2,0,0,3,0.0,0.0,0.0
2,0,0,3,0.0,0.0,0.0
2,0,0,3,0.0073924325687402,49.2719725562538,24.8179698414072
2,0,0,3,0.0036816384353107,39.590203832892,2856.45244801979
2,0,0,3,0.0053408405971009,53.1897638757307,587.784478281685
2,0,0,3,0.0077389269179911,41.9255099395589,538.486461679523
2,0,0,3,0.0,0.0,0.0
2,0,0,3,0.0,0.0,0.0
2,0,0,3,0.0,0.0,0.0
2,0,0,3,0.0030262710628854,49.0021154977752,213.593357687775
2,0,0,3,0.0,0.0,0.0
2,0,0,3,0.0,0.0,0.0
