cost_model,startup,shutdown,n_coefficients,coeff_n,coeff1,coeff0
2,0,0,3,0.0,0.0,0.0
2,0,0,3,0.0054134614571359,42.9295077908827,2450.23916159552
2,0,0,3,0.0,0.0,0.0
2,0,0,3,0.0,0.0,0.0
2,0,0,3,0.0039481075019409,42.3104684010825,196.941629144716
2,0,0,3,0.0077948539888272,27.7808042170837,375.414691065197
2,0,0,3,0.0045864944180878,35.7203121991023,213.442219318171
2,0,0,3,0.0,0.0,0.0
2,0,0,3,0.0,0.0,0.0
2,0,0,3,0.0038721912534655,40.1479383771353,27.4415005669725
2,0,0,3,0.0,0.0,0.0
2,0,0,3,0.0,0.0,0.0
2,0,0,3,0.0,0.0,0.0
2,0,0,3,0.0,0.0,0.0
2,0,0,3,0.0057745562881889,46.1694203428617,544.634249740606
2,0,0,3,0.0,0.0,0.0
2,0,0,3,0.0,0.0,0.0
2,0,0,3,0.0063936146105187,28.3668190863662,206.789280630339
2,0,0,3,0.0037369409113651,47.9848285141778,299.860945903854
