bus_number,bus_type,P_demand,Q_demand,voltage_mag,voltage_ang
1,1,169.83832743597,0,1,-3.39781853308651
2,1,0.0,0,1,-1.57606471470505
3,2,0.0,0,1,-0.247863649966625
4,1,0.0,0,1,-4.85032110083103
5,1,0.0,0,1,-0.719046482179702
6,1,129.56674270217,0,1,-0.83654013374428
7,1,110.984089631244,0,1,-3.02737274368127
8,2,0.0,0,1,-1.75143720518686
9,2,0.0,0,1,-1.65741476706072
10,2,0.0,0,1,1.21025589048925
11,2,0.0,0,1,-1.10330617531525
12,1,555.202130277402,0,1,-1.97146275799455
13,1,137.932216693398,0,1,-0.407771812094142
14,1,157.779745308182,0,1,-0.380261417229512
15,2,0.0,0,1,-0.657151189341414
16,2,0.0,0,1,0.541182010409419
17,1,0.0,0,1,0.0965206980824541
18,1,0.0,0,1,-1.53401436014426
19,2,0.0,0,1,1.81680784402292
20,3,0.0,0,1,0.0
21,2,0.0,0,1,0.163314463447941
22,1,0.0,0,1,-2.03379724030848
23,1,131.125506307618,0,1,-1.29913280358951
24,1,0.0,0,1,-0.562934482225144
25,2,0.0,0,1,-1.02635529038368
26,1,0.0,0,1,0.282504904815204
27,1,81.3764676507872,0,1,-4.795617966823
28,1,165.223302238743,0,1,-0.480307453779601
29,1,0.0,0,1,0.426650940633183
30,2,0.0,0,1,0.555991169846467
31,2,0.0,0,1,3.71013436522709
32,1,0.0,0,1,2.76168300123968
33,2,0.0,0,1,3.79636224805422
34,2,0.0,0,1,0.387405161008419
35,2,0.0,0,1,4.0825433459012
36,1,0.0,0,1,1.68175427522818
37,1,0.0,0,1,1.05666021661193
38,2,0.0,0,1,-0.189252791976032
39,2,0.0,0,1,1.69784102960621
40,1,0.0,0,1,-1.21633147009343
41,1,0.0,0,1,0.428602287359682
42,1,0.0468591710229374,0,1,2.48481230838351
43,2,0.0,0,1,0.0669592832152926
44,1,216.833606204013,0,1,-0.971288349189301
45,1,0.0,0,1,1.30583191940638
46,1,0.0,0,1,-2.24529620461237
47,1,167.33922358114,0,1,-5.96245966515791
48,1,77.4051130361601,0,1,0.940963239027222
49,1,366.194057608384,0,1,-1.66714047353237
50,2,0.0,0,1,-2.53570504209582
51,1,0.0,0,1,-0.427325040069738
52,2,0.0,0,1,-1.11830589863689
53,1,0.0,0,1,-0.754728454194929
54,1,287.463205636367,0,1,-3.93554245921527
55,2,0.0,0,1,-1.14387137413642
56,1,0.0,0,1,-3.18787267831936
57,1,0.0,0,1,-2.55067709545219
