cost_model,startup,shutdown,n_coefficients,coeff_n,coeff1,coeff0
2,0,0,3,0.0,0.0,0.0
2,0,0,3,0.0065404076579499,51.5956297315563,309.605282316968
2,0,0,3,0.0078978921081082,49.5762542550961,1229.48370748169
2,0,0,3,0.0,0.0,0.0
2,0,0,3,0.0,0.0,0.0
2,0,0,3,0.0,0.0,0.0
2,0,0,3,0.0,0.0,0.0
2,0,0,3,0.0,0.0,0.0
2,0,0,3,0.0,0.0,0.0
2,0,0,3,0.0,0.0,0.0
2,0,0,3,0.0,0.0,0.0
2,0,0,3,0.007594075878083,42.5004003246803,158.594502245128
2,0,0,3,0.0067882901834643,43.8564692979713,199.417272641903
2,0,0,3,0.0031292652877394,27.0722010885022,412.03942372633
2,0,0,3,0.0,0.0,0.0
2,0,0,3,0.0,0.0,0.0
2,0,0,3,0.0060327859263918,47.1331293076697,319.188686837814
2,0,0,3,0.0062974116914892,37.8061531215116,2861.45945181752
2,0,0,3,0.0,0.0,0.0
2,0,0,3,0.0038321706707128,41.1848425380277,582.812214482731
