bus_number,bus_type,P_demand,Q_demand,voltage_mag,voltage_ang
1,1,203.299968018946,0,1,-1.08785455638746
2,1,103.823406833283,0,1,-1.30323637264735
3,1,522.365258774048,0,1,-0.185758886859645
4,2,0.0,0,1,-0.255823383257795
5,1,0.0,0,1,-0.324606773279397
6,2,0.0,0,1,-0.0050927007986119
7,2,0.0,0,1,0.0841028513355518
8,1,0.0,0,1,-0.627207060030174
9,1,0.0,0,1,-0.814346706943673
10,1,0.0,0,1,-0.13670858131517
11,3,0.0,0,1,0.0
12,1,79.6555309244505,0,1,-0.357327652831346
13,2,0.0,0,1,-0.004020391375873
14,1,0.0,0,1,-0.0631899701494654
15,1,108.770155674435,0,1,-0.371534898451604
16,1,52.8720943927283,0,1,-2.043851557451
17,2,0.0,0,1,0.226849967570919
18,1,0.0,0,1,-0.179027966908076
19,1,239.830829258476,0,1,-0.600764666528935
20,1,110.99005947051,0,1,0.194178421580691
21,2,0.0,0,1,0.793904901842884
22,1,0.0,0,1,-1.13787473452161
23,2,0.0,0,1,0.176702408640951
24,1,0.0,0,1,-1.026550307813
25,2,0.0,0,1,0.326183395077309
26,1,0.0,0,1,0.589067104740037
27,1,161.354572088892,0,1,-2.04270403731624
28,1,0.0,0,1,0.312266616244702
29,1,352.772114483933,0,1,0.211941709182173
30,1,0.0,0,1,0.0348890247936358
31,2,0.0,0,1,0.447123795483436
32,1,0.0,0,1,-0.102826116159408
33,1,0.0,0,1,-1.23713003003052
34,1,0.0,0,1,0.147026396745222
35,2,0.0,0,1,-2.04270403731624
36,2,0.0,0,1,-1.59767752394999
37,1,0.0,0,1,-0.288256032169443
38,2,0.0,0,1,0.229034242864477
39,1,0.0,0,1,-1.189198347374
40,1,53.9837319455849,0,1,-0.467556841473158
41,1,204.239926997442,0,1,-0.787432367470802
42,2,0.0,0,1,1.08478150798939
43,2,0.0,0,1,1.10827514967854
44,1,139.93954662757,0,1,-0.742752547368078
45,1,0.0,0,1,-0.77951829294552
46,1,195.000451824022,0,1,-0.412538834701359
47,1,26.9751509189883,0,1,-0.496371843800712
48,1,0.0,0,1,-0.501917173307541
49,1,195.533881279539,0,1,-1.63384972578125
50,1,0.0,0,1,0.0982646128485599
51,1,0.0,0,1,0.249085132526947
52,2,0.0,0,1,0.0448184601432581
53,2,0.0,0,1,-0.105308515869462
54,1,0.0,0,1,-0.560836719161081
55,2,0.0,0,1,-0.269322022221845
56,1,0.0,0,1,-0.598041304838931
57,1,2.90391396975409,0,1,-0.417097928042672
