bus_number,bus_type,P_demand,Q_demand,voltage_mag,voltage_ang
1,1,0.0,0,1,-4.15575637824311
2,1,71.7932345529082,0,1,-8.61078366922823
3,1,0.0,0,1,-3.73441483558533
4,2,0.0,0,1,-6.16626428603066
5,2,0.0,0,1,-4.64709062762964
6,2,0.0,0,1,-3.07062708995974
7,1,0.0,0,1,-5.67656884469509
8,1,659.203358805523,0,1,-6.85901908780556
9,1,427.219428291437,0,1,-6.76961866810622
10,1,30.3546325731992,0,1,-2.29048538521121
11,1,225.531524612908,0,1,-6.22482213675497
12,1,4.91080127346338,0,1,-6.17280219678411
13,1,0.0,0,1,-6.0427289582163
14,2,0.0,0,1,-5.30846445813954
15,1,0.0,0,1,-4.40505548108584
16,2,0.0,0,1,-3.3127083640144
17,2,0.0,0,1,-3.39696437511323
18,1,0.0,0,1,-3.03146050137114
19,2,0.0,0,1,-1.65628286366159
20,2,0.0,0,1,-1.89180908715842
21,1,0.0,0,1,-2.71820272479099
22,1,0.0,0,1,-1.94143358376532
23,1,0.0,0,1,-3.78679045766629
24,1,85.5694886280022,0,1,-4.73355401238792
25,1,0.0,0,1,-0.56739052713032
26,1,0.0,0,1,-2.91469022104059
27,1,248.585341330579,0,1,-4.32195505182102
28,2,0.0,0,1,1.87672476050318
29,1,0.0,0,1,-2.5863802289592
30,2,0.0,0,1,-6.31273271018957
31,3,0.0,0,1,0.0
32,1,97.996028028687,0,1,-8.25168951369077
33,1,159.613707542824,0,1,-9.58369866684332
34,1,0.0,0,1,-0.524215134838728
35,1,40.7997679135024,0,1,-1.54107962664294
36,1,249.349950073689,0,1,-5.26598424257634
37,1,0.0,0,1,-6.22058695263011
38,2,0.0,0,1,-0.904482121581188
39,1,59.7299271972483,0,1,-1.74683885841687
40,2,0.0,0,1,-6.13844599302813
41,1,180.775199893348,0,1,-1.02548883243206
42,1,0.0,0,1,-4.3100482344363
43,1,0.0,0,1,-3.82102903467148
44,2,0.0,0,1,-3.82102903466477
45,2,0.0,0,1,-2.14461813448194
46,1,0.0,0,1,-2.26025979896228
47,1,99.0924407642176,0,1,-2.98590372379227
48,1,0.0,0,1,-3.23616369636025
49,1,0.0,0,1,-3.92867282125254
50,1,0.0,0,1,-6.08330872550076
51,1,0.0,0,1,-0.49188730928171
52,1,0.0,0,1,-5.04414073871996
53,1,31.4489168293103,0,1,-5.85426407607339
54,2,0.0,0,1,0.10839309092653
55,1,0.0,0,1,-4.56326917026715
56,1,0.0,0,1,-4.91243429578989
57,1,137.11303921469,0,1,-3.93775937656662
