cost_model,startup,shutdown,n_coefficients,coeff_n,coeff1,coeff0
2,0,0,3,0.0037523059640118,45.1769327138383,401.174727841373
2,0,0,3,0.0063441368255571,51.4667096904661,1724.56426917723
2,0,0,3,0.0033615789252312,34.9189536188566,2569.31728479378
2,0,0,3,0.0,0.0,0.0
2,0,0,3,0.0052569495214997,40.3284981004893,426.948934779737
2,0,0,3,0.0,0.0,0.0
2,0,0,3,0.0,0.0,0.0
2,0,0,3,0.0,0.0,0.0
2,0,0,3,0.0,0.0,0.0
2,0,0,3,0.0021063817219535,41.5282287760627,343.722600389017
2,0,0,3,0.0,0.0,0.0
2,0,0,3,0.0,0.0,0.0
2,0,0,3,0.0021995028670252,54.8494210657625,73.9702066339697
2,0,0,3,0.0,0.0,0.0
