cost_model,startup,shutdown,n_coefficients,coeff_n,coeff1,coeff0
2,0,0,3,0.0,0.0,0.0
2,0,0,3,0.0076378502490086,41.3851307985365,2180.6421850342
2,0,0,3,0.0,0.0,0.0
2,0,0,3,0.0,0.0,0.0
2,0,0,3,0.0061573997704014,54.1211690435601,52.4510711963697
2,0,0,3,0.0,0.0,0.0
2,0,0,3,0.0025089883515815,38.5912043801024,74.1413708595672
2,0,0,3,0.0,0.0,0.0
2,0,0,3,0.0047995992872805,53.8902578233145,3395.51655385059
2,0,0,3,0.0,0.0,0.0
2,0,0,3,0.0020300418759529,45.7134726154997,585.196128495219
2,0,0,3,0.0020102000280076,36.3341082753191,121.559285036787
2,0,0,3,0.0,0.0,0.0
2,0,0,3,0.0,0.0,0.0
