bus_number,bus_type,P_demand,Q_demand,voltage_mag,voltage_ang
1,1,0.0,0,1,-0.372727334955103
2,1,367.355865703699,0,1,-1.36127727269237
3,1,180.483808886255,0,1,-0.212562612153036
4,2,0.0,0,1,-0.116789554727341
5,1,0.0,0,1,-0.265044567124247
6,1,0.0,0,1,-0.498269410623417
7,1,0.0,0,1,-1.2405728891245
8,1,608.569806010562,0,1,-0.729948617370531
9,1,0.0,0,1,-0.635012507748595
10,1,212.351237082192,0,1,-1.66758782531257
11,1,0.0,0,1,-0.586567238017257
12,2,0.0,0,1,1.39959029918325
13,1,174.020052665492,0,1,-1.09626010271652
14,1,0.0,0,1,-0.0550753742462349
15,1,0.0,0,1,-0.324110415840246
16,1,240.803789726187,0,1,-0.222037310344912
17,3,0.0,0,1,0.0
18,1,0.0,0,1,-0.292240951730467
19,2,0.0,0,1,-0.847266221384185
20,2,0.0,0,1,0.242871502733879
21,1,0.0,0,1,-0.313925588911167
22,1,127.627159768623,0,1,-1.31606022311657
23,1,238.521380289643,0,1,-0.197846418142029
24,1,0.0,0,1,0.919021736380467
25,1,0.0,0,1,-0.396321678325159
26,1,155.719267809958,0,1,0.163342620733714
27,2,0.0,0,1,-0.123124039042797
28,2,0.0,0,1,1.28591429264972
29,2,0.0,0,1,-0.252156797756366
30,1,18.8968824650459,0,1,1.33185885732917
31,1,0.0,0,1,0.0261448753603955
32,1,0.0,0,1,0.813236075256802
33,1,0.0,0,1,3.2714514057646
34,1,0.0,0,1,1.60821804925323
35,1,0.0,0,1,2.75084921111194
36,1,24.7787012085047,0,1,0.847384624365095
37,1,0.0,0,1,1.02347841171254
38,2,0.0,0,1,2.40992455617369
39,1,49.9743828369176,0,1,-0.520531771199272
40,1,20.4086678024874,0,1,1.82046074813379
41,1,0.0,0,1,0.1653112225378
42,1,124.570120930852,0,1,3.18407660435737
43,2,0.0,0,1,3.3112390532989
44,1,0.0,0,1,1.37250903062857
45,1,0.0,0,1,1.09585449106056
46,2,0.0,0,1,0.537438201463928
47,1,0.0,0,1,-0.595882915625577
48,1,118.555679633715,0,1,2.48113794091497
49,2,0.0,0,1,1.15400839862772
50,1,0.0,0,1,0.641510947193656
51,1,0.0,0,1,-0.424374569926083
52,1,91.6737906624672,0,1,-0.318269657857546
53,1,0.0,0,1,-0.640848538834682
54,1,0.0,0,1,0.57685950937696
55,2,0.0,0,1,-0.469637998631606
56,1,0.0,0,1,0.21616312754229
57,2,0.0,0,1,-0.245087785865337
