cost_model,startup,shutdown,n_coefficients,coeff_n,coeff1,coeff0
2,0,0,3,0.0020278761651433,56.405395651931,1421.12057171828
2,0,0,3,0.0052693936385869,42.3552980735112,122.928512252685
2,0,0,3,0.007388274970325,36.0209084741375,260.71366465483
2,0,0,3,0.0,0.0,0.0
2,0,0,3,0.00655683979906,27.938518987978,3667.44444575825
2,0,0,3,0.005090924375349,27.9447636857359,438.413250825673
2,0,0,3,0.0,0.0,0.0
2,0,0,3,0.0,0.0,0.0
2,0,0,3,0.0,0.0,0.0
2,0,0,3,0.0,0.0,0.0
2,0,0,3,0.0069915909555961,38.962375969228,566.963213752574
2,0,0,3,0.0,0.0,0.0
2,0,0,3,0.0,0.0,0.0
2,0,0,3,0.0,0.0,0.0
