cost_model,startup,shutdown,n_coefficients,coeff_n,coeff1,coeff0
2,0,0,3,0.0069837652604632,24.385085712077,39.1407611335366
2,0,0,3,0.0066171879727931,56.5967194836441,1969.89524082348
2,0,0,3,0.0,0.0,0.0
2,0,0,3,0.0,0.0,0.0
2,0,0,3,0.0071172479054188,55.4327850529323,314.209747638655
2,0,0,3,0.0042729586118246,55.2827457138293,599.533640735529
2,0,0,3,0.0,0.0,0.0
2,0,0,3,0.0026813511170597,26.4533906218468,1644.88780017189
2,0,0,3,0.0065058277057748,26.0883669508154,83.5642065823464
2,0,0,3,0.0,0.0,0.0
2,0,0,3,0.0,0.0,0.0
2,0,0,3,0.0,0.0,0.0
2,0,0,3,0.0,0.0,0.0
2,0,0,3,0.0055665732863476,30.327872773624,230.82704019042
2,0,0,3,0.0,0.0,0.0
2,0,0,3,0.0,0.0,0.0
2,0,0,3,0.0,0.0,0.0
2,0,0,3,0.0035188330116982,38.3070704522755,566.691186294436
