bus_number,bus_type,P_demand,Q_demand,voltage_mag,voltage_ang
1,1,329.628806170157,0,1,-0.677191593863829
2,2,0.0,0,1,0.0175660498270656
3,1,0.0,0,1,-0.349443711945765
4,1,0.0,0,1,0.184718986850456
5,2,0.0,0,1,1.06997173994183
6,1,0.0,0,1,0.675981241985219
7,1,533.527828383269,0,1,-0.955420040835536
8,1,319.528882382647,0,1,-0.0369016605779883
9,1,0.0,0,1,0.400518928325079
10,1,0.0,0,1,-0.422568795738711
11,1,0.0,0,1,-0.250281267491437
12,3,0.0,0,1,0.0
13,2,0.0,0,1,0.606043578320121
14,1,837.194173830141,0,1,-1.18276934295992
15,2,0.0,0,1,-0.810150570304247
16,2,0.0,0,1,-0.176782711699786
17,1,0.0,0,1,0.717222505366856
18,2,0.0,0,1,-0.348659045574656
19,2,0.0,0,1,0.551040705475426
20,1,0.0,0,1,0.451275783596071
21,1,0.0,0,1,0.684155431964256
22,1,34.707823381705,0,1,-1.98660915400621
23,1,0.0,0,1,1.52957854493238
24,2,0.0,0,1,1.71258379505739
25,1,0.0,0,1,0.88900433883066
26,2,0.0,0,1,2.46644928453241
27,1,0.0,0,1,1.96748658647175
28,2,0.0,0,1,1.7848812225932
29,1,0.0,0,1,-0.344811194022048
30,2,0.0,0,1,1.06060610335989
31,2,0.0,0,1,2.53819013966359
32,2,0.0,0,1,1.7848812225932
33,1,0.0,0,1,1.43615324180394
34,1,0.0,0,1,0.800577505655089
35,2,0.0,0,1,2.2986579344348
36,1,96.841809672872,0,1,-1.69993085377673
37,1,0.0,0,1,0.732519812513202
38,1,0.0,0,1,-0.103147127060024
39,1,317.295107784561,0,1,-0.629281302324902
40,1,0.0,0,1,0.841737035428834
41,2,0.0,0,1,3.35797666108958
42,1,0.0,0,1,0.599945733145023
43,1,0.0,0,1,3.03873211923946
44,1,181.628790960802,0,1,-1.24553287860889
45,1,78.6779070422164,0,1,2.20491532638844
46,1,0.0,0,1,1.12649526695275
47,2,0.0,0,1,4.43557167057432
48,1,0.0,0,1,0.623295999966584
49,1,0.0,0,1,-0.0908092556800324
50,1,0.0,0,1,1.63459841203744
51,2,0.0,0,1,2.04407701538638
52,1,0.0,0,1,-0.120797711893987
53,1,25.2794638742314,0,1,-0.16802522184823
54,1,0.0,0,1,0.526404130025179
55,1,0.0,0,1,-0.678253222354873
56,2,0.0,0,1,0.507637987811586
57,2,0.0,0,1,-0.697019448726933
