bus_number,bus_type,P_demand,Q_demand,voltage_mag,voltage_ang
1,1,0.0,0,1,-2.02625866427073
2,1,0.0,0,1,-4.57305708434102
3,1,42.3893408846149,0,1,-2.19178178378562
4,1,0.0,0,1,-4.88949220348609
5,1,0.0,0,1,-5.01827918691104
6,2,0.0,0,1,-1.57137569523946
7,1,417.590962078824,0,1,-3.42893142856605
8,2,0.0,0,1,-0.952139435008885
9,1,101.840292975368,0,1,-5.19881476035611
10,1,0.0,0,1,-0.516413747909882
11,1,0.0,0,1,-2.95045629414511
12,1,37.6154479606933,0,1,-4.04245090348413
13,1,0.0,0,1,-2.07159573695283
14,1,388.573392692895,0,1,-5.58159257520509
15,3,0.0,0,1,0.0
16,1,129.299293933612,0,1,-1.28623795399546
17,1,0.0,0,1,-3.08820269251073
18,2,0.0,0,1,-0.529308304756526
19,2,0.0,0,1,-2.51620277131135
20,1,256.566864070436,0,1,-4.20261796124731
21,1,286.192985738242,0,1,-3.75620304204868
22,1,143.524776588103,0,1,-7.33514673969967
23,1,0.0,0,1,-3.65010395194409
24,1,95.0355286949209,0,1,-1.50681080460474
25,1,0.0,0,1,-3.46446194224357
26,2,0.0,0,1,-2.1817626509524
27,2,0.0,0,1,-2.65949029171842
28,1,0.0,0,1,-3.54614461902478
29,1,38.6179991324191,0,1,-3.66415911145984
30,1,0.0,0,1,-5.54740386357752
31,2,0.0,0,1,-3.19722080187937
32,1,0.0,0,1,-3.17914123048299
33,1,27.9919774367506,0,1,-1.67997386510187
34,1,0.0,0,1,-3.08175834376036
35,1,0.0,0,1,-3.12499630570842
36,2,0.0,0,1,-2.38848503363146
37,1,26.2886253071071,0,1,-3.04615118383522
38,2,0.0,0,1,0.109188608155866
39,1,0.0,0,1,-5.62111306828061
40,1,0.0,0,1,-6.06961821643927
41,1,169.208787130168,0,1,-7.81847582033126
42,1,0.0,0,1,-6.21832171376267
43,1,0.0,0,1,-5.03057956524132
44,1,45.7452999870199,0,1,-7.77332873467581
45,1,0.0,0,1,-3.7512790402156
46,2,0.0,0,1,-5.8095846673317
47,1,14.854100597802,0,1,-7.41956801096036
48,2,0.0,0,1,-5.8095846673317
49,2,0.0,0,1,-5.40680827182579
50,2,0.0,0,1,-5.53062171894852
51,1,41.9040205991563,0,1,-9.68522616259015
52,1,0.0,0,1,-5.77749338911558
53,1,24.0144827563721,0,1,-5.49976530195694
54,1,18.1423039086315,0,1,-7.0133718507507
55,1,448.914111009464,0,1,-6.06705678756053
56,1,0.0,0,1,-3.29532155037451
57,1,0.0,0,1,-4.53938208435427
