bus_number,bus_type,P_demand,Q_demand,voltage_mag,voltage_ang
1,1,0.0,0,1,1.0463375712843
2,3,0.0,0,1,0.0
3,1,0.0,0,1,-0.35562535840715
4,1,0.0,0,1,-0.647058155131959
5,2,0.0,0,1,-0.716159399437317
6,1,341.687248820652,0,1,-1.27141756402409
7,1,189.640842155718,0,1,-1.13994789882269
8,1,0.0,0,1,-0.976253708119274
9,1,147.101856370971,0,1,-1.82999945943114
10,1,0.0,0,1,-1.12380006483342
11,1,0.0,0,1,-1.09647966693466
12,2,0.0,0,1,0.53803298175467
13,1,0.0,0,1,-1.30962355635199
14,1,0.0,0,1,-1.45137602931506
15,1,29.3146550605838,0,1,-0.65030099612498
16,1,175.969619456543,0,1,-1.45105552339314
17,1,0.0,0,1,-1.37980658611956
18,1,0.0,0,1,-1.52040358435479
19,1,0.0,0,1,-2.00040043751591
20,1,224.737037744496,0,1,-2.48065683848787
21,1,4.85081028398571,0,1,-0.276789577088773
22,1,139.3004613243,0,1,-2.26179319596416
23,1,283.975914856756,0,1,-2.42030487772332
24,1,0.0,0,1,-1.0949383729027
25,1,0.0,0,1,-2.45131548780757
26,1,0.0,0,1,-0.73501274577958
27,1,0.0,0,1,-1.46111281737984
28,1,129.052722839386,0,1,-2.51875153883396
29,1,0.0,0,1,-1.97715429575865
30,1,123.399211055474,0,1,-0.679595410646622
31,2,0.0,0,1,-0.0931905377518282
32,2,0.0,0,1,0.380123390993605
33,1,0.0,0,1,-1.96005558255031
34,1,0.0,0,1,-1.38202903301259
35,2,0.0,0,1,-0.246012670331128
36,2,0.0,0,1,-2.29193189357831
37,1,0.0,0,1,-1.4076219204589
38,1,0.0,0,1,-1.26087720476041
39,2,0.0,0,1,0.68498733798083
40,1,168.95591049792,0,1,-2.92449705589946
41,2,0.0,0,1,-0.246012670331128
42,1,0.0,0,1,-0.129178128918002
43,2,0.0,0,1,-1.7986969972417
44,1,0.0,0,1,-0.562159357837625
45,1,398.487298235691,0,1,-1.87280837473605
46,1,0.0,0,1,-0.817236947272984
47,2,0.0,0,1,-1.30328398237731
48,1,186.575354142712,0,1,-2.58129350653021
49,2,0.0,0,1,-1.99171003861575
50,1,66.7147704784655,0,1,-0.692180690683596
51,1,144.546880158947,0,1,-2.39631817251199
52,2,0.0,0,1,2.50470926275533
53,2,0.0,0,1,-2.48222167903588
54,2,0.0,0,1,0.312090329086506
55,2,0.0,0,1,-1.56069333317893
56,1,0.0,0,1,-0.370253113840473
57,1,0.0,0,1,-1.53133282495504
