cost_model,startup,shutdown,n_coefficients,coeff_n,coeff1,coeff0
2,0,0,3,0.0064264490273039,37.998176345513,1249.36111379331
2,0,0,3,0.0,0.0,0.0
2,0,0,3,0.0,0.0,0.0
2,0,0,3,0.005857047792112,38.0126086323411,270.987216974852
2,0,0,3,0.0077515979995653,42.4292965781145,2146.43737225922
2,0,0,3,0.0,0.0,0.0
2,0,0,3,0.0055478490501417,34.0239447510567,481.587453418572
2,0,0,3,0.0071300020163276,34.326752716054,45.8264808878667
2,0,0,3,0.0,0.0,0.0
2,0,0,3,0.0,0.0,0.0
2,0,0,3,0.0,0.0,0.0
2,0,0,3,0.0,0.0,0.0
2,0,0,3,0.0042927804223314,30.2112256515325,38.7005956618029
2,0,0,3,0.0,0.0,0.0
2,0,0,3,0.0,0.0,0.0
2,0,0,3,0.0,0.0,0.0
