cost_model,startup,shutdown,n_coefficients,coeff_n,coeff1,coeff0
2,0,0,3,0.0,0.0,0.0
2,0,0,3,0.0,0.0,0.0
2,0,0,3,0.0,0.0,0.0
2,0,0,3,0.0062653232313033,55.3635110325128,3503.05183388317
2,0,0,3,0.0026217339346382,24.1252468163084,2745.60627377898
2,0,0,3,0.0,0.0,0.0
2,0,0,3,0.0,0.0,0.0
2,0,0,3,0.0,0.0,0.0
2,0,0,3,0.0,0.0,0.0
2,0,0,3,0.0061417337220093,38.5450572012508,91.9060547468755
2,0,0,3,0.0048375114541124,28.5028797446581,79.8696489049386
2,0,0,3,0.0,0.0,0.0
2,0,0,3,0.0027166160507464,36.4597836665117,261.867125668411
2,0,0,3,0.0069807083127101,31.6224065524402,530.524759355299
2,0,0,3,0.0028900175279983,34.6507990747139,262.685082061411
2,0,0,3,0.0,0.0,0.0
2,0,0,3,0.0,0.0,0.0
2,0,0,3,0.0029155670990629,28.5101663184532,213.513656858846
