bus_number,P_output,Q_output,voltage_mag,gen_status,P_max,P_min
3,146.371621358928,0,1,1,146.37162135901,0
9,0.0,0,1,0,461.617810444588,0
10,95.8548186723503,0,1,1,95.8548186724883,0
14,712.831952395598,0,1,1,712.831952395727,0
17,839.786895715895,0,1,1,1079.54122715181,0
25,498.563167799539,0,1,1,498.563167799539,0
27,-3.6554380833021e-10,0,1,1,95.0761040733166,0
28,0.0,0,1,0,39.9815430683237,0
31,-3.8430870820723903e-10,0,1,1,546.143099705298,0
40,227.140149448696,0,1,1,227.140149449433,0
41,192.551496011374,0,1,1,192.551496011819,0
42,166.704757292501,0,1,1,166.704757292971,0
