bus_number,P_output,Q_output,voltage_mag,gen_status,P_max,P_min
3,117.854962050664,0,1,1,117.854962051533,0
5,0.0,0,1,0,323.624057226383,0
6,0.0,0,1,0,363.351180263095,0
9,501.716789700247,0,1,1,501.716789700465,0
11,678.959736311274,0,1,1,678.959736330683,0
12,76.0706864969983,0,1,1,76.0706864978712,0
18,1.94476540966245e-07,0,1,1,111.612356275068,0
19,0.0,0,1,0,306.286238876275,0
21,0.0,0,1,0,341.636308332958,0
29,135.626312790311,0,1,1,135.626312791963,0
38,367.612986540683,0,1,1,610.837597305313,0
39,615.22738802042,0,1,1,615.227388020728,0
44,49.8305063871396,0,1,1,49.8305063889826,0
52,29.7436273619352,0,1,1,29.7436273630024,0
