bus_number,bus_type,P_demand,Q_demand,voltage_mag,voltage_ang
1,1,303.792986884779,0,1,-3.16888025884444
2,1,0.0,0,1,-4.39372876783423
3,3,0.0,0,1,0.0
4,1,23.5014069382965,0,1,-5.94445778454449
5,2,0.0,0,1,-2.50345060752283
6,1,130.865164541565,0,1,-4.5834240156269
7,1,0.0,0,1,-3.73826793807226
8,1,319.40050265263,0,1,-4.73641149059835
9,1,0.0,0,1,-4.25394500574802
10,2,0.0,0,1,-2.3982415939141
11,1,0.0,0,1,-4.48647099675921
12,1,0.0,0,1,-4.17058133085286
13,1,270.849487574951,0,1,-4.91227555229524
14,1,195.387433338997,0,1,-3.8036717012628
15,1,299.286977172301,0,1,-4.94525955980003
16,1,0.0,0,1,-4.15256310193602
17,2,0.0,0,1,-1.71567507295814
18,1,0.0,0,1,-1.07111582463022
19,1,7.48305727223357,0,1,-2.70902436168955
20,2,0.0,0,1,-3.5374977049762
21,2,0.0,0,1,-3.73420205102483
22,2,0.0,0,1,-3.95012295392611
23,1,0.0,0,1,-2.24204786710155
24,1,0.0,0,1,-2.37040382178744
25,2,0.0,0,1,6.08023156364204
26,1,0.0,0,1,0.734411969168547
27,2,0.0,0,1,-2.95476853686473
28,1,0.0,0,1,-3.03412868565479
29,1,0.0,0,1,-2.54981963048259
30,1,0.0,0,1,-1.96881965016546
31,1,0.0,0,1,-2.96177086207259
32,2,0.0,0,1,-2.28526522023501
33,1,0.0,0,1,-2.28526522023501
34,1,26.0973841366387,0,1,-2.93255790545335
35,1,71.4597736903347,0,1,-3.33246111435492
36,1,0.0,0,1,-5.25500728499016
37,1,148.67550683585,0,1,-3.15746492658914
38,1,0.0,0,1,-2.07376621959748
39,2,0.0,0,1,-5.25500728499016
40,1,0.0,0,1,-2.36383599814796
41,2,0.0,0,1,-2.34480837080399
42,1,1.19659356414475,0,1,-5.47478273943742
43,1,270.969564499612,0,1,-4.95558676684585
44,1,0.0,0,1,-2.59550854910254
45,1,0.0,0,1,-3.72902180732213
46,1,60.11816637192,0,1,-3.99844010331518
47,2,0.0,0,1,-4.13314469420016
48,2,0.0,0,1,-1.95428599860071
49,1,0.0,0,1,-1.56086394094415
50,1,438.780715534903,0,1,-2.71488383980975
51,1,0.0,0,1,-1.7818387917601
52,1,0.0,0,1,-1.74465590027611
53,1,73.8820267719325,0,1,-3.4519280386988
54,1,0.0,0,1,-1.55683303002842
55,1,2.17034728742068,0,1,-2.20353504171295
56,2,0.0,0,1,-2.71345802345389
57,1,0.0,0,1,-3.79699818771509
