bus_number,bus_type,P_demand,Q_demand,voltage_mag,voltage_ang
1,1,110.05700794548,0,1,-3.43818018478243
2,2,0.0,0,1,-0.847650864642934
3,2,0.0,0,1,-2.99067691746769
4,2,0.0,0,1,-2.12777733017699
5,1,0.0,0,1,-3.04992525012852
6,1,0.0,0,1,-3.88448917260655
7,1,784.111546296665,0,1,-2.54022760970185
8,1,384.19487540716,0,1,-1.1778720760961
9,2,0.0,0,1,-2.40407691890355
10,3,0.0,0,1,0.0
11,2,0.0,0,1,-2.26884200362413
12,1,0.0,0,1,-3.69570811309443
13,1,0.0,0,1,-3.07143670991937
14,1,0.0,0,1,-2.42199939680909
15,1,0.0,0,1,-2.81585372124594
16,1,102.127643770893,0,1,-2.67662803632472
17,1,0.0,0,1,-2.30558155698575
18,2,0.0,0,1,-2.71423327224197
19,1,0.0,0,1,-3.74837256962808
20,1,83.938336380265,0,1,-3.51883267078153
21,1,0.0,0,1,-2.95340952295045
22,1,0.0,0,1,-3.26600116751207
23,1,328.254554888419,0,1,-3.84893889192598
24,1,0.0,0,1,-3.06790023243829
25,1,0.0,0,1,-3.46784033212964
26,2,0.0,0,1,-1.96034957438003
27,1,0.0,0,1,-2.16155783394628
28,1,328.189245298269,0,1,-3.60639008923251
29,2,0.0,0,1,-3.06104436540268
30,1,0.0,0,1,-3.88538296999992
31,1,0.0,0,1,-2.53393702008191
32,1,0.0,0,1,-3.26781184697924
33,1,0.0,0,1,-3.2522808950476
34,1,0.0,0,1,-5.13694207933701
35,1,118.269467677761,0,1,-5.24505582980725
36,1,0.0,0,1,-2.41325455119616
37,2,0.0,0,1,-7.13119972427245
38,1,0.0,0,1,-6.78434354840043
39,2,0.0,0,1,-3.28149566124211
40,1,49.670589936698,0,1,-4.10699052981181
41,1,0.0,0,1,-4.86394439651742
42,1,121.924958329947,0,1,-8.95592975633142
43,1,0.0,0,1,-4.16655444157142
44,1,0.0,0,1,-3.93192880894289
45,1,25.1358691114292,0,1,-7.79880015801867
46,1,0.0,0,1,-3.87487586691187
47,1,0.0,0,1,-4.62697082640114
48,2,0.0,0,1,-3.10163090436202
49,1,48.4292048359659,0,1,-7.74743193731541
50,1,101.352610103749,0,1,-3.73988654582242
51,1,0.0,0,1,-3.35452762875031
52,1,0.0,0,1,-2.3366357112075
53,1,52.575786514211,0,1,-6.50484223691172
54,1,0.0,0,1,-3.22608632899331
55,1,162.062182184565,0,1,-4.75091258295327
56,2,0.0,0,1,-4.53905516135072
57,1,0.0,0,1,-5.61473739438185
