bus_number,P_output,Q_output,voltage_mag,gen_status,P_max,P_min
6,0.0,0,1,0,261.142964279452,0
8,0.0,0,1,0,168.866226566743,0
11,464.969635224294,0,1,1,720.782304570753,0
12,34.0538503647637,0,1,1,60.6222006659546,0
13,453.056468489864,0,1,1,584.947016175706,0
14,0.0,0,1,0,149.026052136257,0
15,84.3347672223044,0,1,1,84.3347672223044,0
21,146.245263869872,0,1,1,146.245263869872,0
25,-2.6823300928947503e-15,0,1,1,6.16169787618279,0
27,1.57151957599516e-16,0,1,1,23.9392535176957,0
28,217.542446376457,0,1,1,217.542446376457,0
37,0.0,0,1,0,223.322204614211,0
41,230.857157825723,0,1,1,230.857157825723,0
42,572.681022487244,0,1,1,572.681022487244,0
45,10.4472242781863,0,1,1,10.4472242781863,0
48,0.0,0,1,0,59.5674921173862,0
51,0.0,0,1,0,457.235606338828,0
55,5.63171553238778,0,1,1,5.63171553238778,0
57,279.025130972977,0,1,1,279.025130972977,0
