bus_number,bus_type,P_demand,Q_demand,voltage_mag,voltage_ang
1,2,0.0,0,1,-0.352736618058323
2,1,0.0,0,1,-0.135512603641528
3,1,209.63955077056,0,1,-5.69399861758786
4,3,0.0,0,1,0.0
5,1,0.0,0,1,-0.220443499573471
6,1,134.231533216896,0,1,-5.46596631713303
7,1,0.0,0,1,-4.09972981248887
8,2,0.0,0,1,-1.46493194566162
9,1,0.0,0,1,-0.049629494750503
10,2,0.0,0,1,-5.44286562584617
11,2,0.0,0,1,0.539541485959717
12,1,0.0,0,1,-4.45404962846548
13,1,121.169171630539,0,1,-10.1979304978037
14,1,0.0,0,1,-3.98640594571762
15,1,18.3629292003175,0,1,-2.87441265325145
16,1,0.0,0,1,-5.88240762917135
17,1,0.0,0,1,-8.88375630706087
18,1,549.324333330584,0,1,-6.42664463094035
19,1,0.0,0,1,-3.57208162841267
20,1,0.0,0,1,-8.35663938280983
21,2,0.0,0,1,-4.72418791875082
22,2,0.0,0,1,-9.06250936670184
23,2,0.0,0,1,-2.32193478035091
24,1,151.549561749378,0,1,-2.23046175893606
25,1,0.0,0,1,0.465660867854578
26,1,0.0,0,1,-6.81577942467135
27,1,129.648622796116,0,1,-7.55929857570662
28,1,0.0,0,1,5.72196596133748
29,1,122.718997300482,0,1,-1.1141615822396
30,2,0.0,0,1,11.2509687530464
31,1,26.6508705227015,0,1,-4.45097593731623
32,2,0.0,0,1,1.40763156553112
33,1,0.0,0,1,-0.418371462651246
34,1,0.0,0,1,-0.976066421031896
35,1,471.462020440445,0,1,-4.92020363990238
36,1,0.0,0,1,-4.86020481223961
37,2,0.0,0,1,0.199771846257847
38,1,0.0,0,1,-0.619903848091186
39,1,40.8535944787084,0,1,-6.5131017825519
40,1,31.1150035615555,0,1,-3.18503715137971
41,2,0.0,0,1,-0.256946269302352
42,1,0.0,0,1,-0.834688895932221
43,1,0.0,0,1,-2.55160474478762
44,2,0.0,0,1,0.373379573673567
45,1,0.0,0,1,-2.54161588071893
46,1,0.0,0,1,-0.877445010332377
47,1,93.5698380381591,0,1,-2.0356565682035
48,1,37.258837531246,0,1,-5.2043110738366
49,2,0.0,0,1,-0.836506150245896
50,1,19.8914390121318,0,1,-0.561758731007866
51,1,41.5424584431426,0,1,-2.83207885242056
52,2,0.0,0,1,0.111885365045995
53,1,0.0,0,1,-0.218487879869206
54,2,0.0,0,1,-2.43600239397617
55,1,0.0,0,1,-1.43721927048276
56,1,0.0,0,1,-1.57871050938338
57,1,555.32183145964,0,1,-3.17877721720265
