bus_number,P_output,Q_output,voltage_mag,gen_status,P_max,P_min
2,268.479388591071,0,1,1,268.479388591076,0
5,104.548332838464,0,1,1,132.664837077723,0
7,1202.51151291196,0,1,1,1349.53382336113,0
15,24.4630167530638,0,1,1,24.4630167530681,0
16,29.3552693971303,0,1,1,29.3552693971353,0
29,9.73637946226533,0,1,1,9.73637946226972,0
33,118.61067628662,0,1,1,118.610676286625,0
35,0.0,0,1,0,648.093705604035,0
38,464.15541854346,0,1,1,510.48274545167,0
39,463.191455775967,0,1,1,463.191455775972,0
49,2.139638110963e-11,0,1,1,279.875130528051,0
50,0.0,0,1,0,44.1028734695348,0
54,65.4999796257885,0,1,1,65.4999796258087,0
55,3.7591632967913,0,1,1,3.75916329680232,0
