cost_model,startup,shutdown,n_coefficients,coeff_n,coeff1,coeff0
2,0,0,3,0.0,0.0,0.0
2,0,0,3,0.0067800582527308,43.0046384599298,38.6082079001763
2,0,0,3,0.0,0.0,0.0
2,0,0,3,0.0,0.0,0.0
2,0,0,3,0.0069803257522341,42.8759834323252,453.221123890306
2,0,0,3,0.0,0.0,0.0
2,0,0,3,0.0048027297563217,33.6242286892872,887.236035429922
2,0,0,3,0.0,0.0,0.0
2,0,0,3,0.0044528508720547,36.0305663477652,85.3402228087184
2,0,0,3,0.0,0.0,0.0
2,0,0,3,0.0044425055137152,35.4499859636422,78.6493400510875
2,0,0,3,0.0,0.0,0.0
2,0,0,3,0.0053649677626249,51.8753012336812,815.342674160296
2,0,0,3,0.0,0.0,0.0
2,0,0,3,0.0,0.0,0.0
