bus_number,P_output,Q_output,voltage_mag,gen_status,P_max,P_min
2,0.0,0,1,0,516.090358850256,0
7,151.490760421102,0,1,1,151.490760421102,0
8,129.969576501243,0,1,1,129.969576501243,0
10,248.049134823126,0,1,1,248.049134823126,0
11,0.0,0,1,0,460.190800277514,0
13,991.254271367543,0,1,1,1069.75523337881,0
21,116.739203456118,0,1,1,570.024236258805,0
22,95.2508394084134,0,1,1,95.2508394084134,0
23,620.427218167671,0,1,1,620.427218167671,0
27,271.394487406042,0,1,1,271.394487406042,0
29,39.5417004221228,0,1,1,39.5417004221228,0
30,5.5108313951977,0,1,1,5.5108313951977,0
49,35.0894625559416,0,1,1,35.0894625559416,0
51,30.0243465409131,0,1,1,30.0243465409131,0
52,19.5687610171671,0,1,1,19.5687610171671,0
