bus_number,bus_type,P_demand,Q_demand,voltage_mag,voltage_ang
1,1,388.572248616281,0,1,-4.1740266462996
2,2,0.0,0,1,-3.45026039102366
3,1,0.0,0,1,-17.2126324527884
4,3,0.0,0,1,0.0
5,1,29.8947119174057,0,1,-3.36733914893288
6,1,61.8615162082632,0,1,-20.9586829792441
7,1,0.0,0,1,-4.08048178068341
8,1,0.0,0,1,-2.00892432988173
9,1,114.880384671854,0,1,-0.90398232070278
10,1,232.074904345584,0,1,-2.00319723444653
11,1,0.0,0,1,-1.72974204841191
12,1,275.988066976817,0,1,-0.550031648062136
13,2,0.0,0,1,5.20044221115242
14,2,0.0,0,1,-0.0581113542933133
15,2,0.0,0,1,1.05748886015906
16,1,0.0,0,1,-0.417401114063607
17,1,0.0,0,1,-1.53655746271393
18,1,41.2584147942595,0,1,-0.555451775972023
19,1,0.0,0,1,-2.82197178208435
20,1,20.062672517999,0,1,-2.16053643489316
21,1,36.4176171754232,0,1,-3.19066127097815
22,2,0.0,0,1,-2.34236385753011
23,1,54.0173690786805,0,1,-2.91536697815009
24,1,0.0,0,1,-0.983582958936483
25,1,0.0,0,1,-0.296021823865536
26,1,61.3117517044854,0,1,-0.873149126708619
27,1,0.0,0,1,-0.867044149131215
28,1,57.1288020538401,0,1,0.285369393314905
29,1,0.0,0,1,-2.73201328900434
30,1,34.5509839017747,0,1,-2.70836388724743
31,2,0.0,0,1,-2.3737331435706
32,1,0.0,0,1,-3.57990096595172
33,1,0.0,0,1,-2.3792474547317
34,1,0.0,0,1,-0.382201836457372
35,2,0.0,0,1,0.351761538425552
36,1,43.5872633248224,0,1,-4.76078037439715
37,1,0.0,0,1,-5.15777934245251
38,1,0.0,0,1,-4.8290688137337
39,1,591.67901283572,0,1,-5.85260796884739
40,2,0.0,0,1,-2.02842386696074
41,2,0.0,0,1,-4.73404515989051
42,2,0.0,0,1,-3.00472880897475
43,1,0.0,0,1,-4.44467907043149
44,1,0.0,0,1,-2.92791120542325
45,1,19.8196131999345,0,1,-4.06016818953873
46,1,430.997903280152,0,1,-4.99865700771716
47,1,0.0,0,1,-5.30361909763603
48,2,0.0,0,1,-3.00472880897475
49,1,40.4715086215125,0,1,-4.02018501324808
50,1,0.0,0,1,-3.76738764590212
51,2,0.0,0,1,-17.2126324527884
52,1,160.73672370467,0,1,-7.08139938446542
53,1,0.0,0,1,-5.32514012096108
54,1,0.0,0,1,-8.48661202592106
55,1,0.0,0,1,-5.6407025684103
56,1,58.9991245531245,0,1,-5.90541902862341
57,1,0.0,0,1,-4.56863265046377
