bus_number,bus_type,P_demand,Q_demand,voltage_mag,voltage_ang
1,1,0.0,0,1,-5.10966311283519
2,1,346.412136412893,0,1,-11.9481039319962
3,1,87.505117240107,0,1,-8.47596551825715
4,1,0.0,0,1,-4.30389583836093
5,1,147.154131353193,0,1,-5.63652120611125
6,1,0.0,0,1,-6.76949429799669
7,1,0.0,0,1,-9.73827459867143
8,1,0.0,0,1,-6.5782571378082
9,1,0.0,0,1,-3.72141970819647
10,1,0.0,0,1,-3.96237055781238
11,1,310.768850626407,0,1,-3.67492483259918
12,3,0.0,0,1,0.0
13,1,176.030113821489,0,1,-1.55732066930912
14,1,112.603805101243,0,1,-3.62358789844802
15,2,0.0,0,1,-0.0068537308660875
16,1,0.0,0,1,1.69444052881404
17,1,0.0,0,1,-0.526975115490492
18,1,0.0,0,1,-3.02506305428704
19,1,0.0,0,1,-2.53408795562815
20,2,0.0,0,1,1.99496121892712
21,1,90.2324942728639,0,1,-5.99793142820956
22,1,0.0,0,1,-0.534412032318229
23,2,0.0,0,1,-4.92424041789041
24,1,4.76056627115491,0,1,-0.03240908533468
25,1,0.0,0,1,-1.88426046087412
26,1,0.0,0,1,-0.127456381037118
27,1,0.0,0,1,1.33537707672907
28,2,0.0,0,1,0.220880262617016
29,1,0.0,0,1,-1.56212203814643
30,1,0.263592508832324,0,1,-2.58706135496017
31,1,193.517360276534,0,1,-1.48260252421351
32,1,0.0,0,1,-1.10302557892915
33,1,73.4830573278254,0,1,-2.57380309520916
34,2,0.0,0,1,-0.902851625930533
35,2,0.0,0,1,1.80973249057555
36,1,0.0,0,1,0.780459501273206
37,1,59.9463539812215,0,1,1.53785668828646
38,1,97.4815069298985,0,1,0.158893889105806
39,2,0.0,0,1,-3.45674240442995
40,1,290.25950769654,0,1,-2.63155882927117
41,1,114.467538082599,0,1,-0.690832233535824
42,1,66.065100887355,0,1,0.381290491078095
43,2,0.0,0,1,-1.63771474722084
44,1,12.439167931189,0,1,-2.8443313291751
45,1,5.50687855664677,0,1,-2.05646922656581
46,2,0.0,0,1,-0.213182129283033
47,1,494.526717904932,0,1,-3.85665104242599
48,1,21.4025100193576,0,1,-3.2328443175859
49,1,0.0,0,1,-1.85757152082994
50,1,25.3269799473499,0,1,-3.15741872237979
51,2,0.0,0,1,-1.30516250134987
52,1,0.0,0,1,-10.0786894819867
53,1,0.0,0,1,-4.44262841225344
54,2,0.0,0,1,-3.20501399210952
55,1,0.0,0,1,-10.5629746491855
56,2,0.0,0,1,-5.2362542426853
57,1,24.1571063329718,0,1,-2.8361024897227
