bus_number,bus_type,P_demand,Q_demand,voltage_mag,voltage_ang
1,1,0.0,0,1,3.51646927087442
2,2,0.0,0,1,2.61634405495698
3,1,264.019617663722,0,1,0.275219026897783
4,2,0.0,0,1,6.73168226717725
5,1,0.0,0,1,4.4803984283906
6,1,78.5575251384669,0,1,1.09498324431197
7,2,0.0,0,1,3.54660657307281
8,1,35.1529227806855,0,1,7.25034614725177
9,1,0.0,0,1,4.70576928686487
10,2,0.0,0,1,7.5036422438757
11,1,110.83161942265,0,1,-0.658909636825718
12,1,14.6859703955934,0,1,6.10288869518899
13,2,0.0,0,1,6.79775008372243
14,1,0.0,0,1,0.120569974451925
15,1,409.74311349248,0,1,-0.365375576284768
16,1,246.85269769637,0,1,3.18240702476079
17,2,0.0,0,1,0.244521568974895
18,1,0.0,0,1,5.61560423043052
19,2,0.0,0,1,3.98538401531539
20,2,0.0,0,1,2.43956785742744
21,1,33.6670309573031,0,1,-5.43259977621299
22,2,0.0,0,1,0.586548423220513
23,1,0.0,0,1,2.28812771738836
24,2,0.0,0,1,-2.2276190560378
25,1,0.0,0,1,1.77127903546055
26,1,0.0,0,1,-4.41759945293084
27,1,134.811578284927,0,1,0.955913423719569
28,1,85.8919497374099,0,1,-0.210889274996675
29,2,0.0,0,1,-0.342998013392328
30,1,0.0,0,1,1.14020038591153
31,2,0.0,0,1,0.0013581065748278
32,1,546.776234515699,0,1,-1.64446852736638
33,2,0.0,0,1,3.68157831038822
34,2,0.0,0,1,1.74169464273686
35,1,0.0,0,1,-0.675215368677281
36,3,0.0,0,1,0.0
37,2,0.0,0,1,1.48063726146032
38,1,0.0,0,1,3.39163206923732
39,1,0.0,0,1,2.12405633002727
40,1,60.2008615305559,0,1,1.62888121675631
41,2,0.0,0,1,3.61580939679694
42,1,271.062578207032,0,1,2.69839619126901
43,2,0.0,0,1,2.61852040721918
44,1,0.0,0,1,2.71387139623998
45,2,0.0,0,1,1.64109658085818
46,1,269.568692854071,0,1,1.54342736210885
47,1,43.4736409773861,0,1,2.64461380544368
48,2,0.0,0,1,10.1997628034481
49,2,0.0,0,1,0.715086897017749
50,2,0.0,0,1,6.75666780772171
51,1,0.0,0,1,1.39597450362028
52,1,91.7996409242537,0,1,1.58944529494806
53,1,0.0,0,1,0.715086897017748
54,1,0.0,0,1,2.98747312376169
55,1,0.0,0,1,4.39492230094459
56,1,57.2149189039953,0,1,1.17540451333078
57,2,0.0,0,1,3.91528625245692
