bus_number,P_output,Q_output,voltage_mag,gen_status,P_max,P_min
3,1173.6972465201,0,1,1,1386.08798961415,0
9,99.9255785616569,0,1,1,143.430828331419,0
11,36.3114999641372,0,1,1,36.3114999641442,0
13,182.979346226185,0,1,1,182.979346226201,0
20,0.0,0,1,0,398.59302591,0
23,1066.16471917347,0,1,1,1066.16471917348,0
28,0.0,0,1,0,208.894025595288,0
29,134.186493307882,0,1,1,134.186493308018,0
34,0.0,0,1,0,374.973308670554,0
46,47.978807509451,0,1,1,133.605627571443,0
48,0.0,0,1,0,101.663260926769,0
53,0.0,0,1,0,82.4207199130977,0
55,13.0669022197102,0,1,1,13.0669022197587,0
