bus_number,bus_type,P_demand,Q_demand,voltage_mag,voltage_ang
1,2,0.0,0,1,11.2333507895681
2,3,0.0,0,1,0.0
3,1,30.4856733725284,0,1,-2.18642493243541
4,2,0.0,0,1,-0.922911245840376
5,1,0.0,0,1,-2.59565321831257
6,2,0.0,0,1,-2.11318107019323
7,1,0.0,0,1,-1.99709042888615
8,2,0.0,0,1,-3.00298500833486
9,1,357.431871846792,0,1,10.609810250336
10,1,0.0,0,1,-3.68292856827658
11,1,0.0,0,1,-2.30549755293167
12,1,0.0,0,1,-4.29150265200963
13,1,734.794606848713,0,1,-4.34231063585442
14,2,0.0,0,1,-3.55844577439214
15,1,22.501645095921,0,1,-2.47443698209229
16,1,20.8340506880899,0,1,-3.07275896010493
17,1,0.0,0,1,2.5172380467953
18,1,0.0,0,1,-4.75292352350337
19,1,0.0,0,1,-3.61430155171719
20,1,0.0,0,1,-2.59523893777609
21,1,85.7999615968253,0,1,-3.63505076149213
22,1,0.0,0,1,-4.04961078720714
23,2,0.0,0,1,9.04251069767437
24,2,0.0,0,1,-0.761624921105015
25,2,0.0,0,1,-3.66320618766748
26,2,0.0,0,1,0.741438182001414
27,1,0.0,0,1,-2.6246194637259
28,1,82.7181768736791,0,1,-2.71151650814245
29,1,0.0,0,1,-1.28265955700803
30,2,0.0,0,1,-1.37558239700614
31,1,0.0,0,1,-3.59652121960308
32,2,0.0,0,1,-4.38387308844324
33,1,0.0,0,1,-3.09453455726578
34,1,0.0,0,1,-4.50217082822915
35,1,41.273989079363,0,1,-9.7446591269464
36,2,0.0,0,1,-2.16764013959539
37,2,0.0,0,1,-3.61748992421128
38,2,0.0,0,1,-6.30920781783824
39,1,0.0,0,1,-4.46668667611541
40,1,0.0,0,1,-4.58834928136801
41,1,0.0,0,1,-7.41215005683255
42,1,95.7048822439097,0,1,-5.58086258867926
43,2,0.0,0,1,-5.28156625338104
44,1,0.0,0,1,-5.38968627300932
45,1,260.895815847562,0,1,-6.43550274941756
46,2,0.0,0,1,-6.30920781783824
47,1,387.842628341285,0,1,-7.4440877385702
48,1,0.0,0,1,-5.31475284320122
49,1,0.0,0,1,8.06521083819086
50,1,0.0,0,1,-1.34352458611673
51,1,335.692304942513,0,1,-1.41150031659693
52,1,0.0,0,1,-1.94382224747141
53,1,0.0,0,1,-4.2771426694175
54,1,0.0,0,1,-3.35381668414327
55,1,262.996003244826,0,1,-3.55501560260607
56,1,35.3389834605942,0,1,-0.748989270458303
57,1,0.0,0,1,-2.48431087176239
