bus_number,P_output,Q_output,voltage_mag,gen_status,P_max,P_min
6,1.75918674674138e-08,0,1,1,138.570829707877,0
12,105.296097461041,0,1,1,105.296097461294,0
14,0.0,0,1,0,483.54457870648,0
21,0.0,0,1,0,79.7613314554859,0
22,1046.05509845357,0,1,1,1171.10491159017,0
29,359.004284882804,0,1,1,359.004284882812,0
34,349.669867271443,0,1,1,599.482499113141,0
35,288.990014865413,0,1,1,288.990014865401,0
36,299.40432919472,0,1,1,299.40432919471,0
38,1.10389640044036e-10,0,1,1,86.9105746917713,0
48,201.681601566141,0,1,1,201.681601566122,0
51,16.3832499782996,0,1,1,16.3832499782357,0
52,41.0621696934133,0,1,1,212.060204652652,0
54,46.7638800980212,0,1,1,220.183239558172,0
