bus_number,P_output,Q_output,voltage_mag,gen_status,P_max,P_min
7,0.0,0,1,0,336.366886494129,0
10,946.525060412213,0,1,1,1082.86623290719,0
18,535.477515895224,0,1,1,535.477515895224,0
23,619.566315585285,0,1,1,619.566315585285,0
25,232.341833021926,0,1,1,232.341833021926,0
26,152.175927880211,0,1,1,152.175927880211,0
35,50.1438714083074,0,1,1,50.1438714083078,0
40,0.0,0,1,0,286.242304979834,0
44,0.0,0,1,0,294.71815811307,0
45,42.6982099695238,0,1,1,42.6982099695238,0
56,175.381859309914,0,1,1,175.381859309914,0
57,0.0,0,1,0,454.39863185971,0
