bus_number,bus_type,P_demand,Q_demand,voltage_mag,voltage_ang
1,1,81.3267196718911,0,1,-9.46457738359999
2,1,342.297203726656,0,1,-9.66384152434109
3,1,0.0,0,1,-2.11723309723525
4,1,375.96823137595,0,1,-0.733363167495739
5,1,0.0,0,1,-3.56442087334534
6,1,0.0,0,1,-1.49026437451707
7,1,0.0,0,1,-2.72720613655376
8,1,110.006321021001,0,1,-11.2509681344311
9,1,0.0,0,1,-10.6836586304774
10,1,0.0,0,1,-4.3059646851389
11,1,67.0928818849411,0,1,-14.5140301658116
12,1,0.0,0,1,-7.76627705933995
13,2,0.0,0,1,-2.27889068265397
14,1,35.3759064215374,0,1,-0.0797715441821902
15,1,0.0,0,1,-3.97592222381787
16,1,0.0,0,1,-3.39851472503057
17,1,0.0,0,1,-10.1963093659447
18,1,0.0,0,1,-5.93012791160687
19,1,0.0,0,1,-5.28744652831371
20,2,0.0,0,1,-6.57491925294357
21,2,0.0,0,1,-7.49275022912689
22,2,0.0,0,1,-7.16829628568017
23,1,0.0,0,1,-7.98509910830862
24,1,0.0,0,1,-4.8014711642743
25,1,0.0,0,1,-8.96885576158707
26,2,0.0,0,1,-7.79234771222197
27,2,0.0,0,1,-6.37437491746788
28,2,0.0,0,1,-9.26024057179205
29,2,0.0,0,1,-5.0915006538358
30,1,0.0,0,1,-7.91122335532076
31,1,0.0,0,1,-7.24757231001629
32,1,269.204860126397,0,1,-9.86513531830886
33,1,0.0,0,1,-4.68499852711295
34,1,0.0,0,1,-6.55420802683967
35,1,0.0,0,1,-0.288413496250636
36,1,0.0,0,1,-8.01997316450971
37,1,96.6290114853498,0,1,-7.62892230516659
38,1,0.0,0,1,-7.02333209770351
39,2,0.0,0,1,-8.77289954313198
40,1,643.640087839716,0,1,-10.1620752890003
41,1,0.0,0,1,-3.72903779163111
42,1,205.067745945162,0,1,-5.26946391517606
43,1,74.7527322751064,0,1,-5.93938759431223
44,3,0.0,0,1,0.0
45,1,0.0,0,1,-8.35534387261241
46,1,0.0,0,1,-11.1322632304075
47,2,0.0,0,1,-0.977316918548284
48,2,0.0,0,1,-11.2509681344311
49,1,0.0,0,1,-11.2509681344311
50,2,0.0,0,1,-9.02757998997132
51,2,0.0,0,1,-9.32516829982544
52,1,0.0,0,1,-4.1194804616809
53,1,0.0,0,1,-8.92853761009811
54,1,0.0,0,1,-9.62086842952602
55,1,0.0,0,1,-2.983302875445
56,1,0.0,0,1,-4.32163326921682
57,1,452.948891708893,0,1,-11.8940984901784
