cost_model,startup,shutdown,n_coefficients,coeff_n,coeff1,coeff0
2,0,0,3,0.006596333749502,42.872103146942,316.188224135779
2,0,0,3,0.0,0.0,0.0
2,0,0,3,0.0070968124796213,50.4097640524851,3651.43036276702
2,0,0,3,0.0,0.0,0.0
2,0,0,3,0.0,0.0,0.0
2,0,0,3,0.0,0.0,0.0
2,0,0,3,0.0074882428559178,34.6472467053222,3607.38019624071
2,0,0,3,0.0,0.0,0.0
2,0,0,3,0.0,0.0,0.0
2,0,0,3,0.0,0.0,0.0
2,0,0,3,0.0067004416739162,28.1445510577119,1431.67989547737
2,0,0,3,0.0,0.0,0.0
2,0,0,3,0.0045713767254069,37.8079346832744,170.033859901442
2,0,0,3,0.0052302989186274,33.329049569916,225.463624694019
2,0,0,3,0.0,0.0,0.0
2,0,0,3,0.0,0.0,0.0
