cost_model,startup,shutdown,n_coefficients,coeff_n,coeff1,coeff0
2,0,0,3,0.0054321771826685,51.6271254704128,880.494477970089
2,0,0,3,0.0041938693714108,28.9461693849343,350.972066690345
2,0,0,3,0.0,0.0,0.0
2,0,0,3,0.0,0.0,0.0
2,0,0,3,0.0,0.0,0.0
2,0,0,3,0.0,0.0,0.0
2,0,0,3,0.0042196500036368,39.2895769238017,1838.38414728966
2,0,0,3,0.0,0.0,0.0
2,0,0,3,0.0,0.0,0.0
2,0,0,3,0.0063322018470589,38.9729624783411,18.7255985154545
2,0,0,3,0.0,0.0,0.0
2,0,0,3,0.0,0.0,0.0
