bus_number,P_output,Q_output,voltage_mag,gen_status,P_max,P_min
2,11.4361438017987,0,1,1,11.4361438017987,0
5,0.0,0,1,0,520.044229395508,0
13,0.0,0,1,0,102.832929591101,0
15,152.263386279014,0,1,1,152.263386279014,0
17,211.885050549357,0,1,1,211.885050549357,0
20,634.23632231453,0,1,1,777.262573934255,0
21,0.0,0,1,0,216.461587513293,0
27,0.0,0,1,0,113.711593841877,0
29,93.3645225116839,0,1,1,93.3645225116839,0
30,74.4409199182563,0,1,1,74.4409199182563,0
37,125.084830815024,0,1,1,125.084830815024,0
38,754.388336513501,0,1,1,754.388336513501,0
43,587.961834890848,0,1,1,587.961834890848,0
45,33.8683613945902,0,1,1,33.8683613945902,0
47,75.380884494,0,1,1,394.461040867755,0
52,1.03397576569128e-23,0,1,1,92.9104056064604,0
