cost_model,startup,shutdown,n_coefficients,coeff_n,coeff1,coeff0
2,0,0,3,0.0,0.0,0.0
2,0,0,3,0.0,0.0,0.0
2,0,0,3,0.0,0.0,0.0
2,0,0,3,0.0046714735020183,33.6300719976942,75.9421889898221
2,0,0,3,0.0,0.0,0.0
2,0,0,3,0.006455561904377,55.3710584747598,1235.98162916269
2,0,0,3,0.0064977320760081,41.6174435089323,472.082710305787
2,0,0,3,0.0,0.0,0.0
2,0,0,3,0.0033614170321996,48.3266248204543,542.512374122795
2,0,0,3,0.0073025809660681,46.053342556841,213.296140785323
2,0,0,3,0.0,0.0,0.0
2,0,0,3,0.0,0.0,0.0
2,0,0,3,0.0,0.0,0.0
