bus_number,P_output,Q_output,voltage_mag,gen_status,P_max,P_min
1,675.473513781017,0,1,1,675.473513781045,0
5,0.0,0,1,0,165.89428879015,0
10,28.213618918161,0,1,1,28.2136189198882,0
12,0.0,0,1,0,355.940431313561,0
15,245.669799111335,0,1,1,305.704485906867,0
16,0.0,0,1,0,85.5913507355773,0
18,264.139874457831,0,1,1,302.308458559224,0
21,27.954457865932,0,1,1,27.9544578656839,0
27,23.161336458373,0,1,1,45.4403070493863,0
29,545.461437751456,0,1,1,545.461437751504,0
33,299.183954026145,0,1,1,299.183954026012,0
34,0.0,0,1,0,249.868810524709,0
37,35.7485246572527,0,1,1,35.7485246570473,0
42,13.8494564139415,0,1,1,13.8494564139356,0
46,15.5241660356151,0,1,1,266.364575222765,0
50,68.8557874379934,0,1,1,68.8557874378185,0
51,478.256561462446,0,1,1,478.256561462452,0
52,18.6550629577618,0,1,1,18.6550629576479,0
53,0.0,0,1,0,279.449621900719,0
57,14.1630421471838,0,1,1,14.1630421483276,0
