bus_number,bus_type,P_demand,Q_demand,voltage_mag,voltage_ang
1,1,0.0,0,1,-3.98796360105851
2,1,347.603290489744,0,1,-7.66585426122043
3,2,0.0,0,1,-1.43182765110116
4,1,36.3401302792019,0,1,-6.34313306978016
5,1,260.0272625681,0,1,-6.68589927492681
6,1,0.0,0,1,-4.01377322583782
7,1,217.04981765355,0,1,-0.297446631076373
8,1,0.0,0,1,-5.63136848881663
9,1,184.790951327968,0,1,-1.51224073921313
10,2,0.0,0,1,1.41176046250364
11,2,0.0,0,1,-0.637816738555833
12,2,0.0,0,1,-1.77024204831126
13,1,0.0,0,1,-5.89573024416547
14,1,0.0,0,1,-1.66251420965899
15,3,0.0,0,1,0.0
16,1,0.0,0,1,-2.70038758735416
17,1,0.0,0,1,-2.36682578976878
18,1,0.0,0,1,-2.67573780987099
19,1,356.674721328949,0,1,-4.25611562887703
20,1,0.0,0,1,-1.61507203065576
21,1,0.0,0,1,-4.45005616183487
22,1,0.0,0,1,-4.81776956983404
23,1,0.0,0,1,-5.81022306652901
24,1,223.85744291499,0,1,-7.42320800477118
25,2,0.0,0,1,-3.41930805404025
26,1,0.0,0,1,-2.921644353801
27,1,172.821491624031,0,1,-3.90973865250873
28,1,0.0,0,1,-3.19171840866127
29,1,0.0,0,1,-5.15793817860306
30,1,0.0,0,1,-1.06929231845402
31,1,14.5001547215093,0,1,-4.00069511359857
32,1,0.0,0,1,-2.16374539669554
33,1,0.0,0,1,-2.47314404678769
34,2,0.0,0,1,-0.747648958406819
35,1,0.0,0,1,-1.11933844084256
36,1,0.0,0,1,-2.47789666943583
37,1,0.0,0,1,-0.992883640075835
38,1,0.0,0,1,-1.76233282457612
39,1,0.0,0,1,-1.5497134867425
40,1,49.7601090730972,0,1,-1.19184036049068
41,1,125.535140254303,0,1,-1.48621682985933
42,1,0.0,0,1,-2.130158314678
43,1,0.0,0,1,-2.01362049249142
44,1,0.0,0,1,-1.25573702395791
45,1,5.04778785020582,0,1,-0.436040816619619
46,1,25.4160327027229,0,1,-1.75066696215055
47,1,278.402058942157,0,1,-4.20937647402599
48,2,0.0,0,1,-0.0384439182075231
49,1,0.0,0,1,-4.24668773812189
50,2,0.0,0,1,0.392212007529115
51,1,0.0,0,1,-0.0637222386631827
52,1,0.0,0,1,-3.38869968221034
53,2,0.0,0,1,-4.04093624422052
54,1,0.0,0,1,-4.12821915700484
55,2,0.0,0,1,-0.239531685997901
56,2,0.0,0,1,-2.88037373804799
57,1,456.484201752071,0,1,-5.37099641982845
