bus_number,bus_type,P_demand,Q_demand,voltage_mag,voltage_ang
1,1,0.0,0,1,1.64390923281619
2,1,11.4625477871609,0,1,-4.37883989790456
3,1,0.0,0,1,-3.17513262325962
4,1,0.0,0,1,2.2671174464415
5,1,0.0,0,1,-2.65156489245416
6,3,0.0,0,1,0.0
7,1,0.0,0,1,-0.449620944071351
8,1,0.0,0,1,-0.222089510174056
9,1,0.0,0,1,-0.0845101584697889
10,1,6.60057024749887,0,1,-0.588492132962972
11,1,20.0298254779207,0,1,-0.224379474771335
12,1,213.729785626102,0,1,-2.7147482501471
13,1,22.7564144430325,0,1,1.32869408644028
14,2,0.0,0,1,-0.80006137905449
15,1,0.0,0,1,-2.59059257372187
16,2,0.0,0,1,-1.43994481111846
17,2,0.0,0,1,-0.12548139501053
18,2,0.0,0,1,-1.50960166997199
19,2,0.0,0,1,-0.962125977790485
20,1,501.844653647658,0,1,-2.57260675064567
21,1,23.7609069951931,0,1,-4.89101971887741
22,1,0.0,0,1,-1.84280488988174
23,1,0.0,0,1,-2.81015155050733
24,1,332.555512328324,0,1,-3.54836282385644
25,1,0.0,0,1,-1.24159494305177
26,2,0.0,0,1,-2.02434361951995
27,1,0.0,0,1,-0.879902000254317
28,1,0.0,0,1,-0.650464152902863
29,2,0.0,0,1,-0.257539917429515
30,1,134.535621535576,0,1,-2.30824630683259
31,1,147.599175707624,0,1,-1.36630931477738
32,1,0.0,0,1,-0.765409342397978
33,1,472.871225124701,0,1,-1.7774050325964
34,1,0.0,0,1,0.701704170169583
35,2,0.0,0,1,-0.0645876377886647
36,2,0.0,0,1,2.82092231076869
37,1,0.0,0,1,-1.86339352519408
38,2,0.0,0,1,-0.524352582283192
39,1,84.5295315817003,0,1,-1.9459305835085
40,2,0.0,0,1,-1.54434370073465
41,2,0.0,0,1,-1.69368486297132
42,1,51.528226534584,0,1,-3.73450009397156
43,1,0.0,0,1,2.65851850727581
44,2,0.0,0,1,2.48003407769592
45,2,0.0,0,1,3.25542625353109
46,1,0.0,0,1,-2.51573358098672
47,1,0.0,0,1,-0.354326019528027
48,1,0.0,0,1,-2.85794687053962
49,2,0.0,0,1,-0.769103833707536
50,1,0.0,0,1,-2.17460698160207
51,1,169.932174068315,0,1,1.75448113550051
52,2,0.0,0,1,3.22014590695777
53,2,0.0,0,1,1.55918470822268
54,1,0.0,0,1,-0.502769430589632
55,2,0.0,0,1,-0.602387179667969
56,1,166.840798170314,0,1,-0.79639401161568
57,1,156.318566206367,0,1,-1.56373943108062
