bus_number,bus_type,P_demand,Q_demand,voltage_mag,voltage_ang
1,1,31.3007107259913,0,1,-1.51809767786959
2,3,0.0,0,1,0.0
3,1,0.0,0,1,-1.01255896651337
4,1,241.360040825736,0,1,-3.7756292230065
5,1,0.0,0,1,0.572475800886501
6,2,0.0,0,1,-1.88906871704224
7,1,0.0,0,1,-3.20794207001583
8,2,0.0,0,1,-3.72756136249991
9,1,21.6750285451737,0,1,-1.65311166959227
10,1,51.0371090833469,0,1,-8.54526178050928
11,1,123.54107554776,0,1,-2.10058095997689
12,1,0.0,0,1,-2.70239131241759
13,2,0.0,0,1,-2.40978149516327
14,1,462.971577064512,0,1,-2.52089522992758
15,2,0.0,0,1,0.0893522592437889
16,1,0.0,0,1,-2.5850743700288
17,1,0.0,0,1,-6.40237618342509
18,2,0.0,0,1,-0.169187470805414
19,1,0.0,0,1,-3.59085152148161
20,1,112.121955387892,0,1,-8.01688670883289
21,1,0.0,0,1,-3.56095670316024
22,2,0.0,0,1,-1.70410024554865
23,1,271.07346523428,0,1,-6.01625247349134
24,1,0.0,0,1,-2.54987231893575
25,1,0.0,0,1,-7.38645572473733
26,2,0.0,0,1,-6.50928369898199
27,1,61.3850571913598,0,1,-8.27784151000656
28,1,0.0,0,1,-2.01043370363225
29,1,955.709122262842,0,1,-8.74752194539768
30,1,0.0,0,1,-5.29597557378317
31,2,0.0,0,1,-8.4237403951077
32,2,0.0,0,1,-8.27784151000656
33,1,0.0,0,1,-7.70617502966081
34,2,0.0,0,1,7.38317888720853
35,1,0.0,0,1,0.945903349693569
36,1,0.0,0,1,-4.88361765394636
37,1,0.0,0,1,-1.90785229617284
38,2,0.0,0,1,-6.32405325195239
39,1,0.0,0,1,-7.02027627850194
40,2,0.0,0,1,5.47479828840771
41,1,0.0,0,1,7.06947089672749
42,1,225.278734377035,0,1,-4.20096417687926
43,2,0.0,0,1,6.27568370135303
44,1,0.0,0,1,3.3800669101402
45,1,0.0,0,1,-3.42295974131114
46,2,0.0,0,1,6.13049037905374
47,2,0.0,0,1,-2.53008333556522
48,1,0.0,0,1,-1.91917406141315
49,2,0.0,0,1,1.74332951020396
50,2,0.0,0,1,6.6929510260338
51,2,0.0,0,1,11.5257844618693
52,1,168.857664589141,0,1,5.97298069111
53,1,27.999052647533,0,1,-3.59655033217234
54,1,0.0,0,1,1.1871100823403
55,1,0.0,0,1,-0.38856763397133
56,1,0.0,0,1,-0.612982181097428
57,1,0.0,0,1,-0.751103184096689
