bus_number,bus_type,P_demand,Q_demand,voltage_mag,voltage_ang
1,1,181.326040202883,0,1,0.179346714521195
2,2,0.0,0,1,0.444112874510225
3,1,0.0,0,1,-0.969829520628571
4,1,0.0,0,1,-0.252594515729057
5,2,0.0,0,1,0.235040403914579
6,1,0.0,0,1,-1.66616821664199
7,1,0.0,0,1,-0.400766565392639
8,1,268.447749228801,0,1,-3.85039132729204
9,1,0.0,0,1,-3.43787875279056
10,2,0.0,0,1,-0.470095386013466
11,1,31.561312369774,0,1,-2.62288723519721
12,1,0.0,0,1,-1.81255280965518
13,1,0.0,0,1,-0.454535150393154
14,2,0.0,0,1,-0.0720407953800408
15,1,175.108318450449,0,1,-1.23769866171351
16,1,0.0,0,1,-0.859885882038651
17,1,283.73370317817,0,1,-0.681968260625601
18,1,124.793610906158,0,1,-0.245563430893184
19,1,0.0,0,1,-0.884613102975957
20,1,0.0,0,1,-0.369571719215533
21,2,0.0,0,1,1.24870928057055
22,1,0.0,0,1,0.322624905246834
23,1,0.0,0,1,-1.01016372761298
24,1,0.0,0,1,-0.677784002739308
25,1,0.0,0,1,-0.125020126682874
26,1,0.0,0,1,-1.39704888371968
27,2,0.0,0,1,0.267748858954004
28,1,0.0,0,1,-0.91454590128651
29,1,78.2312391535897,0,1,-3.92754780726231
30,2,0.0,0,1,1.29595110330581
31,1,0.0,0,1,1.04370227752321
32,2,0.0,0,1,1.32952746280989
33,2,0.0,0,1,1.45979621726217
34,1,83.8108327318724,0,1,-0.735534951118889
35,2,0.0,0,1,0.152865355261861
36,2,0.0,0,1,0.223511980914286
37,1,0.0,0,1,-1.25916180844258
38,1,10.4630483019525,0,1,-3.69577978526495
39,1,172.208866770006,0,1,-2.4628630839146
40,1,0.0,0,1,0.0685712783816071
41,1,500.710004567004,0,1,-1.67825823242698
42,3,0.0,0,1,0.0
43,2,0.0,0,1,-1.11460541766315
44,1,472.158484766199,0,1,-0.816277556390457
45,2,0.0,0,1,-0.297975868568868
46,1,0.0,0,1,-0.483724159981712
47,2,0.0,0,1,-0.416849733279821
48,2,0.0,0,1,-0.534772199841597
49,2,0.0,0,1,-1.17908351321223
50,1,15.2500451705921,0,1,-0.995643521974611
51,1,0.0,0,1,-0.305826173338248
52,2,0.0,0,1,0.654814355798707
53,1,356.50733768515,0,1,-1.76745951350351
54,1,0.0,0,1,-0.807908884249389
55,1,0.0,0,1,-0.62271655100551
56,2,0.0,0,1,-1.33779921086272
57,1,0.0,0,1,-0.774744750008308
