bus_number,bus_type,P_demand,Q_demand,voltage_mag,voltage_ang
1,1,16.9582516353274,0,1,-3.67687046806845
2,1,298.238429621923,0,1,-1.94995576440076
3,3,0.0,0,1,0.0
4,1,89.2675503677902,0,1,-0.158696840421647
5,1,0.0,0,1,-2.46275024868217
6,1,0.0,0,1,-0.149784693380587
7,1,0.0,0,1,-1.32805262855993
8,2,0.0,0,1,-1.10970724205836
9,1,0.0,0,1,-5.8054693929442
10,2,0.0,0,1,-4.09922984659152
11,2,0.0,0,1,1.47958780707244
12,2,0.0,0,1,-2.46275024868217
13,1,0.0,0,1,-1.36601432977215
14,2,0.0,0,1,-1.51709737338522
15,1,83.6854235604341,0,1,-4.27484764028407
16,1,325.889267303327,0,1,-6.93170973965289
17,1,250.604758659184,0,1,-4.35251158831086
18,1,93.9203062619788,0,1,-8.27638373447633
19,1,0.0,0,1,-5.9702037488791
20,1,0.0,0,1,-2.71198184329005
21,1,0.0,0,1,-4.38238524675649
22,1,0.0,0,1,-3.15022040734644
23,1,148.077520587166,0,1,-12.124064267924
24,1,21.4524362914428,0,1,-2.10522989048198
25,1,33.8696659945612,0,1,-4.10964239837617
26,2,0.0,0,1,-5.90181377435492
27,1,0.0,0,1,-5.13970134874467
28,1,0.0,0,1,-3.464313222665
29,1,445.320697839106,0,1,-6.90700263381308
30,1,0.0,0,1,-4.65855817325186
31,1,162.444424797603,0,1,-4.13841283139016
32,1,0.0,0,1,-1.06880038262722
33,1,268.48198778667,0,1,-5.40485620717471
34,1,79.4939808846038,0,1,-4.28955107177466
35,1,24.1008085006803,0,1,-5.443266988808
36,1,31.8668873984674,0,1,-2.37729902586436
37,1,0.0,0,1,-3.75393069131875
38,1,0.0,0,1,-3.09792362583261
39,2,0.0,0,1,-2.54832464909589
40,1,21.8393496859146,0,1,-4.6015975874561
41,1,0.0,0,1,-4.05382574601597
42,1,0.0,0,1,-2.26739754663175
43,1,66.6254649763874,0,1,-3.43373523300305
44,1,0.0,0,1,-2.13806204871627
45,1,0.0,0,1,-1.83043985315232
46,2,0.0,0,1,-0.79331652824074
47,2,0.0,0,1,-0.2763324164428
48,2,0.0,0,1,-3.58015921436828
49,1,0.0,0,1,-1.95070359548342
50,1,22.3169187044176,0,1,-0.990312619769817
51,1,191.552264451798,0,1,-5.54465531276751
52,1,78.304198173818,0,1,-3.37692012673176
53,1,0.0,0,1,-2.10605235217773
54,1,0.0,0,1,-0.496272880897552
55,2,0.0,0,1,-1.48233379966104
56,1,0.0,0,1,-1.44806792359583
57,1,0.0,0,1,-4.30892601710452
