bus_number,P_output,Q_output,voltage_mag,gen_status,P_max,P_min
3,167.754341482705,0,1,1,188.656946092183,0
6,236.595228550892,0,1,1,236.595228550892,0
12,375.984897450032,0,1,1,1015.72680098292,0
18,399.525962727978,0,1,1,399.525962727978,0
19,0.0,0,1,0,401.998794538253,0
20,491.646869569196,0,1,1,491.646869569196,0
29,210.411326039714,0,1,1,210.411326039714,0
32,181.516203487252,0,1,1,181.516203487252,0
35,130.541772847711,0,1,1,163.27596433285,0
36,0.0,0,1,0,201.397597314215,0
38,87.6860756800992,0,1,1,87.6860756800992,0
41,91.7452223452812,0,1,1,167.343866711382,0
43,360.480540678643,0,1,1,360.480540678643,0
44,0.0,0,1,0,84.3375584318209,0
50,20.4221526230983,0,1,1,20.4221526230983,0
54,4.92502371680906e-20,0,1,1,15.6267390456956,0
