bus_number,P_output,Q_output,voltage_mag,gen_status,P_max,P_min
4,0.0,0,1,0,224.716843005018,0
5,70.0923540714594,0,1,1,148.66422553771,0
16,125.528754020201,0,1,1,125.528754001042,0
19,160.756916837426,0,1,1,181.010744546436,0
23,0.0,0,1,0,60.2939108334144,0
25,628.81132190872,0,1,1,658.641998021991,0
27,147.222838798676,0,1,1,147.222838782571,0
30,452.687400934345,0,1,1,452.68740093372,0
34,1.86109861716313e-08,0,1,1,66.5346154495794,0
35,178.253611033785,0,1,1,178.253611039871,0
36,0.0,0,1,0,229.300895435793,0
37,424.635539370355,0,1,1,626.71113144667,0
40,0.0,0,1,0,280.84801320809,0
42,0.0,0,1,0,19.7290228624853,0
44,116.115373287314,0,1,1,116.115373264279,0
47,379.530666781727,0,1,1,444.331020163586,0
55,70.6758164010059,0,1,1,70.6758163989187,0
