bus_number,P_output,Q_output,voltage_mag,gen_status,P_max,P_min
5,472.064062272614,0,1,1,496.785281614992,0
6,446.250882813135,0,1,1,446.250882813142,0
9,0.0,0,1,0,415.013833180336,0
10,39.5196617932505,0,1,1,149.889300895817,0
11,100.139223811182,0,1,1,258.951738996365,0
14,148.012421963763,0,1,1,148.012421963761,0
17,0.0,0,1,0,366.185382749819,0
19,644.557660820403,0,1,1,644.557660820409,0
25,24.7688089784599,0,1,1,24.7688089784604,0
31,0.0,0,1,0,305.414963028253,0
32,83.2259276644612,0,1,1,83.2259276644587,0
34,81.415907871619,0,1,1,162.139223716552,0
41,49.4940956269046,0,1,1,49.4940956269027,0
45,30.3514150730773,0,1,1,30.3514150730769,0
48,12.1499619611309,0,1,1,58.9762474693307,0
54,13.9571561446209,0,1,1,13.9571561446213,0
56,608.403406687976,0,1,1,608.403406688023,0
