bus_number,P_output,Q_output,voltage_mag,gen_status,P_max,P_min
8,0.0,0,1,0,66.8855759967105,0
11,26.3439579675671,0,1,1,26.3439579675683,0
18,0.0,0,1,0,267.136249579416,0
20,809.876496019265,0,1,1,809.876496019273,0
22,5.74830893968095e-13,0,1,1,45.1409607266425,0
28,187.464302906569,0,1,1,567.704846654956,0
31,518.114598637432,0,1,1,518.114598637432,0
33,245.157242167012,0,1,1,245.157242167014,0
34,469.783381719433,0,1,1,469.783381719433,0
37,154.51610846391,0,1,1,176.471311941013,0
45,0.0,0,1,0,374.96403417368,0
49,0.0,0,1,0,351.744586239775,0
52,183.467405520537,0,1,1,183.467405520536,0
56,159.587100080872,0,1,1,159.587100080872,0
