bus_number,bus_type,P_demand,Q_demand,voltage_mag,voltage_ang
1,1,99.0933855257482,0,1,-0.229043217818003
2,1,0.0,0,1,-0.720254338852786
3,1,0.0,0,1,-1.17161985486362
4,2,0.0,0,1,-2.24728297872328
5,1,0.0,0,1,-0.99514258412696
6,2,0.0,0,1,-3.13527949049694
7,1,0.0,0,1,-4.20424222500882
8,1,0.0,0,1,-1.25790867431008
9,1,0.0,0,1,-6.22391976147757
10,1,282.892323129614,0,1,-6.65268011297366
11,2,0.0,0,1,-1.9411460349376
12,1,0.0,0,1,-4.26896393341223
13,1,246.540703636673,0,1,-3.12398005154068
14,1,0.0,0,1,0.65452841032835
15,2,0.0,0,1,1.74846270313025
16,1,0.0,0,1,-2.38178045270954
17,1,369.841848824184,0,1,-6.31756146410459
18,2,0.0,0,1,-5.58644351920021
19,1,237.137576827666,0,1,-3.67250287174555
20,1,0.0,0,1,-0.670325803065422
21,1,0.0,0,1,0.684363264830714
22,1,0.0,0,1,-0.932601778195462
23,3,0.0,0,1,0.0
24,1,5.6206165245822,0,1,-4.34330041548495
25,1,0.0,0,1,-0.496680630988567
26,1,171.811352729903,0,1,-2.69970167422338
27,2,0.0,0,1,-0.409386596780969
28,2,0.0,0,1,-0.988840393396477
29,1,236.563232596257,0,1,-5.34708653004432
30,1,0.0,0,1,0.443016998224747
31,1,0.0,0,1,-2.01573848419447
32,2,0.0,0,1,1.34689260365778
33,1,0.0,0,1,-1.982569675959
34,2,0.0,0,1,-3.83797766523304
35,2,0.0,0,1,-3.2395039949844
36,1,0.0,0,1,-1.06913999233494
37,1,0.0,0,1,-0.700054294264576
38,1,0.0,0,1,-4.5193062851095
39,1,0.0,0,1,-2.57396098957292
40,1,30.370408168379,0,1,-3.74429662986291
41,1,0.0,0,1,-2.62898144389312
42,2,0.0,0,1,0.144857356335828
43,1,0.0,0,1,-1.2681280718389
44,2,0.0,0,1,-1.15922233120197
45,1,0.0,0,1,-1.36723938522244
46,1,0.0,0,1,-2.28463721289729
47,1,444.525520856839,0,1,-4.41191126649344
48,1,422.955971619601,0,1,-7.11906993308332
49,2,0.0,0,1,-0.114049293259764
50,1,0.0,0,1,-2.13911356065476
51,1,45.3060916344769,0,1,-1.18434058769993
52,1,0.0,0,1,-0.582639310830835
53,2,0.0,0,1,-0.35690539430374
54,1,0.0,0,1,-2.43373281398284
55,1,149.938847262623,0,1,-3.08920134714277
56,1,11.7127141460557,0,1,-2.65784887228348
57,1,0.0,0,1,-2.04835741469722
