bus_number,P_output,Q_output,voltage_mag,gen_status,P_max,P_min
4,0.0,0,1,0,437.707339351472,0
6,618.390342498329,0,1,1,794.182167933342,0
10,81.5378073521659,0,1,1,81.5378073521659,0
11,0.0,0,1,0,311.295872318815,0
14,329.14624036585,0,1,1,397.546438914657,0
16,5.50804590974567,0,1,1,5.50804590974567,0
17,0.0,0,1,0,171.645531002526,0
25,323.228485667373,0,1,1,323.228485667373,0
27,6.8833609501937095e-18,0,1,1,9.49296295516086,0
32,100.320740603292,0,1,1,111.491166312488,0
35,379.195631692693,0,1,1,379.195631692693,0
37,0.0,0,1,0,322.562998620756,0
39,19.9417154533524,0,1,1,19.9417154533524,0
51,5.97848854209295,0,1,1,5.97848854209295,0
52,164.896731252483,0,1,1,164.896731252483,0
55,726.166364145199,0,1,1,726.166364145199,0
