bus_number,P_output,Q_output,voltage_mag,gen_status,P_max,P_min
1,902.723891455205,0,1,1,1053.55025675279,0
2,0.0,0,1,0,432.918458667349,0
7,0.0,0,1,0,422.174015529127,0
11,392.297599346215,0,1,1,392.297599346216,0
12,0.0,0,1,0,121.54508781887,0
13,755.349653531241,0,1,1,755.349653531241,0
16,7.81855361851709,0,1,1,7.81855361852089,0
20,228.356438548711,0,1,1,228.356438548713,0
30,98.9237050680131,0,1,1,98.923705068016,0
36,21.5617329991043,0,1,1,21.5617329991116,0
37,339.06332455407,0,1,1,719.666551182838,0
39,8.21569436152931,0,1,1,8.2156943615302,0
