bus_number,P_output,Q_output,voltage_mag,gen_status,P_max,P_min
8,325.668885484386,0,1,1,325.668885484386,0
16,300.185993839372,0,1,1,300.185993839372,0
22,252.710049231556,0,1,1,252.710049231556,0
25,239.425958164238,0,1,1,306.505244101095,0
26,269.046247148088,0,1,1,269.046247148088,0
31,951.383656690076,0,1,1,1168.99656500362,0
33,147.938840227769,0,1,1,147.938840227769,0
37,4.7953999395167103e-14,0,1,1,327.350095540798,0
39,0.0,0,1,0,556.231203191993,0
40,145.399348796567,0,1,1,145.399348796567,0
47,5.4752324349038e-13,0,1,1,46.7423429613541,0
48,79.038237204286,0,1,1,325.466989965868,0
54,43.5133766951997,0,1,1,43.5133766951997,0
56,1.06598726102497e-09,0,1,1,46.6225652366564,0
