bus_number,bus_type,P_demand,Q_demand,voltage_mag,voltage_ang
1,1,0.0,0,1,-6.97784724248834
2,1,139.148678569169,0,1,-0.432783573145341
3,1,0.0,0,1,-0.396534288838305
4,2,0.0,0,1,-0.975389707709927
5,3,0.0,0,1,0.0
6,1,274.168236524297,0,1,-11.1831821226597
7,1,0.0,0,1,-8.48190665188601
8,2,0.0,0,1,-0.187658400478453
9,1,465.273125548375,0,1,-1.35222386390142
10,2,0.0,0,1,0.82048835801716
11,1,0.0,0,1,-1.14297623990997
12,1,127.400077939827,0,1,-2.28977226044502
13,1,0.0,0,1,-3.97325886904208
14,2,0.0,0,1,0.121540304155896
15,1,0.0,0,1,-2.23953675525553
16,1,75.8059614247274,0,1,-2.84420647474045
17,2,0.0,0,1,-7.54168355405715
18,2,0.0,0,1,-2.60006584849503
19,1,0.0,0,1,-7.57219841192948
20,2,0.0,0,1,-2.03666835427848
21,1,169.631630238698,0,1,-7.84225141151716
22,1,175.693276341612,0,1,-5.44134048522736
23,2,0.0,0,1,-3.30803153276625
24,1,0.0,0,1,-1.58740301228802
25,1,0.0,0,1,-3.19081644811752
26,2,0.0,0,1,-6.00434928807112
27,2,0.0,0,1,1.05563910960229
28,1,0.0,0,1,-3.1677958224223
29,2,0.0,0,1,-2.49252145922035
30,2,0.0,0,1,-3.95885358813167
31,2,0.0,0,1,-3.07530022940077
32,1,0.0,0,1,0.377681639820436
33,2,0.0,0,1,0.400635063987288
34,1,0.0,0,1,-1.9558131230233
35,1,0.0,0,1,-3.01751437343485
36,2,0.0,0,1,-2.89712394742612
37,1,0.0,0,1,-0.948230761544576
38,2,0.0,0,1,-1.94364501622662
39,1,0.0,0,1,-1.23831403806209
40,1,0.0,0,1,-4.40479224561088
41,1,716.154335227544,0,1,-8.33585907409432
42,2,0.0,0,1,-0.597302412932291
43,2,0.0,0,1,-0.909255063623849
44,1,0.0,0,1,-2.04382276040706
45,1,0.0,0,1,-2.99119745292977
46,2,0.0,0,1,-7.90854700951216
47,1,0.0,0,1,-3.25854382667935
48,2,0.0,0,1,-5.3249911995423
49,1,508.638783673077,0,1,-2.7413893410914
50,1,70.2916108943203,0,1,-2.30234719271634
51,1,0.0,0,1,-2.55017563763842
52,2,0.0,0,1,-1.81180883594636
53,2,0.0,0,1,0.159994260439472
54,1,0.0,0,1,-1.19710633601076
55,2,0.0,0,1,-1.97953497524773
56,2,0.0,0,1,-0.103931862825787
57,1,32.1048771009554,0,1,-1.16215170549566
