bus_number,bus_type,P_demand,Q_demand,voltage_mag,voltage_ang
1,1,446.931931219047,0,1,-2.21037128263792
2,1,0.0,0,1,-2.42720968587813
3,1,0.0,0,1,-1.40305645901584
4,1,0.0,0,1,-0.980858200165141
5,1,0.0,0,1,-1.0055744303909
6,1,299.076642390959,0,1,-1.24729781650749
7,2,0.0,0,1,-0.0750741489366356
8,1,0.0,0,1,-1.57873108491612
9,2,0.0,0,1,-0.803672380328457
10,1,0.0,0,1,-0.507115430877692
11,1,163.197012502296,0,1,-1.33966276578617
12,2,0.0,0,1,-0.0665265109200579
13,1,261.778601829584,0,1,0.152156401420672
14,2,0.0,0,1,0.360660861753421
15,1,0.0,0,1,-1.24060122640528
16,1,390.581663281378,0,1,-1.01490110305626
17,2,0.0,0,1,-1.60313832807957
18,2,0.0,0,1,-0.045438514360278
19,2,0.0,0,1,-1.98907475141941
20,2,0.0,0,1,0.113356308158426
21,2,0.0,0,1,-1.55953710403411
22,1,18.4559085717246,0,1,0.0033008017647346
23,1,0.0,0,1,-0.540884021891959
24,2,0.0,0,1,-0.0984558150418157
25,1,270.19502326657,0,1,-2.01232251273863
26,2,0.0,0,1,-0.219326065185468
27,1,271.196869293926,0,1,-1.62658460733749
28,2,0.0,0,1,0.145078635367248
29,1,12.5338053187081,0,1,-0.207556538097242
30,1,47.1188184111648,0,1,-0.398623014065452
31,1,0.0,0,1,-0.329293464548714
32,1,0.0,0,1,-0.316616735560716
33,2,0.0,0,1,-1.0201644742427
34,1,0.0,0,1,-1.30157883834298
35,2,0.0,0,1,-0.0359624536939861
36,1,14.6827603248723,0,1,0.0306716192866433
37,2,0.0,0,1,-1.1558223815134
38,2,0.0,0,1,1.61381513600099
39,2,0.0,0,1,-0.481747959008901
40,1,0.0,0,1,-0.586616087904385
41,3,0.0,0,1,0.0
42,2,0.0,0,1,0.706229523543209
43,2,0.0,0,1,-0.631735437514862
44,1,0.704062074019334,0,1,-0.940993059732905
45,2,0.0,0,1,-0.143715329557705
46,1,0.0,0,1,-0.064489808283851
47,1,263.923606325164,0,1,-2.59046936303747
48,1,0.0,0,1,-2.52894802507916
49,1,0.0,0,1,-1.93272046568842
50,2,0.0,0,1,1.60898613669107
51,1,8.98441733351355,0,1,-1.23100493931464
52,2,0.0,0,1,-1.35031629673839
53,1,0.0,0,1,-3.5290235617667
54,2,0.0,0,1,-2.45785145904138
55,1,172.09459717847,0,1,-3.83399525831706
56,1,96.9233387165506,0,1,-3.7530188525402
57,1,15.9315354446559,0,1,-2.71607601886425
