bus_number,P_output,Q_output,voltage_mag,gen_status,P_max,P_min
1,104.665878438664,0,1,1,104.665878438664,0
8,97.3390830520049,0,1,1,97.3390830520049,0
9,353.792825243974,0,1,1,353.792825243974,0
11,0.0,0,1,0,162.809091856768,0
15,0.0,0,1,0,248.518696984676,0
17,46.473878367958,0,1,1,46.473878367958,0
18,98.7581667843938,0,1,1,98.7581667843938,0
19,456.88619992741,0,1,1,537.860586798625,0
20,0.0,0,1,0,348.506871953654,0
21,136.990085684555,0,1,1,136.990085684555,0
26,0.0,0,1,0,150.62601713857,0
28,54.4710866856719,0,1,1,110.879917421763,0
33,505.888651251309,0,1,1,505.888651251309,0
36,34.8458425701772,0,1,1,34.8458425701772,0
37,0.0,0,1,0,109.430846444585,0
39,222.588672938076,0,1,1,431.956722088358,0
40,0.0,0,1,0,86.3728653338578,0
41,61.8443855087302,0,1,1,61.8443855087302,0
43,434.667835204056,0,1,1,434.667835204056,0
47,9.29712705791981,0,1,1,29.7793141686497,0
54,0.0,0,1,0,110.389703332132,0
55,59.9804817968609,0,1,1,59.9804817968609,0
