bus_number,P_output,Q_output,voltage_mag,gen_status,P_max,P_min
2,255.071469673689,0,1,1,300.364403410198,0
4,1146.86326330888,0,1,1,1157.6252235734,0
5,221.424885177646,0,1,1,225.829994301402,0
8,148.791698330325,0,1,1,148.791698330325,0
21,6.80525339992831,0,1,1,6.80525339992831,0
22,63.345788855251,0,1,1,127.746021738204,0
23,153.442771646062,0,1,1,153.442771646062,0
25,-2.3472652407648e-14,0,1,1,284.310419750354,0
35,399.125990203115,0,1,1,399.125990203115,0
37,291.411986291182,0,1,1,291.411986291182,0
38,0.0,0,1,0,357.619424493143,0
47,0.0,0,1,0,480.236640402761,0
50,65.5882483773787,0,1,1,138.128943975701,0
55,2.43923821914307,0,1,1,140.389296384023,0
56,2.74310034553845e-14,0,1,1,50.5496795245267,0
