bus_number,P_output,Q_output,voltage_mag,gen_status,P_max,P_min
4,400.86756815721,0,1,1,640.214279117499,0
5,302.478704519119,0,1,1,302.478704519119,0
6,154.067478868695,0,1,1,154.067478868695,0
11,0.0,0,1,0,302.524271878314,0
12,438.978177741248,0,1,1,438.978177741248,0
14,365.221974980608,0,1,1,365.221974980609,0
18,76.4887056418142,0,1,1,76.4887056418142,0
19,0.0,0,1,0,37.4616792221414,0
22,0.0,0,1,0,263.389001774723,0
24,327.921398448476,0,1,1,426.746534238692,0
25,0.0,0,1,0,163.90974438977,0
28,129.050875786553,0,1,1,129.050875786553,0
31,291.885700111648,0,1,1,291.885700111648,0
33,0.0,0,1,0,167.678095779156,0
34,61.3225374171333,0,1,1,61.3225374171333,0
42,0.0,0,1,0,242.172481512325,0
48,84.4935198746534,0,1,1,84.4935198746534,0
49,8.98121371449339,0,1,1,8.98121371449339,0
50,0.0152353595170047,0,1,1,0.0152353595170047,0
53,46.4679324296244,0,1,1,159.633450870215,0
56,66.0695704318066,0,1,1,66.0695704318066,0
