bus_number,bus_type,P_demand,Q_demand,voltage_mag,voltage_ang
1,3,0.0,0,1,0.0
2,1,0.0,0,1,-2.89472669246512
3,1,12.5897959085203,0,1,-4.8843496540642
4,1,0.0,0,1,-2.91778868940668
5,2,0.0,0,1,-3.82380051877227
6,1,0.0,0,1,-0.937207661710877
7,1,0.0,0,1,-4.60168141841705
8,2,0.0,0,1,-2.44053280604585
9,2,0.0,0,1,-4.51725212311781
10,1,0.0,0,1,-6.0237540402013
11,2,0.0,0,1,-3.77165738707605
12,1,0.0,0,1,-1.81080670769222
13,1,0.0,0,1,-3.18785609904338
14,1,113.257773291192,0,1,-7.92478276654859
15,2,0.0,0,1,-4.92653984287066
16,1,100.534055036359,0,1,-4.23472823981876
17,2,0.0,0,1,-2.78025358837525
18,1,0.0,0,1,-2.89521503504742
19,2,0.0,0,1,-2.18102484405666
20,1,0.0,0,1,-6.9925419780967
21,1,0.0,0,1,-6.30738673147964
22,1,0.0,0,1,-3.20173137722476
23,1,298.719393024072,0,1,-5.43305499873903
24,1,0.0,0,1,-4.34842544883162
25,2,0.0,0,1,-6.45764315718845
26,1,0.0,0,1,-7.97969399722152
27,1,0.0,0,1,-5.21708781478728
28,2,0.0,0,1,-3.4689918820055
29,2,0.0,0,1,-7.88939974905309
30,1,106.826227626987,0,1,-7.12983779781627
31,1,1030.5014073367,0,1,-8.43739021308541
32,1,645.284981748584,0,1,-8.4356366999425
33,2,0.0,0,1,-4.74821079077455
34,1,0.0,0,1,-7.61206161882545
35,2,0.0,0,1,-4.62677317817999
36,1,0.0,0,1,-6.51162701906278
37,2,0.0,0,1,-1.92425347326575
38,1,0.0,0,1,-6.2797174090838
39,1,16.6797803427264,0,1,-3.26981307433911
40,1,0.0,0,1,-1.75416141970691
41,1,219.868301332777,0,1,-7.87752117984317
42,2,0.0,0,1,-5.43270163847254
43,1,36.197625083836,0,1,-11.2210734583899
44,1,0.0,0,1,-4.8541363384751
45,2,0.0,0,1,-0.55451682530136
46,1,0.0,0,1,-3.19689131998744
47,2,0.0,0,1,-0.168126285279855
48,1,0.0,0,1,-3.41159940809856
49,2,0.0,0,1,-3.26981307433911
50,1,77.3114532072178,0,1,-6.5499698003649
51,1,34.5819101898019,0,1,-5.62895331461403
52,1,0.0,0,1,-2.5144375185898
53,2,0.0,0,1,-1.71048760558097
54,1,0.0,0,1,-0.0308396927587526
55,2,0.0,0,1,-6.81381643413027
56,1,0.0,0,1,-4.97458218645977
57,1,0.0,0,1,-5.38259886291201
