bus_number,P_output,Q_output,voltage_mag,gen_status,P_max,P_min
2,323.008752489676,0,1,1,924.053521456739,0
3,333.204033032434,0,1,1,333.204033032434,0
7,766.804583521324,0,1,1,766.804583521324,0
11,0.0,0,1,0,452.255559688963,0
16,72.0704251416431,0,1,1,72.0704251416431,0
17,0.0,0,1,0,97.5079574269816,0
23,316.247521624241,0,1,1,316.247521624241,0
24,62.5426391476958,0,1,1,263.621955204931,0
26,184.550899187547,0,1,1,249.458661585201,0
31,185.060628301683,0,1,1,185.060628301683,0
35,373.75427735415,0,1,1,373.75427735415,0
55,67.7932391095379,0,1,1,67.7932391095379,0
56,69.2735945726674,0,1,1,160.545383976494,0
