bus_number,bus_type,P_demand,Q_demand,voltage_mag,voltage_ang
1,1,182.248216772148,0,1,0.906839857759109
2,2,0.0,0,1,0.468333706737258
3,1,151.608556009752,0,1,0.163273583600628
4,2,0.0,0,1,0.670538738068837
5,2,0.0,0,1,1.71697097613259
6,2,0.0,0,1,1.88264065849338
7,2,0.0,0,1,-0.302012557996289
8,1,65.7114555139757,0,1,-0.629895536053514
9,1,232.332400043542,0,1,-1.11216290945273
10,2,0.0,0,1,1.33544276992408
11,1,28.7937221917497,0,1,-0.859788367777453
12,1,24.9971906777008,0,1,-0.694458431162512
13,1,0.0,0,1,-0.493389572470375
14,2,0.0,0,1,-0.137777485810355
15,1,34.4874761126572,0,1,-0.19041022985721
16,1,0.0,0,1,-0.0698958361027421
17,1,171.656209169859,0,1,-0.780227440891164
18,1,48.6589146777807,0,1,-3.23277417947701
19,2,0.0,0,1,-0.659931199839827
20,1,136.580658699123,0,1,-1.30133358812315
21,1,265.700336789432,0,1,-0.943860005292135
22,1,0.0,0,1,0.475623268630741
23,1,245.685494675889,0,1,-1.93843827526966
24,3,0.0,0,1,0.0
25,2,0.0,0,1,1.65753568756374
26,1,165.440117583618,0,1,-1.92638903781884
27,1,0.0,0,1,4.60932078833529
28,1,227.177623726722,0,1,0.432818076470192
29,1,226.182634281543,0,1,-2.44645523593919
30,2,0.0,0,1,7.12626198359201
31,1,0.0,0,1,3.10193658562332
32,2,0.0,0,1,1.61350583812837
33,2,0.0,0,1,4.60932078833529
34,1,0.0,0,1,2.19564131475186
35,1,0.13022802760457,0,1,-0.293053723968151
36,1,83.2312807265947,0,1,-0.291505916747034
37,2,0.0,0,1,3.84176111283768
38,2,0.0,0,1,4.55558019362746
39,1,0.0,0,1,3.0150356322124
40,1,150.372748770786,0,1,2.16202886092459
41,1,0.0,0,1,0.226002319565072
42,2,0.0,0,1,4.15926406498134
43,2,0.0,0,1,1.07056932379157
44,2,0.0,0,1,2.47894796426094
45,2,0.0,0,1,1.30171543020742
46,1,0.0,0,1,0.970565074480319
47,1,123.590888317449,0,1,3.29521541563259
48,1,77.6750800561659,0,1,1.09526406198548
49,1,0.0,0,1,1.17874400210143
50,1,67.7661053995902,0,1,-0.365702134934008
51,1,8.37052632997673,0,1,2.35686658427494
52,1,35.9127289289406,0,1,2.19246590185659
53,2,0.0,0,1,0.996303185922793
54,2,0.0,0,1,2.98365341400477
55,2,0.0,0,1,1.18710626714752
56,1,0.0,0,1,2.32361448771751
57,2,0.0,0,1,2.64610848725563
