bus_number,P_output,Q_output,voltage_mag,gen_status,P_max,P_min
3,0.0,0,1,0,36.0256889511908,0
4,35.4931555158862,0,1,1,35.4931555158862,0
5,340.602770077377,0,1,1,340.602770077377,0
11,0.0,0,1,0,306.161412129334,0
12,52.3249186655153,0,1,1,52.3249186655153,0
19,925.261086568228,0,1,1,1046.93490825318,0
33,16.0086250466795,0,1,1,16.0086250466795,0
34,62.5142332505597,0,1,1,62.5142332505597,0
37,0.0,0,1,0,59.9809768537721,0
38,28.9316012834295,0,1,1,28.9316012834295,0
39,61.3730987696898,0,1,1,61.3730987696898,0
40,57.0915412960341,0,1,1,95.848163502383,0
42,942.995826099864,0,1,1,942.995826099864,0
43,0.0,0,1,0,44.175768393318,0
47,232.831547582292,0,1,1,232.831547582292,0
49,47.0701537922417,0,1,1,47.0701537922417,0
53,0.0,0,1,0,853.104899257606,0
