bus_number,bus_type,P_demand,Q_demand,voltage_mag,voltage_ang
1,1,0.0,0,1,-3.1288416586402
2,1,0.0,0,1,-8.15285563542393
3,1,0.0,0,1,-4.80879675234059
4,1,0.0,0,1,-4.08719589936609
5,2,0.0,0,1,-5.98605950471384
6,1,38.5461523095356,0,1,-6.55064882363299
7,1,485.500314803514,0,1,-8.91905604004045
8,1,0.0,0,1,-8.95316398995171
9,1,0.0,0,1,-7.15631146783918
10,1,108.872514071105,0,1,-0.714354137782411
11,2,0.0,0,1,-1.20856531803755
12,2,0.0,0,1,-8.21018529475292
13,3,0.0,0,1,0.0
14,1,0.0,0,1,-10.1260486501485
15,1,0.0,0,1,-10.8969590024953
16,1,0.0,0,1,-10.0808014098188
17,2,0.0,0,1,0.195819794391479
18,1,0.0,0,1,-7.56237140195788
19,1,0.0,0,1,-4.18197665120481
20,2,0.0,0,1,-3.44301322756291
21,1,104.461637435989,0,1,-10.7879587551278
22,2,0.0,0,1,-10.0255017010429
23,1,541.53678145648,0,1,-11.7103510511993
24,2,0.0,0,1,-8.03824522072145
25,1,140.708420275844,0,1,-10.1654158530707
26,1,29.0650718598937,0,1,-7.0704916409113
27,1,0.0,0,1,-4.99519531445612
28,1,242.760460281235,0,1,-8.90377474503882
29,1,0.0,0,1,-10.5111846049645
30,2,0.0,0,1,-3.26939657290059
31,1,38.8727380906821,0,1,-11.1141683448254
32,2,0.0,0,1,-8.03824522072145
33,1,2.2191926473345,0,1,-10.3939665664257
34,2,0.0,0,1,-16.0686370878983
35,1,348.209267160716,0,1,-16.4160531952228
36,1,97.3172837914258,0,1,-13.7855224089145
37,1,50.5125877216252,0,1,-9.06518397734718
38,1,3.74537056440905,0,1,-8.71699548989405
39,2,0.0,0,1,-10.3939665664257
40,2,0.0,0,1,29.008097907104
41,1,0.0,0,1,-6.47666550890823
42,1,186.825778247079,0,1,-7.39901145813235
43,1,13.0249594524673,0,1,-7.67921522560772
44,1,40.2261715036804,0,1,-5.02386221623426
45,1,126.988344263578,0,1,-7.37479030183877
46,1,0.0,0,1,-10.02112796257
47,1,119.223884018105,0,1,-3.84500282510316
48,2,0.0,0,1,-5.08869763392588
49,1,0.0,0,1,-5.92558584516566
50,1,0.0,0,1,-6.91644097278126
51,2,0.0,0,1,-3.50884870026312
52,2,0.0,0,1,-4.37879208579809
53,1,0.0,0,1,-5.43463741067297
54,2,0.0,0,1,-5.02216779071879
55,1,35.6936635279012,0,1,-4.91600615135194
56,2,0.0,0,1,-6.78482891207455
57,1,0.0,0,1,-5.14922633119886
