cost_model,startup,shutdown,n_coefficients,coeff_n,coeff1,coeff0
2,0,0,3,0.0056959087022278,49.7850638872901,429.628763587653
2,0,0,3,0.0045996793072657,42.2256814921036,2571.32008065975
2,0,0,3,0.0020564519146775,52.6516413680223,851.007811468733
2,0,0,3,0.0029610646880931,47.5610823712917,479.698388242337
2,0,0,3,0.0,0.0,0.0
2,0,0,3,0.0,0.0,0.0
2,0,0,3,0.0065345638741364,55.1358229205851,400.156246712943
2,0,0,3,0.0,0.0,0.0
2,0,0,3,0.0,0.0,0.0
2,0,0,3,0.0,0.0,0.0
2,0,0,3,0.0,0.0,0.0
2,0,0,3,0.0,0.0,0.0
2,0,0,3,0.0067794669643218,26.2491813530036,458.037384994009
2,0,0,3,0.0,0.0,0.0
