cost_model,startup,shutdown,n_coefficients,coeff_n,coeff1,coeff0
2,0,0,3,0.0075049397293078,51.8792306287696,983.722700022886
2,0,0,3,0.0,0.0,0.0
2,0,0,3,0.0,0.0,0.0
2,0,0,3,0.0034078646398615,55.4064585031701,3802.54022553105
2,0,0,3,0.0,0.0,0.0
2,0,0,3,0.0,0.0,0.0
2,0,0,3,0.0,0.0,0.0
2,0,0,3,0.0,0.0,0.0
2,0,0,3,0.0041612733911023,49.9079618220756,80.7649899024631
2,0,0,3,0.0,0.0,0.0
2,0,0,3,0.0031713481001947,32.5846598966489,469.728266363287
2,0,0,3,0.0,0.0,0.0
2,0,0,3,0.0067948371666285,27.3524528681172,134.357638758894
