bus_number,P_output,Q_output,voltage_mag,gen_status,P_max,P_min
2,932.697282610726,0,1,1,1559.59306788756,0
5,416.607691740471,0,1,1,440.439896691561,0
14,77.43140363804,0,1,1,77.4314036537736,0
16,376.500069849592,0,1,1,376.500069850856,0
23,49.0177057562494,0,1,1,49.0177057568182,0
34,60.8160465458085,0,1,1,60.816046545371,0
35,0.0,0,1,0,210.052193182295,0
36,141.078486245936,0,1,1,141.078486244556,0
38,0.0,0,1,0,268.615764237799,0
39,129.344415292207,0,1,1,129.344415442723,0
53,0.0,0,1,0,356.02657280256,0
54,532.717688852837,0,1,1,532.717688853501,0
55,60.7444362740893,0,1,1,60.7444362749424,0
