cost_model,startup,shutdown,n_coefficients,coeff_n,coeff1,coeff0
2,0,0,3,0.0062253806648803,34.62913078456,563.848242345783
2,0,0,3,0.0,0.0,0.0
2,0,0,3,0.0077480703033253,23.2314100973262,93.3279228734723
2,0,0,3,0.0078873769180621,48.2162711676702,390.283362740897
2,0,0,3,0.0027587708839587,42.2338168181113,181.720936833998
2,0,0,3,0.0,0.0,0.0
2,0,0,3,0.0,0.0,0.0
2,0,0,3,0.0,0.0,0.0
2,0,0,3,0.0022398282461649,42.6380559408584,241.140404555972
2,0,0,3,0.0,0.0,0.0
2,0,0,3,0.0,0.0,0.0
2,0,0,3,0.0,0.0,0.0
2,0,0,3,0.0,0.0,0.0
2,0,0,3,0.002585551730978,39.5286621656973,237.608481803172
2,0,0,3,0.0025561787523424,37.0438693516525,29.5637411457008
2,0,0,3,0.0,0.0,0.0
2,0,0,3,0.0,0.0,0.0
2,0,0,3,0.0,0.0,0.0
2,0,0,3,0.00739668185662,50.2506831615873,427.591021840368
2,0,0,3,0.0,0.0,0.0
2,0,0,3,0.0,0.0,0.0
2,0,0,3,0.0072678207313068,28.1067155177838,542.744549687188
2,0,0,3,0.0045659809519028,31.3753452755344,491.127112157487
2,0,0,3,0.0,0.0,0.0
2,0,0,3,0.0,0.0,0.0
2,0,0,3,0.0,0.0,0.0
