bus_number,bus_type,P_demand,Q_demand,voltage_mag,voltage_ang
1,1,0.0,0,1,-1.86416852411349
2,2,0.0,0,1,-0.310510710970736
3,1,0.0,0,1,-2.25732813942045
4,1,0.0,0,1,-2.37235557904072
5,1,54.7390492680026,0,1,-2.18399387590703
6,1,229.84513834165,0,1,-3.87316152491736
7,1,183.44168560229,0,1,-2.40649915159973
8,2,0.0,0,1,-0.429051475465063
9,1,0.0,0,1,-1.53960764898482
10,1,79.9458695319538,0,1,-2.81523447453005
11,1,0.0,0,1,-2.01161477490898
12,1,231.780992566888,0,1,-2.90983654617855
13,1,61.46277729852,0,1,-1.31621521153641
14,1,0.0,0,1,-1.14092853526542
15,1,0.0,0,1,-1.30559483230944
16,1,174.680067351364,0,1,-1.33714487305003
17,2,0.0,0,1,-1.32262190850152
18,1,0.0,0,1,-0.93304796090819
19,2,0.0,0,1,-1.67792879316682
20,1,0.0,0,1,-1.41695911748214
21,1,0.0,0,1,-2.14326019708797
22,2,0.0,0,1,-0.523004290868804
23,1,0.0,0,1,-0.405232573045717
24,1,0.0,0,1,-0.46441495729918
25,1,0.0,0,1,-1.09291709377574
26,1,0.0,0,1,-0.799663114823471
27,2,0.0,0,1,-0.846775511053721
28,1,0.0,0,1,-1.10936604710614
29,3,0.0,0,1,0.0
30,2,0.0,0,1,-1.3164528178738
31,1,0.0,0,1,-1.29886477989549
32,1,111.447031717813,0,1,-0.744481998182834
33,2,0.0,0,1,-0.0959588179224452
34,1,939.642101111244,0,1,-1.55795297868595
35,1,26.6584818875041,0,1,-1.06848867096898
36,1,40.6985091248273,0,1,-4.76736872741017
37,1,0.0,0,1,-0.064461915077581
38,1,0.0,0,1,-0.996903769718136
39,1,0.0,0,1,-1.51829700084422
40,1,0.0,0,1,-0.630611081487847
41,1,0.0,0,1,-1.02682030090195
42,1,91.3462581258742,0,1,-3.84881672103631
43,1,0.0,0,1,-1.20150160416254
44,2,0.0,0,1,-0.527730940272693
45,2,0.0,0,1,-1.53826763669046
46,1,0.0,0,1,-1.83744274774284
47,1,0.0,0,1,-1.98456571579216
48,1,0.0,0,1,-1.87674527550867
49,1,0.0,0,1,-1.0147822385872
50,1,0.0,0,1,-1.86486373863903
51,1,0.0,0,1,-1.24424764719293
52,2,0.0,0,1,-1.53826763669046
53,2,0.0,0,1,-1.41498439972448
54,1,0.0,0,1,-1.64804874816773
55,1,39.4399301004874,0,1,-2.33677782332575
56,1,288.784368241808,0,1,-2.14849314434445
57,1,0.0,0,1,-0.582305106138471
