bus_number,bus_type,P_demand,Q_demand,voltage_mag,voltage_ang
1,1,0.0,0,1,-1.41079358341697
2,1,0.0,0,1,-2.73575664528884
3,1,344.309435206114,0,1,-2.38945823349073
4,3,0.0,0,1,0.0
5,1,0.0,0,1,-7.01158015142039
6,2,0.0,0,1,-7.78797769010289
7,1,0.0,0,1,-1.84913617832579
8,1,56.5889881262646,0,1,-0.983403940305831
9,1,467.713120289655,0,1,-8.45502615550136
10,1,0.0,0,1,-6.0406450397665
11,1,0.0,0,1,-6.26897777483701
12,2,0.0,0,1,-5.0763690884449
13,2,0.0,0,1,-4.14045541921427
14,2,0.0,0,1,-6.06503404114973
15,2,0.0,0,1,-0.866085273194173
16,1,27.6707868897482,0,1,-6.20136890137967
17,1,34.3560787145087,0,1,-12.1142479545617
18,2,0.0,0,1,-7.054649679751
19,1,0.0,0,1,-3.99004150330542
20,1,297.765897331474,0,1,-8.89396781055928
21,1,150.778525211073,0,1,-7.74153027399093
22,1,43.7491680141185,0,1,-6.22391341142057
23,1,74.9953150448973,0,1,-11.1964067418519
24,1,0.0,0,1,-7.5573691260716
25,1,0.0,0,1,-8.04532602100134
26,1,133.781911985732,0,1,-8.70540742336425
27,1,0.0,0,1,-3.00518911767943
28,1,30.0044246885196,0,1,-6.86783082342433
29,1,0.0,0,1,-4.31199822668123
30,1,0.0,0,1,-3.03271541147971
31,1,0.0,0,1,-6.51947481611879
32,2,0.0,0,1,0.700070859816694
33,1,56.1534028497672,0,1,-6.9820809435665
34,1,0.0,0,1,-3.00312521827569
35,1,0.0,0,1,-5.36710077768205
36,1,0.0,0,1,-1.92290523380836
37,1,0.0,0,1,-5.94114858467497
38,1,0.0,0,1,-0.915454713927784
39,2,0.0,0,1,-0.716825810778405
40,1,46.8352923669069,0,1,-0.059851312937108
41,1,33.8592011553861,0,1,-2.8804297616711
42,1,0.0,0,1,-5.83356863321209
43,1,0.0,0,1,-3.842133158932
44,2,0.0,0,1,-5.35704703774323
45,1,128.878690885866,0,1,-0.969388871429945
46,1,826.87035472257,0,1,-8.91658083255171
47,2,0.0,0,1,-2.8804297616711
48,1,0.0,0,1,-6.75834179646008
49,1,0.0,0,1,-6.58835233962951
50,2,0.0,0,1,-2.79278065259349
51,2,0.0,0,1,-5.05837990837992
52,1,0.0,0,1,-6.68954400405967
53,1,0.0,0,1,-7.91901837546298
54,1,0.0,0,1,-2.11939736421911
55,1,0.0,0,1,-7.74810083753646
56,2,0.0,0,1,-5.62372013791086
57,1,0.0,0,1,-3.72813299921622
