cost_model,startup,shutdown,n_coefficients,coeff_n,coeff1,coeff0
2,0,0,3,0.0,0.0,0.0
2,0,0,3,0.0,0.0,0.0
2,0,0,3,0.0,0.0,0.0
2,0,0,3,0.0073585305200719,24.5971658170016,1231.20859171987
2,0,0,3,0.0,0.0,0.0
2,0,0,3,0.0,0.0,0.0
2,0,0,3,0.0023256440457234,54.5198686250844,590.789546044819
2,0,0,3,0.0026723917181735,28.673414655087,1601.14832707685
2,0,0,3,0.0,0.0,0.0
2,0,0,3,0.0,0.0,0.0
2,0,0,3,0.0031530337130337,50.0465531600944,25.0952896089699
2,0,0,3,0.0,0.0,0.0
2,0,0,3,0.0051317221209907,54.5945814650521,3329.15575830524
