bus_number,bus_type,P_demand,Q_demand,voltage_mag,voltage_ang
1,2,0.0,0,1,-0.444785158905606
2,2,0.0,0,1,-2.77472403672321
3,1,0.0,0,1,-1.11037704160036
4,1,0.0,0,1,-1.29150083149429
5,1,339.433864057274,0,1,-3.8533995016396
6,1,0.0,0,1,5.64886764999379
7,1,36.5288296749245,0,1,-2.58333582765759
8,1,211.333409358205,0,1,-1.72890371627703
9,1,0.0,0,1,-4.0988987891181
10,2,0.0,0,1,0.617851431086234
11,2,0.0,0,1,5.81411507558548
12,1,0.0,0,1,-1.40214589341018
13,2,0.0,0,1,-0.897757309708301
14,2,0.0,0,1,6.82489251928427
15,1,122.199738494621,0,1,3.18324658606477
16,1,142.711574018665,0,1,-1.74633124682358
17,1,0.0,0,1,-1.25497140241054
18,1,808.096652652745,0,1,-4.44771591956363
19,1,0.0,0,1,-1.0185989007352
20,1,0.0,0,1,4.93031994739948
21,1,0.0,0,1,-1.21622923242435
22,1,129.664605398174,0,1,-1.1021484216514
23,1,212.647443164182,0,1,-0.430781426464334
24,1,0.0,0,1,-0.748634060539866
25,1,0.0,0,1,1.82114172620403
26,1,0.0,0,1,-0.34538653466146
27,1,34.0766480855375,0,1,-0.652390950122592
28,1,0.0,0,1,-1.71607646073471
29,1,0.0,0,1,-0.685018428544777
30,1,68.0129097554764,0,1,-0.947964979251825
31,3,0.0,0,1,0.0
32,1,0.0,0,1,-1.54974666504142
33,1,0.0,0,1,-1.24510002539206
34,2,0.0,0,1,-0.655309114626683
35,1,0.0,0,1,-0.291367587593686
36,1,0.0,0,1,0.389101389868594
37,1,0.0,0,1,-1.00621057209482
38,1,46.2208625481746,0,1,-1.76927926983628
39,1,0.0,0,1,-0.829811028393161
40,2,0.0,0,1,1.04758412628664
41,1,195.204875332355,0,1,-1.85285700521778
42,1,0.0,0,1,-2.13336401475857
43,1,70.1644039216427,0,1,-1.38412510916667
44,1,0.0,0,1,0.713408255361604
45,2,0.0,0,1,-1.34528232584024
46,1,366.192914871736,0,1,-2.32748031876392
47,2,0.0,0,1,3.9019359989171
48,2,0.0,0,1,-1.34528232584024
49,1,0.0,0,1,-2.63559007808691
50,1,0.0,0,1,-1.41358522542474
51,1,0.0,0,1,-1.1873859058165
52,1,0.0,0,1,-1.55191218860693
53,1,0.0,0,1,-1.98366500308389
54,2,0.0,0,1,1.33181203277377
55,1,0.0,0,1,-0.935103137469849
56,1,0.0,0,1,-1.49726391348788
57,1,0.0,0,1,-3.43093215814567
