bus_number,bus_type,P_demand,Q_demand,voltage_mag,voltage_ang
1,1,0.0,0,1,-0.760229102442239
2,2,0.0,0,1,-0.447312064651445
3,1,78.2931733686988,0,1,-3.24758231948196
4,3,0.0,0,1,0.0
5,1,0.0,0,1,-2.97991799174156
6,1,0.0,0,1,0.207860151986662
7,2,0.0,0,1,-0.141503083124818
8,1,13.9797351661836,0,1,-3.27504216514213
9,1,0.0,0,1,-3.08498993628634
10,1,49.6164370744787,0,1,-1.57282321016401
11,2,0.0,0,1,2.21607671144864
12,1,0.0,0,1,-0.0531492266836646
13,1,0.0,0,1,-2.85227720101265
14,1,0.0,0,1,-2.4517939696838
15,1,245.68638738377,0,1,-4.96784841691718
16,1,0.0,0,1,1.54661279911082
17,2,0.0,0,1,-0.87044537961087
18,2,0.0,0,1,-3.0526442956277
19,2,0.0,0,1,-1.8654918347967
20,2,0.0,0,1,-3.24099463846104
21,1,0.0,0,1,-2.33950038251142
22,1,0.0,0,1,-4.10633945604325
23,1,0.0,0,1,-1.18669439020556
24,2,0.0,0,1,-3.01181076555604
25,1,0.0,0,1,-2.00794885063919
26,1,0.0,0,1,-1.43368687899656
27,2,0.0,0,1,-0.672205985007982
28,1,31.9576474532233,0,1,-3.2799408974573
29,2,0.0,0,1,-3.85516512146519
30,1,165.354360293945,0,1,-1.50918665683341
31,1,0.0,0,1,0.0445077469731009
32,2,0.0,0,1,-0.936041466105916
33,2,0.0,0,1,-1.24648381919847
34,1,196.477065046194,0,1,-4.2809741101879
35,1,22.8445359649841,0,1,-3.23737352622502
36,1,215.271364194067,0,1,-4.19628885516905
37,1,3.48969537868491,0,1,-2.64624759461641
38,1,856.265700048848,0,1,-4.4863873861719
39,1,0.0,0,1,-2.58663522595092
40,2,0.0,0,1,-0.450384453593313
41,1,0.0,0,1,-1.79437119329384
42,1,0.0,0,1,-3.35227776445634
43,1,0.0,0,1,-3.81374321701544
44,2,0.0,0,1,-1.46915611782159
45,1,316.302671473489,0,1,-1.99638302346718
46,1,0.0,0,1,-2.48202099007964
47,1,0.0,0,1,-2.61627577624637
48,1,285.959214315579,0,1,-2.66338528286229
49,1,217.438478958313,0,1,-2.56591640795851
50,1,0.0,0,1,-1.09918026127923
51,1,55.3741273621441,0,1,-0.963507046598748
52,1,0.0,0,1,-2.09494017752557
53,1,0.0,0,1,-1.51083347099113
54,1,0.0,0,1,-1.97267109882293
55,1,0.0,0,1,-1.55032657145369
56,1,0.0,0,1,-2.34258921518022
57,1,0.0,0,1,-0.688707114995231
