cost_model,startup,shutdown,n_coefficients,coeff_n,coeff1,coeff0
2,0,0,3,0.0,0.0,0.0
2,0,0,3,0.0072679701909223,37.8854029180329,1580.15306499696
2,0,0,3,0.0,0.0,0.0
2,0,0,3,0.0077886188817897,52.2024777104015,2842.19665484114
2,0,0,3,0.0,0.0,0.0
2,0,0,3,0.0069713152096516,27.6333549731833,550.611163201169
2,0,0,3,0.0,0.0,0.0
2,0,0,3,0.0,0.0,0.0
2,0,0,3,0.00773724396109,54.7676998484013,349.012481724018
2,0,0,3,0.0,0.0,0.0
2,0,0,3,0.0,0.0,0.0
2,0,0,3,0.0,0.0,0.0
