bus_number,bus_type,P_demand,Q_demand,voltage_mag,voltage_ang
1,3,0.0,0,1,0.0
2,2,0.0,0,1,1.60145881103302
3,2,0.0,0,1,-0.147695563086135
4,1,446.379687154764,0,1,-6.08420445192573
5,2,0.0,0,1,0.547950742467305
6,1,0.0,0,1,-3.65539877343014
7,2,0.0,0,1,-8.71305072560173
8,1,267.923519497857,0,1,-10.8792571605777
9,1,39.5744670281112,0,1,-3.19135077024109
10,1,0.0,0,1,-0.850475752033161
11,1,0.0,0,1,-3.28504589674353
12,2,0.0,0,1,-9.90665362399616
13,1,0.0,0,1,-6.45517115892135
14,1,0.0,0,1,-7.05410607139323
15,1,13.526395518603,0,1,-8.01878032553054
16,1,79.9879646371064,0,1,-9.90665362399616
17,2,0.0,0,1,-2.11766119015198
18,1,17.4568647357058,0,1,-2.00470425847503
19,1,0.0,0,1,-3.39754979097229
20,1,193.968782201805,0,1,-10.5094737651497
21,1,42.9491862904304,0,1,-4.85800861832594
22,1,202.393057787118,0,1,-7.73037343228058
23,1,0.0,0,1,-0.808526620951411
24,1,0.0,0,1,-2.84250594566054
25,2,0.0,0,1,5.44112281066123
26,1,0.0,0,1,1.40229309868644
27,1,0.0,0,1,-5.05841826956288
28,2,0.0,0,1,-2.63449597026141
29,1,0.0,0,1,-4.84906741194051
30,2,0.0,0,1,-6.81362422801065
31,1,79.9527763299989,0,1,-6.01011976959337
32,1,63.9676906361949,0,1,-4.0926436567386
33,1,0.0,0,1,-5.10066804609693
34,1,0.0,0,1,-3.40591630590672
35,2,0.0,0,1,-3.10775060172907
36,1,0.0,0,1,-4.27833937279858
37,1,0.0,0,1,-4.59473982696344
38,2,0.0,0,1,-3.99641505289405
39,1,244.531743169535,0,1,-4.86328747591554
40,1,94.0970418992645,0,1,-6.31491856394051
41,1,10.6059265229479,0,1,-3.8423500658563
42,2,0.0,0,1,-3.28939530102133
43,1,0.0,0,1,-1.53212840837996
44,1,0.0,0,1,-2.71631699346652
45,1,0.0,0,1,-4.88696579391166
46,2,0.0,0,1,-3.88342092489347
47,2,0.0,0,1,-5.44535102171558
48,1,53.0200790410656,0,1,-5.96235898942597
49,1,0.0,0,1,-3.71005023685952
50,1,113.937258486359,0,1,-7.45161200851081
51,1,518.762902313874,0,1,-7.13543394828587
52,2,0.0,0,1,-0.54952800296345
53,1,1.31875065079489,0,1,-4.1347659015658
54,1,269.956499581067,0,1,-8.97102700697277
55,1,0.0,0,1,-6.23047463259747
56,2,0.0,0,1,-6.68997330017166
57,1,0.0,0,1,-0.929245049052145
