bus_number,bus_type,P_demand,Q_demand,voltage_mag,voltage_ang
1,1,228.338411312817,0,1,-6.79357382917049
2,3,0.0,0,1,0.0
3,1,0.0,0,1,-4.93125519790965
4,1,0.0,0,1,-6.67827093730866
5,2,0.0,0,1,-1.49686226596364
6,1,0.0,0,1,-3.07764970493962
7,1,0.0,0,1,-3.62576281564721
8,1,0.0,0,1,-4.40133266268462
9,1,95.870873062625,0,1,-3.58467939474434
10,1,0.0,0,1,-3.21149858647666
11,1,0.0,0,1,-1.05644564943139
12,1,0.0,0,1,-0.616849381540326
13,2,0.0,0,1,-1.75760213624643
14,1,84.2428486417184,0,1,-2.54698320159499
15,1,56.116416428318,0,1,-2.48893462479667
16,2,0.0,0,1,-4.87452948348148
17,1,106.652825422678,0,1,-6.43890264857586
18,1,137.801079975475,0,1,-3.95252365899241
19,1,151.847272159415,0,1,-5.806005337766
20,2,0.0,0,1,-4.25957223868002
21,1,0.0,0,1,-2.95835247920489
22,1,182.928441104967,0,1,-4.86214466525567
23,1,0.0,0,1,-7.05072893252677
24,2,0.0,0,1,-3.82968376755391
25,2,0.0,0,1,-2.1907408018626
26,1,642.051006696456,0,1,-8.02627519167871
27,1,0.0,0,1,-6.39117307832603
28,2,0.0,0,1,-7.29235961256338
29,2,0.0,0,1,-4.85925026063132
30,2,0.0,0,1,0.409140740431413
31,1,43.939133417327,0,1,-5.24841688559377
32,1,0.0,0,1,-3.24614710610286
33,1,0.0,0,1,-6.16512718439444
34,1,26.5938838537864,0,1,-7.11351494324562
35,1,69.9208900502142,0,1,-8.22402562663555
36,1,279.160964047196,0,1,-0.348305162290606
37,1,0.0,0,1,1.66463446840603
38,2,0.0,0,1,-6.77712905754177
39,1,77.053534123235,0,1,-6.3991011476804
40,1,0.0,0,1,-3.24725807345166
41,1,0.0,0,1,-4.33966156806716
42,1,138.525296544941,0,1,-9.824946829324
43,1,10.7394743963379,0,1,-6.35708291908943
44,2,0.0,0,1,-2.52538519579143
45,2,0.0,0,1,-3.92442878688409
46,1,0.0,0,1,-2.52538519579143
47,2,0.0,0,1,2.94327889525688
48,1,0.0,0,1,-4.46698937581289
49,2,0.0,0,1,-5.04945209723646
50,1,204.885961701843,0,1,-6.83439076056803
51,1,99.7405188992199,0,1,-8.22869754599021
52,1,1.8236642118144,0,1,-5.22340188054905
53,1,0.0,0,1,-3.9448422054618
54,1,0.0,0,1,-5.67844515852232
55,1,0.0,0,1,-5.65192014567379
56,2,0.0,0,1,-4.01295368628238
57,1,0.0,0,1,-3.84070003379108
