bus_number,bus_type,P_demand,Q_demand,voltage_mag,voltage_ang
1,1,0.0,0,1,-2.0713913122379
2,3,0.0,0,1,0.0
3,1,0.0,0,1,-0.636691558432074
4,1,180.470733173745,0,1,-2.91219167672659
5,1,145.857083262733,0,1,-3.47537546606967
6,1,616.067925652912,0,1,-1.49736791674371
7,2,0.0,0,1,-1.18728348040681
8,2,0.0,0,1,-1.19435310401192
9,1,0.0,0,1,-1.69516435170918
10,1,331.083085477335,0,1,-2.72548801045561
11,1,0.0,0,1,0.0497062532792028
12,1,0.0,0,1,-0.591985976311482
13,2,0.0,0,1,-1.26176452088756
14,2,0.0,0,1,1.15572790957439
15,1,0.0,0,1,-0.790698147614397
16,1,61.0549636704834,0,1,-4.45804862866773
17,1,0.0,0,1,-0.603646516526534
18,1,0.0,0,1,-2.87711420525443
19,2,0.0,0,1,-0.268136345213944
20,1,46.3394442634308,0,1,-1.95236876355626
21,1,0.0,0,1,-1.92902482073273
22,1,19.0208490970728,0,1,-2.96582827133303
23,1,199.455271105399,0,1,-1.72807215144624
24,2,0.0,0,1,-3.3578911066625
25,1,0.0,0,1,-2.10315398183546
26,1,0.0,0,1,-4.59203183979616
27,1,98.1940459521986,0,1,-3.45092912476387
28,2,0.0,0,1,-1.13257749781992
29,1,0.0,0,1,-2.24963809336283
30,1,332.543147846301,0,1,-5.00494300737386
31,1,0.0,0,1,0.50145942400712
32,1,155.123024622108,0,1,-0.0225017546519625
33,1,0.0,0,1,-2.92327450415556
34,1,0.0,0,1,-2.44809275831961
35,1,24.9838123963524,0,1,1.80127120777664
36,2,0.0,0,1,2.26494169627638
37,2,0.0,0,1,2.69147193876825
38,2,0.0,0,1,1.61663436626338
39,1,0.0,0,1,1.24102883975769
40,2,0.0,0,1,1.26203503018317
41,1,0.0,0,1,1.69319846815885
42,2,0.0,0,1,0.138465432679744
43,1,118.204266660992,0,1,0.502647940026901
44,1,0.0,0,1,-0.0612123352499548
45,1,0.0,0,1,-0.558931769753874
46,1,0.0,0,1,0.778783721173329
47,2,0.0,0,1,-1.18532660282554
48,1,178.162043645687,0,1,-0.847602129530223
49,2,0.0,0,1,-0.0599415437287131
50,1,108.931930042416,0,1,-1.63169092461704
51,1,0.0,0,1,-0.999055271615667
52,2,0.0,0,1,-0.788114611242294
53,1,0.0,0,1,-2.14208521812179
54,2,0.0,0,1,-0.593817157815019
55,2,0.0,0,1,-0.791550221263669
56,1,0.0,0,1,-3.10611147874423
57,1,138.818966613436,0,1,-2.56050492376445
