bus_number,bus_type,P_demand,Q_demand,voltage_mag,voltage_ang
1,1,34.4715223602568,0,1,-0.361049333483119
2,1,0.0,0,1,-0.518643722105286
3,1,291.395326182612,0,1,-0.0823577904926562
4,2,0.0,0,1,1.43470687939367
5,1,46.3603114560932,0,1,-0.497447833417067
6,3,0.0,0,1,0.0
7,1,0.0,0,1,0.0013379430806709
8,1,29.4859288994701,0,1,1.84518457656071
9,1,0.0,0,1,3.17449254712121
10,1,152.458928217101,0,1,3.93612531491186
11,1,171.416044752547,0,1,-1.42010780609179
12,1,0.0,0,1,-0.180893721210368
13,1,262.629927169564,0,1,-3.39396304648096
14,1,0.0,0,1,0.530567567855946
15,1,0.0,0,1,-0.75356285909784
16,1,0.0,0,1,1.09713016588118
17,1,33.8884786281162,0,1,1.97733571044516
18,1,0.0,0,1,3.20029913794192
19,1,0.0,0,1,0.688741778551948
20,2,0.0,0,1,4.44787890048657
21,1,0.0,0,1,1.69912513716704
22,1,0.0,0,1,1.37521092179228
23,2,0.0,0,1,0.719995271369104
24,1,0.0,0,1,0.229866851273086
25,1,115.39110596257,0,1,1.16655498621485
26,2,0.0,0,1,-1.00093478757604
27,2,0.0,0,1,2.23303272249272
28,1,0.0,0,1,4.90475866889067
29,1,0.0,0,1,1.19261844853004
30,2,0.0,0,1,5.42488961624543
31,1,71.4861111444144,0,1,-1.00093478757604
32,2,0.0,0,1,6.50330957609969
33,2,0.0,0,1,1.31477487759747
34,2,0.0,0,1,4.90475866889067
35,1,0.0,0,1,0.456797871964644
36,1,214.160345779915,0,1,-1.53463397834465
37,1,208.460375659101,0,1,0.134573316138188
38,1,0.0,0,1,0.108863946937001
39,2,0.0,0,1,0.089857066602462
40,1,78.9669550437952,0,1,-0.567735617495439
41,1,0.0,0,1,-0.365529963580827
42,1,0.0,0,1,-0.122807304208578
43,2,0.0,0,1,0.839401282621647
44,1,0.0,0,1,0.245580396742582
45,1,0.0,0,1,-0.428291195420041
46,1,29.4131320537734,0,1,-1.0466755302197
47,1,0.0,0,1,-0.378817543506083
48,2,0.0,0,1,0.304651505954188
49,1,0.0,0,1,-0.37593889370207
50,2,0.0,0,1,0.210088619701346
51,1,282.230908970643,0,1,-1.18834633494961
52,1,180.698493579553,0,1,-0.688826242694683
53,2,0.0,0,1,-0.176280442036878
54,2,0.0,0,1,-0.176356931989155
55,1,0.0,0,1,-0.206534987912146
56,1,551.396697623076,0,1,-0.995478683404845
57,1,0.0,0,1,-0.260060072493843
