bus_number,bus_type,P_demand,Q_demand,voltage_mag,voltage_ang
1,1,167.37887128346,0,1,-3.66913799821027
2,1,139.762616700096,0,1,-2.97621987156436
3,3,0.0,0,1,0.0
4,1,0.0,0,1,-1.31270938574188
5,1,0.0,0,1,-1.6866168533241
6,1,562.025288075396,0,1,-3.21092048183906
7,1,0.0,0,1,-4.07772726651287
8,1,161.34937788415,0,1,-5.87161360509498
9,1,0.0,0,1,-4.03168898416859
10,2,0.0,0,1,-2.63289278619399
11,1,0.0,0,1,-3.32381313626689
12,1,0.0,0,1,-2.44127802929198
13,1,0.0,0,1,-1.02887934753837
14,2,0.0,0,1,-1.51085057080378
15,1,342.36193753416,0,1,-2.42054196470636
16,1,79.8100123935523,0,1,-3.99345961214482
17,1,188.412330057684,0,1,-4.12910079351934
18,2,0.0,0,1,-1.7807648606848
19,1,0.0,0,1,-3.50169486127867
20,2,0.0,0,1,4.84986336909959
21,1,102.030680120126,0,1,-3.88128587111206
22,1,127.978179059514,0,1,-2.10621765607774
23,1,0.0,0,1,-3.23844544886547
24,1,0.0,0,1,-3.34120647959261
25,1,0.0,0,1,-2.79272551796757
26,1,29.3488910234607,0,1,-5.15055757715146
27,2,0.0,0,1,-1.94974719033759
28,1,0.0,0,1,-2.75447815520965
29,1,0.0,0,1,-3.44898342534811
30,1,0.0,0,1,-2.8061802286011
31,1,0.0,0,1,-3.30028005130108
32,2,0.0,0,1,-2.1861687308937
33,1,249.762599214687,0,1,-3.89202156417104
34,1,0.0,0,1,-2.63323372943975
35,1,138.238627603985,0,1,-2.02748295204729
36,1,0.0,0,1,-2.13725065109062
37,1,136.822805311834,0,1,-3.57159772025858
38,1,0.0,0,1,-2.42385709852504
39,2,0.0,0,1,-2.47683133668856
40,2,0.0,0,1,-1.80993509563288
41,1,0.0,0,1,-2.51498189042892
42,1,0.0,0,1,-2.20236050195105
43,1,0.0,0,1,-2.02777385602217
44,1,0.0,0,1,-2.49973454790732
45,1,122.216544824343,0,1,-2.3014893334339
46,2,0.0,0,1,-2.54114709489757
47,1,0.0,0,1,-3.01348095491488
48,1,0.0,0,1,-2.61844702364462
49,2,0.0,0,1,-1.89769459677623
50,1,0.0,0,1,-3.39461082762684
51,1,0.0,0,1,-2.26051702025681
52,1,0.0,0,1,-2.06050833250149
53,2,0.0,0,1,-2.55399044689345
54,1,0.0,0,1,-2.98052772143817
55,1,130.79198232196,0,1,-2.294748790412
56,2,0.0,0,1,-2.54114709489757
57,1,76.0198500741939,0,1,-3.58672493182236
