bus_number,bus_type,P_demand,Q_demand,voltage_mag,voltage_ang
1,1,0.0,0,1,-1.59785198246056
2,2,0.0,0,1,-1.16782946823404
3,1,0.0,0,1,-1.21770343945119
4,1,0.0,0,1,-1.83620393024663
5,1,0.0,0,1,-2.36159096320575
6,2,0.0,0,1,2.11553676408885
7,1,0.0,0,1,-3.18763226931112
8,1,74.9020650233586,0,1,-1.70277674347424
9,1,0.0,0,1,-0.808448083462434
10,1,64.5623387753008,0,1,-0.0848536357043715
11,1,0.0,0,1,-0.270193814033921
12,1,0.0,0,1,-0.436135389151845
13,1,260.896239140922,0,1,-3.61132450103357
14,2,0.0,0,1,-1.42298320533998
15,1,0.0,0,1,-1.68944810456564
16,1,200.308936260902,0,1,-2.36074367036479
17,1,257.571897370443,0,1,-2.04566955240829
18,1,0.0,0,1,0.665759523435591
19,1,0.0,0,1,-0.329401492154494
20,1,0.0,0,1,0.0496598002321261
21,1,0.0,0,1,-1.50711309581298
22,1,0.0,0,1,-1.08851101468325
23,2,0.0,0,1,1.36007302625356
24,1,0.0,0,1,-0.942133165182401
25,1,69.5481371071649,0,1,-1.04712602890675
26,1,123.376709011727,0,1,-1.03467682436942
27,1,0.0,0,1,-1.47876601322944
28,2,0.0,0,1,0.463874782125897
29,1,0.0,0,1,-1.04041586608161
30,1,0.0,0,1,-1.07937133983601
31,2,0.0,0,1,-1.3371499839983
32,1,0.0,0,1,-0.777316601747937
33,1,32.3161136209838,0,1,-0.1818295062599
34,3,0.0,0,1,0.0
35,1,0.0,0,1,-1.98288223357373
36,1,0.0,0,1,-2.43189326108569
37,2,0.0,0,1,-1.07937133983601
38,2,0.0,0,1,-1.98288223357373
39,1,619.78505053729,0,1,-2.40373893806808
40,1,0.0,0,1,-2.59684898706531
41,1,0.0,0,1,-2.16687249935225
42,1,0.0,0,1,-2.41935918678302
43,1,376.266334359376,0,1,-0.993809367569186
44,1,0.0,0,1,-1.82140323330466
45,1,357.781289949921,0,1,-2.87326015902634
46,1,310.867438980656,0,1,-2.68564417000407
47,1,0.0,0,1,-0.554942049304533
48,1,0.0,0,1,-1.38704438504079
49,1,0.0,0,1,-2.25977450333669
50,1,0.0,0,1,-1.41033001819347
51,2,0.0,0,1,-1.59882973809443
52,1,0.0,0,1,-1.82540585900321
53,2,0.0,0,1,-1.09184481174912
54,1,0.0,0,1,-2.22005805572984
55,2,0.0,0,1,-2.00422685511062
56,2,0.0,0,1,-1.13886907936541
57,1,6.12804334455746,0,1,-0.665602679788834
