bus_number,bus_type,P_demand,Q_demand,voltage_mag,voltage_ang
1,1,0.0,0,1,-3.30924683229264
2,1,0.0,0,1,-1.00385833671006
3,1,288.196172532774,0,1,-0.789860679471265
4,1,1.39831141358589,0,1,-0.0686578156352157
5,2,0.0,0,1,-0.805971292720776
6,1,0.0,0,1,-0.626729592133555
7,1,251.447755945739,0,1,-3.57069594116398
8,1,104.401986388893,0,1,-0.405497289013341
9,1,461.840146644274,0,1,-1.97094806501684
10,3,0.0,0,1,0.0
11,1,0.0,0,1,-1.18452991344158
12,1,0.0,0,1,-1.08394525316518
13,1,148.530549423534,0,1,-1.88384320558987
14,1,0.0,0,1,-0.718464347501947
15,1,0.706173071183916,0,1,-1.24544235563932
16,1,0.0,0,1,-1.56338480813795
17,1,0.0,0,1,-0.541851141605929
18,1,0.0,0,1,-0.209927571540675
19,1,0.0,0,1,-1.17884618303835
20,1,8.51191814685675,0,1,-0.984935484921933
21,1,0.0,0,1,-0.796008280218546
22,1,461.106605243127,0,1,-0.370486411935564
23,1,0.0,0,1,-0.0221598061523035
24,2,0.0,0,1,-0.305056285491639
25,1,0.0,0,1,0.334155885472841
26,1,25.7141459200856,0,1,-1.34642676125885
27,2,0.0,0,1,0.188476958034665
28,1,0.0,0,1,-0.69923037059288
29,1,0.0,0,1,-0.399800049767351
30,2,0.0,0,1,0.962212678706786
31,1,52.4408930513651,0,1,-0.587332195640638
32,1,0.0,0,1,-0.0409794116354161
33,1,0.0,0,1,5.80068772073933
34,1,254.899003343722,0,1,-0.243284611396746
35,2,0.0,0,1,2.37038544094346
36,2,0.0,0,1,7.67057327236768
37,1,0.0,0,1,-0.294909637653148
38,1,0.0,0,1,-0.299452847348553
39,2,0.0,0,1,-0.0475187043888508
40,1,0.0,0,1,3.26832275870961
41,1,0.0,0,1,-0.154107480653645
42,1,31.3980365194053,0,1,-0.64763924959161
43,2,0.0,0,1,0.252313610476478
44,1,0.0,0,1,-0.800718054139489
45,1,271.214408992891,0,1,-1.08193665121317
46,1,71.2122664178772,0,1,0.0340661406182646
47,1,19.2583721233664,0,1,-0.94627056873671
48,2,0.0,0,1,0.570822150125561
49,1,147.91611633114,0,1,-0.445276696081716
50,1,0.0,0,1,-0.423784493686926
51,2,0.0,0,1,-0.195561927512634
52,2,0.0,0,1,-0.647245719889082
53,1,75.4385893633454,0,1,-1.07394072814537
54,1,11.7001933025959,0,1,-1.42815883625245
55,1,0.0,0,1,-1.43909155993177
56,1,0.0,0,1,-1.44989365659717
57,2,0.0,0,1,0.272839071087611
