cost_model,startup,shutdown,n_coefficients,coeff_n,coeff1,coeff0
2,0,0,3,0.0068606020531758,33.228100568123,210.739536620821
2,0,0,3,0.0054905925492292,48.7233191234395,1816.88247289304
2,0,0,3,0.0,0.0,0.0
2,0,0,3,0.0,0.0,0.0
2,0,0,3,0.0,0.0,0.0
2,0,0,3,0.0,0.0,0.0
2,0,0,3,0.0,0.0,0.0
2,0,0,3,0.0060910352397147,33.6264240188058,283.71812029265
2,0,0,3,0.0027398985544998,56.2199237442689,457.243666314526
2,0,0,3,0.0064342967125569,33.8748730379709,478.026466333539
2,0,0,3,0.0,0.0,0.0
2,0,0,3,0.0044767966149119,44.6479365062596,191.5903904696
2,0,0,3,0.0,0.0,0.0
2,0,0,3,0.0043579136099967,25.6509231134602,3256.54759801913
2,0,0,3,0.0,0.0,0.0
2,0,0,3,0.0,0.0,0.0
2,0,0,3,0.0,0.0,0.0
2,0,0,3,0.0,0.0,0.0
2,0,0,3,0.0032664398423299,50.4186634605277,484.149645814098
2,0,0,3,0.0043756497825871,48.2942534770485,584.670178478394
2,0,0,3,0.0,0.0,0.0
2,0,0,3,0.0,0.0,0.0
2,0,0,3,0.0,0.0,0.0
