bus_number,bus_type,P_demand,Q_demand,voltage_mag,voltage_ang
1,1,0.0,0,1,-0.543659927726131
2,1,155.138465318155,0,1,-1.12106105764427
3,3,0.0,0,1,0.0
4,2,0.0,0,1,-1.22648290976529
5,1,0.0,0,1,-0.117885755078357
6,1,0.0,0,1,-0.430220688198724
7,1,0.0,0,1,-1.22648290976529
8,1,0.0,0,1,-3.59409200236465
9,1,96.7899639156841,0,1,-1.10802568427479
10,1,122.166261479545,0,1,0.208303483751987
11,1,34.2855570264543,0,1,-1.33767629282431
12,1,192.88470663617,0,1,-1.99694035342483
13,2,0.0,0,1,0.367594550663658
14,1,0.0,0,1,-0.244762304154084
15,1,55.6542072700788,0,1,-5.42051685893357
16,2,0.0,0,1,-1.75749970473945
17,1,136.872318460582,0,1,-1.56093645769791
18,1,0.0,0,1,-1.30714165532059
19,2,0.0,0,1,1.68830806063137
20,1,792.792087365416,0,1,-2.93134434300643
21,1,187.620298906932,0,1,-2.39321508371965
22,1,0.0,0,1,-0.246920460714686
23,2,0.0,0,1,-1.99070751476566
24,1,0.0,0,1,-0.91475694235308
25,1,0.0,0,1,1.07592508132169
26,1,0.0,0,1,-1.61218301428172
27,2,0.0,0,1,-1.31381379938499
28,2,0.0,0,1,0.494587458283895
29,1,0.0,0,1,-2.02120426581639
30,1,34.6849365699014,0,1,-1.38547705477981
31,1,0.0,0,1,-1.95235517028496
32,1,241.744521542102,0,1,-4.46869275444942
33,1,508.405674952491,0,1,-2.18709691712366
34,2,0.0,0,1,-0.570990323350017
35,1,0.0,0,1,-1.55400843218738
36,2,0.0,0,1,-2.03942285960577
37,1,7.04304673154951,0,1,-1.89730238987359
38,1,0.0,0,1,-1.93525366454159
39,2,0.0,0,1,-3.13972813667035
40,2,0.0,0,1,-0.89853849401136
41,1,0.0,0,1,-2.96712665337195
42,1,0.0,0,1,-1.33859667775701
43,1,8.94319007005799,0,1,-2.32933877749946
44,1,0.0,0,1,-2.27006618648286
45,2,0.0,0,1,-0.717209952622196
46,2,0.0,0,1,-1.47381850895732
47,1,43.6580373776743,0,1,-4.35673827030057
48,1,0.0,0,1,-3.26190233626604
49,1,0.0,0,1,-0.345671488393546
50,1,0.0,0,1,-6.56535243383477
51,1,8.17215568083049,0,1,-1.00278344817279
52,2,0.0,0,1,-1.49312391142337
53,1,0.0,0,1,-0.356194989807101
54,1,30.1112989452234,0,1,-0.93752504113758
55,2,0.0,0,1,-0.148338748316862
56,2,0.0,0,1,-1.2264829097653
57,1,97.3438652337534,0,1,-7.36716252054473
