cost_model,startup,shutdown,n_coefficients,coeff_n,coeff1,coeff0
2,0,0,3,0.0,0.0,0.0
2,0,0,3,0.0059520577924424,52.8382585452023,32.8218229263311
2,0,0,3,0.0,0.0,0.0
2,0,0,3,0.0,0.0,0.0
2,0,0,3,0.0,0.0,0.0
2,0,0,3,0.0,0.0,0.0
2,0,0,3,0.0,0.0,0.0
2,0,0,3,0.0061887250738152,31.9372291681952,2940.83109992031
2,0,0,3,0.0036027920799665,32.5259537354178,1989.82323685026
2,0,0,3,0.0066634228237674,36.2685771721569,49.8580294897317
2,0,0,3,0.0,0.0,0.0
2,0,0,3,0.0058283686038933,24.8134152678487,384.624923916683
2,0,0,3,0.0,0.0,0.0
2,0,0,3,0.0079584409222725,41.4159784669537,498.371108242717
