bus_number,bus_type,P_demand,Q_demand,voltage_mag,voltage_ang
1,1,0.0,0,1,-5.89787445166498
2,1,330.163876267775,0,1,-3.68485710999572
3,1,0.0,0,1,-8.03214449345568
4,1,9.32868835422006,0,1,-8.4716844140643
5,1,0.0,0,1,-1.45997451877806
6,1,281.455748557649,0,1,-5.34806959983275
7,1,0.0,0,1,-2.56791237889065
8,2,0.0,0,1,-0.759723775476996
9,1,0.0,0,1,-3.03757371411385
10,1,0.122511809229633,0,1,-12.58854154376
11,1,0.0,0,1,-3.62467031123904
12,1,59.4701314594302,0,1,-11.7016344211196
13,2,0.0,0,1,-8.48172613293632
14,1,0.0,0,1,-0.316226616023749
15,1,0.0,0,1,-1.45075284246529
16,1,0.0,0,1,-1.46563369306483
17,3,0.0,0,1,0.0
18,1,480.966165086586,0,1,-12.7264608942416
19,2,0.0,0,1,-12.5194513095809
20,2,0.0,0,1,-0.266287914040841
21,2,0.0,0,1,-0.0045037488786953
22,1,0.0,0,1,-0.859968767592422
23,1,346.27190429871,0,1,-0.59765918650484
24,1,0.0,0,1,-0.408329545238144
25,1,239.236645303331,0,1,-0.0753360651889331
26,1,0.0,0,1,-3.34929970518248e-05
27,2,0.0,0,1,-0.0084898253844643
28,2,0.0,0,1,-0.829997900014833
29,2,0.0,0,1,0.352213607902927
30,2,0.0,0,1,-1.43592593134381
31,1,278.524938778253,0,1,-0.0136392596134586
32,1,0.0,0,1,-1.42566618475039
33,1,0.0,0,1,-2.0006949475255
34,1,30.9387148542331,0,1,-0.344585770513816
35,2,0.0,0,1,-2.54273540216514
36,2,0.0,0,1,0.550357541913294
37,2,0.0,0,1,-1.08229160716478
38,1,0.0,0,1,-2.01817382031727
39,1,0.0,0,1,-3.65576390625776
40,1,75.3220832313528,0,1,-2.14596845143557
41,1,0.0,0,1,-3.60363502205479
42,1,0.0,0,1,-2.96654639077284
43,2,0.0,0,1,-0.504589654338296
44,1,126.090864597746,0,1,-5.79736084070638
45,1,47.1750025915518,0,1,-7.16344903288736
46,1,0.0,0,1,-0.908134901749192
47,1,0.0,0,1,-0.75630569635667
48,2,0.0,0,1,-5.1435344015896
49,1,14.2475277405758,0,1,-4.69635140373027
50,2,0.0,0,1,-3.46728927340474
51,1,135.471630252005,0,1,-4.58232283914902
52,1,0.0,0,1,-3.40890672305419
53,1,0.0,0,1,-2.00025575710948
54,1,17.3380930724899,0,1,-4.98634379540311
55,1,0.0,0,1,-3.93549197658701
56,2,0.0,0,1,-3.89409715179769
57,1,282.186067227465,0,1,-6.40633768445941
