bus_number,P_output,Q_output,voltage_mag,gen_status,P_max,P_min
3,254.195895284462,0,1,1,254.195895284432,0
6,71.7706282869434,0,1,1,71.7706283171711,0
7,0.0,0,1,0,395.573780121849,0
8,738.522811982393,0,1,1,738.5228119824,0
9,12.2544675070792,0,1,1,12.2544675070126,0
12,93.2504050040989,0,1,1,93.2504050040723,0
17,0.0,0,1,0,277.200751904755,0
20,86.3080789366667,0,1,1,86.3080789366345,0
24,81.3586861000151,0,1,1,81.3586860999867,0
27,243.513580951535,0,1,1,346.912146988106,0
31,160.569991967252,0,1,1,178.159625744438,0
33,0.0,0,1,0,368.960565517218,0
39,681.674085703089,0,1,1,953.212089770027,0
43,14.9333202119589,0,1,1,14.9333202119444,0
50,6.69108501058616,0,1,1,6.69108501054963,0
51,258.230642787833,0,1,1,332.036495275006,0
53,51.036913748631,0,1,1,51.0369137487185,0
