bus_number,bus_type,P_demand,Q_demand,voltage_mag,voltage_ang
1,1,0.0,0,1,-0.246760259509473
2,1,0.0,0,1,0.106168645225397
3,1,173.298037662172,0,1,-3.32724648507829
4,1,5.9233621902947,0,1,-0.838339643583392
5,1,167.408099292247,0,1,-1.46394075181569
6,1,123.353332611393,0,1,-2.67382315115025
7,1,0.0,0,1,-0.478362588652749
8,1,0.0,0,1,-0.417205781952921
9,1,3.05889889241704,0,1,-1.56871340922478
10,1,0.0,0,1,-3.08604595547374
11,1,28.9125998503746,0,1,-2.10320510746805
12,1,0.0,0,1,-2.44066910741156
13,1,42.7641822297707,0,1,-2.18676858689189
14,2,0.0,0,1,-2.48265510433077
15,1,136.534516111375,0,1,-3.57580751364381
16,1,30.8111932313131,0,1,-2.61777806146968
17,1,0.0,0,1,-1.12607249129496
18,1,61.710169919318,0,1,-1.39631276380519
19,1,44.6424042935623,0,1,-0.710491627533123
20,1,83.3323288376054,0,1,-4.41893143048148
21,1,116.412863606825,0,1,-2.86315142428506
22,1,23.7873224459169,0,1,-0.222094145434318
23,3,0.0,0,1,0.0
24,2,0.0,0,1,1.65349765786081
25,2,0.0,0,1,-0.387656015772334
26,2,0.0,0,1,-2.72383842111378
27,2,0.0,0,1,0.972749684221687
28,1,0.0,0,1,-0.263283278760565
29,2,0.0,0,1,0.525362721187584
30,1,81.2286271515997,0,1,-0.119091070475876
31,1,0.0,0,1,0.396903607596185
32,2,0.0,0,1,-0.113434698425997
33,1,24.570963596723,0,1,1.33745334773157
34,1,0.0,0,1,1.55944018608894
35,1,0.0,0,1,-1.4047450868491
36,1,53.6692862968439,0,1,-1.52996919041553
37,1,63.4382888553848,0,1,-0.0738264387517107
38,2,0.0,0,1,2.10202073556273
39,2,0.0,0,1,-1.95646159879811
40,1,218.387188914918,0,1,-1.27740214738172
41,1,304.378139422809,0,1,-1.96916292147896
42,1,165.43654316277,0,1,-0.831526644431091
43,1,139.276550216347,0,1,-3.32593390796449
44,1,85.257578345238,0,1,-0.699801051514013
45,1,0.0,0,1,-0.555991226278431
46,1,182.937187383279,0,1,-0.463502143250418
47,2,0.0,0,1,-0.868422996078311
48,2,0.0,0,1,3.67604219764443
49,1,0.0,0,1,-0.810639407119768
50,1,0.0,0,1,-2.09621389477661
51,2,0.0,0,1,-0.0852305572483338
52,1,108.079647527482,0,1,2.52811672728803
53,2,0.0,0,1,-0.542969239582177
54,1,177.03610089669,0,1,-0.879229750506597
55,1,53.9005500817816,0,1,-1.10276641381654
56,1,54.7646304561529,0,1,-3.77712369893622
57,1,0.0,0,1,-1.98152851821
