cost_model,startup,shutdown,n_coefficients,coeff_n,coeff1,coeff0
2,0,0,3,0.0,0.0,0.0
2,0,0,3,0.0,0.0,0.0
2,0,0,3,0.0020016839457419,31.4696514389641,1775.83748822028
2,0,0,3,0.0023942516241809,44.4178698546984,2347.13238029793
2,0,0,3,0.0,0.0,0.0
2,0,0,3,0.0,0.0,0.0
2,0,0,3,0.0,0.0,0.0
2,0,0,3,0.0,0.0,0.0
2,0,0,3,0.0,0.0,0.0
2,0,0,3,0.0037201555966819,39.4923686252224,240.327679581537
2,0,0,3,0.0,0.0,0.0
2,0,0,3,0.0057860204116369,28.0740723534564,1834.50943066396
2,0,0,3,0.0053124801510073,56.6293675681105,181.098276695288
2,0,0,3,0.0076294763475871,45.5015684606449,552.529603220833
