bus_number,bus_type,P_demand,Q_demand,voltage_mag,voltage_ang
1,1,70.6133464925905,0,1,-4.77537672838706
2,1,0.0,0,1,-1.2303400265995
3,1,0.0,0,1,-3.65230812885333
4,1,0.0,0,1,-2.68368847032805
5,2,0.0,0,1,-4.26724223698049
6,1,0.0,0,1,-4.59273039191902
7,1,127.605232835416,0,1,-2.23895868514862
8,3,0.0,0,1,0.0
9,1,0.0,0,1,-0.074719531584871
10,2,0.0,0,1,-1.69961351231977
11,1,0.0,0,1,-6.37813410703632
12,1,184.870795613744,0,1,-5.4225595477287
13,1,0.0,0,1,-5.42655969738113
14,1,48.7325806851553,0,1,-9.1920928263116
15,1,0.0,0,1,-5.93841650704181
16,2,0.0,0,1,-1.61760509878165
17,2,0.0,0,1,3.14372958599664
18,1,64.249674544555,0,1,0.967053543904291
19,1,111.296092941149,0,1,2.65986867782733
20,1,0.0,0,1,-4.47212980477062
21,1,0.0,0,1,-0.851221498387598
22,1,0.0,0,1,-1.46749437984823
23,1,63.7797543521611,0,1,-6.85921046219665
24,1,40.9674465857304,0,1,-6.03128741690125
25,1,0.0,0,1,-4.21995385268661
26,2,0.0,0,1,-4.59273039191902
27,1,0.0,0,1,-3.48264816099037
28,1,475.467230775414,0,1,-4.08224775470474
29,1,557.06113782643,0,1,-4.60134600906345
30,1,0.0,0,1,-4.63760949922135
31,1,68.6249336370154,0,1,-4.57156943639323
32,2,0.0,0,1,-2.65380303323808
33,2,0.0,0,1,-3.69670527918169
34,1,0.0,0,1,-4.31429217476751
35,1,0.0,0,1,-4.34279073024297
36,2,0.0,0,1,-3.25679945616751
37,1,0.0,0,1,-3.4197246437935
38,2,0.0,0,1,-3.44210029986643
39,1,479.756907049995,0,1,-4.65539072248048
40,1,62.0050634985303,0,1,-2.08253760438535
41,1,0.0,0,1,-4.19787821383807
42,2,0.0,0,1,-2.43772474433667
43,1,0.0,0,1,-3.25679945616751
44,1,94.4846757797429,0,1,-4.99392466872212
45,2,0.0,0,1,-3.03352079457675
46,1,0.0,0,1,-3.59539275406787
47,1,79.0141331833937,0,1,-2.53461112361165
48,1,0.0,0,1,-3.41191784344761
49,1,0.0,0,1,-3.47049211944196
50,1,225.78158768158,0,1,-6.09217198466373
51,1,0.0,0,1,-3.75356311912534
52,1,0.0,0,1,-1.20925785786026
53,1,0.0,0,1,-3.03352079457675
54,1,0.0,0,1,-2.96784738406341
55,1,0.0,0,1,-3.01489914194014
56,1,0.0,0,1,-3.75932080808438
57,2,0.0,0,1,-0.275692231219277
