cost_model,startup,shutdown,n_coefficients,coeff_n,coeff1,coeff0
2,0,0,3,0.0,0.0,0.0
2,0,0,3,0.0,0.0,0.0
2,0,0,3,0.0,0.0,0.0
2,0,0,3,0.0063291758385193,32.1450868585698,3351.11335426135
2,0,0,3,0.0036597780930781,40.9193410412853,336.880666337439
2,0,0,3,0.0,0.0,0.0
2,0,0,3,0.0,0.0,0.0
2,0,0,3,0.0048219198725913,27.1901777013206,35.3498373235844
2,0,0,3,0.0051570237917812,29.7144842899356,558.357823281732
2,0,0,3,0.0,0.0,0.0
2,0,0,3,0.0035979274494784,53.0854042458637,624.120450557914
2,0,0,3,0.0028955017332014,50.2262887266768,232.539008228578
2,0,0,3,0.0,0.0,0.0
2,0,0,3,0.005068477748412,49.8390639808235,563.801955983136
2,0,0,3,0.0,0.0,0.0
2,0,0,3,0.0,0.0,0.0
2,0,0,3,0.0038191819124949,33.567304664497,124.607124246668
2,0,0,3,0.0,0.0,0.0
2,0,0,3,0.0,0.0,0.0
2,0,0,3,0.0073200199645942,53.580832708064,547.538486469859
2,0,0,3,0.0,0.0,0.0
