bus_number,P_output,Q_output,voltage_mag,gen_status,P_max,P_min
2,635.157936203384,0,1,1,973.082628114545,0
9,247.818257867949,0,1,1,247.818257867949,0
10,0.0,0,1,0,342.983347208779,0
13,183.610311637079,0,1,1,183.610311637079,0
26,262.824525012229,0,1,1,262.824525012229,0
28,202.118887899153,0,1,1,202.118887899153,0
29,120.375943584923,0,1,1,200.430535854386,0
37,137.911436999301,0,1,1,137.911436999301,0
41,719.388470023927,0,1,1,719.388470023927,0
43,2.45581864973238e-18,0,1,1,135.577466399175,0
45,121.470050447028,0,1,1,121.470050447028,0
51,0.0,0,1,0,602.162176615973,0
57,123.634773807629,0,1,1,132.999653344796,0
