cost_model,startup,shutdown,n_coefficients,coeff_n,coeff1,coeff0
2,0,0,3,0.0,0.0,0.0
2,0,0,3,0.0027805852580988,30.2746294144213,1370.66400123093
2,0,0,3,0.0,0.0,0.0
2,0,0,3,0.0052181491932175,55.1971483827647,2931.53903781395
2,0,0,3,0.0049224242689294,26.2476260337534,180.917558958093
2,0,0,3,0.0077406901989226,50.1047701056059,110.8703819355
2,0,0,3,0.0,0.0,0.0
2,0,0,3,0.0,0.0,0.0
2,0,0,3,0.0,0.0,0.0
2,0,0,3,0.0,0.0,0.0
2,0,0,3,0.0075731721926276,44.353264540335,478.483998373569
2,0,0,3,0.0,0.0,0.0
2,0,0,3,0.0,0.0,0.0
