bus_number,bus_type,P_demand,Q_demand,voltage_mag,voltage_ang
1,1,0.0,0,1,-3.96905995136762
2,1,0.0,0,1,-6.42658254373677
3,1,144.71303455614,0,1,-4.28350219979472
4,1,0.0,0,1,-2.67381333608469
5,2,0.0,0,1,-2.25656161685278
6,1,0.0,0,1,-6.52504192545281
7,1,0.0,0,1,-6.66695678343835
8,3,0.0,0,1,0.0
9,1,0.0,0,1,-4.59487953864176
10,1,0.0,0,1,-1.8856784636294
11,1,203.83852005202,0,1,-5.58815655072004
12,2,0.0,0,1,-6.24956535733123
13,1,0.580538155266127,0,1,-2.68793829276402
14,1,283.739560378784,0,1,-0.438019045895635
15,1,0.0,0,1,-4.85338584069147
16,2,0.0,0,1,-1.66348536078571
17,2,0.0,0,1,-2.67595689451329
18,2,0.0,0,1,-2.43190223244718
19,1,0.0,0,1,-3.1064309372589
20,2,0.0,0,1,-6.09128939577085
21,1,0.0,0,1,-4.19859111393358
22,1,7.4942541922382,0,1,-4.64697483319175
23,1,538.742158108729,0,1,-4.25996678604936
24,2,0.0,0,1,-2.81583244645844
25,2,0.0,0,1,-3.26730267452818
26,1,0.0,0,1,-2.73657616534192
27,1,477.815223977405,0,1,-6.90318189316778
28,2,0.0,0,1,-3.10204518981555
29,1,0.0,0,1,-5.73628684307376
30,1,0.0,0,1,-3.76468781162345
31,2,0.0,0,1,-3.62658992412886
32,2,0.0,0,1,-4.64697483319175
33,1,8.28041109985846,0,1,-3.42623276086969
34,1,32.7588537101728,0,1,-4.1909144923358
35,1,218.393191833749,0,1,-6.04393625865885
36,1,0.0,0,1,-5.48101053103943
37,1,0.0,0,1,-3.16439715737724
38,1,0.0,0,1,-3.96341432833455
39,2,0.0,0,1,-3.9386428391292
40,2,0.0,0,1,5.89280453753423
41,2,0.0,0,1,-7.38000349431363
42,2,0.0,0,1,-5.40723889402255
43,1,33.9041439754744,0,1,-7.63166648604525
44,1,81.5761891278963,0,1,-8.24037801498792
45,1,0.0,0,1,1.43603140458825
46,1,0.0,0,1,-6.19342896376152
47,1,127.512755677358,0,1,-7.17284767170678
48,1,0.0,0,1,-3.91017175608273
49,2,0.0,0,1,-2.95490012965515
50,1,0.0,0,1,-4.54222607904653
51,1,0.0,0,1,-6.67910401933481
52,1,382.222709208177,0,1,-7.99658820132309
53,1,104.165745309081,0,1,-7.3685969243281
54,1,0.0,0,1,-4.07631052787222
55,1,0.0,0,1,-3.45317111950538
56,1,0.0,0,1,-3.15722110617794
57,1,108.573304120252,0,1,-4.05818196044715
