bus_number,bus_type,P_demand,Q_demand,voltage_mag,voltage_ang
1,1,0.0,0,1,-4.30957543325462
2,2,0.0,0,1,-4.72268818992271
3,1,0.0,0,1,-3.67704914339436
4,1,31.3410485696846,0,1,-5.27420433966009
5,2,0.0,0,1,-3.18949601589847
6,1,312.588210873303,0,1,-5.5774647498698
7,2,0.0,0,1,-4.32930079024086
8,1,0.0,0,1,-4.15210909309419
9,1,321.006469445116,0,1,-5.20635217434035
10,2,0.0,0,1,-2.96299184700008
11,1,298.637915484624,0,1,-5.50532264934822
12,2,0.0,0,1,-4.63002299067701
13,1,0.0,0,1,-4.46449563942463
14,1,94.3702641760102,0,1,-8.263768164752
15,1,0.0,0,1,-7.29884596843465
16,1,248.597877213327,0,1,-4.76934436545522
17,1,0.0,0,1,-3.94135901830448
18,1,0.0,0,1,-4.2162507594547
19,1,0.0,0,1,-5.61839544411575
20,1,372.426814066524,0,1,-7.24656657523439
21,1,0.0,0,1,-3.57474073470077
22,1,33.2766831672351,0,1,-4.540820766592
23,1,0.0,0,1,-3.86414843974587
24,1,158.368120033488,0,1,-5.55212150392909
25,2,0.0,0,1,-3.74359233966274
26,1,0.0,0,1,-4.41990428886948
27,2,0.0,0,1,-4.93575551640314
28,2,0.0,0,1,-5.76541332882227
29,2,0.0,0,1,-6.95346465618773
30,1,334.243826990977,0,1,-5.35573893853044
31,2,0.0,0,1,-4.67547187782305
32,2,0.0,0,1,-4.96031833978167
33,1,0.0,0,1,-4.55015282261971
34,1,301.414017699529,0,1,-5.43619645719839
35,2,0.0,0,1,-3.54986085078442
36,1,0.0,0,1,-4.09455205545786
37,1,0.0,0,1,-2.21667715763871
38,1,179.889807786378,0,1,-6.18225235265138
39,1,0.0,0,1,-3.22377798427237
40,3,0.0,0,1,0.0
41,1,0.0,0,1,-3.46661155314235
42,2,0.0,0,1,-2.64412877190282
43,1,0.0,0,1,-3.31664735882361
44,2,0.0,0,1,-3.40275718392081
45,2,0.0,0,1,-2.13777882111241
46,1,0.0,0,1,-2.49079552678609
47,1,0.0,0,1,-5.30920827464009
48,1,0.0,0,1,-3.98441011687428
49,2,0.0,0,1,-3.61182746755137
50,2,0.0,0,1,-5.53053157496953
51,2,0.0,0,1,-3.98865438886307
52,1,0.0,0,1,-4.73675534102189
53,2,0.0,0,1,-4.47859216255742
54,1,0.0,0,1,-4.55898516572252
55,1,0.0,0,1,-4.01627473084326
56,2,0.0,0,1,-4.01862060993804
57,1,68.1495379764082,0,1,-4.00658625352105
