bus_number,bus_type,P_demand,Q_demand,voltage_mag,voltage_ang
1,1,0.0,0,1,-5.60973012270896
2,1,0.0,0,1,-6.59086012646765
3,2,0.0,0,1,-6.61766169662037
4,1,0.0,0,1,-5.15176808102454
5,2,0.0,0,1,-6.45928028377117
6,1,551.251562298724,0,1,-9.07004037557481
7,2,0.0,0,1,-0.426902007876796
8,1,0.0,0,1,-5.69800056207823
9,3,0.0,0,1,0.0
10,2,0.0,0,1,-4.13215043040898
11,1,289.27701355167,0,1,-7.87946173835671
12,1,0.0,0,1,-6.55232250900183
13,1,81.1615929579708,0,1,-7.04178060529518
14,1,0.0,0,1,-5.60621870437838
15,2,0.0,0,1,-1.01115005039937
16,1,28.7055938647113,0,1,-8.45553112789363
17,1,0.0,0,1,-7.2344565575361
18,1,0.0,0,1,-7.10298936947202
19,1,243.493403081292,0,1,-8.57359107278431
20,1,21.2560998626408,0,1,-7.03069435272466
21,2,0.0,0,1,-6.84750948449449
22,2,0.0,0,1,-5.74903102761514
23,1,289.177812782011,0,1,-7.91121781994965
24,2,0.0,0,1,-7.78968128595577
25,1,22.3239873042443,0,1,-6.41912633105897
26,1,0.0,0,1,-7.28053743941356
27,2,0.0,0,1,-8.32837532396558
28,1,0.0,0,1,-7.14625476482505
29,1,0.0,0,1,-8.42635874151954
30,1,0.0,0,1,-7.58671447534014
31,1,278.522740530611,0,1,-7.78968128595577
32,2,0.0,0,1,-6.37988999028928
33,1,0.0,0,1,-8.21648697592238
34,1,0.0,0,1,-7.8435856944314
35,2,0.0,0,1,-6.91192768240736
36,1,0.0,0,1,-8.02398200508266
37,1,0.0,0,1,-7.17465720146233
38,1,79.4008496078603,0,1,-7.22262713959753
39,1,0.0,0,1,-8.00987526992418
40,1,0.0,0,1,-7.65050897086708
41,1,0.0,0,1,-7.08165530325934
42,2,0.0,0,1,-5.97185819492917
43,1,309.498334023838,0,1,-8.82674074400873
44,1,0.0,0,1,-7.10811474895047
45,1,0.0,0,1,-8.63039425230473
46,1,0.0,0,1,-6.89181279161453
47,1,0.0,0,1,-6.19738429706791
48,1,0.0,0,1,-7.16866515880351
49,1,249.405911476735,0,1,-9.1693228430668
50,1,0.0,0,1,-6.52842003819027
51,1,0.0,0,1,-6.94861000111697
52,1,0.0,0,1,-7.09679569381521
53,1,0.0,0,1,-5.84360545474995
54,1,0.0,0,1,-6.78644177518087
55,1,310.835692140294,0,1,-8.89821555083965
56,1,0.0,0,1,-7.78199711469983
57,2,0.0,0,1,-7.3552563745248
