cost_model,startup,shutdown,n_coefficients,coeff_n,coeff1,coeff0
2,0,0,3,0.0,0.0,0.0
2,0,0,3,0.0,0.0,0.0
2,0,0,3,0.0,0.0,0.0
2,0,0,3,0.0020628267356161,24.7074325828533,1062.13343372426
2,0,0,3,0.0,0.0,0.0
2,0,0,3,0.0053743823400754,54.8995477835453,275.118965681675
2,0,0,3,0.0022373784562364,40.9173420255102,470.730974371498
2,0,0,3,0.0,0.0,0.0
2,0,0,3,0.005753938539849,52.9725478380593,222.149517816754
2,0,0,3,0.0033173941426467,33.6998563766679,409.88858507193
2,0,0,3,0.0,0.0,0.0
2,0,0,3,0.0,0.0,0.0
2,0,0,3,0.0,0.0,0.0
2,0,0,3,0.0,0.0,0.0
2,0,0,3,0.0070928303333924,52.7562032029867,538.395021018704
2,0,0,3,0.0,0.0,0.0
2,0,0,3,0.0,0.0,0.0
2,0,0,3,0.0037169791751563,48.353898662185,236.191193242518
2,0,0,3,0.0,0.0,0.0
2,0,0,3,0.0032747054583967,54.714104325938,377.894862537203
2,0,0,3,0.0,0.0,0.0
2,0,0,3,0.0,0.0,0.0
2,0,0,3,0.0060749288481274,44.311755646722,153.467819507846
