cost_model,startup,shutdown,n_coefficients,coeff_n,coeff1,coeff0
2,0,0,3,0.0,0.0,0.0
2,0,0,3,0.0025410634831405,31.3542200011992,1834.56439194988
2,0,0,3,0.0,0.0,0.0
2,0,0,3,0.0,0.0,0.0
2,0,0,3,0.0030492429862237,50.748436952217,107.621055491281
2,0,0,3,0.0021171610282812,49.8370325372788,778.887797256402
2,0,0,3,0.0,0.0,0.0
2,0,0,3,0.0027902892909485,29.2187513821671,150.918389919768
2,0,0,3,0.0040628348425216,27.7921411066163,91.7847166182897
2,0,0,3,0.0,0.0,0.0
2,0,0,3,0.0042622841611279,41.0910309912248,3721.24234136707
2,0,0,3,0.0,0.0,0.0
2,0,0,3,0.0,0.0,0.0
2,0,0,3,0.0,0.0,0.0
2,0,0,3,0.0,0.0,0.0
2,0,0,3,0.0,0.0,0.0
