bus_number,P_output,Q_output,voltage_mag,gen_status,P_max,P_min
3,918.325109428293,0,1,1,924.422880140373,0
4,7.6728216894101,0,1,1,7.6728216894101,0
5,5.08367746821969,0,1,1,5.08367746821969,0
6,582.318788861777,0,1,1,582.318788861777,0
7,291.687289879799,0,1,1,291.687289879799,0
9,0.0,0,1,0,208.376485289387,0
10,0.0,0,1,0,214.884016750856,0
11,82.6684252751342,0,1,1,82.6684252751342,0
12,0.0,0,1,0,117.003017256139,0
13,4.26928913911403e-14,0,1,1,69.7872859431625,0
15,118.357103356949,0,1,1,118.357103356949,0
20,25.3601292280744,0,1,1,85.1519883694849,0
23,0.0,0,1,0,229.111047561035,0
32,47.4883205192452,0,1,1,47.4883205192452,0
35,68.7182348438038,0,1,1,68.7182348438038,0
36,274.949765812729,0,1,1,392.522396843732,0
39,0.0,0,1,0,89.6937763207719,0
41,296.755161812859,0,1,1,296.755161812859,0
42,0.0,0,1,0,218.551074710424,0
45,34.324095560574,0,1,1,34.324095560574,0
50,0.0,0,1,0,40.1863685279922,0
54,0.0,0,1,0,127.416273518307,0
55,0.0,0,1,0,9.59554717915199,0
56,0.60166974573335,0,1,1,0.601669745733351,0
