bus_number,bus_type,P_demand,Q_demand,voltage_mag,voltage_ang
1,1,259.519826201132,0,1,-1.83847793382076
2,1,223.466175788355,0,1,-0.624950568760659
3,2,0.0,0,1,-0.784703093332425
4,1,274.075087091485,0,1,-1.41375629069274
5,3,0.0,0,1,0.0
6,1,0.0,0,1,-0.142930152736292
7,1,0.0,0,1,-0.641827272097678
8,1,0.0,0,1,-0.684712162847545
9,1,83.6673817501573,0,1,-0.237647510046619
10,2,0.0,0,1,0.206104582964382
11,2,0.0,0,1,-0.482837864952374
12,2,0.0,0,1,1.55341184540662
13,1,0.0,0,1,-1.22569572079017
14,1,0.0,0,1,1.25431200128518
15,1,0.0,0,1,-0.466667228908299
16,1,0.0,0,1,-1.98197460186014
17,2,0.0,0,1,-0.611122579692281
18,2,0.0,0,1,-0.272562070878467
19,2,0.0,0,1,0.122205647408772
20,1,0.0,0,1,-1.31588224398063
21,1,0.0,0,1,-0.6491048999989
22,1,31.9556428749316,0,1,-1.88117516710112
23,1,337.196702230734,0,1,-1.37252244843943
24,1,0.0,0,1,-1.53086414768088
25,1,0.0,0,1,-0.380760071264877
26,1,0.0,0,1,-0.392035799690116
27,1,0.0,0,1,-0.905554348241504
28,1,74.8052946707311,0,1,-2.07727242507029
29,2,0.0,0,1,-0.820766454285091
30,1,140.706793982732,0,1,-1.14162005573082
31,1,6.15963369108452,0,1,-4.96188470644486
32,1,113.540717368602,0,1,-2.17194394685424
33,2,0.0,0,1,-1.28042869087996
34,2,0.0,0,1,-1.77184214077617
35,2,0.0,0,1,-1.43866745499893
36,1,0.0,0,1,-1.78579447763158
37,1,97.2752012393758,0,1,-2.06748026434972
38,1,0.0,0,1,-1.16143750080842
39,1,296.937840301471,0,1,-2.85674342509241
40,1,115.883713909857,0,1,-1.50607578188524
41,1,0.0,0,1,-0.523868088829768
42,1,0.0,0,1,-1.00382565090336
43,1,0.0,0,1,-1.09922118274769
44,2,0.0,0,1,-0.616493823227641
45,1,0.0,0,1,-1.3399010306719
46,1,449.190184507266,0,1,-1.50526865244799
47,1,24.944836831997,0,1,-0.707377261609167
48,1,0.0,0,1,-0.864810019906901
49,2,0.0,0,1,0.245142526344634
50,2,0.0,0,1,-0.611610423584416
51,1,0.0,0,1,-1.01846941635119
52,1,139.479658488145,0,1,-1.11655988297262
53,1,0.0,0,1,-0.614134319836717
54,1,0.0,0,1,-1.00413985881132
55,1,10.1562802918614,0,1,-0.570328024548012
56,1,0.0,0,1,-0.139370111646405
57,1,75.3496222626852,0,1,-1.04913431248129
