cost_model,startup,shutdown,n_coefficients,coeff_n,coeff1,coeff0
2,0,0,3,0.0042073414448884,40.188997021885,1809.26521238786
2,0,0,3,0.0043580773118325,27.1461898920678,1577.98068994793
2,0,0,3,0.0,0.0,0.0
2,0,0,3,0.0,0.0,0.0
2,0,0,3,0.0,0.0,0.0
2,0,0,3,0.0049833289125298,57.023098954694,461.361211534973
2,0,0,3,0.0029618935800242,27.4725727140308,504.080654018777
2,0,0,3,0.0,0.0,0.0
2,0,0,3,0.0,0.0,0.0
2,0,0,3,0.0,0.0,0.0
2,0,0,3,0.0,0.0,0.0
