cost_model,startup,shutdown,n_coefficients,coeff_n,coeff1,coeff0
2,0,0,3,0.0025862848628038,25.4318523433291,612.405536864504
2,0,0,3,0.0,0.0,0.0
2,0,0,3,0.0,0.0,0.0
2,0,0,3,0.0,0.0,0.0
2,0,0,3,0.0038616540061061,24.3840970221255,1814.69695143879
2,0,0,3,0.0053348895282604,40.1348443396503,1387.39011758806
2,0,0,3,0.0,0.0,0.0
2,0,0,3,0.0,0.0,0.0
2,0,0,3,0.0073830352124211,29.9660752484681,527.41579463868
2,0,0,3,0.0,0.0,0.0
2,0,0,3,0.0,0.0,0.0
2,0,0,3,0.0,0.0,0.0
2,0,0,3,0.0,0.0,0.0
2,0,0,3,0.0065740338188045,55.3138371852525,227.629241161878
2,0,0,3,0.0,0.0,0.0
2,0,0,3,0.0069454012375438,43.1256587919279,496.077821616808
