bus_number,P_output,Q_output,voltage_mag,gen_status,P_max,P_min
5,1030.89015986432,0,1,1,1030.89015986432,0
8,409.960883720695,0,1,1,608.951687302119,0
15,752.423053763736,0,1,1,752.423053763736,0
23,17.7253554807582,0,1,1,17.7253554807582,0
30,0.0,0,1,0,299.659306299586,0
33,104.073303548687,0,1,1,165.916729322465,0
34,0.0,0,1,0,238.785469326251,0
39,111.668662621107,0,1,1,114.493290873115,0
42,0.0,0,1,0,279.153071304949,0
45,0.0,0,1,0,240.408679507848,0
46,149.989614491279,0,1,1,149.989614491279,0
47,0.0,0,1,0,186.401769895876,0
48,68.0555557069952,0,1,1,68.0555557069952,0
53,109.524004285028,0,1,1,109.524004285028,0
