bus_number,bus_type,P_demand,Q_demand,voltage_mag,voltage_ang
1,1,446.626649147492,0,1,-1.09297814166242
2,2,0.0,0,1,-0.0363026706016778
3,1,0.0,0,1,-1.86984803183457
4,2,0.0,0,1,0.134053023824917
5,1,0.0,0,1,0.386588871716824
6,3,0.0,0,1,0.0
7,1,103.803290471115,0,1,-3.07086250817144
8,2,0.0,0,1,-0.293469527959799
9,1,0.0,0,1,-0.148875214190929
10,1,0.0,0,1,-0.641044496047954
11,1,0.0,0,1,0.0148420512680754
12,1,69.4887011150198,0,1,0.578518532871577
13,2,0.0,0,1,-0.0873330075274859
14,1,0.0,0,1,0.130927018512692
15,1,0.0,0,1,0.7503176287197
16,1,0.0,0,1,-0.48819196270304
17,1,0.0,0,1,-1.1073283033031
18,1,0.0,0,1,0.675495936702091
19,1,0.0,0,1,1.45879286419638
20,2,0.0,0,1,0.682742842330226
21,1,404.917566603879,0,1,-0.46474923394091
22,1,0.0,0,1,0.0002283058619102
23,1,322.208583304049,0,1,-0.244435245175098
24,2,0.0,0,1,1.66353846679674
25,1,0.0,0,1,2.0232041731395
26,1,0.0,0,1,-0.690415998380957
27,1,0.0,0,1,-1.62123350552382
28,1,0.0,0,1,0.265286310148172
29,2,0.0,0,1,2.53979544317845
30,1,312.37710735753,0,1,-0.988848409790994
31,1,0.0,0,1,1.13284132500605
32,2,0.0,0,1,-0.37581552208951
33,2,0.0,0,1,0.512412226969101
34,2,0.0,0,1,-2.23397198830079
35,1,98.5693907545942,0,1,-0.21129831831708
36,2,0.0,0,1,-1.09276187061222
37,1,45.9087401053685,0,1,-1.00965313936196
38,2,0.0,0,1,-0.819429415101965
39,1,0.0,0,1,-0.962730152848356
40,1,0.0,0,1,-1.53768645511525
41,1,5.77060940618169,0,1,-0.94730562514078
42,1,0.0,0,1,-1.76977776559521
43,1,79.0270524433178,0,1,-2.41121978727088
44,1,449.670080915751,0,1,-2.47199132297446
45,1,137.655773239681,0,1,-1.5672631237599
46,2,0.0,0,1,-1.16114290168354
47,2,0.0,0,1,0.218590270860349
48,1,0.0,0,1,-1.48265906591368
49,2,0.0,0,1,0.252422031596418
50,1,0.0,0,1,-0.873626079902239
51,1,0.0,0,1,-0.792348216428239
52,2,0.0,0,1,-0.50613547182412
53,1,0.0,0,1,-0.405543590471136
54,1,16.4351083935404,0,1,-0.184004890956086
55,1,0.0,0,1,-0.35125807516554
56,1,0.0,0,1,-0.082949718941209
57,2,0.0,0,1,-0.929557785515203
