bus_number,P_output,Q_output,voltage_mag,gen_status,P_max,P_min
1,424.459322631309,0,1,1,424.459322631312,0
3,422.823120655731,0,1,1,422.823120655735,0
6,0.0,0,1,0,228.99153064632,0
8,625.062226777443,0,1,1,625.062226777441,0
11,0.0,0,1,0,50.471385314304,0
12,387.938737964439,0,1,1,387.938737964437,0
19,144.30870682943,0,1,1,144.308706829428,0
21,0.0,0,1,0,371.508974327367,0
26,173.553742650699,0,1,1,173.553742650698,0
33,134.192373506847,0,1,1,134.192373506847,0
34,96.7535378212602,0,1,1,542.315863907329,0
38,4.74905728854863,0,1,1,4.74905728854181,0
40,154.510399548802,0,1,1,154.510399548801,0
41,67.9657329988331,0,1,1,67.9657329988354,0
44,0.0,0,1,0,240.064272336202,0
45,62.7165302080817,0,1,1,62.7165302080824,0
47,55.2771046011745,0,1,1,55.2771046011741,0
48,0.0,0,1,0,27.4587585688434,0
