bus_number,bus_type,P_demand,Q_demand,voltage_mag,voltage_ang
1,1,90.4156322882838,0,1,0.675636983298822
2,2,0.0,0,1,-1.36646631371134
3,2,0.0,0,1,1.26137045298212
4,2,0.0,0,1,-3.62606018352011
5,2,0.0,0,1,-0.677680465744508
6,3,0.0,0,1,0.0
7,1,138.594213793412,0,1,-1.08336024243661
8,2,0.0,0,1,3.32198707902816
9,1,383.675384304462,0,1,-5.51023739010919
10,1,866.422062314822,0,1,-1.0588691881773
11,1,0.0,0,1,-0.768967105293927
12,1,0.0,0,1,-0.864498414033248
13,1,0.0,0,1,-0.67633872201466
14,1,0.0,0,1,2.98811413443947
15,2,0.0,0,1,0.923104234010035
16,2,0.0,0,1,2.77139429938641
17,1,0.0,0,1,-1.37764886328875
18,2,0.0,0,1,3.76154084359692
19,1,0.0,0,1,-1.1341357156223
20,2,0.0,0,1,1.58887699152104
21,1,0.0,0,1,-0.804695675312626
22,1,0.0,0,1,-0.820575673090738
23,1,0.0,0,1,-2.46696144091963
24,1,0.0,0,1,-1.86597354774389
25,2,0.0,0,1,0.737654427816212
26,1,561.060342468611,0,1,-2.12676906567044
27,1,0.0,0,1,-1.19544612586843
28,2,0.0,0,1,-1.8025962509275
29,1,0.0,0,1,-2.07199859507585
30,2,0.0,0,1,-1.95543907358336
31,1,0.0,0,1,-2.02296858942286
32,1,0.0,0,1,-3.66947165862265
33,2,0.0,0,1,-0.381965190774076
34,1,0.0,0,1,-2.10618786198356
35,2,0.0,0,1,-1.78721951138486
36,1,0.0,0,1,-4.30891588186014
37,1,0.0,0,1,-2.13715177057331
38,1,135.481177296156,0,1,-4.83501616216967
39,2,0.0,0,1,-3.06228079958682
40,1,93.7624398524168,0,1,-9.56996182591918
41,1,0.0,0,1,-4.05013494346358
42,2,0.0,0,1,-3.22841604377039
43,1,0.0,0,1,-1.61804179341239
44,1,0.0,0,1,-1.96131880216963
45,1,0.0,0,1,-0.589004187276548
46,2,0.0,0,1,-4.81510617774771
47,1,0.0,0,1,-1.11909007201096
48,2,0.0,0,1,1.49972075592656
49,1,0.0,0,1,-6.65568537738705
50,2,0.0,0,1,4.72556790329339
51,1,379.915327010906,0,1,-2.79320985608104
52,1,0.0,0,1,-0.575920038626556
53,1,110.805633690108,0,1,-0.0020909679703211
54,2,0.0,0,1,0.79810383687472
55,2,0.0,0,1,1.16626969247543
56,2,0.0,0,1,-0.291522095884159
57,1,0.0,0,1,-2.06466668483755
