bus_number,bus_type,P_demand,Q_demand,voltage_mag,voltage_ang
1,1,0.0,0,1,-0.469703675838459
2,1,408.253326534485,0,1,-1.44076998600201
3,3,0.0,0,1,0.0
4,1,0.0,0,1,0.104070515014459
5,1,186.844964936658,0,1,-1.41275673262013
6,1,0.0,0,1,-0.0775470810796232
7,2,0.0,0,1,1.38174381234404
8,1,368.230936136087,0,1,1.31554641286382
9,1,0.0,0,1,-0.535033990495555
10,1,0.0,0,1,0.856859889196578
11,2,0.0,0,1,-1.29530040949732
12,1,0.0,0,1,-4.05505650267861
13,2,0.0,0,1,-2.82985417317965
14,1,0.0,0,1,-0.601321807664568
15,1,0.0,0,1,-4.08266806102441
16,2,0.0,0,1,-3.69759396345517
17,1,15.754633398039,0,1,-8.53360569890102
18,1,0.0,0,1,-2.95736042476867
19,1,228.55139302028,0,1,-3.27262266546305
20,1,43.4791756035918,0,1,-3.63121616730779
21,1,212.283628272685,0,1,-4.08451618227074
22,1,551.274720246312,0,1,-4.35276627668633
23,1,27.2334250766539,0,1,-6.43155484039225
24,1,0.0,0,1,4.07232423938146
25,1,0.0,0,1,-2.10192783363379
26,1,82.4693173710603,0,1,-2.86666625043483
27,2,0.0,0,1,6.28280412650559
28,2,0.0,0,1,1.27779323087925
29,1,0.0,0,1,-3.36535442968301
30,1,80.2507300798745,0,1,5.35466189127468
31,2,0.0,0,1,-0.150798840415244
32,1,0.0,0,1,3.12476405471051
33,2,0.0,0,1,1.78050554226964
34,1,0.0,0,1,-1.31997599572339
35,1,0.0,0,1,-1.17447109504838
36,2,0.0,0,1,1.43644687367227
37,1,0.0,0,1,-2.02878115766477
38,1,0.0,0,1,-2.46549590954677
39,1,0.0,0,1,-3.74875837691529
40,1,0.0,0,1,-1.7436030159521
41,2,0.0,0,1,0.361591139703154
42,2,0.0,0,1,1.43644687367227
43,1,4.02983994950971,0,1,1.03834555377729
44,1,0.0,0,1,0.208173390070267
45,1,0.0,0,1,-2.29357137985727
46,1,0.0,0,1,0.696264096729067
47,1,37.3241594224924,0,1,-1.45510543737021
48,1,0.0,0,1,-1.59026222571917
49,2,0.0,0,1,1.11509466486144
50,1,0.0,0,1,-0.963983025804769
51,2,0.0,0,1,-1.75370285196585
52,1,427.83277229014,0,1,-0.761076906080584
53,1,0.0,0,1,0.972187165067474
54,1,0.0,0,1,-1.09014801535899
55,1,80.4975711447331,0,1,-0.477128478854318
56,2,0.0,0,1,1.2129702525984
57,1,0.0,0,1,-1.80673442581306
