bus_number,P_output,Q_output,voltage_mag,gen_status,P_max,P_min
5,790.293112512653,0,1,1,1045.47061734358,0
6,0.0,0,1,0,474.490641419872,0
7,1006.25111550774,0,1,1,1006.25111550789,0
9,126.44113804638,0,1,1,165.56932734079,0
11,0.0,0,1,0,449.877391065744,0
13,62.9293536420673,0,1,1,62.9293536422054,0
14,0.0,0,1,0,167.825265792555,0
26,124.998877761124,0,1,1,124.998877761247,0
29,251.256593446013,0,1,1,251.256593445995,0
32,113.270300772596,0,1,1,248.262067173636,0
44,202.960931358598,0,1,1,202.96093135861,0
50,62.4855655721569,0,1,1,62.4855655721951,0
