cost_model,startup,shutdown,n_coefficients,coeff_n,coeff1,coeff0
2,0,0,3,0.0074102823506088,41.866720914954,2245.03713847071
2,0,0,3,0.0039509054343371,42.3118383302579,520.79899124213
2,0,0,3,0.0,0.0,0.0
2,0,0,3,0.0,0.0,0.0
2,0,0,3,0.0042975260175321,30.3021228794594,399.081331971056
2,0,0,3,0.0,0.0,0.0
2,0,0,3,0.0047095656101293,43.4888423103456,195.776789589918
2,0,0,3,0.0,0.0,0.0
2,0,0,3,0.0,0.0,0.0
2,0,0,3,0.0026484147072464,34.1818339347658,572.222007090294
2,0,0,3,0.0,0.0,0.0
2,0,0,3,0.0066495819669342,40.569097155799,363.224775036718
2,0,0,3,0.00285459343005,29.983180072837,397.50331838536
2,0,0,3,0.0,0.0,0.0
2,0,0,3,0.0073000186398438,44.8208058881835,2982.87535638565
2,0,0,3,0.0,0.0,0.0
2,0,0,3,0.0,0.0,0.0
2,0,0,3,0.0,0.0,0.0
2,0,0,3,0.0,0.0,0.0
