cost_model,startup,shutdown,n_coefficients,coeff_n,coeff1,coeff0
2,0,0,3,0.0061632693919465,30.6099226151414,2044.47859117322
2,0,0,3,0.0,0.0,0.0
2,0,0,3,0.0063224798732263,34.479981245327,214.043323151597
2,0,0,3,0.0063586212571637,33.4613610280446,1502.51295799044
2,0,0,3,0.0,0.0,0.0
2,0,0,3,0.0,0.0,0.0
2,0,0,3,0.0,0.0,0.0
2,0,0,3,0.0,0.0,0.0
2,0,0,3,0.0064360119394326,55.7137282173683,323.104379844361
2,0,0,3,0.0,0.0,0.0
2,0,0,3,0.0,0.0,0.0
2,0,0,3,0.007090872564851,28.8179565834743,598.142219133556
2,0,0,3,0.0,0.0,0.0
2,0,0,3,0.0,0.0,0.0
2,0,0,3,0.0039067411877103,51.0144589601644,33.568030958096
2,0,0,3,0.0065975891450123,30.9123974349625,517.36957874898
2,0,0,3,0.0033573006798449,41.4258920690751,201.73997800964
2,0,0,3,0.0,0.0,0.0
