bus_number,bus_type,P_demand,Q_demand,voltage_mag,voltage_ang
1,2,0.0,0,1,2.12265330715782
2,1,0.0,0,1,5.14078605037263
3,1,95.6425905048783,0,1,4.27117048893407
4,1,0.0,0,1,0.142109487196618
5,1,0.0,0,1,-0.650820790312779
6,2,0.0,0,1,3.61539610784041
7,1,0.0,0,1,0.861003896558275
8,1,0.0,0,1,3.27437667893701
9,3,0.0,0,1,0.0
10,1,531.562865818421,0,1,-1.46453618020927
11,1,288.515062045654,0,1,-1.0885938656204
12,1,0.0,0,1,5.77493502810973
13,2,0.0,0,1,0.0504980673870483
14,1,0.0,0,1,-1.47199182428758
15,2,0.0,0,1,-2.76869759351129
16,2,0.0,0,1,-4.87791448104724
17,2,0.0,0,1,-5.38439989161005
18,1,0.0,0,1,-2.01826580065323
19,1,0.0,0,1,-0.808023444990067
20,1,18.5212636783158,0,1,-3.9248454929857
21,2,0.0,0,1,0.283355027860004
22,2,0.0,0,1,6.94416882027856
23,1,0.0,0,1,-1.19744869238955
24,1,42.3829453090825,0,1,-3.96105616255613
25,1,0.0,0,1,-2.78002904216622
26,1,0.0,0,1,-2.82782487681334
27,1,0.0,0,1,-15.8665896911917
28,1,0.0,0,1,-4.78979990458444
29,2,0.0,0,1,-4.57286333517926
30,2,0.0,0,1,-1.24922980381642
31,1,355.114946574933,0,1,-7.68563806079378
32,1,358.837610570113,0,1,-8.54530310963796
33,2,0.0,0,1,-4.4286685621264
34,1,60.0652959252175,0,1,-16.057584731456
35,2,0.0,0,1,-3.9928259589991
36,2,0.0,0,1,-7.22821161692133
37,1,0.0,0,1,-7.30022005794347
38,1,0.0,0,1,-6.25685106626023
39,2,0.0,0,1,-7.22821161692133
40,1,88.7058593677568,0,1,-8.52277182521487
41,1,0.0,0,1,-6.53805556487214
42,2,0.0,0,1,-2.87930932352361
43,2,0.0,0,1,-7.20106024750319
44,1,20.5661151904823,0,1,-5.56549449627151
45,1,103.457505432758,0,1,-9.07027774597924
46,1,0.0,0,1,-6.32706792259073
47,1,598.10975912431,0,1,-8.88138228678774
48,2,0.0,0,1,-3.44141114703504
49,2,0.0,0,1,-2.70923004413307
50,1,2.2650850173065,0,1,-9.11843300987472
51,1,0.0,0,1,-0.905326403089446
52,1,5.31234339850046,0,1,-5.53006637438835
53,1,157.852945300434,0,1,-5.96154208811439
54,1,0.0,0,1,-5.82644390171393
55,1,0.0,0,1,-4.45567005643726
56,1,27.3984002244383,0,1,-5.63982649289345
57,2,0.0,0,1,-5.96154208811439
