bus_number,bus_type,P_demand,Q_demand,voltage_mag,voltage_ang
1,1,39.1824182651603,0,1,-2.0162650665852
2,1,0.0,0,1,-0.758299722627612
3,1,0.0,0,1,-0.101564120955257
4,2,0.0,0,1,-0.224696567448565
5,3,0.0,0,1,0.0
6,2,0.0,0,1,-0.118640506474588
7,1,0.0,0,1,0.512630465821438
8,1,0.0,0,1,-0.102171427076186
9,1,0.0,0,1,-1.98229281606262
10,1,339.075407192132,0,1,-6.62328440261697
11,1,115.829951086987,0,1,-2.56877706786134
12,1,10.7815607566247,0,1,-0.285153719343847
13,2,0.0,0,1,1.89775806350609
14,1,284.167060069311,0,1,-2.43561196804449
15,1,160.571153024821,0,1,0.431009312945832
16,2,0.0,0,1,-6.49784024321424
17,1,64.5490098418756,0,1,-1.74204345929507
18,2,0.0,0,1,3.18413249766791
19,1,56.7608518447249,0,1,-0.748246539337988
20,1,44.5971823760347,0,1,2.93539733225044
21,2,0.0,0,1,2.11157930465279
22,2,0.0,0,1,3.35852039537179
23,1,0.0,0,1,-0.467287066233363
24,1,0.0,0,1,2.05866634834586
25,1,0.0,0,1,2.44856784770314
26,2,0.0,0,1,3.35852039537179
27,2,0.0,0,1,1.9685266970013
28,1,68.2646509064711,0,1,0.765675471159364
29,1,12.6393470946777,0,1,-1.44778606948793
30,1,0.0,0,1,1.71751949573238
31,1,61.6205465239999,0,1,-0.440304334741045
32,1,12.0482788609138,0,1,1.11719442605716
33,1,96.0452019883641,0,1,-1.21493150547117
34,2,0.0,0,1,-0.421702988235315
35,1,48.0022420480611,0,1,1.72593368854555
36,1,8.26910379918477,0,1,-0.530935078128666
37,1,60.8470040306837,0,1,-1.24838651464725
38,1,398.67792186928,0,1,-1.52624175436452
39,1,184.869153134491,0,1,-2.52241800444992
40,2,0.0,0,1,-1.00130671988995
41,1,33.8412170242492,0,1,-0.955959691779109
42,2,0.0,0,1,0.0650594113750337
43,1,28.7062489322176,0,1,-0.839296523827565
44,1,0.0,0,1,-0.521061896075733
45,1,0.0,0,1,-0.713369046645515
46,1,0.0,0,1,-0.308377192856991
47,1,325.284569119643,0,1,-1.7211444707795
48,1,105.827256313017,0,1,0.408844844680277
49,2,0.0,0,1,-0.624842977009877
50,1,140.211855716943,0,1,-1.1037862721079
51,1,0.0,0,1,-0.966925165136055
52,2,0.0,0,1,-0.197363508556371
53,1,0.0,0,1,-0.473819810293
54,1,45.3640262589887,0,1,-1.40197521295508
55,2,0.0,0,1,1.20583732998107
56,1,8.27737540374323,0,1,-0.846636807991951
57,2,0.0,0,1,1.40477564984383
