cost_model,startup,shutdown,n_coefficients,coeff_n,coeff1,coeff0
2,0,0,3,0.0041194832400638,28.1112305145638,460.009273969264
2,0,0,3,0.0,0.0,0.0
2,0,0,3,0.0059101104381667,32.366568756715,165.02034857379
2,0,0,3,0.0071202691973725,53.8179414667964,568.581133341567
2,0,0,3,0.0061081998761366,33.0069161470216,471.664789955783
2,0,0,3,0.0024936978353239,33.3324165282152,813.387063606017
2,0,0,3,0.0,0.0,0.0
2,0,0,3,0.0,0.0,0.0
2,0,0,3,0.0,0.0,0.0
2,0,0,3,0.0,0.0,0.0
2,0,0,3,0.002321104378561,42.0644266491731,60.1755044206051
2,0,0,3,0.0056693658920258,56.2057056620632,262.99108123846
2,0,0,3,0.0,0.0,0.0
2,0,0,3,0.0,0.0,0.0
2,0,0,3,0.0,0.0,0.0
2,0,0,3,0.0,0.0,0.0
2,0,0,3,0.0,0.0,0.0
2,0,0,3,0.0,0.0,0.0
2,0,0,3,0.0,0.0,0.0
2,0,0,3,0.003233959956336,30.6318344576387,376.429746863619
2,0,0,3,0.0044303814296729,50.9276165020995,203.356467760224
2,0,0,3,0.0,0.0,0.0
2,0,0,3,0.0,0.0,0.0
