bus_number,bus_type,P_demand,Q_demand,voltage_mag,voltage_ang
1,3,0.0,0,1,0.0
2,2,0.0,0,1,-7.32815222765986
3,2,0.0,0,1,-5.91145346796102
4,1,0.0,0,1,-6.46754170418523
5,2,0.0,0,1,-4.79930700198508
6,1,362.911993963536,0,1,-14.988883414305
7,2,0.0,0,1,-5.7900333816043
8,1,77.4949341459815,0,1,-8.26681057434326
9,1,0.0,0,1,-0.337055186342917
10,1,0.0,0,1,-1.21200020290193
11,1,0.0,0,1,-0.768402014556973
12,1,0.0,0,1,-6.30870962417837
13,2,0.0,0,1,-0.409700753050474
14,2,0.0,0,1,0.924869703013903
15,2,0.0,0,1,-3.36173726397149
16,1,0.0,0,1,-0.481050162487149
17,1,19.9621581345625,0,1,-14.1938501911675
18,1,74.9267822096954,0,1,-6.04122664754956
19,2,0.0,0,1,-3.06020214885533
20,1,0.0,0,1,-0.85497903363516
21,1,0.0,0,1,-3.09949616513076
22,2,0.0,0,1,-0.883602684774965
23,1,115.011205004505,0,1,-2.17462928985984
24,1,0.0,0,1,-1.98935670508124
25,1,0.0,0,1,-3.31695805875511
26,1,0.0,0,1,-2.70619082540401
27,1,432.628467692915,0,1,-6.76083799037714
28,1,0.0,0,1,-2.97843584274136
29,1,417.81000012276,0,1,-4.13123381719674
30,1,0.0,0,1,-6.44112300129812
31,1,0.0,0,1,-1.98163100022217
32,1,0.0,0,1,-3.25739570759592
33,1,26.5586721883767,0,1,-6.07990256092488
34,2,0.0,0,1,-7.37406197893947
35,2,0.0,0,1,-7.78471544769797
36,2,0.0,0,1,-5.39933623930009
37,1,0.0,0,1,-5.30342388067108
38,1,0.0,0,1,-18.386543922495
39,1,0.0,0,1,-9.58471559252652
40,1,0.0,0,1,-4.36135809026643
41,1,231.360512648142,0,1,-12.0968660353617
42,1,14.2468215303476,0,1,-6.6833683946507
43,1,49.0571137428879,0,1,-24.4178783802946
44,2,0.0,0,1,-10.1547581972371
45,1,0.0,0,1,-9.95200793175142
46,1,0.0,0,1,-14.9034649841051
47,1,0.0,0,1,-13.3054484505308
48,1,0.0,0,1,-11.7212513445787
49,1,0.0,0,1,-10.3163296830149
50,1,0.0,0,1,-12.3899677048806
51,1,0.0,0,1,-13.6464304356147
52,1,123.029105251247,0,1,-21.7968715590654
53,2,0.0,0,1,-9.88776614363691
54,1,332.699025106209,0,1,-14.2761531285608
55,1,138.920724115584,0,1,-15.9473629416878
56,1,337.693077625853,0,1,-10.8527091724559
57,1,0.0,0,1,-9.18872498583713
