bus_number,bus_type,P_demand,Q_demand,voltage_mag,voltage_ang
1,2,0.0,0,1,-2.0730907757113
2,1,0.0,0,1,2.02833194107447
3,1,0.0,0,1,-1.36544413967428
4,1,132.627732582838,0,1,-3.55769546771636
5,2,0.0,0,1,2.26227101045426
6,1,202.370958585225,0,1,-0.0335694803479513
7,1,0.0,0,1,-0.576836355829651
8,1,0.0,0,1,-0.671284277335784
9,2,0.0,0,1,2.53802444220772
10,1,366.168199294837,0,1,1.86137769642045
11,1,0.0,0,1,-1.89900143859893
12,2,0.0,0,1,-1.06846504409019
13,2,0.0,0,1,-0.406998474653607
14,1,0.0,0,1,0.580245194862546
15,3,0.0,0,1,0.0
16,1,484.722257111149,0,1,-2.38023017731994
17,1,0.0,0,1,-1.24417591908124
18,1,0.0,0,1,-1.58789423414475
19,1,234.496166161817,0,1,-2.46665051698019
20,2,0.0,0,1,0.602382672492918
21,2,0.0,0,1,-0.0647793589844003
22,2,0.0,0,1,-0.46810667537254
23,2,0.0,0,1,0.0742335376920683
24,2,0.0,0,1,-0.273094430189628
25,2,0.0,0,1,-1.1845210700316
26,1,0.0,0,1,-0.29551001627581
27,1,0.0,0,1,-1.71344043097613
28,1,0.0,0,1,0.384386659608664
29,2,0.0,0,1,-1.6758922808423
30,1,0.0,0,1,-1.21592795299477
31,1,0.0,0,1,-2.83310545930904
32,1,0.0,0,1,-1.6758922808423
33,1,127.187219909062,0,1,-4.46209927606408
34,1,0.0,0,1,-0.202236797177867
35,1,0.0,0,1,-1.75693734529128
36,1,0.0,0,1,-3.95153008093855
37,2,0.0,0,1,-1.79139988084372
38,1,0.0,0,1,0.243077162166962
39,1,0.0,0,1,1.24768326093957
40,1,146.861189406192,0,1,-1.40457690622866
41,2,0.0,0,1,2.86287631615092
42,2,0.0,0,1,-1.43632584025555
43,1,30.4007444945279,0,1,-3.14436752220367
44,2,0.0,0,1,0.728454362123662
45,1,405.99474165622,0,1,-2.28670827450991
46,2,0.0,0,1,-1.36841368905496
47,1,0.0,0,1,2.4355155484636
48,1,211.735196405009,0,1,0.211042806114643
49,1,304.777716484833,0,1,-2.60133922421962
50,2,0.0,0,1,-2.30182078016121
51,1,0.0,0,1,0.0723372934047457
52,2,0.0,0,1,-1.79001445232523
53,1,0.0,0,1,-0.0221939106134038
54,2,0.0,0,1,1.29822855332205
55,1,8.16718143431614,0,1,-2.05109513112005
56,1,0.0,0,1,-1.77472594609197
57,1,75.2447681225351,0,1,-1.87281517312384
