bus_number,bus_type,P_demand,Q_demand,voltage_mag,voltage_ang
1,1,0.0,0,1,-1.25852021154227
2,1,0.0,0,1,-1.25361790082457
3,3,0.0,0,1,0.0
4,1,0.0,0,1,-0.651878265243648
5,1,0.0,0,1,0.356202779624935
6,1,270.180005830774,0,1,-1.90955561470367
7,1,0.0,0,1,-2.18624702173319
8,2,0.0,0,1,-1.45119403168759
9,1,0.0,0,1,-0.315297813505687
10,1,0.0,0,1,-3.90427153936755
11,1,624.791299272506,0,1,-2.31801749310447
12,1,49.7507998151214,0,1,-4.58596102391492
13,1,617.252397264827,0,1,-1.58024186637799
14,1,321.098330820825,0,1,-0.941870288786743
15,2,0.0,0,1,-1.98460677926102
16,1,142.766131245673,0,1,-1.3726247532433
17,2,0.0,0,1,-1.18073328449043
18,1,263.680634406068,0,1,-0.912551759857671
19,1,0.0,0,1,-0.0441276149531803
20,2,0.0,0,1,-0.101924686891376
21,2,0.0,0,1,-0.764932770205934
22,1,253.028876198044,0,1,-0.296653683165489
23,2,0.0,0,1,-1.4218587486045
24,1,24.8298713237912,0,1,-0.396570714759351
25,1,0.0,0,1,-0.827692575365033
26,1,0.0,0,1,0.077981466598875
27,2,0.0,0,1,-1.18073328449043
28,2,0.0,0,1,0.247132009677068
29,1,0.0,0,1,0.128094887749612
30,2,0.0,0,1,-0.275484831360731
31,2,0.0,0,1,0.401398811213206
32,2,0.0,0,1,1.28908133363418
33,2,0.0,0,1,0.918898289797275
34,1,0.0,0,1,-0.149125383942635
35,1,3.72618102277942,0,1,0.232904382176691
36,1,0.0,0,1,-0.347291590805066
37,2,0.0,0,1,1.2058901202119
38,1,0.0,0,1,0.764271680895308
39,1,115.197331553134,0,1,0.410146851290385
40,1,20.9698419841535,0,1,0.334684225678682
41,1,0.0,0,1,-0.060348322618333
42,2,0.0,0,1,1.09984274297657
43,2,0.0,0,1,0.487125964259012
44,1,0.0,0,1,0.938768916346455
45,1,0.0,0,1,0.790190049070691
46,2,0.0,0,1,-0.552675587641653
47,2,0.0,0,1,0.671159333295459
48,2,0.0,0,1,-0.789732931418678
49,1,0.0,0,1,0.530384853557142
50,1,0.0,0,1,-0.112597334169026
51,1,0.0,0,1,0.659660289089965
52,1,0.0,0,1,-0.0159648168796893
53,1,47.038892744907,0,1,-0.291432554442212
54,2,0.0,0,1,1.31218928894951
55,2,0.0,0,1,0.838821340287534
56,1,0.0,0,1,0.0685670523723449
57,2,0.0,0,1,0.484617317692234
