cost_model,startup,shutdown,n_coefficients,coeff_n,coeff1,coeff0
2,0,0,3,0.0041413666744343,35.3239767875959,1118.40265787204
2,0,0,3,0.0030238506798149,54.4212727326294,164.887087507208
2,0,0,3,0.0,0.0,0.0
2,0,0,3,0.0065737319932758,38.8504561236263,3741.160416947
2,0,0,3,0.0067671525939601,48.9715537889007,330.902308737913
2,0,0,3,0.0,0.0,0.0
2,0,0,3,0.0,0.0,0.0
2,0,0,3,0.0,0.0,0.0
2,0,0,3,0.0029142880981242,56.5289538198158,549.470870999743
2,0,0,3,0.0,0.0,0.0
2,0,0,3,0.0,0.0,0.0
2,0,0,3,0.002828680963374,42.5205703622019,2118.02514832826
2,0,0,3,0.0,0.0,0.0
2,0,0,3,0.0,0.0,0.0
