bus_number,bus_type,P_demand,Q_demand,voltage_mag,voltage_ang
1,1,76.0813943550181,0,1,-3.58545256987279
2,1,98.0017859341821,0,1,-2.32854847067876
3,1,0.0,0,1,-1.61093642037318
4,1,291.833727288503,0,1,-3.98478220880092
5,3,0.0,0,1,0.0
6,2,0.0,0,1,-3.55582106989999
7,1,249.390439954091,0,1,-3.79278779605789
8,2,0.0,0,1,-2.41662949004729
9,1,17.2011826194363,0,1,-3.84203694548728
10,1,0.0,0,1,-4.37184339541373
11,1,0.0,0,1,-4.0581979076239
12,1,0.0,0,1,-8.15819127979035
13,1,356.865497171879,0,1,-4.68741050041417
14,1,0.0,0,1,-2.93075109024732
15,1,0.0,0,1,-3.27103148968616
16,1,255.110098075006,0,1,-4.47358163736475
17,1,0.0,0,1,-3.16926516879194
18,1,0.0,0,1,-4.21498896028643
19,2,0.0,0,1,-3.18588713473616
20,1,170.944329575927,0,1,-12.139062131598
21,1,0.0,0,1,-3.65491592316335
22,1,0.0,0,1,-3.30274179983616
23,2,0.0,0,1,-3.07710488368339
24,1,200.353773078105,0,1,-6.99623464407512
25,1,98.6922252855204,0,1,-5.74911994795772
26,1,171.723845223715,0,1,-7.12770765731615
27,1,0.0,0,1,-7.66132764006199
28,1,82.4821378532257,0,1,-4.0076107538887
29,2,0.0,0,1,-4.81987325212974
30,2,0.0,0,1,-4.38034711708933
31,2,0.0,0,1,-4.0076107538887
32,1,12.7979536086203,0,1,-5.88215438016233
33,1,0.0,0,1,-2.16273613999623
34,1,0.0,0,1,-1.10312000652376
35,2,0.0,0,1,0.166008655147702
36,1,0.0,0,1,-3.76137050291031
37,1,249.795628053697,0,1,-3.90413648224843
38,2,0.0,0,1,-1.94873831322747
39,1,81.9317878828871,0,1,0.124012436094267
40,2,0.0,0,1,-1.99257577964768
41,1,43.7586965003831,0,1,-3.47823773083852
42,1,47.7266887211788,0,1,-12.2879861643878
43,1,0.0,0,1,0.0408069859020725
44,1,159.69506664404,0,1,-3.92999213280348
45,1,12.5728385063038,0,1,-2.41371132212515
46,1,0.0,0,1,-4.01732795894222
47,2,0.0,0,1,0.966359577448762
48,2,0.0,0,1,-1.41797888473093
49,1,0.0,0,1,-2.04435391084972
50,1,21.9031363183155,0,1,-4.02251966095358
51,1,0.0,0,1,-1.64606214660537
52,2,0.0,0,1,0.428306639015083
53,2,0.0,0,1,-3.55582106989999
54,1,0.0,0,1,-0.147738259603698
55,2,0.0,0,1,2.92304971996075
56,1,0.0,0,1,-5.50924536061887
57,1,55.4483608325666,0,1,-8.02731295965005
