bus_number,bus_type,P_demand,Q_demand,voltage_mag,voltage_ang
1,1,0.0,0,1,-2.30080976558341
2,2,0.0,0,1,-3.34950476746369
3,3,0.0,0,1,0.0
4,1,0.0,0,1,-2.28555627156461
5,1,326.307876056817,0,1,-1.7718982451264
6,1,0.0,0,1,-0.350511957879742
7,2,0.0,0,1,-0.925578361564753
8,1,0.0,0,1,-2.97599227039785
9,1,163.188865281275,0,1,-3.8053855038235
10,1,0.0,0,1,-0.274909324614317
11,2,0.0,0,1,-2.23484819476303
12,1,0.0,0,1,-1.67242189439929
13,1,0.0,0,1,-3.86589425399607
14,2,0.0,0,1,-4.94388113479753
15,1,0.0,0,1,-6.04739316804601
16,1,301.966800008293,0,1,-5.84023507750485
17,1,0.0,0,1,-4.94209541245993
18,1,0.0,0,1,-6.73684921668617
19,1,0.0,0,1,-4.6672827166885
20,2,0.0,0,1,-7.73270309301953
21,2,0.0,0,1,-0.773775122779014
22,1,0.0,0,1,-8.18037118263281
23,1,0.0,0,1,-5.29096037382646
24,1,0.0,0,1,-3.7913347992944
25,2,0.0,0,1,-7.25221204568819
26,1,156.892917544738,0,1,-6.11289283802215
27,1,447.397228896019,0,1,-7.93521205043969
28,1,104.845146155543,0,1,-2.58893136591722
29,2,0.0,0,1,-0.956214490004733
30,1,91.4422950208683,0,1,-8.59134767865508
31,1,0.0,0,1,-2.89525875621417
32,1,0.0,0,1,-2.25363148658569
33,1,0.0,0,1,-2.47383312533985
34,1,123.530601445534,0,1,-2.33582766817121
35,1,0.0,0,1,-2.04368037213556
36,1,0.0,0,1,-1.68005547163433
37,1,0.0,0,1,-1.25500059711856
38,2,0.0,0,1,-1.57138790139446
39,1,147.132931281691,0,1,-1.53610192749759
40,2,0.0,0,1,3.94062521678962
41,2,0.0,0,1,-1.3507240535073
42,2,0.0,0,1,-1.27283861412848
43,1,147.687281940762,0,1,-1.55823177260069
44,2,0.0,0,1,-0.996070266770529
45,1,0.0,0,1,-2.17563845452493
46,1,108.466329506285,0,1,-2.99083705528622
47,1,0.0,0,1,0.895901384850032
48,1,0.0,0,1,-1.88355015453806
49,1,0.0,0,1,-2.20739263328809
50,1,0.0,0,1,-1.33261153628534
51,1,0.0,0,1,-1.25803729414078
52,1,0.0,0,1,-2.39289721502262
53,1,0.0,0,1,-1.62319901719099
54,1,498.551108297028,0,1,-3.36089111632582
55,1,0.0,0,1,-2.64438909583106
56,1,0.0,0,1,-2.63947845850819
57,1,136.901212047751,0,1,-2.54262013826219
