cost_model,startup,shutdown,n_coefficients,coeff_n,coeff1,coeff0
2,0,0,3,0.0,0.0,0.0
2,0,0,3,0.0021616020441457,48.4374128322895,134.377906092184
2,0,0,3,0.0061086253199001,54.7430232205603,2526.68752045414
2,0,0,3,0.0071052606229943,28.5846450597532,79.0916272795244
2,0,0,3,0.0,0.0,0.0
2,0,0,3,0.0058552373624825,45.4573975764566,363.420271640801
2,0,0,3,0.0,0.0,0.0
2,0,0,3,0.0,0.0,0.0
2,0,0,3,0.0,0.0,0.0
2,0,0,3,0.0055900346217045,46.4020468613256,422.405085480099
2,0,0,3,0.0,0.0,0.0
2,0,0,3,0.0078803970970938,31.7288379584041,586.270526435925
2,0,0,3,0.0,0.0,0.0
2,0,0,3,0.0,0.0,0.0
2,0,0,3,0.0,0.0,0.0
2,0,0,3,0.0,0.0,0.0
2,0,0,3,0.0079424927467079,30.2636423839898,512.47430979912
2,0,0,3,0.0,0.0,0.0
2,0,0,3,0.0037067332656668,53.6256879893927,584.890113697105
2,0,0,3,0.0,0.0,0.0
2,0,0,3,0.0,0.0,0.0
2,0,0,3,0.0,0.0,0.0
2,0,0,3,0.0,0.0,0.0
2,0,0,3,0.0076956218426331,47.5837967343131,305.312233700335
2,0,0,3,0.0,0.0,0.0
2,0,0,3,0.0071829705049815,56.324969680431,418.01456068234
