cost_model,startup,shutdown,n_coefficients,coeff_n,coeff1,coeff0
2,0,0,3,0.0,0.0,0.0
2,0,0,3,0.0,0.0,0.0
2,0,0,3,0.0037603803404688,25.1819743530647,1373.00729448679
2,0,0,3,0.0,0.0,0.0
2,0,0,3,0.0,0.0,0.0
2,0,0,3,0.0061974573410981,52.399917191919,469.381947691025
2,0,0,3,0.0,0.0,0.0
2,0,0,3,0.0,0.0,0.0
2,0,0,3,0.0,0.0,0.0
2,0,0,3,0.0079858421822777,33.4772052787973,194.385054487288
2,0,0,3,0.0,0.0,0.0
2,0,0,3,0.0032040612137827,43.663042377946,476.48013674706
2,0,0,3,0.003542740070739,30.6231927743652,137.822777295778
