bus_number,bus_type,P_demand,Q_demand,voltage_mag,voltage_ang
1,1,0.0,0,1,-0.123372797658955
2,1,0.0,0,1,-1.82717468850154
3,1,0.0,0,1,0.209873773332434
4,3,0.0,0,1,0.0
5,1,0.0,0,1,-4.25511237760643
6,1,0.0,0,1,-5.91926385970651
7,1,0.0,0,1,-5.43085125524973
8,2,0.0,0,1,-0.838684140604615
9,1,0.0,0,1,-4.70659320993581
10,1,0.0,0,1,-1.36419895336755
11,1,251.747782782482,0,1,-1.05108919814482
12,1,0.0,0,1,-0.938691824225932
13,1,0.0,0,1,-1.04158226797644
14,1,116.570111759252,0,1,-2.88770706965868
15,2,0.0,0,1,0.861567650758418
16,1,49.0738458513941,0,1,-1.05050324271089
17,1,0.0,0,1,-0.964990604339449
18,2,0.0,0,1,-0.976336771491005
19,2,0.0,0,1,2.22263164195384
20,1,0.0,0,1,-1.77129480455317
21,1,339.656591655817,0,1,-1.10516975529993
22,1,87.5269003117488,0,1,-2.53475554692072
23,1,0.0,0,1,-1.08834681951125
24,1,174.629459975107,0,1,-1.73394821161593
25,1,0.0,0,1,-2.19175504845176
26,2,0.0,0,1,-0.880972496471037
27,1,22.1871717844364,0,1,-1.32105020658268
28,2,0.0,0,1,-2.66393504186918
29,1,120.034381585388,0,1,-3.45943236784429
30,1,52.3200165705927,0,1,-4.04918223108352
31,1,0.0,0,1,-1.67015512693128
32,2,0.0,0,1,-1.93060227175344
33,2,0.0,0,1,-0.15153740566231
34,1,0.0,0,1,-0.913181971675076
35,1,533.40320247114,0,1,-2.8887629448401
36,2,0.0,0,1,4.35308863154773
37,2,0.0,0,1,-2.66393504186918
38,1,146.559924168343,0,1,-1.59980640391602
39,1,0.0,0,1,-1.42172033440958
40,1,0.0,0,1,-2.67904978879342
41,1,76.3382069995764,0,1,-2.4286957213798
42,1,45.0975770145954,0,1,-1.19420356061529
43,1,0.0,0,1,0.311277198024408
44,1,0.0,0,1,-0.181531867303544
45,1,7.88969338749395,0,1,-1.08714060528668
46,1,0.0,0,1,-0.358527075033714
47,1,0.0,0,1,-1.30138563680198
48,2,0.0,0,1,-0.817690335544658
49,2,0.0,0,1,-5.09068116969181
50,1,0.0,0,1,-2.90622019355596
51,1,46.5982124148418,0,1,-5.48083297393565
52,2,0.0,0,1,-4.49530443776875
53,1,170.294809851476,0,1,-6.43562250314613
54,1,0.0,0,1,-5.14664566741743
55,1,0.0,0,1,-3.83612649791704
56,1,0.0,0,1,-4.70994257957937
57,1,434.057500465336,0,1,-5.75045497078675
