bus_number,P_output,Q_output,voltage_mag,gen_status,P_max,P_min
3,80.1406423409919,0,1,1,80.140642343126,0
4,654.301488461818,0,1,1,654.301488461822,0
5,76.5505037734769,0,1,1,76.5505037755656,0
17,0.0,0,1,0,411.295084817941,0
19,1026.82758902934,0,1,1,1222.31861492839,0
21,51.0330483477098,0,1,1,51.0330483497945,0
22,0.0,0,1,0,495.299105974806,0
23,170.274063294493,0,1,1,170.274063296299,0
25,142.504611364427,0,1,1,240.787304822521,0
28,73.3613616459193,0,1,1,73.3613616479858,0
30,0.0,0,1,0,200.830980549504,0
37,396.012218427406,0,1,1,502.88048164528,0
52,83.3050667993208,0,1,1,83.3050668112837,0
