bus_number,P_output,Q_output,voltage_mag,gen_status,P_max,P_min
1,445.62907732704,0,1,1,950.192330243277,0
11,105.074168840128,0,1,1,105.074168840128,0
14,263.953022847824,0,1,1,263.953022847824,0
19,495.975171381504,0,1,1,495.975171381504,0
21,80.3397643280413,0,1,1,80.3397643280413,0
22,0.0,0,1,0,487.010526037581,0
30,0.0,0,1,0,311.821891720248,0
33,318.624415485037,0,1,1,318.624415485037,0
36,312.737420558803,0,1,1,312.737420558803,0
43,647.412711650624,0,1,1,647.412711650624,0
45,34.6271505028062,0,1,1,34.6271505028062,0
48,3.3881317890172e-19,0,1,1,179.907101729552,0
