cost_model,startup,shutdown,n_coefficients,coeff_n,coeff1,coeff0
2,0,0,3,0.0,0.0,0.0
2,0,0,3,0.0050895869663282,42.7365205800337,594.191441023949
2,0,0,3,0.0,0.0,0.0
2,0,0,3,0.0,0.0,0.0
2,0,0,3,0.0038034278573565,24.6001440751234,3419.74085235528
2,0,0,3,0.0072037928313279,28.8311692311636,186.431126852808
2,0,0,3,0.0031423319255154,37.8031042956668,315.131037676546
2,0,0,3,0.0064193141411197,55.0150306970751,937.930652285836
2,0,0,3,0.0,0.0,0.0
2,0,0,3,0.0,0.0,0.0
2,0,0,3,0.0,0.0,0.0
2,0,0,3,0.0,0.0,0.0
2,0,0,3,0.0037954728261388,43.0637907744432,513.965714380255
2,0,0,3,0.0051414616563947,48.264268261379,353.880282987152
2,0,0,3,0.0,0.0,0.0
2,0,0,3,0.0,0.0,0.0
2,0,0,3,0.0,0.0,0.0
