bus_number,P_output,Q_output,voltage_mag,gen_status,P_max,P_min
1,258.394033281148,0,1,1,258.394033281221,0
16,6.09382081660992e-10,0,1,1,261.477335457517,0
18,99.7713089161997,0,1,1,152.19926586741,0
19,46.0043097445639,0,1,1,46.0043097461234,0
20,579.447829089221,0,1,1,579.447829089209,0
21,134.267618973949,0,1,1,134.267618975012,0
24,1.13867390137084e-09,0,1,1,102.063968651883,0
26,125.448815324867,0,1,1,128.678038231855,0
29,459.545129877834,0,1,1,459.545129878511,0
30,46.5916378821545,0,1,1,379.100690949873,0
31,0.0,0,1,0,21.8962886674117,0
33,0.0,0,1,0,216.107254540574,0
34,273.27426104959,0,1,1,273.274261049872,0
36,236.550100752007,0,1,1,236.550100752254,0
39,0.0,0,1,0,66.8232300289599,0
40,56.7243994377485,0,1,1,93.3684404770193,0
47,135.659499302867,0,1,1,135.659499302973,0
54,55.3738782632969,0,1,1,398.758043374102,0
56,247.257771585367,0,1,1,247.257771585535,0
