bus_number,bus_type,P_demand,Q_demand,voltage_mag,voltage_ang
1,1,282.956805089941,0,1,-6.1908341284587
2,2,0.0,0,1,-3.0400258616899
3,1,0.0,0,1,-5.91198064894973
4,1,0.0,0,1,-3.3534186941451
5,1,0.0,0,1,-4.07673368034404
6,2,0.0,0,1,-5.3671210753252
7,1,0.0,0,1,-3.79553276559838
8,1,0.0,0,1,-5.79677633458768
9,1,59.1508729941031,0,1,-5.11006990725028
10,1,0.0,0,1,-2.73302852274063
11,1,0.0,0,1,-3.48433762949338
12,1,21.2514066232587,0,1,-6.38300202731694
13,1,170.013547026557,0,1,-7.53431247175034
14,1,0.0,0,1,-2.36634050772074
15,1,34.8599285166591,0,1,0.05624967690092
16,1,4.35336563415862,0,1,-4.12845913434888
17,1,14.4139263269479,0,1,-2.07550193170392
18,1,0.0,0,1,-0.847077902832964
19,2,0.0,0,1,-2.15112788876544
20,1,143.227178484457,0,1,-5.94908476330394
21,2,0.0,0,1,-4.77217906226582
22,1,0.0,0,1,-0.728259534453717
23,1,0.0,0,1,-3.66659953149701
24,1,0.0,0,1,-1.77621693042775
25,1,0.0,0,1,-0.456885414211468
26,1,0.0,0,1,-0.456885414211468
27,1,0.0,0,1,-1.48443832381735
28,1,525.428111987528,0,1,-0.9777529740151
29,1,418.396702421153,0,1,-0.785015770630944
30,2,0.0,0,1,-0.683136667258123
31,2,0.0,0,1,-0.917406400125884
32,1,0.0,0,1,-1.16725065572873
33,3,0.0,0,1,0.0
34,1,0.0,0,1,-1.667615470523
35,2,0.0,0,1,-0.217009121259049
36,2,0.0,0,1,-0.456885414211468
37,2,0.0,0,1,-1.50045109065183
38,2,0.0,0,1,-0.591807494357374
39,2,0.0,0,1,-3.52763731877026
40,1,190.473522894814,0,1,-3.05400372631743
41,2,0.0,0,1,-4.10289788816827
42,1,0.0,0,1,-3.85114505035119
43,1,190.369256392609,0,1,-6.06203981596708
44,1,0.0,0,1,-0.896277131841761
45,1,78.1824929202504,0,1,-0.360987185342955
46,1,0.0,0,1,-3.32902840400404
47,1,0.0,0,1,-3.79187434556384
48,2,0.0,0,1,-4.99374323749019
49,2,0.0,0,1,0.24811232252359
50,2,0.0,0,1,-1.81769988380979
51,1,2.61938844647557,0,1,-4.10289788816827
52,1,0.0,0,1,-3.49818580742516
53,1,0.0,0,1,-0.740179940686069
54,1,524.549940170362,0,1,-5.14114107479353
55,1,0.0,0,1,-4.43611608624487
56,1,22.362994834178,0,1,-4.17250287379812
57,1,0.0,0,1,-4.46839993124876
