bus_number,bus_type,P_demand,Q_demand,voltage_mag,voltage_ang
1,1,0.0,0,1,-1.03440985352728
2,3,0.0,0,1,0.0
3,1,0.0,0,1,-1.62707399736693
4,1,345.577168857236,0,1,-3.9105106436791
5,1,125.907342211124,0,1,-3.86215127167246
6,1,0.0,0,1,-3.5176611097874
7,1,0.0,0,1,-3.97982174734699
8,1,0.0,0,1,-4.45908890514723
9,1,0.0,0,1,-3.67771772193001
10,2,0.0,0,1,-3.8929772663882
11,1,196.125649071766,0,1,-4.97865446676339
12,1,0.0,0,1,-3.29323743052559
13,2,0.0,0,1,-1.92552012004911
14,1,0.0,0,1,-2.16719433082967
15,1,0.0,0,1,-3.22988693789522
16,1,0.0,0,1,-3.49035452542274
17,1,0.0,0,1,-3.95181300968252
18,1,0.0,0,1,-2.31861733153685
19,1,0.0,0,1,-3.14222926391843
20,2,0.0,0,1,-3.65029224962995
21,2,0.0,0,1,-0.968785789408732
22,1,0.0,0,1,-2.3630089940031
23,1,725.190333000083,0,1,-4.40050985760146
24,1,0.0,0,1,-2.1417935145061
25,1,0.0,0,1,-3.44459607157038
26,1,0.0,0,1,-3.06754474330886
27,1,51.7881143802215,0,1,-4.4909760276939
28,2,0.0,0,1,-2.67544093674952
29,1,0.0,0,1,-3.15103041356828
30,2,0.0,0,1,-3.33896946956095
31,2,0.0,0,1,-1.18447158274315
32,1,50.8177137618402,0,1,-1.6393950721933
33,1,0.0,0,1,-1.52182042272075
34,1,377.683732800655,0,1,-2.4698327147637
35,1,0.0,0,1,-1.44763340838046
36,1,0.0,0,1,-2.50827955707874
37,1,0.0,0,1,-2.4295851613467
38,1,0.0,0,1,-1.82594792701717
39,1,0.0,0,1,-1.44355597028443
40,2,0.0,0,1,-1.22523753665722
41,2,0.0,0,1,-1.35226188332294
42,2,0.0,0,1,-0.894994312695753
43,1,220.21496731849,0,1,-1.95148349348154
44,1,0.0,0,1,-2.6042508640859
45,1,0.0,0,1,-1.78635569073964
46,1,64.1514233756939,0,1,-1.81662530063707
47,1,267.811979610002,0,1,-4.00753134111838
48,2,0.0,0,1,-0.476030854360367
49,2,0.0,0,1,-3.10324871010172
50,1,0.0,0,1,-1.68979455779731
51,1,0.0,0,1,-2.14841927398519
52,1,0.0,0,1,-1.31852614338134
53,1,234.943585456996,0,1,-3.13159652910234
54,1,0.0,0,1,-3.26796911956724
55,1,0.0,0,1,-3.99935110695344
56,2,0.0,0,1,-3.16837715114702
57,1,94.0985836384933,0,1,-3.58811479241965
