bus_number,P_output,Q_output,voltage_mag,gen_status,P_max,P_min
1,0.0,0,1,0,101.996466801819,0
5,94.9646557287097,0,1,1,94.9646557287097,0
8,493.274911881337,0,1,1,839.444276873904,0
9,729.319967813182,0,1,1,729.319967813182,0
16,53.427157739491,0,1,1,53.4271577394909,0
18,804.180750046159,0,1,1,804.180750046159,0
22,6.23489785076396,0,1,1,6.23489785076396,0
28,61.6748626044257,0,1,1,61.6748626044257,0
31,16.9127708833239,0,1,1,16.9127708833239,0
33,29.3591834962841,0,1,1,29.3591834962841,0
42,0.0,0,1,0,671.33915107052,0
46,0.0,0,1,0,242.193088372896,0
50,0.0,0,1,0,146.369082703918,0
54,464.961435438925,0,1,1,464.961435438925,0
