cost_model,startup,shutdown,n_coefficients,coeff_n,coeff1,coeff0
2,0,0,3,0.0035057412672888,50.0797078845217,2293.26897155577
2,0,0,3,0.0,0.0,0.0
2,0,0,3,0.0,0.0,0.0
2,0,0,3,0.0028749777894517,27.2286321280916,212.264194612098
2,0,0,3,0.0,0.0,0.0
2,0,0,3,0.0,0.0,0.0
2,0,0,3,0.0,0.0,0.0
2,0,0,3,0.0,0.0,0.0
2,0,0,3,0.0,0.0,0.0
2,0,0,3,0.0054172534502962,42.8262116537541,2498.55430493747
2,0,0,3,0.0042876061167286,32.2644904741326,2784.45977728745
2,0,0,3,0.0,0.0,0.0
2,0,0,3,0.0054206717256088,32.6839304116163,51.4709864557092
2,0,0,3,0.0,0.0,0.0
2,0,0,3,0.0064637741170426,48.0514850393136,155.467122931009
2,0,0,3,0.0,0.0,0.0
