cost_model,startup,shutdown,n_coefficients,coeff_n,coeff1,coeff0
2,0,0,3,0.0,0.0,0.0
2,0,0,3,0.0059224795247653,26.4280064465166,3801.90558782687
2,0,0,3,0.0,0.0,0.0
2,0,0,3,0.0058248851848578,51.9605865438704,1180.48891433682
2,0,0,3,0.0,0.0,0.0
2,0,0,3,0.0,0.0,0.0
2,0,0,3,0.0,0.0,0.0
2,0,0,3,0.0062586963886662,55.1318948975146,875.19784411603
2,0,0,3,0.0,0.0,0.0
2,0,0,3,0.0075570846565611,40.0262701056701,395.497622581064
2,0,0,3,0.0,0.0,0.0
2,0,0,3,0.0,0.0,0.0
2,0,0,3,0.0,0.0,0.0
2,0,0,3,0.0039567122628067,49.2520780739738,530.469144799243
2,0,0,3,0.0,0.0,0.0
2,0,0,3,0.0031341670161822,38.4423030218999,160.307333379579
