bus_number,bus_type,P_demand,Q_demand,voltage_mag,voltage_ang
1,1,0.0,0,1,-1.29521299198913
2,1,0.0,0,1,-1.31778016787942
3,1,129.10486355567,0,1,-1.23169445524634
4,1,297.716773108335,0,1,-2.50656920824014
5,1,0.0,0,1,-0.395497299376931
6,1,0.0,0,1,-0.884977410988105
7,1,0.0,0,1,-1.03318330014446
8,1,407.295613704307,0,1,-2.79834595676862
9,2,0.0,0,1,-0.849178825988081
10,1,259.081863070084,0,1,-2.02789676747609
11,1,162.638578375824,0,1,-1.32217265623394
12,3,0.0,0,1,0.0
13,1,32.6231524393887,0,1,-1.78032942787293
14,1,0.0,0,1,-0.436016037514795
15,1,0.0,0,1,-0.625268906780726
16,1,0.0,0,1,-0.309749801017666
17,2,0.0,0,1,-1.25574026774141
18,2,0.0,0,1,1.12392215379098
19,1,0.0,0,1,-0.464127749142755
20,1,151.982135134353,0,1,-2.31496130426636
21,1,0.0,0,1,-1.26229180114982
22,1,0.0,0,1,0.374077051095843
23,1,168.340857452423,0,1,-3.50312845803238
24,2,0.0,0,1,-1.02156977476427
25,2,0.0,0,1,-0.886981814968119
26,1,0.0,0,1,-1.46782625524369
27,1,0.0,0,1,-2.05132580894119
28,1,0.0,0,1,-2.79094925186438
29,1,0.0,0,1,-1.23761989528468
30,1,0.0,0,1,-2.5914968962253
31,1,88.6523723205089,0,1,-2.19588675923955
32,1,95.0210470135041,0,1,-0.479791087341211
33,2,0.0,0,1,0.434813171965448
34,2,0.0,0,1,-2.37633563026947
35,1,41.3623509718106,0,1,-1.54893006991992
36,2,0.0,0,1,-1.6830704285714
37,1,0.0,0,1,-1.19327488344097
38,1,503.648558411625,0,1,-2.81269082348126
39,2,0.0,0,1,1.27150715655385
40,1,0.0,0,1,0.0374916237161013
41,2,0.0,0,1,-0.464256357819349
42,1,0.0,0,1,-0.892486872572996
43,1,0.0,0,1,-0.390188132379774
44,1,0.0,0,1,-0.372620981011915
45,2,0.0,0,1,0.210800258420321
46,1,0.0,0,1,-0.151076055987806
47,1,0.0,0,1,-0.11763411074708
48,1,0.0,0,1,0.673273558250777
49,1,0.0,0,1,0.656880167694087
50,2,0.0,0,1,-0.151953546050979
51,2,0.0,0,1,1.08553541214601
52,1,0.0,0,1,-0.754980119069708
53,2,0.0,0,1,-0.181466999036467
54,1,0.0,0,1,-1.1052397609177
55,1,0.0,0,1,-2.14366843506467
56,1,0.0,0,1,-1.39828560269951
57,1,416.842427924769,0,1,-2.11149335585875
