bus_number,bus_type,P_demand,Q_demand,voltage_mag,voltage_ang
1,1,0.0,0,1,-10.893917648049
2,1,16.0540385856701,0,1,-10.4060420044885
3,1,34.231175084254,0,1,-9.44813608480116
4,1,0.0,0,1,-10.5363114463824
5,2,0.0,0,1,-7.38979803609041
6,1,173.949462248397,0,1,-10.3029668575373
7,1,750.551747430599,0,1,-11.2903485734325
8,1,0.0,0,1,-10.4060420044885
9,2,0.0,0,1,-8.94766059003435
10,2,0.0,0,1,-8.35796425708592
11,1,0.0,0,1,-10.4060420044885
12,1,220.171260738652,0,1,-6.48862988701889
13,2,0.0,0,1,-6.13508798722439
14,1,0.0,0,1,-8.90651795470927
15,1,340.014931761987,0,1,-11.7932481902115
16,1,0.0,0,1,-10.9304750262305
17,1,24.6372490592882,0,1,-9.60519461031564
18,1,73.5119105827482,0,1,-6.07087281221078
19,2,0.0,0,1,-4.45822923728605
20,1,77.939496014705,0,1,-4.40286441398133
21,1,0.0,0,1,-7.55208422965143
22,1,0.0,0,1,-5.43292793838451
23,1,0.0,0,1,-7.50505676684532
24,1,0.0,0,1,-2.72098165593898
25,2,0.0,0,1,-3.6583991414245
26,1,0.0,0,1,-4.54012716955529
27,1,0.0,0,1,-7.05851018594659
28,2,0.0,0,1,-8.45626347738607
29,2,0.0,0,1,-3.37872709682108
30,1,159.932381687912,0,1,-2.98768724101387
31,2,0.0,0,1,-5.15676777922874
32,1,113.797130362945,0,1,-5.16767293398776
33,3,0.0,0,1,0.0
34,2,0.0,0,1,-7.16536026932708
35,1,0.0,0,1,-4.27325711028155
36,1,8.92876168363304,0,1,-9.12409114359236
37,1,9.05890729024965,0,1,-8.4464396442109
38,2,0.0,0,1,-8.73061297286146
39,2,0.0,0,1,-3.43477809098025
40,1,0.0,0,1,-8.35817751779089
41,1,0.0,0,1,-9.01984155271149
42,1,0.0,0,1,-6.7175687922495
43,1,0.0,0,1,-9.43246960753093
44,1,44.057108348833,0,1,-12.5119938788004
45,2,0.0,0,1,-8.87523868090212
46,1,0.0,0,1,-9.67208984209688
47,1,403.794362511536,0,1,-10.0823686055571
48,1,148.736028442277,0,1,-9.79259814464624
49,1,0.0,0,1,-6.23685683800041
50,1,154.944641648915,0,1,-10.3798966546972
51,2,0.0,0,1,-7.25499179668392
52,2,0.0,0,1,-9.69515687260451
53,1,0.0,0,1,-10.3528804716349
54,1,0.0,0,1,-9.38230785623385
55,2,0.0,0,1,-6.63372486148145
56,1,0.0,0,1,-8.53789879031814
57,2,0.0,0,1,-6.63372486148145
