cost_model,startup,shutdown,n_coefficients,coeff_n,coeff1,coeff0
2,0,0,3,0.0048698719711535,54.2578338388472,398.004803875131
2,0,0,3,0.0,0.0,0.0
2,0,0,3,0.0,0.0,0.0
2,0,0,3,0.0079533088407962,30.9805477986133,78.7038892299682
2,0,0,3,0.0028248842921133,56.7269131193128,720.297499719503
2,0,0,3,0.0,0.0,0.0
2,0,0,3,0.0,0.0,0.0
2,0,0,3,0.0,0.0,0.0
2,0,0,3,0.0039382859686895,29.5442630035056,167.681300561992
2,0,0,3,0.0,0.0,0.0
2,0,0,3,0.0,0.0,0.0
2,0,0,3,0.0,0.0,0.0
2,0,0,3,0.0042563245285401,47.4910913544461,291.875111907583
