cost_model,startup,shutdown,n_coefficients,coeff_n,coeff1,coeff0
2,0,0,3,0.0044814958788467,45.921422876219,305.10317630073
2,0,0,3,0.0,0.0,0.0
2,0,0,3,0.0055768948169815,55.4073050764191,2568.26623230184
2,0,0,3,0.0,0.0,0.0
2,0,0,3,0.0026304342658348,56.7536652263997,1042.75620493206
2,0,0,3,0.0,0.0,0.0
2,0,0,3,0.0,0.0,0.0
2,0,0,3,0.005743152501585,32.6351451543704,102.03577202639
2,0,0,3,0.0,0.0,0.0
2,0,0,3,0.0,0.0,0.0
2,0,0,3,0.0,0.0,0.0
2,0,0,3,0.0060059244362649,26.5284642641028,232.613020442262
2,0,0,3,0.0,0.0,0.0
2,0,0,3,0.0020622461107627,27.5780563539946,393.183194899853
