cost_model,startup,shutdown,n_coefficients,coeff_n,coeff1,coeff0
2,0,0,3,0.0,0.0,0.0
2,0,0,3,0.0040262835932851,50.0502244706964,3378.16513693265
2,0,0,3,0.0,0.0,0.0
2,0,0,3,0.006242572708699,34.1114589041297,1845.27869980322
2,0,0,3,0.0038423977776053,28.2890143700275,439.307064634143
2,0,0,3,0.0022516592269135,55.5393275384437,436.886664703479
2,0,0,3,0.007683461734572,29.5643626591484,2767.7553844238
2,0,0,3,0.0,0.0,0.0
2,0,0,3,0.0,0.0,0.0
2,0,0,3,0.005654293258376,49.7934910971043,401.509298846381
2,0,0,3,0.0,0.0,0.0
2,0,0,3,0.0,0.0,0.0
2,0,0,3,0.0,0.0,0.0
2,0,0,3,0.0,0.0,0.0
2,0,0,3,0.0,0.0,0.0
