bus_number,P_output,Q_output,voltage_mag,gen_status,P_max,P_min
2,850.086578664703,0,1,1,965.737605192569,0
5,-5.3626703305290395e-11,0,1,1,89.5177719573603,0
13,39.3728365732687,0,1,1,65.8290327922697,0
14,0.0,0,1,0,227.953922497341,0
15,470.631646804055,0,1,1,470.631646804066,0
22,493.444046593947,0,1,1,509.54623896727,0
25,0.0,0,1,0,462.811423206646,0
26,35.9569021329623,0,1,1,148.653521023524,0
33,424.88982369448,0,1,1,424.889823694477,0
36,0.0,0,1,0,370.126118913095,0
39,287.428324011966,0,1,1,287.428324011952,0
42,53.4625705035316,0,1,1,53.4625705034934,0
47,99.0378645037099,0,1,1,185.789747860258,0
