bus_number,P_output,Q_output,voltage_mag,gen_status,P_max,P_min
1,135.265627879568,0,1,1,135.265627879568,0
7,200.875518700766,0,1,1,226.365326816911,0
8,0.0,0,1,0,193.661230259793,0
11,290.727208864777,0,1,1,290.727208864777,0
12,177.907179581233,0,1,1,177.907179581233,0
20,46.5067246116251,0,1,1,46.5067246116251,0
23,99.2633041456815,0,1,1,99.2633041456815,0
28,313.687140729344,0,1,1,354.648420072276,0
30,0.0,0,1,0,728.448963140615,0
36,238.34610894299,0,1,1,238.34610894299,0
44,1041.51764421222,0,1,1,1561.02351729446,0
51,210.214135814395,0,1,1,210.214135814395,0
