bus_number,P_output,Q_output,voltage_mag,gen_status,P_max,P_min
4,990.347957130953,0,1,1,990.34795713141,0
9,900.394732938563,0,1,1,900.394732938578,0
11,0.0,0,1,0,687.013637961388,0
16,0.0,0,1,0,277.426577079089,0
20,0.0,0,1,0,171.852369555488,0
25,120.574019510041,0,1,1,120.574019510215,0
27,48.6305070351683,0,1,1,237.498659620847,0
28,226.199439817994,0,1,1,399.041203875957,0
31,0.0,0,1,0,74.1171448294633,0
44,189.704804647016,0,1,1,189.704804647046,0
50,0.0,0,1,0,1.60914787259213,0
52,-3.3571584721314997e-12,0,1,1,146.91714891354,0
53,65.8803434887116,0,1,1,65.8803434887072,0
