bus_number,bus_type,P_demand,Q_demand,voltage_mag,voltage_ang
1,1,395.56199713974,0,1,-0.881787849400183
2,1,327.844069890247,0,1,-0.708772066729948
3,1,0.0,0,1,-0.167763844324921
4,2,0.0,0,1,-0.874723313785014
5,1,0.0,0,1,-0.366346351416518
6,1,67.6895730614219,0,1,-0.742275259364964
7,1,0.0,0,1,-0.446488938017293
8,3,0.0,0,1,0.0
9,1,0.0,0,1,-0.311522348652198
10,2,0.0,0,1,-1.88302427532636
11,1,187.325881928794,0,1,-2.27787172422078
12,2,0.0,0,1,-0.611054652373486
13,1,329.999122816676,0,1,-0.815102487860458
14,1,173.768113624595,0,1,-0.692845901053443
15,1,98.3113443681726,0,1,-2.60103373379532
16,1,50.9268951859827,0,1,-0.397116512747072
17,1,78.323283522523,0,1,-0.189922613154311
18,1,4.60598896278577,0,1,-0.116464679176573
19,2,0.0,0,1,0.0977250456463918
20,2,0.0,0,1,0.457673432380424
21,1,24.2221340665452,0,1,1.42663366671215
22,2,0.0,0,1,1.88634245835365
23,1,136.697626909513,0,1,0.503509439540977
24,1,0.93438793870853,0,1,0.951320949245806
25,1,0.0,0,1,0.337145842613695
26,2,0.0,0,1,-0.157675092092825
27,1,52.7602652113101,0,1,0.315500041543676
28,1,0.0,0,1,0.513752954841754
29,2,0.0,0,1,0.194926568557424
30,2,0.0,0,1,0.376643248688856
31,1,0.0,0,1,0.066482612224379
32,1,66.3304982181503,0,1,1.5330523101416
33,1,69.2976585453573,0,1,-0.416077067795586
34,1,95.0260651889003,0,1,-0.136070960666754
35,1,151.067999734926,0,1,-0.744288331668711
36,2,0.0,0,1,-0.950908950204857
37,1,0.0,0,1,-1.29180318444809
38,2,0.0,0,1,0.681606806527288
39,1,94.0911574740028,0,1,0.906042688001602
40,1,120.631014692525,0,1,-1.45515410345172
41,1,0.0,0,1,0.401874422718977
42,1,53.7740621772153,0,1,-1.09235916068036
43,2,0.0,0,1,1.95999064492039
44,1,0.0,0,1,0.199028571225953
45,1,53.7632060746704,0,1,-2.54223105572484
46,1,0.0,0,1,-0.498011461029004
47,1,0.0,0,1,-0.823737938557248
48,1,0.0,0,1,0.668881252412007
49,1,0.0,0,1,0.204534907001245
50,2,0.0,0,1,0.0485587201778941
51,1,0.0,0,1,-0.741145878906677
52,1,89.3867036578541,0,1,-1.71725004228939
53,1,0.0,0,1,-0.456961166460518
54,1,31.9715430919865,0,1,-1.05563629918777
55,2,0.0,0,1,-0.487821942016806
56,1,0.0,0,1,-0.0635242315100667
57,1,0.0,0,1,-1.56846125048487
