cost_model,startup,shutdown,n_coefficients,coeff_n,coeff1,coeff0
2,0,0,3,0.0,0.0,0.0
2,0,0,3,0.0,0.0,0.0
2,0,0,3,0.0,0.0,0.0
2,0,0,3,0.0,0.0,0.0
2,0,0,3,0.0,0.0,0.0
2,0,0,3,0.0,0.0,0.0
2,0,0,3,0.0077651777010306,41.4443483827611,1954.68033455126
2,0,0,3,0.0075631744882676,55.6851407182007,480.163152932761
2,0,0,3,0.0038543075995152,48.5823425148497,491.756544538825
2,0,0,3,0.006854350777663,24.5152246236548,74.9315479209801
2,0,0,3,0.0044473778514737,30.1763400746991,154.972112159787
2,0,0,3,0.0,0.0,0.0
2,0,0,3,0.0054356316131364,47.7423626010739,333.600716057673
2,0,0,3,0.0039009476124683,31.4595255123028,2330.30846371973
2,0,0,3,0.0,0.0,0.0
2,0,0,3,0.0,0.0,0.0
2,0,0,3,0.0,0.0,0.0
2,0,0,3,0.0071694608602149,42.0686714899113,362.440975467567
