cost_model,startup,shutdown,n_coefficients,coeff_n,coeff1,coeff0
2,0,0,3,0.0029505417013625,53.4356071409316,2170.88817108394
2,0,0,3,0.0032601532275219,29.7029554276313,3420.02162117735
2,0,0,3,0.0,0.0,0.0
2,0,0,3,0.0,0.0,0.0
2,0,0,3,0.0,0.0,0.0
2,0,0,3,0.0,0.0,0.0
2,0,0,3,0.0033720807762102,35.2605604478619,78.0400912610985
2,0,0,3,0.0077096188763751,40.348736554012,598.271963199206
2,0,0,3,0.0,0.0,0.0
2,0,0,3,0.0,0.0,0.0
2,0,0,3,0.0079179284999723,23.9010177707446,48.3063161222874
2,0,0,3,0.0066257153282071,50.5250262507913,470.975011548493
2,0,0,3,0.0,0.0,0.0
2,0,0,3,0.0,0.0,0.0
2,0,0,3,0.0,0.0,0.0
2,0,0,3,0.0,0.0,0.0
