cost_model,startup,shutdown,n_coefficients,coeff_n,coeff1,coeff0
2,0,0,3,0.0043826177118861,25.730181060316,1881.09700215555
2,0,0,3,0.0,0.0,0.0
2,0,0,3,0.0,0.0,0.0
2,0,0,3,0.0,0.0,0.0
2,0,0,3,0.0044540005132285,41.9930918645144,1746.78634630035
2,0,0,3,0.0,0.0,0.0
2,0,0,3,0.0,0.0,0.0
2,0,0,3,0.0027415693823569,52.6034954041892,472.482770042851
2,0,0,3,0.0,0.0,0.0
2,0,0,3,0.0056553051319862,43.4986303312135,566.034559039232
2,0,0,3,0.0,0.0,0.0
