bus_number,P_output,Q_output,voltage_mag,gen_status,P_max,P_min
4,71.7324964378816,0,1,1,310.945658086971,0
5,3.1914562928033,0,1,1,321.340026452004,0
7,166.962320324017,0,1,1,166.962320324501,0
10,234.815115580562,0,1,1,234.815115580579,0
16,0.0,0,1,0,245.466909620538,0
18,0.0,0,1,0,268.714455749978,0
22,726.538281665563,0,1,1,759.191710831287,0
23,99.6430815969671,0,1,1,99.6430815972516,0
26,178.4267283518,0,1,1,178.426728353024,0
45,427.548188497391,0,1,1,427.548188497598,0
46,301.553971624806,0,1,1,469.543971117692,0
48,0.0,0,1,0,52.9322939504418,0
49,125.83255465814,0,1,1,125.832554658196,0
52,416.558088772225,0,1,1,416.558088772226,0
53,1.8683486557411e-09,0,1,1,184.456643832033,0
