cost_model,startup,shutdown,n_coefficients,coeff_n,coeff1,coeff0
2,0,0,3,0.0052637794195282,25.377663914454,559.575756186026
2,0,0,3,0.0025892284561106,48.2464053252251,275.760290712959
2,0,0,3,0.0,0.0,0.0
2,0,0,3,0.0079765098850125,36.4970784402441,115.213356890682
2,0,0,3,0.0,0.0,0.0
2,0,0,3,0.0,0.0,0.0
2,0,0,3,0.0,0.0,0.0
2,0,0,3,0.006614988899573,47.1665388934296,442.568130764597
2,0,0,3,0.0,0.0,0.0
2,0,0,3,0.0,0.0,0.0
2,0,0,3,0.0043677006554668,36.7454984137468,2637.77606115151
2,0,0,3,0.0041366820408227,39.902252599769,30.2532794991236
2,0,0,3,0.0030347718858572,30.5375526210589,294.365532488978
2,0,0,3,0.0030697088368856,38.1327296856543,331.519648984996
2,0,0,3,0.0,0.0,0.0
2,0,0,3,0.0,0.0,0.0
2,0,0,3,0.0,0.0,0.0
2,0,0,3,0.0,0.0,0.0
2,0,0,3,0.0,0.0,0.0
2,0,0,3,0.0040751229830647,40.3792312466833,437.980391582483
2,0,0,3,0.0,0.0,0.0
