bus_number,P_output,Q_output,voltage_mag,gen_status,P_max,P_min
2,288.894255422631,0,1,1,731.10360611855,0
4,552.904146670241,0,1,1,636.168743952279,0
8,266.858385619287,0,1,1,411.745581344568,0
11,0.0,0,1,0,449.760822959071,0
17,457.379411731645,0,1,1,457.379411731655,0
27,0.0,0,1,0,112.597231567223,0
31,0.0,0,1,0,198.918417745739,0
34,65.0943302609706,0,1,1,65.094330260955,0
39,75.4432369628836,0,1,1,75.4432369628947,0
41,168.243134360641,0,1,1,168.243134360611,0
44,16.2634251864398,0,1,1,16.2634251864789,0
46,585.747374275762,0,1,1,585.747374275802,0
49,277.482892992194,0,1,1,277.482892992364,0
51,-1.26029292308413e-10,0,1,1,76.4295379661324,0
