cost_model,startup,shutdown,n_coefficients,coeff_n,coeff1,coeff0
2,0,0,3,0.0036880475597201,38.3307801673278,339.574863740615
2,0,0,3,0.0028228823474381,40.0117202275374,1723.3156130345
2,0,0,3,0.0,0.0,0.0
2,0,0,3,0.0,0.0,0.0
2,0,0,3,0.0,0.0,0.0
2,0,0,3,0.0,0.0,0.0
2,0,0,3,0.0036559483712841,43.3397853265954,447.78150046702
2,0,0,3,0.0,0.0,0.0
2,0,0,3,0.0,0.0,0.0
2,0,0,3,0.0,0.0,0.0
2,0,0,3,0.0040022564397508,45.7059975006421,227.580886003606
2,0,0,3,0.0029682730823504,39.1624001489565,525.836691804597
2,0,0,3,0.0,0.0,0.0
2,0,0,3,0.0020403225334503,29.8164782308668,50.9275671002373
2,0,0,3,0.0034063886965964,45.4611903078391,113.955400152649
2,0,0,3,0.0047661980565636,40.0016512929464,466.704080867527
2,0,0,3,0.0,0.0,0.0
2,0,0,3,0.0,0.0,0.0
2,0,0,3,0.0,0.0,0.0
2,0,0,3,0.0,0.0,0.0
