bus_number,bus_type,P_demand,Q_demand,voltage_mag,voltage_ang
1,2,0.0,0,1,1.60428232791684
2,2,0.0,0,1,-0.108642332479132
3,1,0.0,0,1,2.67897682220558
4,1,0.0,0,1,-0.393601402117391
5,1,332.5130592743,0,1,-1.01540141745841
6,1,96.2345565882827,0,1,2.37714210919482
7,2,0.0,0,1,-0.319727684231584
8,1,220.907768298491,0,1,1.01867214064113
9,1,0.0,0,1,3.33270590885313
10,1,0.0,0,1,1.05874256722489
11,1,0.0,0,1,-0.175475777585121
12,1,287.33288432469,0,1,-2.29926166676361
13,1,0.0,0,1,-0.0221613241515558
14,2,0.0,0,1,-5.2074736367092
15,3,0.0,0,1,0.0
16,1,0.0,0,1,-0.304152115694507
17,2,0.0,0,1,-0.471490305573281
18,2,0.0,0,1,3.73950599682262
19,1,112.8724235711,0,1,-6.20434426517105
20,2,0.0,0,1,-0.836643315701301
21,1,0.0,0,1,-5.10265415574824
22,2,0.0,0,1,-0.413736794316249
23,1,130.074532182976,0,1,-0.420144565287114
24,1,0.0,0,1,-1.73337899466478
25,1,54.7826455276597,0,1,-0.829893495782031
26,1,0.0,0,1,-0.792496523619849
27,1,0.0,0,1,-0.967540304578606
28,1,0.0,0,1,0.45384475884951
29,1,52.4441421500633,0,1,-3.30753504974085
30,2,0.0,0,1,-0.653654824548603
31,1,0.0,0,1,1.74966897273781
32,2,0.0,0,1,0.479946755804241
33,1,0.0,0,1,0.354934266908726
34,2,0.0,0,1,-0.533981212907767
35,1,702.442207922511,0,1,-1.11088898440892
36,1,0.0,0,1,1.76514760223308
37,1,0.0,0,1,1.69706957760028
38,1,0.0,0,1,2.77555365901255
39,2,0.0,0,1,0.261673342679552
40,2,0.0,0,1,2.87270903317026
41,1,30.6090846924844,0,1,-2.31864151764495
42,2,0.0,0,1,3.02445652969279
43,2,0.0,0,1,1.57352552250952
44,1,300.5510681924,0,1,-0.834502032962341
45,1,0.0,0,1,1.17467322048892
46,2,0.0,0,1,1.01794154371809
47,1,81.1344078023695,0,1,2.1651816747143
48,1,0.0,0,1,2.31109647285283
49,1,0.0,0,1,1.77836853960198
50,1,161.537402838314,0,1,0.754708566738492
51,1,169.885034563954,0,1,-0.439202246778878
52,2,0.0,0,1,3.66957428305135
53,1,0.0,0,1,0.818145503490535
54,1,0.0,0,1,0.464353400828202
55,2,0.0,0,1,0.647920029694354
56,1,20.989375553007,0,1,1.02956671248716
57,2,0.0,0,1,-0.50463856015424
