bus_number,bus_type,P_demand,Q_demand,voltage_mag,voltage_ang
1,1,32.6832511390236,0,1,-5.95898509524859
2,1,0.0,0,1,-7.42371277779723
3,3,0.0,0,1,0.0
4,2,0.0,0,1,-6.21158975486324
5,1,0.0,0,1,-6.95041149913449
6,1,51.224160155585,0,1,-7.28171776397075
7,2,0.0,0,1,-7.68596637982483
8,1,51.4391049281603,0,1,-7.4718263515309
9,1,0.0,0,1,-7.91809961047943
10,1,0.0,0,1,-6.86377303310564
11,2,0.0,0,1,-8.01798949927204
12,1,0.0,0,1,-7.99922464219491
13,1,162.839195239575,0,1,-8.18820190541751
14,1,52.4788489321905,0,1,-7.56799734766579
15,1,368.539824207943,0,1,-8.4616363620796
16,1,261.735923799183,0,1,-7.98672504319701
17,1,0.0,0,1,-7.68939105877574
18,1,64.4189752426395,0,1,-6.74611340683832
19,1,0.0,0,1,-8.28788398637925
20,1,0.0,0,1,-7.11077928332727
21,1,0.0,0,1,-7.70866060925662
22,2,0.0,0,1,-7.82589007378347
23,2,0.0,0,1,-5.87096540326991
24,1,0.0,0,1,-7.79556779852054
25,1,0.0,0,1,-7.53034103478386
26,1,0.0,0,1,-6.64304186270105
27,2,0.0,0,1,-8.05991580108266
28,1,0.0,0,1,-8.51234564098991
29,1,36.0597140793314,0,1,-10.1797040707446
30,2,0.0,0,1,-7.64413191060643
31,1,358.395360691367,0,1,-8.36746403914019
32,1,42.5884645534636,0,1,-6.99917873215588
33,1,108.294077171011,0,1,-7.80646130892133
34,2,0.0,0,1,-7.42318742732776
35,1,0.0,0,1,-7.30124263604914
36,1,186.335958458885,0,1,-9.52801526153768
37,1,176.131454457543,0,1,-8.64023828544387
38,1,0.0,0,1,-9.02035328862349
39,1,198.994109747949,0,1,-8.50586650978203
40,1,215.616021156788,0,1,-8.61012396355858
41,1,0.0,0,1,-7.19333563537605
42,1,14.8784522830254,0,1,-8.15361723164329
43,2,0.0,0,1,-5.52713093851445
44,2,0.0,0,1,-9.25477448459998
45,2,0.0,0,1,-5.92935379091414
46,2,0.0,0,1,-9.25477448459998
47,2,0.0,0,1,-5.27851062594626
48,1,195.659366608,0,1,-9.59919499806336
49,1,0.0,0,1,-7.79322831433556
50,1,0.0,0,1,-7.1319856655797
51,1,0.0,0,1,-6.26458973144192
52,1,39.6583819057881,0,1,-6.12382499129845
53,1,5.62092259282797,0,1,-6.5751081989827
54,1,70.0446876780751,0,1,-6.63236564929685
55,1,0.0,0,1,-6.42106372563942
56,1,118.020063170841,0,1,-8.51738278080247
57,1,0.0,0,1,-6.56166488026677
