bus_number,bus_type,P_demand,Q_demand,voltage_mag,voltage_ang
1,1,78.1735834436677,0,1,-1.25642475243517
2,3,0.0,0,1,0.0
3,1,0.0,0,1,-0.547970297560906
4,1,78.9654880993152,0,1,-1.7148127446801
5,1,44.6699537077764,0,1,-3.08875585436523
6,2,0.0,0,1,-3.03208117978193
7,1,125.782107754473,0,1,-3.19049353983835
8,1,233.762085355908,0,1,-2.1416307978689
9,1,53.9175745761957,0,1,-4.27041906650076
10,1,50.6432577026303,0,1,-2.06293457240297
11,1,50.6325836484997,0,1,-1.84688208349842
12,1,0.0,0,1,-2.86096525041907
13,1,22.714002231002,0,1,-1.98442784551276
14,1,31.2834078037454,0,1,-2.15867542111897
15,2,0.0,0,1,-2.86142912936055
16,1,0.0,0,1,-1.46569927295619
17,1,151.397683138328,0,1,-1.75284227836777
18,1,0.0,0,1,-2.27966334633812
19,1,40.7338179355654,0,1,-2.42066485059395
20,2,0.0,0,1,-1.10484703721468
21,1,0.0,0,1,-1.55901780174136
22,1,96.5677934820685,0,1,-3.30663530762579
23,1,13.7414372962353,0,1,-1.15966040737826
24,1,0.0,0,1,-0.97464113958114
25,1,426.077853679116,0,1,-1.13912956949972
26,1,0.0,0,1,-0.829353294052211
27,1,0.0,0,1,0.0320541050999293
28,1,1.7001358969874,0,1,-1.02978522679056
29,1,0.0,0,1,-1.01170615461069
30,1,89.0686442971143,0,1,-0.868108770026042
31,2,0.0,0,1,1.30403762702821
32,1,183.359505638404,0,1,-1.68938802048499
33,1,0.0,0,1,-1.03325437393876
34,2,0.0,0,1,-0.742763798753037
35,2,0.0,0,1,-0.469488240362387
36,1,0.0,0,1,-1.13981188706159
37,1,28.9928149902287,0,1,-0.703923606836164
38,1,0.0,0,1,-0.937777096940275
39,2,0.0,0,1,1.03949267320609
40,1,71.4391405417402,0,1,-1.5023235604037
41,1,403.941591119032,0,1,-1.86192324443355
42,1,0.0,0,1,0.296701868268903
43,1,0.0,0,1,0.288117230018763
44,1,30.582227817362,0,1,-0.730648195616611
45,2,0.0,0,1,-0.15291574436376
46,2,0.0,0,1,0.0753036795847608
47,2,0.0,0,1,-1.2178147991846
48,1,108.348293130713,0,1,-2.15427314075303
49,1,153.772441120051,0,1,-0.985510254263885
50,1,107.566753330293,0,1,-0.922834900414588
51,1,0.0,0,1,-1.74039478828372
52,2,0.0,0,1,-0.534407403394774
53,1,0.0,0,1,-1.3450745538588
54,1,0.0,0,1,-0.733852671206175
55,2,0.0,0,1,-1.69833520535811
56,1,0.0,0,1,-3.68962268035232
57,1,76.4764157461491,0,1,-3.50221030698267
