bus_number,bus_type,P_demand,Q_demand,voltage_mag,voltage_ang
1,2,0.0,0,1,-1.40034866272273
2,1,382.684006319226,0,1,-4.72873389318857
3,2,0.0,0,1,-4.49122750070916
4,3,0.0,0,1,0.0
5,1,0.0,0,1,-2.39583188942397
6,2,0.0,0,1,-2.7275371489876
7,1,0.0,0,1,-1.91286598589861
8,1,0.0,0,1,-2.67766544705476
9,1,0.0,0,1,-2.16754708152379
10,1,147.014725123836,0,1,-2.68073182177296
11,1,27.4327755608806,0,1,-2.66818669813824
12,1,149.492576697354,0,1,-3.45354915120715
13,1,0.0,0,1,-3.19966663154426
14,1,0.0,0,1,-0.318651866078857
15,2,0.0,0,1,-2.01705584195922
16,2,0.0,0,1,-0.578594564891192
17,1,28.5216420861927,0,1,-1.46990801132159
18,2,0.0,0,1,-0.624422640396156
19,1,0.0,0,1,-1.79731282919321
20,2,0.0,0,1,-0.35920731156807
21,2,0.0,0,1,-0.460857652301565
22,2,0.0,0,1,-0.999458947189867
23,2,0.0,0,1,-1.85964515408537
24,1,288.533981651291,0,1,-0.886741807573031
25,1,0.0,0,1,-0.189996248260584
26,1,0.0,0,1,-0.874534494264405
27,1,0.0,0,1,-2.55529002482506
28,1,0.0,0,1,-2.05303758838166
29,1,0.0,0,1,-1.54677257426333
30,2,0.0,0,1,-0.085621132700161
31,1,0.0,0,1,-0.336941767550028
32,1,185.433267836323,0,1,-2.69280611819701
33,1,0.0,0,1,-4.03630378362948
34,1,80.1033880123009,0,1,-0.622284675723884
35,1,0.0,0,1,-1.60904955576088
36,1,0.0,0,1,-2.11631686219006
37,1,0.0,0,1,-2.21892866442909
38,1,0.0,0,1,-2.064078674566
39,1,0.589238664596407,0,1,-2.4196243335549
40,1,0.0,0,1,-1.5580734544333
41,1,0.0,0,1,-2.27558598191789
42,1,0.0,0,1,-2.17146298061282
43,1,0.0,0,1,-2.42995934792018
44,1,0.0,0,1,-2.60504291823991
45,1,0.0,0,1,-2.4244715885279
46,2,0.0,0,1,-1.22897131117113
47,1,0.0,0,1,-3.02830915933941
48,1,0.0,0,1,-2.91662832172525
49,1,71.6965462230264,0,1,-3.11532451326158
50,1,17.3191448304003,0,1,-2.84143458036826
51,1,17.2093801804581,0,1,-3.12597595175788
52,1,897.125959251546,0,1,-3.19928595302963
53,2,0.0,0,1,-2.41014264721365
54,1,0.0,0,1,-2.66422450469604
55,1,0.0,0,1,-3.4915320687714
56,1,49.1873683472811,0,1,-2.86710329984723
57,1,411.966592697889,0,1,-3.96381360567736
