bus_number,P_output,Q_output,voltage_mag,gen_status,P_max,P_min
11,494.269136420212,0,1,1,494.269136445092,0
12,658.922436179948,0,1,1,1063.7195383989,0
15,683.832432868117,0,1,1,683.832432892392,0
16,0.0,0,1,0,259.355592464063,0
17,0.0,0,1,0,493.225782538919,0
21,135.574703396613,0,1,1,135.574703392881,0
25,296.235105440917,0,1,1,296.2351054474,0
29,5.50211353664951,0,1,1,5.50211353203655,0
30,122.753698194179,0,1,1,122.753698196302,0
31,0.0,0,1,0,323.855759245649,0
36,47.5577580695097,0,1,1,47.5577580494565,0
42,120.853897226896,0,1,1,120.85389721451,0
51,47.1170980767771,0,1,1,47.1170980849547,0
53,141.692214059703,0,1,1,168.525131521764,0
