bus_number,bus_type,P_demand,Q_demand,voltage_mag,voltage_ang
1,3,0.0,0,1,0.0
2,2,0.0,0,1,-1.18949073991126
3,1,0.0,0,1,1.51440992381906
4,1,0.0,0,1,0.142215111265261
5,1,25.5078090204088,0,1,0.819064674446804
6,1,0.0,0,1,0.0321164273114674
7,1,318.121778712941,0,1,-1.26031549054371
8,1,0.0,0,1,1.93504012627011
9,2,0.0,0,1,1.12009761802872
10,1,0.0,0,1,2.07952752829575
11,1,122.647736728771,0,1,-1.01337230618196
12,1,0.0,0,1,1.8113382683147
13,1,0.0,0,1,1.93423203088543
14,2,0.0,0,1,2.37765498114772
15,2,0.0,0,1,2.85259608733762
16,2,0.0,0,1,2.51656508531878
17,2,0.0,0,1,2.73994445022565
18,1,188.18992257803,0,1,2.3277085663272
19,1,0.0,0,1,1.64729445437777
20,1,410.311676633027,0,1,2.21246711630884
21,2,0.0,0,1,2.68362226166377
22,1,255.744312660365,0,1,1.12889300870008
23,1,0.0,0,1,2.56557083427669
24,2,0.0,0,1,0.18055127569918
25,1,0.0,0,1,2.37699703557615
26,1,0.0,0,1,0.731888039079679
27,2,0.0,0,1,0.117060611789603
28,1,10.9148385311406,0,1,-2.59371224776924
29,1,0.0,0,1,1.810485602272
30,2,0.0,0,1,-0.287608567782198
31,1,336.842593209171,0,1,-0.572749363413678
32,1,0.0,0,1,0.326374535392019
33,1,0.0,0,1,0.533282634017679
34,1,0.0,0,1,1.64031534168938
35,1,0.0,0,1,-0.543334208540569
36,1,0.0,0,1,0.285823133469892
37,2,0.0,0,1,0.577506415043907
38,1,0.0,0,1,-0.0534196483560134
39,1,0.0,0,1,-0.0167271767919074
40,1,0.0,0,1,-0.391606159028764
41,1,0.0,0,1,-1.25695260535669
42,1,31.3341332360874,0,1,-3.048746155398
43,1,0.0,0,1,-0.760917190132941
44,1,343.196284981538,0,1,-0.271727071888826
45,1,0.0,0,1,-1.77981634301036
46,2,0.0,0,1,-0.134074197775656
47,1,219.875118038098,0,1,-0.268022961065463
48,1,13.4435155646763,0,1,-3.47436013992487
49,2,0.0,0,1,0.896007758314287
50,1,400.194805907917,0,1,-1.43994733141927
51,1,0.0,0,1,0.842494014387641
52,1,0.0,0,1,-0.109624614953167
53,2,0.0,0,1,1.28544046045572
54,2,0.0,0,1,0.0586374859223025
55,1,0.0,0,1,0.198500580627967
56,1,14.865709992303,0,1,0.468553153186477
57,1,63.1203576881274,0,1,1.05733917274894
