bus_number,P_output,Q_output,voltage_mag,gen_status,P_max,P_min
1,336.182866594798,0,1,1,336.182866594798,0
4,0.0,0,1,0,14.2960401129038,0
5,133.835027969012,0,1,1,133.835027969012,0
7,0.0,0,1,0,194.822869025979,0
8,524.566784629789,0,1,1,589.954585704192,0
12,257.888030358285,0,1,1,397.532768073811,0
14,94.0996345726198,0,1,1,94.0996345726198,0
17,0.0,0,1,0,200.252070709397,0
18,38.3686578383575,0,1,1,90.4159845693159,0
24,0.0,0,1,0,242.271053726367,0
25,50.7792881399699,0,1,1,80.1240284951753,0
29,311.775314163303,0,1,1,311.775314163303,0
35,384.322284291253,0,1,1,384.322284291253,0
36,57.0469378371101,0,1,1,57.0469378371101,0
39,17.1325135209979,0,1,1,153.880053324597,0
42,1.4206275385822202e-15,0,1,1,70.8481855416869,0
47,190.552363689693,0,1,1,190.552363689693,0
51,136.112604838172,0,1,1,380.246745844187,0
57,221.648285039238,0,1,1,317.952873484352,0
