bus_number,bus_type,P_demand,Q_demand,voltage_mag,voltage_ang
1,1,0.0,0,1,-5.55602546627027
2,1,0.0,0,1,-8.58485779157983
3,1,0.0,0,1,-5.64089389697518
4,1,0.0,0,1,-5.9511859778611
5,1,0.0,0,1,-5.57755164263125
6,1,0.0,0,1,-1.08662095157806
7,2,0.0,0,1,-1.99532031052507
8,1,331.315988482018,0,1,-9.35398478111008
9,1,0.0,0,1,-2.19328785201732
10,1,28.7020393717657,0,1,-11.6243390756311
11,1,0.0,0,1,-10.4573481359093
12,1,88.1387113639766,0,1,-6.62397374098131
13,2,0.0,0,1,6.5318150285129
14,2,0.0,0,1,-7.77968270851727
15,2,0.0,0,1,-8.00380015905035
16,1,347.301920686081,0,1,-13.2058612182091
17,1,232.289105217159,0,1,-0.483779569162246
18,1,0.0,0,1,-3.15985668083326
19,1,0.0,0,1,-4.67860697407213
20,1,0.0,0,1,-5.50428931369994
21,1,31.4310383045441,0,1,-7.49635597082169
22,2,0.0,0,1,-6.80424916254877
23,3,0.0,0,1,0.0
24,1,228.311406226232,0,1,-16.5432167080821
25,1,183.302635076919,0,1,-11.3090088742036
26,1,0.0,0,1,-7.42584439331118
27,1,0.0,0,1,-2.04929771062861
28,2,0.0,0,1,-2.16135661812981
29,2,0.0,0,1,-7.49635597082169
30,1,40.3190828255296,0,1,-13.5187364786086
31,2,0.0,0,1,-4.35593138235578
32,1,15.511205853331,0,1,-4.97951114168143
33,1,0.0,0,1,-10.4215247589024
34,1,0.446365700934404,0,1,-5.12041104283026
35,1,231.683324093867,0,1,-9.89770418172138
36,1,0.0,0,1,-2.71424311515507
37,1,0.0,0,1,-2.80987363651764
38,1,0.0,0,1,-3.92539352773202
39,1,0.0,0,1,-5.57239485404482
40,1,46.6330006522319,0,1,-7.9345432953753
41,1,208.565327432944,0,1,-8.61612768101984
42,1,0.0,0,1,-3.99909365787591
43,2,0.0,0,1,-3.52156117430724
44,1,0.0,0,1,-3.92478249704024
45,1,27.231328141736,0,1,-8.07591434500549
46,1,145.254483130897,0,1,-9.61178008504707
47,1,37.6172406693561,0,1,-8.35355606425021
48,2,0.0,0,1,-6.9674710447122
49,1,0.0,0,1,-4.13468919051958
50,2,0.0,0,1,-5.73074662068912
51,1,0.0,0,1,-5.4218369080874
52,1,0.0,0,1,-8.84602098090203
53,1,0.0,0,1,-5.73074662068912
54,2,0.0,0,1,-5.18584170689982
55,1,0.0,0,1,-3.38382262955282
56,2,0.0,0,1,-3.7486254589943
57,1,355.081544909072,0,1,-0.68236817739612
