cost_model,startup,shutdown,n_coefficients,coeff_n,coeff1,coeff0
2,0,0,3,0.0065667616742842,38.1587706858797,481.128880924833
2,0,0,3,0.0064233231660377,37.368097217214,298.348874227907
2,0,0,3,0.0048506259188456,24.9355039737285,48.8510902836068
2,0,0,3,0.0,0.0,0.0
2,0,0,3,0.0,0.0,0.0
2,0,0,3,0.0,0.0,0.0
2,0,0,3,0.0,0.0,0.0
2,0,0,3,0.0,0.0,0.0
2,0,0,3,0.0073203799348265,31.7422511927539,3643.49842938073
2,0,0,3,0.0031919516685341,46.5304865153204,575.396506944798
2,0,0,3,0.0048946477315611,38.4960717605306,110.95835629289
2,0,0,3,0.0,0.0,0.0
2,0,0,3,0.0076811244418895,55.1115605733652,381.983426464273
2,0,0,3,0.0068381042372116,45.1360085002523,3158.10611859407
2,0,0,3,0.0,0.0,0.0
2,0,0,3,0.0,0.0,0.0
2,0,0,3,0.0,0.0,0.0
2,0,0,3,0.0,0.0,0.0
2,0,0,3,0.0,0.0,0.0
