bus_number,bus_type,P_demand,Q_demand,voltage_mag,voltage_ang
1,1,0.0,0,1,-2.70472384315486
2,2,0.0,0,1,-1.51860492061335
3,2,0.0,0,1,-1.5369933599044
4,2,0.0,0,1,-2.08036170348766
5,1,0.0,0,1,-2.33985410341256
6,1,0.0,0,1,-1.54237055530095
7,1,625.041608174653,0,1,-2.83448015023977
8,1,0.0,0,1,-1.99817426778753
9,1,0.0,0,1,-2.701037159173
10,1,0.0,0,1,-2.41264248589815
11,1,0.0,0,1,-1.25547637463341
12,1,0.0,0,1,-1.82747193477354
13,2,0.0,0,1,-1.63622814670886
14,1,0.0,0,1,-1.52433135818138
15,1,426.195797987825,0,1,-0.558857865816463
16,1,0.0,0,1,-3.06122526022002
17,2,0.0,0,1,1.48124762023324
18,1,23.8869448350121,0,1,-5.40425963448171
19,2,0.0,0,1,-1.16374376960543
20,1,85.0991446511927,0,1,-1.3655906521382
21,1,0.0,0,1,-1.81507259864662
22,1,0.0,0,1,-1.38202082684213
23,1,164.604102663126,0,1,-2.11773950241584
24,1,0.0,0,1,-0.0656369308294097
25,2,0.0,0,1,0.767232585180061
26,2,0.0,0,1,0.505257482862612
27,1,0.0,0,1,-0.919197282675793
28,1,0.0,0,1,-1.75524281686082
29,1,0.0,0,1,-0.34862247050023
30,2,0.0,0,1,-1.24142654487136
31,3,0.0,0,1,0.0
32,1,0.0,0,1,-0.259924727849071
33,1,271.970490309898,0,1,-2.26209763121611
34,1,0.0,0,1,-0.31447547043106
35,2,0.0,0,1,-1.44925743165525
36,1,0.0,0,1,-1.31396663285695
37,1,0.0,0,1,-0.195805256772633
38,1,0.0,0,1,-1.13944447475323
39,2,0.0,0,1,-1.09861436531187
40,2,0.0,0,1,0.117937807744368
41,1,0.0,0,1,-0.914581835509896
42,1,0.0,0,1,-0.732242028071185
43,2,0.0,0,1,-0.960265129458558
44,2,0.0,0,1,0.234831827986574
45,2,0.0,0,1,-0.893750837077644
46,1,0.0,0,1,-0.252701960144451
47,2,0.0,0,1,-1.56151219463665
48,1,58.3040276276736,0,1,-0.34104533962518
49,1,56.8946606273844,0,1,-3.95841793504835
50,1,0.0,0,1,-0.94539375326745
51,1,180.841173157222,0,1,-1.11801063495383
52,2,0.0,0,1,-1.14088113899843
53,1,541.705273047379,0,1,-1.73614756414065
54,1,0.0,0,1,-2.12455711761431
55,2,0.0,0,1,3.00905183787229
56,1,0.0,0,1,-1.6637273447942
57,1,319.767370401235,0,1,-2.40577915495656
