cost_model,startup,shutdown,n_coefficients,coeff_n,coeff1,coeff0
2,0,0,3,0.0048828251443278,39.7287895952247,3256.27936325356
2,0,0,3,0.0,0.0,0.0
2,0,0,3,0.0027029440170466,33.5243177232635,2000.48817725244
2,0,0,3,0.0,0.0,0.0
2,0,0,3,0.0,0.0,0.0
2,0,0,3,0.0,0.0,0.0
2,0,0,3,0.0,0.0,0.0
2,0,0,3,0.0,0.0,0.0
2,0,0,3,0.0035828184196943,40.16953476291,2021.04733220165
2,0,0,3,0.0067238105570928,41.8572949828624,477.188309688636
2,0,0,3,0.0028129837139411,55.0682082798194,63.9832407255544
2,0,0,3,0.0,0.0,0.0
2,0,0,3,0.0,0.0,0.0
2,0,0,3,0.0,0.0,0.0
2,0,0,3,0.0,0.0,0.0
2,0,0,3,0.0076242860734778,50.4557780384548,266.43334268593
2,0,0,3,0.0,0.0,0.0
2,0,0,3,0.0065940198737456,38.6436437482007,373.071980284379
2,0,0,3,0.0032010551072977,35.0402901262499,455.553960977014
2,0,0,3,0.0,0.0,0.0
2,0,0,3,0.0073161216301044,30.7277372597181,342.697176370218
