bus_number,bus_type,P_demand,Q_demand,voltage_mag,voltage_ang
1,1,0.0,0,1,-0.847517620722825
2,1,0.0,0,1,-1.27067276623971
3,1,0.0,0,1,-1.76017196352248
4,1,0.0,0,1,-0.285798862121997
5,1,72.6679755717855,0,1,-1.95853636172785
6,1,0.0,0,1,-1.43812388348301
7,1,0.0,0,1,-1.25215302153786
8,2,0.0,0,1,0.721099624120974
9,1,0.0,0,1,-0.932441761417188
10,1,575.444323371652,0,1,-1.8372292767234
11,1,375.914961047054,0,1,-3.32427653650694
12,2,0.0,0,1,-2.09917911475946
13,1,0.0,0,1,-0.0460379843298796
14,2,0.0,0,1,-0.45867783531278
15,1,438.058367438308,0,1,-0.866345944288898
16,1,57.7259570780785,0,1,-0.935141431247006
17,1,0.330833004665354,0,1,-0.379875627817733
18,2,0.0,0,1,-1.35795709619476
19,1,0.0,0,1,-0.687557860837265
20,1,0.0,0,1,-0.537632937564139
21,1,0.0,0,1,-0.67332814329923
22,3,0.0,0,1,0.0
23,1,0.0,0,1,2.49774021327664
24,2,0.0,0,1,-0.557949430025412
25,2,0.0,0,1,2.54437195573517
26,1,130.649776199385,0,1,0.38614806136052
27,1,0.0,0,1,-0.649890652041792
28,1,0.0,0,1,2.40924063543934
29,1,304.762152792555,0,1,-1.82263359093036
30,2,0.0,0,1,-1.93953749176037
31,2,0.0,0,1,-0.70856701923839
32,1,0.0,0,1,-1.49432169072451
33,1,0.0,0,1,-0.786420208462018
34,2,0.0,0,1,1.13442179780169
35,2,0.0,0,1,0.814089765468187
36,1,0.0,0,1,-0.274741193501401
37,1,0.0,0,1,0.224999467222456
38,1,0.0,0,1,1.61875647155324
39,1,0.0,0,1,-0.210735973849386
40,1,0.0,0,1,0.683631733901034
41,1,0.0,0,1,-1.33795098689857
42,1,0.0,0,1,-0.368301036669392
43,1,82.04154224758,0,1,-2.73755896278502
44,1,0.0,0,1,-0.382955445972526
45,1,313.32361461094,0,1,-2.76178427648928
46,1,0.0,0,1,-1.99839373945087
47,1,104.095303465289,0,1,-1.47715673000564
48,1,0.0,0,1,-2.3920370866641
49,1,0.0,0,1,0.943550019627053
50,2,0.0,0,1,-2.53923641444873
51,1,0.0,0,1,-1.53034774155613
52,2,0.0,0,1,-2.16196645714775
53,1,27.9675500097094,0,1,-3.15748651215635
54,1,0.0,0,1,-3.22926524686091
55,1,271.328236645601,0,1,-3.83846875421943
56,1,0.0,0,1,-1.3175368131119
57,1,0.0,0,1,-0.82160560627687
