bus_number,P_output,Q_output,voltage_mag,gen_status,P_max,P_min
2,0.0,0,1,0,275.929585357181,0
3,65.6301250747655,0,1,1,65.630125074759,0
4,468.139676578393,0,1,1,667.586280910454,0
9,201.784989338559,0,1,1,201.78498933856,0
10,0.0,0,1,0,308.072228300199,0
15,612.382642100198,0,1,1,612.382642100199,0
16,74.125011489761,0,1,1,74.1250114897629,0
21,0.0,0,1,0,6.13277544841327,0
25,560.025431885766,0,1,1,560.025431885762,0
29,0.0,0,1,0,39.9433532459926,0
34,0.0,0,1,0,455.462109583933,0
36,1.4168325371308099e-11,0,1,1,223.080497673968,0
42,140.424124921964,0,1,1,140.424124921963,0
44,479.147640423291,0,1,1,479.147640423291,0
49,85.0359912349133,0,1,1,85.0359912349137,0
56,67.6149604349706,0,1,1,67.6149604349701,0
