bus_number,bus_type,P_demand,Q_demand,voltage_mag,voltage_ang
1,1,0.0,0,1,-0.162102677013519
2,1,204.288901658371,0,1,-1.86692374463355
3,1,0.0,0,1,-1.215183025317
4,2,0.0,0,1,-0.222780300811194
5,2,0.0,0,1,-0.245428226453669
6,1,0.0,0,1,0.987093742004098
7,1,0.0,0,1,0.256128615064972
8,1,795.374633107285,0,1,-0.450156802058339
9,1,276.455012886499,0,1,-0.569940521878135
10,1,0.0,0,1,0.0792804800245535
11,2,0.0,0,1,-0.0771407727491618
12,1,0.0,0,1,0.91803417168256
13,2,0.0,0,1,-0.140963998046501
14,3,0.0,0,1,0.0
15,1,0.0,0,1,2.04492248763097
16,1,0.0,0,1,1.13139420128813
17,1,0.0,0,1,1.64220346310865
18,1,0.0,0,1,0.8488384976742
19,2,0.0,0,1,1.70045131119684
20,1,233.727589413954,0,1,-0.309954747869087
21,1,136.074553330213,0,1,1.36930866044108
22,1,0.0,0,1,1.88115381170852
23,1,0.0,0,1,0.862339424961191
24,1,242.852962468268,0,1,-1.37833536155687
25,1,0.0,0,1,2.89208966796677
26,1,161.899090773386,0,1,1.31872938386541
27,1,68.4437861609874,0,1,3.24096327412265
28,2,0.0,0,1,1.10825334638036
29,2,0.0,0,1,1.59055343371807
30,2,0.0,0,1,3.300422326088
31,2,0.0,0,1,0.599887990392643
32,1,0.0,0,1,1.33068262233621
33,2,0.0,0,1,4.0426705460781
34,2,0.0,0,1,1.98242915959739
35,1,0.0,0,1,2.92181664016687
36,1,0.0,0,1,1.08003046253212
37,1,0.0,0,1,0.429845737178246
38,2,0.0,0,1,0.430816289397814
39,1,11.482057617818,0,1,-3.03569311483043
40,1,76.4383871155707,0,1,1.55236818982451
41,1,0.0,0,1,2.09276243352494
42,1,0.0,0,1,1.44452016437637
43,1,69.8582012677241,0,1,1.28404836936982
44,1,0.0,0,1,1.78816204394891
45,1,0.0,0,1,1.37721242797972
46,1,0.0,0,1,1.44439667723255
47,2,0.0,0,1,-2.5453719393235
48,2,0.0,0,1,-0.70618404814656
49,2,0.0,0,1,3.47785007860251
50,1,0.0,0,1,-0.25915545545747
51,1,28.416178410533,0,1,-0.426928642726792
52,2,0.0,0,1,0.292523381690927
53,1,232.762125009465,0,1,-1.16234031903326
54,1,222.929861872948,0,1,-4.25311236959764
55,1,0.0,0,1,-3.0286155499167
56,1,0.0,0,1,0.0433783275016714
57,1,0.0,0,1,0.862660515103956
