bus_number,bus_type,P_demand,Q_demand,voltage_mag,voltage_ang
1,3,0.0,0,1,0.0
2,1,0.0,0,1,-0.840034340515517
3,2,0.0,0,1,-2.10645668408288
4,2,0.0,0,1,2.48992439234765
5,2,0.0,0,1,-0.691395380195299
6,1,0.0,0,1,-1.33920643190441
7,1,374.913239997513,0,1,-2.97783401423638
8,1,0.0,0,1,0.309316441046905
9,2,0.0,0,1,-1.45432699985076
10,1,0.0,0,1,-1.27486497628788
11,2,0.0,0,1,3.97488821656103
12,1,311.157533027055,0,1,-1.43048676310689
13,1,0.0,0,1,-1.05935398767939
14,1,0.0,0,1,2.1169728354158
15,1,0.0,0,1,-2.23068911509306
16,1,216.953330392267,0,1,-2.66266996555257
17,2,0.0,0,1,2.69787546845728
18,2,0.0,0,1,1.9156937334715
19,1,0.0,0,1,0.941374719810961
20,2,0.0,0,1,-0.910664522686121
21,2,0.0,0,1,1.74145058872404
22,1,0.0,0,1,-0.636809695841963
23,2,0.0,0,1,1.54740503585503
24,2,0.0,0,1,-1.49204086118544
25,1,0.0,0,1,1.47715834993315
26,1,319.487907342932,0,1,-0.486469713832821
27,1,0.0,0,1,0.319352830951631
28,1,71.8960492400595,0,1,1.16488819832418
29,2,0.0,0,1,-0.59961817140092
30,1,100.359073505488,0,1,-2.22347089432751
31,2,0.0,0,1,0.319352830951631
32,1,259.729996115194,0,1,-3.20974152268637
33,1,0.0,0,1,-1.33508593969473
34,1,35.5153897010851,0,1,-0.550432386061044
35,1,64.9281427049444,0,1,-0.455572358651714
36,2,0.0,0,1,-1.43127596662617
37,1,4.65388286471639,0,1,1.02064881710497
38,1,0.0,0,1,-3.68790840411125
39,1,0.0,0,1,-0.65431390277998
40,1,0.0,0,1,-1.29690062973903
41,1,0.0,0,1,-0.224399432689615
42,1,0.357769360836192,0,1,0.666076101918685
43,1,582.431702500836,0,1,-5.02843401656345
44,1,0.0,0,1,-3.39017936175674
45,1,0.0,0,1,-2.16065916228362
46,2,0.0,0,1,-2.57751701041398
47,1,411.926576729674,0,1,-4.36808937505319
48,1,0.0,0,1,-4.44173933087366
49,1,0.0,0,1,-3.00825613066714
50,1,0.0,0,1,-3.49737998425294
51,1,0.0,0,1,-2.88637869310371
52,2,0.0,0,1,-0.506527475474678
53,2,0.0,0,1,-1.43638347873957
54,2,0.0,0,1,-1.58345145867708
55,1,0.0,0,1,-2.51598471427203
56,2,0.0,0,1,0.857155605018109
57,1,0.0,0,1,0.671560971482792
