bus_number,P_output,Q_output,voltage_mag,gen_status,P_max,P_min
3,49.2217513872836,0,1,1,49.2217514823317,0
5,0.0,0,1,0,27.6421226385958,0
8,525.534239849339,0,1,1,525.534239851183,0
11,369.05643866817,0,1,1,369.05643869816,0
13,368.441229110048,0,1,1,368.44122911859,0
16,0.0,0,1,0,321.661397126041,0
17,383.817118653012,0,1,1,589.604085424193,0
20,0.0,0,1,0,219.038301993142,0
21,123.241345892422,0,1,1,123.241345841281,0
26,0.0,0,1,0,308.058337524655,0
29,48.7117397314484,0,1,1,48.7117397138142,0
33,338.093857614913,0,1,1,338.093857649829,0
34,0.0,0,1,0,220.772766472047,0
36,44.8799723900022,0,1,1,44.8799723911644,0
42,267.165550002557,0,1,1,267.165549999062,0
48,-7.28216073977194e-08,0,1,1,205.107261287914,0
50,121.500243485674,0,1,1,121.500243504543,0
55,114.647106731673,0,1,1,114.647106707773,0
