bus_number,bus_type,P_demand,Q_demand,voltage_mag,voltage_ang
1,1,0.0,0,1,0.214235684314973
2,1,0.0,0,1,1.13021213784664
3,2,0.0,0,1,0.71204941669844
4,1,177.388193390415,0,1,-0.0967944122300594
5,2,0.0,0,1,1.36209470308535
6,1,44.1038692392141,0,1,-0.12441319021643
7,1,281.571386788506,0,1,0.199221561697724
8,1,166.907892800923,0,1,0.300842462841711
9,2,0.0,0,1,0.548321031703488
10,1,0.0,0,1,0.173909795414124
11,2,0.0,0,1,0.666989975853665
12,1,0.0,0,1,0.28589951585157
13,1,278.513855904877,0,1,-0.161026610997174
14,1,0.0,0,1,0.666870953041143
15,1,0.779422867107428,0,1,-0.0264051203345498
16,1,0.0,0,1,0.241315924801874
17,1,0.0,0,1,0.310083207205898
18,2,0.0,0,1,0.713513644134449
19,1,0.0,0,1,-0.876348929020152
20,3,0.0,0,1,0.0
21,1,0.0,0,1,-1.57393605201729
22,1,82.6762014531653,0,1,-1.79744443813894
23,1,0.0,0,1,0.79199065472765
24,1,0.0,0,1,-0.155831278554804
25,1,0.0,0,1,0.336620121737718
26,1,0.0,0,1,0.420282960604052
27,1,0.0,0,1,-0.155996866579805
28,1,0.0,0,1,0.644333384149997
29,2,0.0,0,1,-0.159203793627875
30,1,0.0,0,1,-0.88430492385665
31,1,48.5753592272008,0,1,-0.461836498629612
32,2,0.0,0,1,0.813634649060655
33,1,317.334877709421,0,1,0.44837913858581
34,1,247.46912167309,0,1,-0.449889082309882
35,1,145.547832323695,0,1,-0.539608573962708
36,2,0.0,0,1,-0.228505371673408
37,1,28.8255112717429,0,1,-0.304326046844114
38,1,0.0,0,1,-0.579795404000851
39,1,0.0,0,1,0.883002934743364
40,1,0.0,0,1,0.120485024678637
41,1,0.0,0,1,-0.0869040965662019
42,1,0.0,0,1,0.123294524668072
43,1,5.20030455484101,0,1,-0.112591327230514
44,1,377.143465523172,0,1,-1.20130963122965
45,1,0.0,0,1,1.02396598071021
46,1,0.0,0,1,1.94907191902983
47,1,0.0,0,1,0.915541572840963
48,1,0.0,0,1,0.0584456293674107
49,1,363.414813247639,0,1,-0.131946374316535
50,2,0.0,0,1,2.7499859596655
51,1,0.0,0,1,0.0957376296495216
52,1,0.0,0,1,1.15015053060552
53,1,0.0,0,1,0.105186629673502
54,2,0.0,0,1,1.06044740116736
55,2,0.0,0,1,0.473024876208274
56,1,0.0,0,1,0.166470702147562
57,1,0.0,0,1,-0.207639811566988
