cost_model,startup,shutdown,n_coefficients,coeff_n,coeff1,coeff0
2,0,0,3,0.0,0.0,0.0
2,0,0,3,0.0,0.0,0.0
2,0,0,3,0.0047441682479461,40.5090555437673,537.39238638821
2,0,0,3,0.0,0.0,0.0
2,0,0,3,0.0,0.0,0.0
2,0,0,3,0.0071114310962202,53.1689055065264,3041.3118678138
2,0,0,3,0.0,0.0,0.0
2,0,0,3,0.0062538245642567,25.6653777451192,519.493358711283
2,0,0,3,0.0,0.0,0.0
2,0,0,3,0.0,0.0,0.0
2,0,0,3,0.0,0.0,0.0
2,0,0,3,0.0029687194280168,31.5014990227444,1460.11634930415
2,0,0,3,0.0071704492589507,40.5703864368982,81.1364902029205
