bus_number,P_output,Q_output,voltage_mag,gen_status,P_max,P_min
3,1260.37704278554,0,1,1,1458.65760269557,0
10,499.456455534397,0,1,1,528.296695728758,0
24,197.053225731987,0,1,1,197.053225731987,0
27,1.47001557852762e-05,0,1,1,239.577098408888,0
29,0.0,0,1,0,236.125000976093,0
32,10.7723555475586,0,1,1,10.772355547559,0
40,0.0,0,1,0,175.771681578443,0
41,80.3279885659645,0,1,1,80.3279885659648,0
42,0.0,0,1,0,111.500492385301,0
45,26.0484293290516,0,1,1,26.048429329052,0
46,92.5329019031373,0,1,1,92.5329019031377,0
49,0.0,0,1,0,196.267741335926,0
51,138.311484648451,0,1,1,138.311484648452,0
52,257.408305361386,0,1,1,257.408305361386,0
55,190.725947255895,0,1,1,190.725947255896,0
56,51.9202953201953,0,1,1,51.9202953201956,0
57,0.0,0,1,0,43.2059317858169,0
