cost_model,startup,shutdown,n_coefficients,coeff_n,coeff1,coeff0
2,0,0,3,0.0,0.0,0.0
2,0,0,3,0.0056223126249562,30.1162638732376,3141.82808104278
2,0,0,3,0.0037759051391366,25.9313225061431,642.148192453914
2,0,0,3,0.0033041009152487,26.1157848668639,210.847315036374
2,0,0,3,0.0,0.0,0.0
2,0,0,3,0.0,0.0,0.0
2,0,0,3,0.0,0.0,0.0
2,0,0,3,0.0,0.0,0.0
2,0,0,3,0.0,0.0,0.0
2,0,0,3,0.0,0.0,0.0
2,0,0,3,0.0050861787648286,46.6112289914478,531.278950821398
2,0,0,3,0.0,0.0,0.0
