cost_model,startup,shutdown,n_coefficients,coeff_n,coeff1,coeff0
2,0,0,3,0.0069182978190291,30.6902315754398,2095.22952273287
2,0,0,3,0.0,0.0,0.0
2,0,0,3,0.0029674777519089,26.0732752904786,535.51741180693
2,0,0,3,0.0,0.0,0.0
2,0,0,3,0.0058186621553927,48.4831135156419,3831.26168147788
2,0,0,3,0.0,0.0,0.0
2,0,0,3,0.0,0.0,0.0
2,0,0,3,0.0,0.0,0.0
2,0,0,3,0.0,0.0,0.0
2,0,0,3,0.0,0.0,0.0
2,0,0,3,0.0041833422993681,34.4727657560547,22.493164966878
2,0,0,3,0.0027449121597927,41.2773645030316,227.223242392208
2,0,0,3,0.0,0.0,0.0
