bus_number,P_output,Q_output,voltage_mag,gen_status,P_max,P_min
1,84.2298859128634,0,1,1,84.2298859128634,0
5,6.71430121934374,0,1,1,6.71430121934374,0
6,1272.72928305787,0,1,1,1301.02201851682,0
11,0.0,0,1,0,223.086138128658,0
12,548.707073605077,0,1,1,548.707073605077,0
15,0.0,0,1,0,209.489367844195,0
18,169.766034271161,0,1,1,203.374275373078,0
24,299.608496740767,0,1,1,519.074294831211,0
33,0.0,0,1,0,351.077725084281,0
41,0.0,0,1,0,255.870589490276,0
51,109.381326772483,0,1,1,109.381326772483,0
52,74.8080677107575,0,1,1,74.8080677107575,0
53,0.0,0,1,0,280.339340058244,0
55,77.0732769194195,0,1,1,77.0732769194195,0
56,111.292847272858,0,1,1,111.292847272858,0
