bus_number,bus_type,P_demand,Q_demand,voltage_mag,voltage_ang
1,1,0.0,0,1,-0.12707947364352
2,3,0.0,0,1,0.0
3,1,214.727004035925,0,1,0.210249383304302
4,1,709.631019004547,0,1,-1.40022802433769
5,1,0.0,0,1,-5.31870841893852
6,2,0.0,0,1,-1.2327863939895
7,1,52.5876391744169,0,1,-0.642945058963916
8,1,168.450979885815,0,1,-9.8692408234198
9,1,0.0,0,1,-0.560290925584052
10,2,0.0,0,1,1.04863906959983
11,1,0.0,0,1,3.12233528943677
12,1,0.0,0,1,7.81045146835333
13,1,111.968008622293,0,1,-6.02343448126919
14,1,0.0,0,1,3.86682328973664
15,1,0.0,0,1,-0.772336534226839
16,1,0.0,0,1,-5.44906844630078
17,1,357.855532223238,0,1,-1.73260259809149
18,1,0.0,0,1,-7.68604511691129
19,2,0.0,0,1,2.28508282804893
20,1,68.2846224753721,0,1,-9.92011447924917
21,1,0.0,0,1,-2.63612566673909
22,2,0.0,0,1,-4.00897134904892
23,2,0.0,0,1,-4.09658987807719
24,1,536.814367391326,0,1,-3.35400790603933
25,1,76.6261604917898,0,1,-7.46207073456738
26,2,0.0,0,1,4.91356697988639
27,1,0.0,0,1,-1.03436007089824
28,2,0.0,0,1,18.7974099161798
29,1,0.0,0,1,-2.38907827910312
30,2,0.0,0,1,5.6445038307401
31,1,0.0,0,1,-0.42068809407936
32,2,0.0,0,1,9.35976019319
33,1,0.0,0,1,-1.9137415538412
34,1,0.0,0,1,2.27606255459211
35,2,0.0,0,1,3.87095926646602
36,1,0.0,0,1,3.09855206078043
37,2,0.0,0,1,-0.310374214084495
38,2,0.0,0,1,5.52322268212591
39,1,0.0,0,1,3.30987936430206
40,1,50.6000925075613,0,1,0.119885054488927
41,1,0.0,0,1,4.01290028635022
42,2,0.0,0,1,5.85286690605101
43,1,0.0,0,1,3.51957717139429
44,1,26.7367856196062,0,1,3.82501309832976
45,2,0.0,0,1,1.32544794305376
46,1,0.0,0,1,4.22040560370073
47,1,314.116176545917,0,1,4.36437489932863
48,1,13.8885868782823,0,1,2.01671859162823
49,1,0.0,0,1,-1.41424197715957
50,1,0.0,0,1,1.62055527266837
51,2,0.0,0,1,-0.308450498243937
52,1,0.0,0,1,3.03552226297535
53,1,0.0,0,1,-0.396813837524259
54,2,0.0,0,1,3.86682328973664
55,1,20.1635926504309,0,1,5.27882106771496
56,2,0.0,0,1,-0.847798482276307
57,1,31.8600259760805,0,1,-1.01685108559657
