cost_model,startup,shutdown,n_coefficients,coeff_n,coeff1,coeff0
2,0,0,3,0.0,0.0,0.0
2,0,0,3,0.005861129011997,44.5834169392461,321.900119993795
2,0,0,3,0.0,0.0,0.0
2,0,0,3,0.0,0.0,0.0
2,0,0,3,0.0046683450743673,25.93389029945,1174.94625099734
2,0,0,3,0.0,0.0,0.0
2,0,0,3,0.006296739032652,37.475676601102,18.6616771788923
2,0,0,3,0.0,0.0,0.0
2,0,0,3,0.0043587683465513,40.1701990498305,126.81320639472
2,0,0,3,0.0,0.0,0.0
2,0,0,3,0.0,0.0,0.0
2,0,0,3,0.0026490230185351,27.1095188855154,2171.16784490403
2,0,0,3,0.0035852578766304,37.6288724364786,3026.99386853832
2,0,0,3,0.0,0.0,0.0
2,0,0,3,0.0,0.0,0.0
2,0,0,3,0.0078859040481116,25.9227918967896,2897.96666486285
2,0,0,3,0.0,0.0,0.0
