bus_number,bus_type,P_demand,Q_demand,voltage_mag,voltage_ang
1,1,119.95166844134,0,1,-4.02020203146444
2,1,0.0,0,1,-4.82614038908762
3,2,0.0,0,1,-3.17021805040262
4,3,0.0,0,1,0.0
5,1,257.233870728496,0,1,-5.1423472918567
6,1,0.0,0,1,-5.32245174483482
7,1,572.904273807707,0,1,-5.22374411173822
8,2,0.0,0,1,-4.43657737379981
9,1,72.2318273796898,0,1,-6.08412988272513
10,1,0.0,0,1,-4.49226335193625
11,1,370.349836439522,0,1,-5.14878954307067
12,1,212.352917484697,0,1,-2.07899255006256
13,1,223.498766415696,0,1,-5.43386471732898
14,1,0.0,0,1,-4.7172805657493
15,1,0.0,0,1,-4.60269413008927
16,2,0.0,0,1,-1.20251375482621
17,1,0.0,0,1,-4.89269394893357
18,1,0.0,0,1,-4.19273542751786
19,2,0.0,0,1,-5.03569205856352
20,2,0.0,0,1,-5.05473451662376
21,2,0.0,0,1,-1.60351224949925
22,2,0.0,0,1,-3.957180047785
23,1,47.5422973128426,0,1,-3.85874993123556
24,1,108.878218744968,0,1,-1.79162877544925
25,2,0.0,0,1,-1.0345765463133
26,1,0.0,0,1,-4.64476160106088
27,1,0.0,0,1,-4.50931449383683
28,1,53.9134302184413,0,1,-4.20280351491518
29,1,257.25603605182,0,1,-2.74724697797315
30,1,143.00688036986,0,1,-4.40508138794614
31,2,0.0,0,1,-2.61988623493349
32,1,0.0,0,1,-3.48900082140815
33,2,0.0,0,1,-3.02307162872686
34,2,0.0,0,1,-4.79741921622495
35,1,0.0,0,1,-3.65778550076745
36,2,0.0,0,1,-4.10310168083112
37,2,0.0,0,1,-1.4422222018928
38,1,48.224207392051,0,1,-4.21504196581954
39,2,0.0,0,1,-4.13419284299841
40,1,0.0,0,1,-4.26120573438649
41,1,0.0,0,1,-3.59850115933455
42,2,0.0,0,1,-4.0958651046376
43,1,0.0,0,1,-2.36108330417032
44,2,0.0,0,1,-4.06185179607935
45,2,0.0,0,1,-3.59523028073707
46,1,0.0,0,1,-4.12655506890429
47,1,0.0,0,1,-4.30916766068103
48,1,0.0,0,1,-4.40487378395661
49,1,0.0,0,1,-4.28493892559576
50,1,0.0,0,1,-4.06652907598476
51,1,0.0,0,1,-4.15692560326751
52,1,45.9528548076519,0,1,-4.36871790455073
53,1,48.0734837032993,0,1,-3.67165029648861
54,1,0.0,0,1,-2.67032891837452
55,1,0.0,0,1,-2.84136328850597
56,2,0.0,0,1,-3.96561870283072
57,1,172.940024184521,0,1,-2.07930321909026
