cost_model,startup,shutdown,n_coefficients,coeff_n,coeff1,coeff0
2,0,0,3,0.0053856477129604,54.1759923596911,1781.62615999979
2,0,0,3,0.0026171760192559,35.8933444788342,1462.47473369622
2,0,0,3,0.0,0.0,0.0
2,0,0,3,0.0,0.0,0.0
2,0,0,3,0.0,0.0,0.0
2,0,0,3,0.0,0.0,0.0
2,0,0,3,0.0,0.0,0.0
2,0,0,3,0.0,0.0,0.0
2,0,0,3,0.0,0.0,0.0
2,0,0,3,0.0034662193090514,47.7062449699152,494.623894737719
2,0,0,3,0.002292330287916,45.3056664778868,302.339902867098
2,0,0,3,0.0,0.0,0.0
2,0,0,3,0.0024417135025999,33.7288001690091,201.839322182085
