bus_number,bus_type,P_demand,Q_demand,voltage_mag,voltage_ang
1,1,100.667321495144,0,1,-3.90043847590857
2,2,0.0,0,1,-2.17306984486782
3,3,0.0,0,1,0.0
4,1,0.0,0,1,-1.20682790016162
5,1,121.657011622187,0,1,-0.642392020099483
6,1,0.0,0,1,-3.81283644376857
7,1,0.0,0,1,-0.569315846109948
8,1,0.0,0,1,-5.08407342430468
9,1,0.0,0,1,-0.610952083580636
10,1,0.0,0,1,-5.07530409794454
11,1,0.0,0,1,-0.968757482143316
12,1,0.0,0,1,-0.169755281241976
13,1,0.0,0,1,-2.23879026193985
14,1,0.0,0,1,-1.38301263205205
15,1,55.9481241575703,0,1,-3.18115586296768
16,1,0.0,0,1,-1.82004122614675
17,1,0.0,0,1,-0.497600042158946
18,1,102.269089361291,0,1,-6.09453051568713
19,1,178.024201064272,0,1,-1.7935006989183
20,2,0.0,0,1,-0.673220111004839
21,1,0.0,0,1,-3.87688456116007
22,1,0.0,0,1,-2.08302544568981
23,1,309.616313801749,0,1,-4.15182985604836
24,1,0.0,0,1,-2.46290917427223
25,1,0.0,0,1,-3.58521768798594
26,1,0.0,0,1,-3.22834970011247
27,1,0.0,0,1,-2.62444857290428
28,1,0.0,0,1,-3.06091917871899
29,1,0.0,0,1,-2.28691591107181
30,2,0.0,0,1,-4.22703099194003
31,1,0.0,0,1,-3.54582402811718
32,1,36.235143606926,0,1,-1.61712765151267
33,1,0.0,0,1,-2.93059233962056
34,2,0.0,0,1,-3.06810917258433
35,1,0.0,0,1,-3.15563869838849
36,1,0.0,0,1,-2.26142927016929
37,1,574.30886676109,0,1,-4.8232079388956
38,2,0.0,0,1,-2.44395201517434
39,1,361.860516479904,0,1,-1.28677613461132
40,1,166.804860748449,0,1,-3.17152714884315
41,1,0.0,0,1,-2.35158191190194
42,1,0.0,0,1,-2.96191823232572
43,1,0.0,0,1,-2.23375665341976
44,2,0.0,0,1,-0.91886185814742
45,1,491.075687801082,0,1,-1.78337210573421
46,2,0.0,0,1,-0.476064577954488
47,2,0.0,0,1,-2.43654994907023
48,2,0.0,0,1,0.302786766236781
49,1,0.0,0,1,-3.71046308308144
50,1,0.0,0,1,-1.015097086295
51,2,0.0,0,1,-0.999422069780539
52,1,0.0,0,1,-1.40771773575836
53,2,0.0,0,1,-0.386383627101972
54,2,0.0,0,1,-1.33000826927496
55,1,108.342741054687,0,1,-1.3342806937173
56,1,0.0,0,1,-1.74573368623383
57,1,147.500715528249,0,1,-0.934347390984277
