bus_number,P_output,Q_output,voltage_mag,gen_status,P_max,P_min
2,373.830032820979,0,1,1,373.830032820984,0
10,17.8107048057432,0,1,1,17.8107048059564,0
13,764.937246367769,0,1,1,1164.83489061324,0
19,361.06115135218,0,1,1,361.061151352192,0
23,199.299143698131,0,1,1,199.299143698182,0
26,641.922161718277,0,1,1,641.922161718289,0
28,0.0,0,1,0,486.021137986138,0
45,0.0,0,1,0,441.366009271172,0
50,222.512282888623,0,1,1,222.512282888628,0
52,88.6996720242448,0,1,1,88.6996720242643,0
53,84.2381978066547,0,1,1,84.2381978066658,0
