cost_model,startup,shutdown,n_coefficients,coeff_n,coeff1,coeff0
2,0,0,3,0.0,0.0,0.0
2,0,0,3,0.0,0.0,0.0
2,0,0,3,0.0049747247227171,24.1365949973684,1248.25072304702
2,0,0,3,0.0,0.0,0.0
2,0,0,3,0.0,0.0,0.0
2,0,0,3,0.0037166169344826,26.1188675701816,504.412643504098
2,0,0,3,0.0051347452090021,26.4888101926787,61.3336397014375
2,0,0,3,0.0,0.0,0.0
2,0,0,3,0.0,0.0,0.0
2,0,0,3,0.0,0.0,0.0
2,0,0,3,0.0056424870983082,34.5495090089389,3330.73087771263
2,0,0,3,0.0,0.0,0.0
2,0,0,3,0.003436982056727,46.3045140176503,205.595715378762
