bus_number,P_output,Q_output,voltage_mag,gen_status,P_max,P_min
5,444.292332219547,0,1,1,706.29591937275,0
6,694.748093516094,0,1,1,694.748093516094,0
8,588.899160351269,0,1,1,588.899160351269,0
13,88.7779312070508,0,1,1,202.218965651231,0
15,244.693373581991,0,1,1,323.07630176444,0
22,2.8275908212872002e-15,0,1,1,319.068587323394,0
24,52.0178487151277,0,1,1,119.487606775801,0
30,410.991202493351,0,1,1,410.991202493351,0
34,11.9144514528256,0,1,1,247.712023701361,0
37,14.8561036731517,0,1,1,14.8561036731517,0
48,203.120096272195,0,1,1,203.120096272195,0
49,0.0,0,1,0,152.33779087598,0
54,0.0,0,1,0,110.939323266794,0
