bus_number,P_output,Q_output,voltage_mag,gen_status,P_max,P_min
7,647.496880571458,0,1,1,647.496880571458,0
9,491.31722389682,0,1,1,976.396254701999,0
10,1.46927915241097e-16,0,1,1,15.2226994072999,0
16,866.893992837534,0,1,1,866.893992837534,0
18,0.0,0,1,0,829.347117872652,0
22,140.573608761603,0,1,1,310.188596825663,0
28,133.65892320756,0,1,1,133.65892320756,0
31,76.7881318157428,0,1,1,76.7881318157428,0
38,29.1847859631516,0,1,1,29.1847859631516,0
39,9.3185980468537,0,1,1,9.3185980468537,0
48,3.78464041297817e-16,0,1,1,8.80331779252659,0
49,328.272098636307,0,1,1,328.272098636307,0
51,30.8063497455719,0,1,1,30.8063497455719,0
