bus_number,P_output,Q_output,voltage_mag,gen_status,P_max,P_min
3,81.8018272849868,0,1,1,81.8018272849916,0
5,0.0,0,1,0,382.5926254153,0
6,148.18171999968,0,1,1,148.181719999688,0
8,2.12772080772553e-10,0,1,1,84.7410294632569,0
12,55.6471416483,0,1,1,55.6471416483052,0
17,0.0,0,1,0,16.5550233808905,0
24,0.0,0,1,0,221.662820065858,0
27,376.802779707343,0,1,1,376.802779707343,0
28,6.22342820719164e-07,0,1,1,116.756583480455,0
33,0.0,0,1,0,350.486515746872,0
41,942.043278655157,0,1,1,1057.55101962051,0
43,53.2405176778321,0,1,1,53.2405176778363,0
44,134.173714438242,0,1,1,134.173714438249,0
45,494.425272623593,0,1,1,494.425272623593,0
50,0.0,0,1,0,154.063027187772,0
51,23.9464317468148,0,1,1,23.9464317468178,0
55,553.259801658145,0,1,1,553.259801658145,0
