bus_number,bus_type,P_demand,Q_demand,voltage_mag,voltage_ang
1,1,0.0,0,1,-0.96759292209207
2,1,0.0,0,1,-1.96035176824222
3,3,0.0,0,1,0.0
4,1,0.0,0,1,-4.78927360490922
5,1,627.939723934161,0,1,-7.18081278175371
6,1,386.94087549652,0,1,-6.93831899478595
7,1,375.508437805709,0,1,-1.6857343986221
8,1,0.0,0,1,-3.89252250865508
9,1,0.0,0,1,-1.14144482425731
10,1,0.0,0,1,-4.23443713386984
11,1,409.715346359724,0,1,-5.47678488102217
12,2,0.0,0,1,-2.89984514801262
13,1,0.0,0,1,-6.86820610217686
14,2,0.0,0,1,-2.01421636322889
15,1,58.3878355144922,0,1,-5.56771961000167
16,1,0.0,0,1,-5.14919147003425
17,2,0.0,0,1,-4.04480531134542
18,1,0.0,0,1,-2.31408059274029
19,1,0.0,0,1,-4.74446444786807
20,1,0.0,0,1,-3.79558573474936
21,2,0.0,0,1,-0.717918472476874
22,1,500.26279397004,0,1,-4.93107604855786
23,1,0.0,0,1,-4.74657793620106
24,1,0.0,0,1,-2.74165255329652
25,2,0.0,0,1,0.194104857432915
26,2,0.0,0,1,-2.44060461171252
27,2,0.0,0,1,-1.08892834674427
28,1,0.0,0,1,-2.1757802706845
29,2,0.0,0,1,0.950091662760743
30,2,0.0,0,1,-0.893345326103391
31,1,0.0,0,1,-1.3718247995803
32,1,186.512193168548,0,1,-2.88204400329205
33,1,102.893737392334,0,1,-4.66198322711693
34,1,0.0,0,1,-2.93784506216152
35,1,0.0,0,1,-1.59859505124718
36,1,93.8236447666689,0,1,-1.34401633359841
37,2,0.0,0,1,-1.42652524365257
38,2,0.0,0,1,-2.2901641486464
39,2,0.0,0,1,-1.29817624274668
40,1,0.0,0,1,-2.08378046443002
41,1,0.0,0,1,-2.66698231473768
42,1,0.0,0,1,-1.12334177514893
43,1,0.0,0,1,-3.88314068263873
44,1,38.0789468544673,0,1,-17.0117248529735
45,2,0.0,0,1,-1.28010566554835
46,2,0.0,0,1,0.301647894534386
47,1,50.5404747007226,0,1,-4.53805813806856
48,2,0.0,0,1,-2.33550427068683
49,2,0.0,0,1,-1.62295677357474
50,2,0.0,0,1,-0.956672700808886
51,1,0.0,0,1,-3.53662681432568
52,1,0.0,0,1,-2.60852062373688
53,1,0.0,0,1,0.0839875467941611
54,1,57.9503880869257,0,1,-3.50894314801658
55,2,0.0,0,1,-0.611228634585834
56,1,0.0,0,1,-0.170935824609278
57,2,0.0,0,1,-1.30680682533965
