bus_number,bus_type,P_demand,Q_demand,voltage_mag,voltage_ang
1,1,0.0,0,1,1.05388092110493
2,1,0.0,0,1,-4.59827698833437
3,1,665.386866103575,0,1,-6.32701977850536
4,2,0.0,0,1,0.809478413910252
5,2,0.0,0,1,-1.72324738422004
6,2,0.0,0,1,-3.66272591783137
7,3,0.0,0,1,0.0
8,2,0.0,0,1,-1.4076192074474
9,1,0.0,0,1,-2.95931160731311
10,1,380.880954124271,0,1,-5.83936798146703
11,1,0.0,0,1,-0.358483445963911
12,2,0.0,0,1,-2.12545523214023
13,1,0.0,0,1,-6.08141223850341
14,1,0.0,0,1,-7.11783556517574
15,1,0.0,0,1,-2.61002917603067
16,2,0.0,0,1,-1.95754982571191
17,2,0.0,0,1,-3.29308977166965
18,2,0.0,0,1,-5.13907685740434
19,1,0.0,0,1,-7.02773747563444
20,1,69.4101266747555,0,1,-3.34146111465361
21,2,0.0,0,1,-3.71219641153136
22,1,0.0,0,1,-4.38538809801026
23,1,0.0,0,1,-6.100627104542
24,1,0.0,0,1,-4.40625205014336
25,1,11.3606519377145,0,1,-3.8095133947733
26,1,375.818904743014,0,1,-8.06358817441148
27,1,0.0,0,1,-4.79615151668424
28,1,256.201956276461,0,1,-7.14618838842483
29,1,352.339249492074,0,1,-6.68968162901401
30,1,0.0,0,1,-2.3887298803792
31,1,0.0,0,1,-5.91721498990648
32,1,0.0,0,1,-4.13642655467095
33,1,0.0,0,1,-4.52692856425414
34,2,0.0,0,1,-6.41624862702106
35,1,156.592497381608,0,1,-7.63648005500629
36,1,0.0,0,1,-3.6250087770848
37,1,0.0,0,1,-4.63638781074267
38,1,0.0,0,1,-5.1392979980997
39,1,0.0,0,1,-5.72381819247136
40,2,0.0,0,1,-3.57959750377288
41,1,0.0,0,1,-4.79944114348438
42,1,0.0,0,1,-7.02892240386463
43,1,3.56316615717105,0,1,-6.84119700763291
44,1,135.810254910936,0,1,-6.20007360143597
45,2,0.0,0,1,-3.60488219673439
46,1,183.056819306823,0,1,-4.8177530016969
47,1,163.889146374198,0,1,-5.79271325111155
48,1,0.0,0,1,-5.66685859369878
49,1,0.0,0,1,-4.60820906445739
50,1,0.0,0,1,-5.99701231263423
51,2,0.0,0,1,2.24314112486544
52,1,0.0,0,1,-5.50682694451144
53,1,0.0,0,1,-1.24547421680073
54,2,0.0,0,1,-4.37840877892144
55,1,0.0,0,1,-3.78718323730794
56,2,0.0,0,1,-3.47444300732673
57,1,0.0,0,1,-4.38315993312662
