cost_model,startup,shutdown,n_coefficients,coeff_n,coeff1,coeff0
2,0,0,3,0.0050378358999066,28.6834247776725,530.285196405087
2,0,0,3,0.0,0.0,0.0
2,0,0,3,0.0,0.0,0.0
2,0,0,3,0.0031396964308685,34.185765375287,0.156559903182907
2,0,0,3,0.0068592993597872,48.1371500622518,2789.19235664416
2,0,0,3,0.0,0.0,0.0
2,0,0,3,0.0,0.0,0.0
2,0,0,3,0.0,0.0,0.0
2,0,0,3,0.0,0.0,0.0
2,0,0,3,0.0030374242050819,31.6142617244902,192.873026374694
2,0,0,3,0.0078444119135657,35.9545673776793,2931.82465026431
2,0,0,3,0.0,0.0,0.0
2,0,0,3,0.0,0.0,0.0
2,0,0,3,0.0,0.0,0.0
2,0,0,3,0.0064048493599869,35.4865238943698,558.704007196685
2,0,0,3,0.0058259777033443,30.0897674964168,339.097550115102
2,0,0,3,0.0,0.0,0.0
