cost_model,startup,shutdown,n_coefficients,coeff_n,coeff1,coeff0
2,0,0,3,0.004802516181231,38.0462744131459,2407.99559104857
2,0,0,3,0.0056751370468529,43.9773385331582,2241.89705328464
2,0,0,3,0.0037105467612791,31.6666784139071,87.9865101181087
2,0,0,3,0.0,0.0,0.0
2,0,0,3,0.0,0.0,0.0
2,0,0,3,0.0,0.0,0.0
2,0,0,3,0.0,0.0,0.0
2,0,0,3,0.0,0.0,0.0
2,0,0,3,0.0,0.0,0.0
2,0,0,3,0.0067000198551349,47.5408276897053,294.823721649008
2,0,0,3,0.0064456005925016,45.6217195284059,163.505365339129
2,0,0,3,0.0,0.0,0.0
2,0,0,3,0.0,0.0,0.0
