bus_number,P_output,Q_output,voltage_mag,gen_status,P_max,P_min
7,0.0,0,1,0,220.277429063514,0
13,11.8014852937123,0,1,1,11.801485293717,0
14,550.800678416067,0,1,1,697.657150303245,0
15,544.261578879451,0,1,1,544.26157887947,0
17,368.754181986859,0,1,1,432.329433718572,0
18,75.504470704488,0,1,1,75.5044707045036,0
20,539.156311509474,0,1,1,539.156311509481,0
21,0.0,0,1,0,379.366228907921,0
22,0.0,0,1,0,27.1246854376652,0
24,7.72208804975705,0,1,1,7.72208804976327,0
27,2.26232093602306,0,1,1,2.26232093603031,0
28,0.0,0,1,0,121.111563677181,0
29,0.0,0,1,0,89.2212565253932,0
30,81.3358470655429,0,1,1,81.3358470655477,0
33,1.91972263993703e-10,0,1,1,145.196599615339,0
35,308.362702646866,0,1,1,308.362702646895,0
39,7.67516801226342,0,1,1,7.67516801227068,0
41,0.0,0,1,0,90.0767275733044,0
42,88.6311945147176,0,1,1,88.6311945147246,0
50,46.8750900146787,0,1,1,46.8750900146857,0
51,15.4050993169528,0,1,1,15.4050993169596,0
55,116.071012248272,0,1,1,116.071012248272,0
