bus_number,bus_type,P_demand,Q_demand,voltage_mag,voltage_ang
1,1,175.592753714784,0,1,-1.98120176729048
2,2,0.0,0,1,-2.15027141045103
3,1,0.0,0,1,-3.28295910491722
4,1,0.0,0,1,-3.17732729524022
5,1,0.0,0,1,-3.74803026917014
6,1,0.0,0,1,-2.89762875017891
7,2,0.0,0,1,-1.23004998022455
8,1,0.0,0,1,-1.02026023861263
9,2,0.0,0,1,-2.74693708414523
10,2,0.0,0,1,-3.29009777660553
11,2,0.0,0,1,-3.24388950671894
12,1,0.0,0,1,-2.9576180762017
13,1,0.0,0,1,-3.03909346176925
14,1,0.0,0,1,-3.31910917968364
15,1,0.0,0,1,-4.59934299242712
16,2,0.0,0,1,-0.0615863593251196
17,1,0.0,0,1,-0.818510034542936
18,1,0.0,0,1,-1.32441971318453
19,3,0.0,0,1,0.0
20,1,265.734467297758,0,1,-1.91021876156739
21,2,0.0,0,1,-0.586572632017616
22,1,0.0,0,1,-3.31910917968364
23,1,0.0,0,1,-3.31910917968364
24,1,111.633879622418,0,1,-1.88438397398139
25,2,0.0,0,1,-2.69242510025739
26,1,337.86135371303,0,1,-0.410867636850379
27,1,0.0,0,1,-3.31910917968365
28,2,0.0,0,1,-1.6001805889577
29,1,0.0,0,1,-4.42211966842576
30,1,0.0,0,1,-4.30384861890217
31,2,0.0,0,1,-1.32161548915624
32,1,0.0,0,1,-5.682901346371
33,2,0.0,0,1,-0.682516390517665
34,2,0.0,0,1,-2.39953902646415
35,1,130.784932473315,0,1,-4.64694063144833
36,1,0.0,0,1,-4.18309838858263
37,1,584.753784694407,0,1,-5.18332652386911
38,1,0.0,0,1,-2.88719681305375
39,1,277.089381950755,0,1,-6.96941037886765
40,1,0.0,0,1,-0.992339789039594
41,1,80.5489494078205,0,1,-3.09929032003113
42,1,0.0,0,1,-5.04947336820979
43,2,0.0,0,1,-6.96941037886765
44,1,428.350453286649,0,1,-5.22280443949405
45,1,0.0,0,1,-4.38932106229842
46,1,0.0,0,1,-3.93782147999166
47,1,0.0,0,1,-3.8214722810454
48,2,0.0,0,1,-5.22699602460331
49,1,0.0,0,1,-3.31910917968365
50,1,165.053787977072,0,1,-3.88337760570956
51,2,0.0,0,1,-3.04417835174429
52,1,0.0,0,1,-3.20259883658581
53,1,0.0,0,1,-3.89512717026709
54,1,74.010199212004,0,1,-2.0098377354755
55,1,64.8655969799296,0,1,-3.32478178955855
56,1,58.031053152659,0,1,-2.62436687788369
57,1,0.0,0,1,-3.66910884914622
