cost_model,startup,shutdown,n_coefficients,coeff_n,coeff1,coeff0
2,0,0,3,0.0,0.0,0.0
2,0,0,3,0.0064569274599878,54.8913496964716,447.391457937807
2,0,0,3,0.003499407385253,48.1594397570829,2882.65714893719
2,0,0,3,0.0,0.0,0.0
2,0,0,3,0.0062391248078729,26.210988026467,568.195298270512
2,0,0,3,0.0,0.0,0.0
2,0,0,3,0.0,0.0,0.0
2,0,0,3,0.0047641233544338,47.9137903166943,585.630658106078
2,0,0,3,0.0,0.0,0.0
2,0,0,3,0.0074210412608062,43.5658933768549,1160.38953706587
2,0,0,3,0.0,0.0,0.0
2,0,0,3,0.0,0.0,0.0
2,0,0,3,0.0,0.0,0.0
2,0,0,3,0.0,0.0,0.0
2,0,0,3,0.0034201278708973,36.7858662295399,502.737475028528
