bus_number,P_output,Q_output,voltage_mag,gen_status,P_max,P_min
2,302.1453123859,0,1,1,302.145312386507,0
7,306.842535257147,0,1,1,560.137268779346,0
10,625.602700065313,0,1,1,625.602700066675,0
13,141.601486342075,0,1,1,141.601486346304,0
20,0.0,0,1,0,461.049767065363,0
26,258.725267707109,0,1,1,258.72526770509,0
30,486.802960748427,0,1,1,486.802960749345,0
34,144.878180055596,0,1,1,144.878180053581,0
36,0.0,0,1,0,34.9460194827795,0
37,0.0,0,1,0,230.542717512582,0
39,65.1363513296335,0,1,1,65.1363513267784,0
42,256.402551166122,0,1,1,628.835717309012,0
49,166.173248421932,0,1,1,166.173248516969,0
