cost_model,startup,shutdown,n_coefficients,coeff_n,coeff1,coeff0
2,0,0,3,0.0044881640605158,43.7986683823968,2659.91964454261
2,0,0,3,0.0029933133316051,35.124974694355,539.644075035098
2,0,0,3,0.003441071672224,37.0964879435197,542.93608417866
2,0,0,3,0.0025932025002528,44.1452512579482,2765.54980518051
2,0,0,3,0.0,0.0,0.0
2,0,0,3,0.0,0.0,0.0
2,0,0,3,0.0,0.0,0.0
2,0,0,3,0.0,0.0,0.0
2,0,0,3,0.0,0.0,0.0
2,0,0,3,0.0,0.0,0.0
2,0,0,3,0.0,0.0,0.0
2,0,0,3,0.0,0.0,0.0
