bus_number,bus_type,P_demand,Q_demand,voltage_mag,voltage_ang
1,1,26.4935744623786,0,1,0.282371555673111
2,1,0.0,0,1,6.92973915642591
3,2,0.0,0,1,16.0049377791359
4,1,207.869005434836,0,1,-0.118801459921145
5,2,0.0,0,1,0.329748563382002
6,1,0.0,0,1,-0.406309251116916
7,1,0.0,0,1,0.3702182277134
8,1,369.459650692619,0,1,-0.746281364781777
9,1,0.0,0,1,2.20980288693703
10,1,0.0,0,1,-0.408571114536054
11,1,0.0,0,1,0.045732879222907
12,1,0.0,0,1,0.151108543441008
13,3,0.0,0,1,0.0
14,2,0.0,0,1,1.11152569085863
15,1,262.640940720757,0,1,-3.34891672446378
16,2,0.0,0,1,-0.272208601318148
17,1,250.821382737334,0,1,0.283817676400628
18,1,0.0,0,1,-0.708959523570736
19,1,0.0,0,1,0.24964454703914
20,2,0.0,0,1,1.79214113694223
21,2,0.0,0,1,0.240983932429433
22,2,0.0,0,1,-1.61436210383929
23,2,0.0,0,1,0.108229604570748
24,2,0.0,0,1,0.494528934379775
25,1,0.0,0,1,1.05761688900798
26,1,120.828641147516,0,1,-1.37742282764635
27,2,0.0,0,1,0.616299058911405
28,1,66.2066518441804,0,1,0.288339550071642
29,1,0.0,0,1,2.446868102964
30,2,0.0,0,1,0.550490062684819
31,2,0.0,0,1,1.1964281981131
32,1,0.0,0,1,1.40274749451243
33,2,0.0,0,1,1.60017249954864
34,2,0.0,0,1,2.81080522246578
35,1,299.4790347727,0,1,-0.413991385378805
36,2,0.0,0,1,1.6321092223985
37,1,0.0,0,1,1.03260794381084
38,1,0.0,0,1,0.831734999101217
39,2,0.0,0,1,4.57948074476268
40,1,108.497192821408,0,1,0.375891956827085
41,1,215.531590379727,0,1,-0.542406713520325
42,1,0.0,0,1,-1.18377133372247
43,1,0.0,0,1,-0.672950789847909
44,1,10.114189602993,0,1,-1.04695340557926
45,1,0.0,0,1,0.080083530899373
46,1,0.0,0,1,-1.175885344288
47,1,0.0,0,1,-0.450576273006157
48,1,273.417822713243,0,1,-2.00697597050015
49,1,581.44763194786,0,1,-1.59932118554777
50,1,0.0,0,1,-0.873631270373385
51,2,0.0,0,1,-0.170135640413877
52,1,0.0,0,1,-0.148012532728159
53,1,0.0,0,1,-0.298565797942359
54,1,0.0,0,1,0.698478018068112
55,1,0.0,0,1,-0.859461620518139
56,1,0.0,0,1,0.731511121945656
57,1,59.1717971473532,0,1,-0.645010514673994
