bus_number,bus_type,P_demand,Q_demand,voltage_mag,voltage_ang
1,1,0.0,0,1,-10.7867671471488
2,2,0.0,0,1,-5.77254818916168
3,1,0.0,0,1,-12.6270045791196
4,1,294.783293799015,0,1,-11.0667563413542
5,2,0.0,0,1,-3.33322231006047
6,2,0.0,0,1,-5.4210276111378
7,1,232.502816947875,0,1,-9.09043589678467
8,1,0.0,0,1,-7.485441169979
9,1,47.3336956714263,0,1,-9.86099472200273
10,1,0.0,0,1,-9.99336959503391
11,1,0.0,0,1,-8.94587913155858
12,1,0.0,0,1,-6.28180131414042
13,1,151.212264010367,0,1,-15.5703892508283
14,1,39.5178946743078,0,1,-4.57338922551603
15,2,0.0,0,1,-8.28148469517098
16,1,80.8785691779543,0,1,-9.04086632727119
17,1,30.3178560514858,0,1,-5.83377878381409
18,1,1.35299190538007,0,1,-3.67732942197438
19,1,5.37385552348241,0,1,-2.44082049413614
20,3,0.0,0,1,0.0
21,2,0.0,0,1,-2.68961580209709
22,2,0.0,0,1,-7.48511938880027
23,2,0.0,0,1,-7.29868235513591
24,1,0.0,0,1,-0.749459598710558
25,1,342.286785475312,0,1,-9.30947067091686
26,1,41.7942721627995,0,1,-9.62121350191672
27,1,0.0,0,1,-3.7741548008915
28,2,0.0,0,1,-6.16999109592681
29,2,0.0,0,1,-8.35416445564042
30,1,0.0,0,1,-7.22143080105788
31,1,24.8164773295389,0,1,-6.14937513882773
32,1,6.0997794485266,0,1,-7.25182343114584
33,2,0.0,0,1,-9.50491895919205
34,1,281.501865078122,0,1,-11.7543506460542
35,1,0.0,0,1,-4.61616845688271
36,1,261.610735167072,0,1,-12.7985013504454
37,1,216.926341097514,0,1,-5.47693432689217
38,1,0.0,0,1,-7.87399289360395
39,1,0.0,0,1,-9.34249616612091
40,1,0.0,0,1,-11.7870023630879
41,2,0.0,0,1,-6.91045618659976
42,1,0.0,0,1,-8.18052498333602
43,1,0.0,0,1,-3.46425909644378
44,1,46.7197910779874,0,1,-10.3072273336825
45,1,143.828047022878,0,1,-12.3127680373391
46,2,0.0,0,1,-2.7006176598099
47,1,90.8111670770994,0,1,-5.24569213200138
48,2,0.0,0,1,-4.10712255790523
49,1,148.855327048782,0,1,-5.92273129248674
50,1,21.0010787350048,0,1,-7.90603252716609
51,1,21.1752193724987,0,1,-8.48215004255776
52,1,0.0,0,1,-11.0600668736371
53,1,14.7849931045085,0,1,-6.84102668884525
54,1,99.3767388698572,0,1,-10.9323298451424
55,1,60.7904480098724,0,1,-4.8973543919387
56,1,0.0,0,1,-7.58867277827343
57,1,48.6582896439346,0,1,-4.14315744609979
