bus_number,bus_type,P_demand,Q_demand,voltage_mag,voltage_ang
1,1,13.5184935012067,0,1,-0.494945028789218
2,2,0.0,0,1,-0.186085141407565
3,2,0.0,0,1,2.42765835287004
4,1,44.1224705436,0,1,-0.0260876529021528
5,2,0.0,0,1,-0.270730442620719
6,3,0.0,0,1,0.0
7,1,298.78720722148,0,1,-1.30919193827234
8,2,0.0,0,1,0.586938528904461
9,1,0.0,0,1,0.30459728639164
10,1,190.196252130801,0,1,-0.335069250577607
11,1,0.0,0,1,-0.307347322850678
12,1,7.97283641668239,0,1,-0.306658172906452
13,2,0.0,0,1,-0.0390952624011701
14,2,0.0,0,1,-0.0965083998512917
15,1,0.0,0,1,-2.54707977988893
16,2,0.0,0,1,-1.87121912787681
17,1,0.0,0,1,-0.798496519368805
18,1,221.766391809986,0,1,-2.62073155782658
19,1,0.0,0,1,-1.15527748667608
20,1,0.0,0,1,-1.01231571165179
21,2,0.0,0,1,-0.47286259037828
22,1,0.0,0,1,-2.52731872155263
23,1,418.556462401638,0,1,-2.77275762808028
24,2,0.0,0,1,-1.79663522200949
25,1,0.0,0,1,-1.97184145815278
26,2,0.0,0,1,-1.25372059447224
27,1,0.0,0,1,-2.65608949851244
28,1,0.0,0,1,-1.90023492383969
29,2,0.0,0,1,-1.98370253448625
30,2,0.0,0,1,-1.77931480961779
31,1,164.296329521647,0,1,-3.32732220432377
32,1,22.8137970257913,0,1,-1.87047218432178
33,1,344.995819295654,0,1,-1.97873406231594
34,1,213.020856889182,0,1,-5.06411771779051
35,1,0.0,0,1,-0.918077049658243
36,1,0.0,0,1,-1.48267877085878
37,1,109.972326858872,0,1,-1.84086770526144
38,1,77.6968827792415,0,1,-1.8848543068471
39,1,75.4240789062968,0,1,-2.1892081825269
40,1,242.294119048772,0,1,-2.69115407594951
41,1,0.0,0,1,-1.49247661627665
42,1,75.7718208032017,0,1,-4.84608086469103
43,1,0.0,0,1,-2.39951973677678
44,2,0.0,0,1,0.280444248921404
45,1,102.960999581483,0,1,-2.5436894242782
46,1,0.0,0,1,-1.28265069984062
47,1,0.0,0,1,-1.30505375327302
48,2,0.0,0,1,2.04033345801753
49,2,0.0,0,1,-1.48668244921089
50,1,47.3873944231607,0,1,-0.378167776128221
51,2,0.0,0,1,-1.80278079674091
52,1,0.0,0,1,-1.58649563259631
53,1,0.0,0,1,0.93070032414682
54,1,56.7718923671459,0,1,-0.11585190575918
55,1,0.0,0,1,2.36673996371669
56,1,0.0,0,1,-0.530439980955965
57,1,0.0,0,1,0.505269128008536
