bus_number,bus_type,P_demand,Q_demand,voltage_mag,voltage_ang
1,1,90.3857268012266,0,1,-2.22568374764287
2,2,0.0,0,1,-0.570442174584545
3,2,0.0,0,1,-0.936192557945642
4,1,0.0,0,1,-0.0191207567336527
5,1,236.584975405568,0,1,-5.19796100476961
6,2,0.0,0,1,0.236519220189645
7,1,22.2258696131679,0,1,-0.527210043346112
8,1,114.06871163399,0,1,-4.69459802030771
9,3,0.0,0,1,0.0
10,1,0.0,0,1,-0.149649149226491
11,1,0.0,0,1,-1.76302609111295
12,1,0.0,0,1,-2.61266582949363
13,1,119.29510897858,0,1,-5.97842205493186
14,1,0.0,0,1,-2.09937850807627
15,1,0.0,0,1,-1.01065853096998
16,2,0.0,0,1,-2.33154917772237
17,1,110.946640564841,0,1,-2.66100211617898
18,1,117.687031630805,0,1,-1.73426638951206
19,2,0.0,0,1,-0.660242926967753
20,2,0.0,0,1,0.291156170337192
21,1,0.0,0,1,-1.93927237659982
22,1,0.0,0,1,-0.512812516294247
23,1,0.0,0,1,-0.708405209268374
24,2,0.0,0,1,-1.11976623859196
25,1,0.0,0,1,-1.53627158320784
26,1,122.614067772512,0,1,-2.1999293316628
27,1,0.0,0,1,-2.15220860136547
28,1,71.0025642954935,0,1,-2.56399236562564
29,1,0.0,0,1,-2.30931011362683
30,1,2.48522799521695,0,1,-1.54544529353629
31,1,0.0,0,1,-0.170910587515244
32,1,0.0,0,1,-2.26498933729083
33,2,0.0,0,1,-2.15220860136547
34,1,0.0,0,1,-2.31084358589536
35,1,28.2774141021004,0,1,-5.31508107998719
36,1,107.633329406185,0,1,-7.59489222935967
37,1,93.1582428192855,0,1,-4.14705920067656
38,1,0.0,0,1,-3.58038823331565
39,1,67.6353388285769,0,1,-0.172022998882211
40,1,64.1851548616193,0,1,-5.0772779288374
41,2,0.0,0,1,-4.25248205138473
42,1,0.0,0,1,-4.38269695143838
43,1,0.0,0,1,-2.78281382720761
44,1,0.0,0,1,-2.1289709606726
45,1,645.337644891054,0,1,-1.58003195297759
46,2,0.0,0,1,-0.159112577255184
47,1,530.798539836464,0,1,-5.62172438057806
48,1,0.0,0,1,-3.33296977236233
49,1,0.0,0,1,-2.45621538293774
50,1,34.9571160784242,0,1,-6.23313225403212
51,1,0.0,0,1,-0.0988542087667028
52,1,0.0,0,1,-1.14607515400434
53,1,0.0,0,1,-0.953129377688489
54,2,0.0,0,1,1.30880652819721
55,1,22.306225799398,0,1,-0.787920571370654
56,1,98.4878784142846,0,1,-1.09352342387671
57,1,54.2377837538089,0,1,-2.12973737324589
