bus_number,P_output,Q_output,voltage_mag,gen_status,P_max,P_min
6,24.8178005123294,0,1,1,24.8178005123346,0
9,19.6335819041248,0,1,1,19.6335819041311,0
10,160.788348385169,0,1,1,329.527791335588,0
12,0.0,0,1,0,155.073923621823,0
14,359.601251910728,0,1,1,359.60125191073,0
16,38.2122960415873,0,1,1,137.973359144717,0
18,0.0,0,1,0,76.4497298168186,0
23,0.0,0,1,0,142.076096299981,0
24,111.2102142845,0,1,1,111.210214284539,0
25,236.547017340888,0,1,1,236.54701734089,0
26,909.041294551139,0,1,1,1223.16151867204,0
28,223.87605484014,0,1,1,223.87605484014,0
30,37.94607053576,0,1,1,37.9460705357644,0
32,71.7296275243826,0,1,1,71.7296275243845,0
36,365.366426991973,0,1,1,365.366426991977,0
46,195.540608659877,0,1,1,195.540608659899,0
52,0.0,0,1,0,551.846674028563,0
