cost_model,startup,shutdown,n_coefficients,coeff_n,coeff1,coeff0
2,0,0,3,0.003398588824362,33.5634777546787,2839.29924324743
2,0,0,3,0.0,0.0,0.0
2,0,0,3,0.0,0.0,0.0
2,0,0,3,0.0020391191540017,42.285713447927,1466.06344864065
2,0,0,3,0.0073024392393501,54.4914460553466,369.832756770265
2,0,0,3,0.0,0.0,0.0
2,0,0,3,0.0,0.0,0.0
2,0,0,3,0.0058415252309114,43.3842579091552,47.8728268663642
2,0,0,3,0.0,0.0,0.0
2,0,0,3,0.0,0.0,0.0
2,0,0,3,0.0,0.0,0.0
2,0,0,3,0.0,0.0,0.0
2,0,0,3,0.0025826326506841,34.5051222923321,90.714730854368
2,0,0,3,0.0065082979606273,38.460186494166,596.987175929798
2,0,0,3,0.0,0.0,0.0
2,0,0,3,0.0024749938767816,40.6912270995626,205.419365703899
2,0,0,3,0.0,0.0,0.0
2,0,0,3,0.0055036148061385,30.5725144830019,188.964750070294
2,0,0,3,0.0,0.0,0.0
