bus_number,bus_type,P_demand,Q_demand,voltage_mag,voltage_ang
1,2,0.0,0,1,1.06180160164145
2,1,104.342074013935,0,1,0.0585846929340158
3,1,66.0505472173208,0,1,-0.900063180699743
4,1,77.9846392435634,0,1,0.85463276339559
5,1,0.0,0,1,0.437794862046118
6,2,0.0,0,1,1.32134430762069
7,1,0.0,0,1,0.516475652159099
8,2,0.0,0,1,-0.181378518783993
9,3,0.0,0,1,0.0
10,1,0.0,0,1,-0.20847541089731
11,1,188.469236373932,0,1,-0.96996475376414
12,1,369.792246314221,0,1,-0.440389844221422
13,1,0.0,0,1,-0.0492212010387927
14,2,0.0,0,1,-0.130517501224053
15,1,145.618188053483,0,1,-0.45112832845595
16,2,0.0,0,1,0.221962221890255
17,1,0.0,0,1,-0.41311360735159
18,1,0.0,0,1,0.0302548500936042
19,1,116.610589542754,0,1,-4.60907481001984
20,1,8.9286915164187,0,1,-0.321277245919779
21,1,75.2864271690443,0,1,-3.48130276009378
22,1,0.0,0,1,-0.27976337670041
23,1,35.5434493367087,0,1,-1.97267074178412
24,2,0.0,0,1,-3.21885996737841
25,1,0.0,0,1,-1.65733481442475
26,2,0.0,0,1,-2.24238541074913
27,1,0.0,0,1,-1.28099998631501
28,1,11.1798935419812,0,1,-2.43968667323171
29,1,322.460170908957,0,1,-3.23205193247258
30,1,0.0,0,1,-2.15864186336738
31,1,0.0,0,1,-3.55899341039506
32,1,0.0,0,1,-1.01749626498412
33,1,0.0,0,1,-0.559879921220325
34,2,0.0,0,1,-0.263254218079588
35,1,72.0709640412002,0,1,-3.87795668749235
36,2,0.0,0,1,-2.5526420802019
37,1,0.357440845340387,0,1,-1.80016468527434
38,1,183.239003019855,0,1,-3.69846072099726
39,1,0.0,0,1,-2.82955040845376
40,2,0.0,0,1,-0.0704724187529898
41,1,370.810974044303,0,1,-4.33840358677338
42,1,0.0,0,1,-0.697418510814128
43,1,342.05989457269,0,1,-3.02059947154933
44,2,0.0,0,1,-1.70385050508709
45,1,101.157126097249,0,1,-1.49589128438742
46,1,83.4245996684636,0,1,-2.44499056383175
47,1,0.0,0,1,-1.12905419210749
48,2,0.0,0,1,1.54094606138691
49,2,0.0,0,1,-3.75341888372497
50,2,0.0,0,1,-0.433756123428368
51,2,0.0,0,1,-0.704884951832234
52,2,0.0,0,1,-1.59865203143688
53,2,0.0,0,1,0.562743760629447
54,1,57.0402256012208,0,1,-1.91175645689392
55,2,0.0,0,1,-0.538487231226686
56,2,0.0,0,1,-0.873133591971985
57,1,21.8842123599607,0,1,-0.877850395936592
