bus_number,bus_type,P_demand,Q_demand,voltage_mag,voltage_ang
1,2,0.0,0,1,-0.657914268966122
2,1,708.468436903534,0,1,-2.77466202924154
3,1,614.874932131183,0,1,-1.9319947264112
4,2,0.0,0,1,1.05699666207046
5,1,0.0,0,1,-1.32417567113806
6,2,0.0,0,1,-2.42719175520309
7,1,0.0,0,1,-1.06511476004145
8,1,0.0,0,1,-2.61878844563712
9,1,0.0,0,1,-2.25370139861011
10,1,0.0,0,1,-0.650684643196045
11,1,0.0,0,1,-0.964578643007857
12,1,0.0,0,1,-1.72146566545307
13,1,0.0,0,1,-2.61377734750901
14,2,0.0,0,1,-0.82516658802133
15,1,0.0,0,1,-1.92386108179695
16,1,0.0,0,1,-2.02967249225041
17,1,0.0,0,1,-3.08706865839152
18,1,0.0,0,1,-3.79465562533854
19,1,0.0,0,1,-2.33035220725642
20,1,0.0,0,1,-3.44055994744582
21,1,152.299264734055,0,1,-4.3346836875918
22,1,156.693955162371,0,1,-2.77538423600415
23,1,90.6048550765779,0,1,-1.69044366032345
24,2,0.0,0,1,-2.520675109084
25,1,0.0,0,1,-2.19903137522666
26,1,554.358610351417,0,1,-3.16917585727944
27,2,0.0,0,1,-2.83188123144482
28,1,220.990549285751,0,1,-1.84057860833969
29,2,0.0,0,1,-1.77038655483509
30,1,14.9773669051477,0,1,-4.36895093390865
31,1,0.0,0,1,-2.49877154123869
32,1,0.0,0,1,-1.88935902434668
33,1,0.0,0,1,-1.04559549963797
34,2,0.0,0,1,-2.48571822533665
35,1,0.0,0,1,-2.9901775712446
36,2,0.0,0,1,-1.32384502711779
37,2,0.0,0,1,-1.05392091485917
38,1,82.5909917088944,0,1,-1.12703288341355
39,1,0.0,0,1,-1.27774254071459
40,1,60.2347551927931,0,1,-0.58238598283811
41,1,0.0,0,1,-2.23721429684276
42,2,0.0,0,1,-0.0172651235409096
43,1,0.0,0,1,-0.961924724023927
44,1,91.5357980974011,0,1,-3.02527164518498
45,2,0.0,0,1,0.497009680814926
46,1,0.0,0,1,-0.582074656116425
47,1,0.0,0,1,-0.0040430275400692
48,2,0.0,0,1,-0.266126161313824
49,3,0.0,0,1,0.0
50,2,0.0,0,1,-0.358294636313993
51,1,0.0,0,1,-0.444537285188665
52,1,0.0,0,1,-0.35586494276139
53,1,0.0,0,1,0.420537430541261
54,2,0.0,0,1,-0.0627832217054555
55,1,0.0,0,1,0.633936754811195
56,2,0.0,0,1,0.615013368859944
57,1,6.68107793347818,0,1,-1.7503723138019
