bus_number,bus_type,P_demand,Q_demand,voltage_mag,voltage_ang
1,2,0.0,0,1,-3.09371218046192
2,1,287.434868170831,0,1,-3.55446514380031
3,1,0.0,0,1,-2.11069423961929
4,3,0.0,0,1,0.0
5,1,0.0,0,1,-3.82442284016896
6,1,0.0,0,1,-1.85274112311284
7,1,0.0,0,1,-2.76680329058991
8,2,0.0,0,1,-1.40571903837548
9,1,0.0,0,1,-4.24078272474631
10,1,0.0,0,1,-3.74624063396948
11,1,565.954281022039,0,1,-7.81083828432481
12,1,56.2249932792792,0,1,-11.4214971916022
13,1,0.0,0,1,-6.56656649785043
14,2,0.0,0,1,-4.01868578909636
15,1,0.0,0,1,-4.00962919048867
16,1,253.546344828257,0,1,-8.00147316416398
17,2,0.0,0,1,-5.69456058912018
18,1,48.2401768910191,0,1,-4.70069676069982
19,1,91.4286160326098,0,1,-3.74063785431557
20,1,0.0,0,1,-4.62896400322827
21,1,0.0,0,1,-4.71876807896372
22,2,0.0,0,1,-3.99776892240463
23,2,0.0,0,1,-4.32078117500038
24,2,0.0,0,1,-1.10095436733636
25,1,667.550423349735,0,1,-4.60154178282675
26,1,0.0,0,1,-3.52979220071403
27,1,0.0,0,1,-3.53993824594157
28,2,0.0,0,1,-4.32078117500038
29,2,0.0,0,1,-4.73995848867189
30,1,0.0,0,1,-2.71416064204696
31,1,156.457972781657,0,1,-2.54287749137661
32,1,0.0,0,1,-1.86923557942781
33,2,0.0,0,1,-3.34791146198055
34,2,0.0,0,1,-1.28451307506291
35,1,36.5076763294619,0,1,-3.94524813954184
36,2,0.0,0,1,-2.64404223465128
37,1,0.0,0,1,-2.828107420323
38,2,0.0,0,1,-1.75909798684411
39,1,0.0,0,1,-2.20942878416527
40,1,0.0,0,1,-3.68461035110433
41,1,0.0,0,1,-3.57434643429064
42,1,0.0,0,1,-1.82716580757169
43,1,31.523586369063,0,1,-4.28078909826464
44,1,0.0,0,1,-3.49677432065431
45,2,0.0,0,1,3.359071868632
46,1,0.0,0,1,-2.92959022889468
47,1,0.0,0,1,-3.63223364768724
48,2,0.0,0,1,-3.62403686688007
49,1,159.271195111914,0,1,-3.37359792010692
50,1,90.4466745687549,0,1,-2.22453282382087
51,1,0.0,0,1,-3.32134166399712
52,1,235.767327461668,0,1,-3.90767137361687
53,1,0.0,0,1,-2.01829934925311
54,1,0.0,0,1,-2.41412632757381
55,1,0.0,0,1,-1.78488265753914
56,1,0.0,0,1,-2.46835897235593
57,1,73.9564572863132,0,1,-0.796223009561904
