cost_model,startup,shutdown,n_coefficients,coeff_n,coeff1,coeff0
2,0,0,3,0.0,0.0,0.0
2,0,0,3,0.0,0.0,0.0
2,0,0,3,0.0056680165958997,37.5696635428496,475.493720584897
2,0,0,3,0.0,0.0,0.0
2,0,0,3,0.0079111241273312,47.1455123918981,849.573441989834
2,0,0,3,0.0,0.0,0.0
2,0,0,3,0.0035173747675454,28.8916222778493,444.015172389621
2,0,0,3,0.0,0.0,0.0
2,0,0,3,0.0066163617519414,30.6341918207344,383.768839188173
2,0,0,3,0.0029822475448092,53.9828376118749,625.20717284278
2,0,0,3,0.0,0.0,0.0
2,0,0,3,0.0,0.0,0.0
2,0,0,3,0.0,0.0,0.0
2,0,0,3,0.0,0.0,0.0
2,0,0,3,0.0,0.0,0.0
2,0,0,3,0.0022985471383612,32.6897860867898,195.063790238297
