cost_model,startup,shutdown,n_coefficients,coeff_n,coeff1,coeff0
2,0,0,3,0.0027704070495724,41.5918339082901,28.4364189033181
2,0,0,3,0.0,0.0,0.0
2,0,0,3,0.0,0.0,0.0
2,0,0,3,0.0,0.0,0.0
2,0,0,3,0.0,0.0,0.0
2,0,0,3,0.0020030779623208,25.8628645826456,3591.39366933156
2,0,0,3,0.0032664980209392,55.1641011942624,376.126504901769
2,0,0,3,0.0,0.0,0.0
2,0,0,3,0.0,0.0,0.0
2,0,0,3,0.0046058973976129,26.7191323395158,1196.32733411905
2,0,0,3,0.0,0.0,0.0
2,0,0,3,0.007080476368874,39.7126103620292,276.591597167034
2,0,0,3,0.0,0.0,0.0
