bus_number,P_output,Q_output,voltage_mag,gen_status,P_max,P_min
1,0.0,0,1,0,256.283305872485,0
4,13.7118818019644,0,1,1,13.7118818019644,0
8,568.900299010413,0,1,1,652.840745987037,0
11,106.76810663886,0,1,1,106.76810663886,0
12,26.4073932186989,0,1,1,26.4073932186989,0
13,56.7502803733212,0,1,1,56.7502803733212,0
16,0.0,0,1,0,183.996841615941,0
21,558.551890586434,0,1,1,558.551890586434,0
23,24.8048287245931,0,1,1,24.8048287245931,0
27,0.0,0,1,0,147.426650312553,0
38,604.569867353361,0,1,1,604.569867353361,0
39,78.8361447037653,0,1,1,104.559336597118,0
44,8.10960102703384e-19,0,1,1,59.3684387219235,0
47,652.653937336673,0,1,1,652.653937336673,0
49,62.3559637345165,0,1,1,62.3559637345165,0
51,0.0,0,1,0,198.033466880531,0
55,0.0,0,1,0,290.317287729428,0
