bus_number,bus_type,P_demand,Q_demand,voltage_mag,voltage_ang
1,3,0.0,0,1,0.0
2,1,420.254220873902,0,1,-2.01297069777176
3,1,0.0,0,1,-0.5429657087017
4,2,0.0,0,1,-1.0894510841738
5,1,0.0,0,1,-1.15951036036717
6,2,0.0,0,1,-0.755091700354331
7,1,0.0,0,1,-1.74341393259512
8,2,0.0,0,1,-0.0638719269098608
9,1,123.199414375435,0,1,0.854292446836199
10,2,0.0,0,1,1.63749908684469
11,1,0.0,0,1,-1.61518256066715
12,1,0.0,0,1,0.805495651936569
13,2,0.0,0,1,1.11563466530703
14,1,40.0696820056503,0,1,-2.58857194520659
15,1,0.0,0,1,-1.21326770518041
16,1,0.0,0,1,-2.82600773700007
17,2,0.0,0,1,3.74264249545413
18,1,0.0,0,1,3.22245529414747
19,1,0.0,0,1,-2.26028621632582
20,2,0.0,0,1,0.942377778631323
21,2,0.0,0,1,-1.59359857659621
22,2,0.0,0,1,3.11754355007913
23,2,0.0,0,1,4.27271138872411
24,1,121.837130725881,0,1,-2.46738645477861
25,1,597.434065935946,0,1,-3.07732374954472
26,1,0.0,0,1,-2.74774907180757
27,2,0.0,0,1,-1.15564633860721
28,2,0.0,0,1,-2.5115287410554
29,1,0.0,0,1,-1.81989022270758
30,1,0.0,0,1,-3.10521273888872
31,1,0.0,0,1,-2.58280905742272
32,2,0.0,0,1,-0.727345053225215
33,1,159.929373410222,0,1,-4.64412323417998
34,1,0.0,0,1,-1.55606598745848
35,1,0.0,0,1,-1.64835032124604
36,2,0.0,0,1,-3.94731488124915
37,2,0.0,0,1,1.47962838433741
38,1,35.2491152204283,0,1,0.738618721778495
39,1,0.0,0,1,-1.31268521406316
40,2,0.0,0,1,-0.832538915223633
41,1,0.0,0,1,-0.750730937812977
42,1,0.0,0,1,-1.47983512944396
43,2,0.0,0,1,-1.47025431641388
44,1,133.717017454783,0,1,1.08227935980288
45,2,0.0,0,1,-1.39263931827102
46,2,0.0,0,1,-2.31690303194745
47,2,0.0,0,1,-0.911090886941656
48,1,58.8322779926391,0,1,-0.196971663238413
49,1,550.783737402759,0,1,-2.67287737195192
50,1,0.0,0,1,-1.08484973801743
51,1,50.9841441235779,0,1,-5.14044225530017
52,1,27.9505233820976,0,1,-0.996580288286156
53,1,254.950979042427,0,1,-2.6833572331116
54,1,0.0,0,1,-0.352144601370113
55,2,0.0,0,1,-0.272871716376291
56,1,0.0,0,1,-1.68452256741048
57,2,0.0,0,1,-1.27845131919963
