bus_number,P_output,Q_output,voltage_mag,gen_status,P_max,P_min
4,14.6761807602802,0,1,1,14.6761807602806,0
6,3.20443532438732,0,1,1,3.20443532438814,0
10,95.8570257794713,0,1,1,95.8570257794718,0
14,138.702459581483,0,1,1,138.702459581483,0
18,1404.68922770755,0,1,1,1829.59693098012,0
21,0.0,0,1,0,51.6726485172908,0
23,218.952366611911,0,1,1,218.952366611912,0
30,3.16746111382805e-12,0,1,1,28.2472052327387,0
33,381.754279651758,0,1,1,381.754279651758,0
34,463.694417208986,0,1,1,493.961571357891,0
35,0.0,0,1,0,39.4025648947139,0
41,0.0,0,1,0,123.658692970359,0
44,32.7802008567544,0,1,1,160.306328666225,0
46,0.0,0,1,0,324.845806892507,0
