bus_number,bus_type,P_demand,Q_demand,voltage_mag,voltage_ang
1,1,0.0,0,1,-2.73331303823528
2,1,274.126208672465,0,1,-2.36834888835333
3,1,240.743248345675,0,1,-1.23156591899311
4,1,0.0,0,1,-1.49316014364267
5,1,434.503365877744,0,1,-2.729964137175
6,1,0.0,0,1,0.0837211795926211
7,1,0.0,0,1,-0.129713460451793
8,1,141.520097669648,0,1,-1.85216283094359
9,1,0.0,0,1,-0.574408942070423
10,1,107.774670710291,0,1,0.301369426838606
11,1,0.0,0,1,-2.2985286791637
12,2,0.0,0,1,-0.598587243787099
13,1,69.4296315457363,0,1,-0.728223975159178
14,2,0.0,0,1,0.859475582641003
15,1,0.0,0,1,-0.271688912025851
16,1,0.0,0,1,-0.216010141413631
17,1,33.4942483579482,0,1,-2.27550289349603
18,2,0.0,0,1,-0.305810137118174
19,2,0.0,0,1,0.069938967630278
20,1,0.0,0,1,-1.87668588608895
21,1,239.677616764665,0,1,-2.53533553000481
22,1,20.4224974460774,0,1,-0.37542755955334
23,3,0.0,0,1,0.0
24,1,5.71046926229282,0,1,-1.49042895400002
25,1,104.034851023283,0,1,-0.540015825724731
26,1,0.0,0,1,-0.522051664710512
27,1,48.5679584761168,0,1,-2.84882959669766
28,2,0.0,0,1,-0.003710711242158
29,1,0.0,0,1,-2.69727721705955
30,1,0.0,0,1,-2.59175926188877
31,1,0.0,0,1,-1.94465006969138
32,1,24.8786410708356,0,1,-1.19756269383872
33,1,135.53191343214,0,1,-3.26691805726803
34,1,0.0,0,1,-0.57424073022701
35,1,0.0,0,1,-1.63777830169714
36,1,79.9685134097464,0,1,-4.49805078539236
37,1,0.0,0,1,-2.50393295727296
38,1,5.33738267986301,0,1,-3.08551794888467
39,2,0.0,0,1,-1.68495179069834
40,1,0.0,0,1,-1.65013237315023
41,1,0.0,0,1,-0.804608628857843
42,1,0.0,0,1,-1.69686307877486
43,1,0.0,0,1,-2.81026845802415
44,1,33.8436550847114,0,1,-5.37102751380887
45,1,0.0,0,1,-1.31788658274762
46,1,0.0,0,1,-3.37736759242649
47,1,0.0,0,1,-2.16690332719572
48,2,0.0,0,1,0.369983365174461
49,1,89.1426184332214,0,1,-1.03057559045722
50,1,76.3920208007737,0,1,-2.0330350895184
51,2,0.0,0,1,-1.51566047228754
52,2,0.0,0,1,1.39767850471799
53,1,0.0,0,1,-2.62664146541505
54,1,589.210984419368,0,1,-5.1762988871574
55,1,0.0,0,1,0.0105564994299503
56,2,0.0,0,1,-0.874215255744671
57,2,0.0,0,1,1.08383329744216
