bus_number,P_output,Q_output,voltage_mag,gen_status,P_max,P_min
5,0.0,0,1,0,232.642668744185,0
6,489.649801144476,0,1,1,998.565539608663,0
12,0.0,0,1,0,686.980852904435,0
13,81.7748086973777,0,1,1,81.7748086973778,0
14,124.965136270248,0,1,1,124.965136270248,0
20,349.225670496172,0,1,1,349.225670496172,0
23,6.77410375521824,0,1,1,6.77410375521825,0
26,6.5468297096203,0,1,1,6.5468297096203,0
27,341.411589521955,0,1,1,341.411589521955,0
28,297.33069732282,0,1,1,297.33069732282,0
31,323.505620604989,0,1,1,323.50562060499,0
33,282.388985673898,0,1,1,282.388985673899,0
43,108.66042172177,0,1,1,108.66042172177,0
45,32.3940887366284,0,1,1,111.92198256554,0
49,30.2551755731872,0,1,1,30.2551755731872,0
56,279.427664254241,0,1,1,279.427664254241,0
