bus_number,P_output,Q_output,voltage_mag,gen_status,P_max,P_min
2,0.0,0,1,0,672.324775018678,0
7,274.987336827418,0,1,1,437.883100139874,0
13,272.315007121687,0,1,1,272.315007122364,0
17,57.8057719109756,0,1,1,57.8057719110699,0
23,139.974113458928,0,1,1,139.974113459022,0
27,1420.15976106769,0,1,1,1427.87945061114,0
30,0.0,0,1,0,523.603508832249,0
32,10.3483199060865,0,1,1,10.3483199118071,0
34,181.160062629585,0,1,1,181.160062630166,0
36,148.222738484726,0,1,1,148.22273848482,0
38,0.0,0,1,0,246.299491967476,0
48,140.162002085266,0,1,1,140.16200208536,0
50,4.39940525020269,0,1,1,4.39940525029679,0
