bus_number,bus_type,P_demand,Q_demand,voltage_mag,voltage_ang
1,1,360.913662360153,0,1,-3.00351925321727
2,2,0.0,0,1,-0.976784381585336
3,2,0.0,0,1,-1.32538480408272
4,1,0.0,0,1,-0.887142673177578
5,2,0.0,0,1,0.12895649299081
6,3,0.0,0,1,0.0
7,1,796.314944770159,0,1,-1.72586578994949
8,1,48.4177032708141,0,1,-0.369891092975605
9,2,0.0,0,1,-0.0315838844497851
10,1,34.2803344127072,0,1,-1.24078200459615
11,1,452.023633538701,0,1,-2.28467436749096
12,1,0.0,0,1,-1.55912203758928
13,1,222.009231559398,0,1,-0.284229813479011
14,1,0.0,0,1,0.0423246184741112
15,2,0.0,0,1,-0.30954463917797
16,2,0.0,0,1,-1.14442218600241
17,1,0.0,0,1,-1.34704882046639
18,2,0.0,0,1,0.201567300153802
19,1,111.219253714671,0,1,-1.53181265456403
20,1,240.47788856947,0,1,-2.68628053147649
21,1,136.568671745212,0,1,-1.668848844547
22,1,0.0,0,1,-1.35647804405401
23,1,0.0,0,1,-1.09531052920717
24,1,0.0,0,1,-1.3945775978584
25,1,0.0,0,1,-1.4861251349439
26,1,0.0,0,1,-1.46263260714651
27,2,0.0,0,1,-1.33295236540068
28,2,0.0,0,1,-1.86246302081927
29,1,0.0,0,1,-1.33295236540068
30,1,0.0,0,1,-1.99507688362268
31,1,35.1791607919165,0,1,0.539435666082935
32,1,0.0,0,1,0.689251812852798
33,2,0.0,0,1,0.338017941880687
34,2,0.0,0,1,1.81538960999765
35,1,0.0,0,1,1.67418323935371
36,1,14.6910114884715,0,1,0.338017941880687
37,1,123.459327139582,0,1,-1.38910670107122
38,2,0.0,0,1,2.2864284611171
39,1,0.0,0,1,-0.235655762754522
40,2,0.0,0,1,1.23757842250281
41,1,0.0,0,1,-0.343589077321467
42,1,0.0,0,1,-1.40284130711298
43,2,0.0,0,1,0.392182412389035
44,1,0.0,0,1,0.225601305093797
45,1,19.8398382567964,0,1,-0.0751787055699052
46,1,0.0,0,1,-0.587095510901143
47,2,0.0,0,1,7.40498860119059
48,2,0.0,0,1,1.85041695728516
49,1,43.7763504338455,0,1,-1.59359445860011
50,1,0.0,0,1,-1.53561498071541
51,1,0.0,0,1,-1.36967021229435
52,1,0.0,0,1,-0.89013236051332
53,2,0.0,0,1,-1.72633149050571
54,1,115.139581430706,0,1,0.574272244903449
55,2,0.0,0,1,-0.162188429385218
56,1,0.0,0,1,-0.708093949128789
57,2,0.0,0,1,0.79202942668938
