bus_number,P_output,Q_output,voltage_mag,gen_status,P_max,P_min
3,544.685839586033,0,1,1,610.517483477982,0
4,0.0,0,1,0,442.746636070254,0
8,547.54659971844,0,1,1,673.778283847109,0
9,226.885821414289,0,1,1,269.117471117368,0
21,267.993159618278,0,1,1,267.993159618278,0
22,0.0,0,1,0,332.062718535588,0
26,230.66672263299,0,1,1,230.66672263299,0
27,52.689778178566,0,1,1,52.689778178566,0
33,1.49936155317359e-15,0,1,1,26.300975896125,0
34,5.95073450237199e-19,0,1,1,169.90071338107,0
36,202.888246841444,0,1,1,265.096280682654,0
41,149.329658458834,0,1,1,149.329658458834,0
43,53.6132613894581,0,1,1,53.6132613894581,0
55,0.0,0,1,0,240.553098493777,0
57,478.011505644268,0,1,1,478.011505644268,0
