bus_number,bus_type,P_demand,Q_demand,voltage_mag,voltage_ang
1,1,0.0,0,1,1.92157403702939
2,1,0.0,0,1,-1.95529935133877
3,1,0.0,0,1,-1.17267696738532
4,2,0.0,0,1,0.550283426502812
5,2,0.0,0,1,-0.195344833913451
6,1,0.0,0,1,-3.59000183732315
7,1,0.0,0,1,-2.06008410247617
8,1,0.0,0,1,-0.466635663820895
9,1,0.0,0,1,-0.423138254078937
10,1,0.0,0,1,-1.70869115133585
11,1,0.0,0,1,-0.825421361132577
12,1,27.6810541853724,0,1,-3.0741973058724
13,1,0.0,0,1,-2.93881811045355
14,1,0.0,0,1,-2.34269623604469
15,1,48.0418679061323,0,1,-3.56253717736131
16,1,0.0,0,1,-2.00994700580593
17,1,0.0,0,1,-1.02700259311193
18,1,493.015101510778,0,1,-3.45439755058707
19,2,0.0,0,1,-5.47119203998662
20,1,0.0,0,1,-2.30506623431068
21,3,0.0,0,1,0.0
22,1,320.558232404861,0,1,-5.71513397285834
23,2,0.0,0,1,-4.47057106514017
24,1,0.0,0,1,-1.3418902396948
25,1,0.0,0,1,-1.66255553161298
26,1,256.441598848478,0,1,-0.333989036803623
27,1,560.57533193044,0,1,-2.89364921879162
28,1,327.23717754397,0,1,-3.34135425345183
29,1,0.0,0,1,-0.707691654537812
30,1,0.0,0,1,-2.30495344608179
31,1,237.232564610094,0,1,-4.12995539125501
32,1,216.37139552511,0,1,-1.6867890863172
33,1,0.0,0,1,-1.89887430818832
34,1,0.0,0,1,-0.84133323171923
35,2,0.0,0,1,-0.437504846586079
36,1,0.0,0,1,-0.840384443168021
37,1,101.833362012175,0,1,-2.41309672391517
38,2,0.0,0,1,0.72722351568425
39,1,0.0,0,1,-1.50521280970866
40,1,54.3732743333367,0,1,-2.8702440631708
41,1,0.0,0,1,-2.7190513423277
42,1,0.0,0,1,-1.52854228854198
43,1,0.0,0,1,0.298663001319113
44,1,0.0,0,1,-1.38300588215317
45,1,11.4978641092151,0,1,0.450698945640239
46,1,99.4517685626379,0,1,-0.489118065065326
47,1,0.0,0,1,-1.14773210472047
48,1,0.0,0,1,-0.99176291347297
49,2,0.0,0,1,6.68169423255753
50,2,0.0,0,1,-1.84693663730563
51,2,0.0,0,1,-2.6982321819597
52,1,0.0,0,1,-0.789148339557737
53,1,0.0,0,1,1.1499978629517
54,1,0.0,0,1,-1.56250061229805
55,2,0.0,0,1,2.83459777161803
56,2,0.0,0,1,0.377021311118206
57,2,0.0,0,1,3.4377759684446
