cost_model,startup,shutdown,n_coefficients,coeff_n,coeff1,coeff0
2,0,0,3,0.0,0.0,0.0
2,0,0,3,0.0060784664665421,45.7145972351717,958.562129341908
2,0,0,3,0.0043299871513872,32.9247498850439,490.092499561161
2,0,0,3,0.0,0.0,0.0
2,0,0,3,0.0,0.0,0.0
2,0,0,3,0.0066157705055101,43.5741705801453,2887.76054742444
2,0,0,3,0.0,0.0,0.0
2,0,0,3,0.0,0.0,0.0
2,0,0,3,0.0,0.0,0.0
2,0,0,3,0.0,0.0,0.0
2,0,0,3,0.00793174710374,34.2804217404523,374.240280429865
2,0,0,3,0.0,0.0,0.0
