cost_model,startup,shutdown,n_coefficients,coeff_n,coeff1,coeff0
2,0,0,3,0.0061335519487604,35.3207613361663,329.223411327151
2,0,0,3,0.0,0.0,0.0
2,0,0,3,0.0020243324871081,39.9448189251665,2245.80778393275
2,0,0,3,0.0049313588288648,45.3947254622413,332.241331411948
2,0,0,3,0.0,0.0,0.0
2,0,0,3,0.0,0.0,0.0
2,0,0,3,0.0041827369043993,25.7602034747393,2448.58964977443
2,0,0,3,0.0,0.0,0.0
2,0,0,3,0.0074711723916308,42.483976561819,566.493591669749
2,0,0,3,0.0,0.0,0.0
2,0,0,3,0.0,0.0,0.0
2,0,0,3,0.0055374922506286,46.6883537598853,59.6216603902526
2,0,0,3,0.0,0.0,0.0
2,0,0,3,0.0,0.0,0.0
2,0,0,3,0.0,0.0,0.0
2,0,0,3,0.0,0.0,0.0
