bus_number,bus_type,P_demand,Q_demand,voltage_mag,voltage_ang
1,1,0.0,0,1,-5.8973377478208
2,1,0.0,0,1,-6.02391603951572
3,1,0.0,0,1,-6.65790940231087
4,1,246.795775755313,0,1,-13.5034520478675
5,1,0.0,0,1,-5.77757060197771
6,1,29.0156465423422,0,1,-5.33763391604591
7,1,0.0,0,1,-6.76300538316239
8,1,0.0,0,1,-6.31271785262739
9,1,0.0,0,1,-11.8292218097435
10,1,0.0,0,1,-6.95859700193372
11,3,0.0,0,1,0.0
12,1,0.0,0,1,-6.73735787882025
13,2,0.0,0,1,-0.174105666866584
14,1,0.0,0,1,-5.41601559740101
15,1,0.0,0,1,-5.90444999655217
16,1,186.173932228622,0,1,-8.78403435584022
17,1,53.3991433740086,0,1,-11.3705498548621
18,1,137.59109434446,0,1,-7.68677477680066
19,1,0.0,0,1,-5.57674516764272
20,2,0.0,0,1,-6.69696968197169
21,1,507.727733775608,0,1,-7.0235503638143
22,1,0.0,0,1,-5.25831371390221
23,1,427.682352149431,0,1,-7.79074943973978
24,2,0.0,0,1,-6.94456403984305
25,1,0.0,0,1,-7.15951078862212
26,2,0.0,0,1,-3.64877213329511
27,1,0.0,0,1,-7.07705368757062
28,1,0.0,0,1,-2.17791246498046
29,2,0.0,0,1,-6.38684611873875
30,1,0.0,0,1,-3.95358896404605
31,2,0.0,0,1,-1.70071580423254
32,1,628.342113162379,0,1,-10.3222656033547
33,2,0.0,0,1,-6.94771860028104
34,2,0.0,0,1,-1.92205297848299
35,1,137.171455956212,0,1,-5.75664543918107
36,1,209.587582222775,0,1,-7.91728934751589
37,1,162.432594205988,0,1,-7.79994988019941
38,1,0.0,0,1,-8.5360995986107
39,1,0.0,0,1,-4.45232512859396
40,1,55.773223289055,0,1,-7.31374021240831
41,2,0.0,0,1,-4.65571764140456
42,2,0.0,0,1,-5.60440112802951
43,1,0.0,0,1,-6.65074411821737
44,1,0.0,0,1,-6.12408608072528
45,1,0.0,0,1,-6.38408144058359
46,1,0.0,0,1,-6.28626871620119
47,1,0.0,0,1,-7.48609957632005
48,1,0.0,0,1,-7.32641379790648
49,2,0.0,0,1,-5.75829657984287
50,2,0.0,0,1,-5.46713104599246
51,1,0.0,0,1,-7.54052353760786
52,1,106.591516560778,0,1,-6.97140461736756
53,1,0.0,0,1,-8.77294870918926
54,1,0.0,0,1,-7.42614660105392
55,1,0.0,0,1,-7.2659264316877
56,1,0.0,0,1,-6.45301842991179
57,1,0.0,0,1,-9.96322075874559
