bus_number,P_output,Q_output,voltage_mag,gen_status,P_max,P_min
5,856.309209215874,0,1,1,1145.41171832851,0
6,515.907019701392,0,1,1,515.907019701392,0
12,564.14848047944,0,1,1,564.14848047944,0
17,254.379412608633,0,1,1,254.379412608633,0
18,0.0,0,1,0,437.324327170735,0
20,0.0,0,1,0,146.163221686527,0
26,118.015924006607,0,1,1,118.015924006607,0
27,154.264148145036,0,1,1,154.264148145036,0
32,0.0,0,1,0,345.359122248186,0
36,131.425511757439,0,1,1,131.425511757439,0
43,0.0,0,1,0,290.11797372363,0
51,88.9346819871656,0,1,1,88.9346819871656,0
52,70.9262055810184,0,1,1,70.9262055810184,0
