bus_number,bus_type,P_demand,Q_demand,voltage_mag,voltage_ang
1,1,92.0677494745672,0,1,7.04715927038053
2,1,10.1964237416717,0,1,0.0992732095815836
3,1,0.0,0,1,-2.18917115873017
4,2,0.0,0,1,-5.34297265989859
5,1,417.066808847407,0,1,-6.47911765483846
6,2,0.0,0,1,-2.0185178593706
7,1,211.824436451369,0,1,-2.5250133821003
8,1,94.5130440076062,0,1,-4.60067226787951
9,2,0.0,0,1,-1.45150729011823
10,1,0.0,0,1,-0.733179143438493
11,1,210.079907697112,0,1,-2.82961116891734
12,1,0.0,0,1,-3.85758776137863
13,3,0.0,0,1,0.0
14,2,0.0,0,1,-0.141746749046597
15,2,0.0,0,1,-2.37456539043806
16,1,504.739684139078,0,1,-2.65868690777935
17,1,92.7688515007391,0,1,-0.220063304951704
18,2,0.0,0,1,-1.02231070715185
19,1,79.3482291198377,0,1,-3.93372821435103
20,1,46.4223641578365,0,1,-0.736943641133277
21,2,0.0,0,1,-1.6312594023508
22,1,139.169048544534,0,1,-1.43457430385495
23,1,80.0160732711292,0,1,-1.21498321258072
24,2,0.0,0,1,1.85934210895156
25,1,270.632736281992,0,1,-5.4088943274873
26,1,34.8832585906961,0,1,-4.17389088616752
27,2,0.0,0,1,-1.16784195102274
28,1,0.0,0,1,4.79930505211151
29,1,0.0,0,1,2.80445645580796
30,2,0.0,0,1,5.01902553506634
31,1,30.6142576107242,0,1,-0.245053656512209
32,2,0.0,0,1,4.3514763432743
33,2,0.0,0,1,2.83538346499482
34,2,0.0,0,1,1.09888008187643
35,1,0.0,0,1,-1.16784195102274
36,2,0.0,0,1,2.9123837515946
37,2,0.0,0,1,4.38474727860298
38,2,0.0,0,1,0.511692505465795
39,1,172.888174308013,0,1,-3.52288384781032
40,1,61.5696333025218,0,1,2.33361787751329
41,2,0.0,0,1,4.47266351956782
42,2,0.0,0,1,2.02913484448849
43,1,74.3026304608612,0,1,1.39524123457063
44,2,0.0,0,1,1.57435149421035
45,2,0.0,0,1,2.9315712502134
46,1,77.4228240327913,0,1,-3.66204985489638
47,1,0.0,0,1,1.98475070031393
48,1,91.7264079026967,0,1,1.45321997361648
49,1,0.0,0,1,4.21106590312366
50,1,0.0,0,1,0.919987059983141
51,1,0.0,0,1,-1.84645944311221
52,2,0.0,0,1,10.6222806577478
53,1,0.0,0,1,-5.84673460945441
54,2,0.0,0,1,-2.01411551215585
55,2,0.0,0,1,-0.418176893297416
56,1,0.0,0,1,-0.499162372187375
57,2,0.0,0,1,-2.0185178593706
