bus_number,bus_type,P_demand,Q_demand,voltage_mag,voltage_ang
1,1,0.0,0,1,-1.14059357952931
2,1,0.0,0,1,-0.968538965934996
3,1,0.0,0,1,1.86329763957833
4,2,0.0,0,1,0.0602135681152824
5,1,0.0,0,1,0.113796680897424
6,3,0.0,0,1,0.0
7,1,0.0,0,1,-0.143397812078364
8,1,0.0,0,1,-0.194226843842069
9,1,0.0,0,1,1.49238415109334
10,1,305.662077325699,0,1,-1.52222232804682
11,1,0.0,0,1,-1.08596638298783
12,1,0.0,0,1,-1.96108033619974
13,2,0.0,0,1,-0.247222906657781
14,1,0.0,0,1,0.560563157987375
15,1,273.230872260562,0,1,-2.44848772190193
16,1,0.0,0,1,0.706779728669988
17,1,79.7812045719331,0,1,-2.80817198278144
18,1,0.0,0,1,2.22628216535719
19,1,0.0,0,1,-0.462136218049516
20,2,0.0,0,1,2.14398857740957
21,2,0.0,0,1,4.22237331190347
22,2,0.0,0,1,1.32950882147961
23,1,0.0,0,1,2.29732284109802
24,2,0.0,0,1,2.37059173243423
25,1,0.0,0,1,-1.74399994545916
26,2,0.0,0,1,2.33003189792101
27,1,0.0,0,1,10.7281572330663
28,1,0.0,0,1,0.921367189783608
29,1,0.0,0,1,2.7352505145708
30,2,0.0,0,1,2.14398857740957
31,1,0.0,0,1,3.29406705505085
32,2,0.0,0,1,3.47175261267358
33,1,84.6060401856371,0,1,0.582003575790901
34,2,0.0,0,1,11.4113703246053
35,2,0.0,0,1,1.97143798604327
36,2,0.0,0,1,2.16885504032315
37,1,0.0,0,1,1.6891857624072
38,1,198.004876204986,0,1,2.00393306736727
39,1,0.0,0,1,2.99132162529402
40,2,0.0,0,1,3.16069122501784
41,2,0.0,0,1,1.58525349759368
42,1,163.360880433295,0,1,2.16885504032315
43,1,227.683798423626,0,1,-0.0036361018856374
44,1,0.0,0,1,-0.800307068460783
45,1,0.0,0,1,2.93693639194779
46,1,0.0,0,1,-0.222219646322006
47,1,62.1222508475339,0,1,-0.303527019801522
48,1,0.0,0,1,1.38715904841733
49,1,0.0,0,1,0.507491602626015
50,2,0.0,0,1,1.44884987911304
51,1,0.0,0,1,0.812074896998225
52,1,82.9765855151675,0,1,-1.38616102086085
53,1,115.460867370295,0,1,-1.18736800454013
54,2,0.0,0,1,-0.822744573832043
55,2,0.0,0,1,-0.157248975718632
56,1,1161.42114034387,0,1,-1.50510661741395
57,1,0.0,0,1,-0.398208841787493
