bus_number,P_output,Q_output,voltage_mag,gen_status,P_max,P_min
5,229.223794011699,0,1,1,229.223794011699,0
7,196.494395724813,0,1,1,217.017947079272,0
9,0.0,0,1,0,44.2342651879456,0
20,599.414087466488,0,1,1,666.092964753812,0
28,17.9218690990317,0,1,1,325.009628091453,0
29,168.550734576519,0,1,1,168.550734576519,0
32,0.0,0,1,0,15.9934548753334,0
35,495.776089511185,0,1,1,495.776089511185,0
41,103.965088777921,0,1,1,103.965088777921,0
42,75.4367432749307,0,1,1,75.4367432749308,0
43,505.638902244735,0,1,1,524.535765873885,0
44,0.0,0,1,0,397.868695750949,0
46,73.224003310012,0,1,1,422.80934019537,0
47,288.664885485268,0,1,1,288.664885485268,0
48,-4.12989855969365e-16,0,1,1,287.198349978778,0
