cost_model,startup,shutdown,n_coefficients,coeff_n,coeff1,coeff0
2,0,0,3,0.0,0.0,0.0
2,0,0,3,0.0059618279256016,51.7388306821768,1449.62237052218
2,0,0,3,0.0,0.0,0.0
2,0,0,3,0.0,0.0,0.0
2,0,0,3,0.0,0.0,0.0
2,0,0,3,0.0045747070602645,38.8220480598608,3731.31726996804
2,0,0,3,0.0,0.0,0.0
2,0,0,3,0.0,0.0,0.0
2,0,0,3,0.0060157510151449,54.4564735224815,597.153216498167
2,0,0,3,0.0075885267036546,33.7430849275164,178.559912290603
2,0,0,3,0.0,0.0,0.0
2,0,0,3,0.0,0.0,0.0
