bus_number,P_output,Q_output,voltage_mag,gen_status,P_max,P_min
8,241.783363076723,0,1,1,241.783363076723,0
14,171.818538641582,0,1,1,171.818538641582,0
17,233.411883570949,0,1,1,233.411883570949,0
22,64.6596661343562,0,1,1,64.6596661343562,0
23,202.758659950493,0,1,1,202.758659950493,0
24,857.157054881124,0,1,1,1455.32341188153,0
25,427.187100586797,0,1,1,614.544268111122,0
28,0.0,0,1,0,620.804935148869,0
33,53.975476047299,0,1,1,53.975476047299,0
36,206.764142923339,0,1,1,308.502837191462,0
38,192.935838385402,0,1,1,192.935838385402,0
53,19.6450694542113,0,1,1,19.6450694542113,0
57,82.2137998303239,0,1,1,82.2137998303239,0
