bus_number,P_output,Q_output,voltage_mag,gen_status,P_max,P_min
2,143.576350174239,0,1,1,233.442214931288,0
6,0.0,0,1,0,224.85570346702,0
7,0.0,0,1,0,228.992667335483,0
8,0.0,0,1,0,119.354045509866,0
16,0.0,0,1,0,170.126029794962,0
19,84.4507526750202,0,1,1,84.4507526758269,0
21,38.7340412488367,0,1,1,38.7340412495658,0
29,816.885472092722,0,1,1,816.88547209462,0
30,52.1111837242203,0,1,1,52.1111837249247,0
31,127.657427487378,0,1,1,127.657427488112,0
34,0.0,0,1,0,141.137320007349,0
36,25.2695676020115,0,1,1,25.2695676027654,0
38,94.4491038432855,0,1,1,94.4491038440304,0
39,0.0,0,1,0,86.1337143343164,0
41,0.0,0,1,0,94.0659452269815,0
44,763.224884061737,0,1,1,812.36386668607,0
46,0.767880601355048,0,1,1,0.767880932909172,0
48,462.600366021321,0,1,1,462.60036602205,0
51,85.225765831496,0,1,1,85.225765832303,0
53,24.8137886141805,0,1,1,24.8137886164941,0
54,34.5440095047989,0,1,1,34.5440095056247,0
57,0.0,0,1,0,304.396880541759,0
