bus_number,P_output,Q_output,voltage_mag,gen_status,P_max,P_min
1,0.0,0,1,0,380.526808245277,0
6,681.090653932961,0,1,1,785.395358079366,0
10,387.178580711202,0,1,1,387.178580711202,0
14,404.972677371113,0,1,1,404.972677371113,0
18,80.3747279899443,0,1,1,295.244184109796,0
20,98.537469254582,0,1,1,151.809491979452,0
22,532.40641469098,0,1,1,697.016596199213,0
23,56.6886276696532,0,1,1,56.6886276696532,0
24,0.0,0,1,0,298.054825946974,0
25,0.0,0,1,0,346.203382021587,0
26,94.5133652199567,0,1,1,184.03171660208,0
27,6.82612489630767,0,1,1,6.82612489630767,0
37,129.169168494248,0,1,1,129.169168494248,0
47,33.14491424075,0,1,1,33.14491424075,0
49,62.0085002710607,0,1,1,62.0085002710607,0
55,0.0,0,1,0,44.106790586241,0
