bus_number,bus_type,P_demand,Q_demand,voltage_mag,voltage_ang
1,1,0.0,0,1,6.4835562206425
2,2,0.0,0,1,0.182093432164386
3,1,0.0,0,1,-1.6158688874783
4,1,0.0,0,1,0.67979740658085
5,2,0.0,0,1,8.53592602651515
6,1,446.811855391551,0,1,-4.93794738715662
7,2,0.0,0,1,2.34504030758632
8,1,0.0,0,1,0.591442778088582
9,1,0.0,0,1,2.26883877983672
10,1,0.0,0,1,-0.39021687342702
11,1,0.0,0,1,0.264206386122935
12,1,0.0,0,1,0.874207589781918
13,1,0.0,0,1,3.41199821347883
14,1,269.523033496531,0,1,-0.34387288385779
15,2,0.0,0,1,5.02073149332818
16,1,0.0,0,1,-1.07477436460251
17,2,0.0,0,1,1.33328039713205
18,1,0.0,0,1,-0.45005231855324
19,1,0.0,0,1,1.66433782189605
20,1,161.146972061487,0,1,-1.53902073411262
21,1,13.9244610224969,0,1,-2.96267289243238
22,1,0.0,0,1,2.2025818327418
23,3,0.0,0,1,0.0
24,1,0.0,0,1,-2.17106086836279
25,1,0.0,0,1,2.72660294884159
26,1,0.0,0,1,-1.02482886240522
27,2,0.0,0,1,-0.532108387001932
28,1,63.254635086931,0,1,0.586421863876023
29,1,0.0,0,1,2.15051536777466
30,1,384.833222514286,0,1,-3.97232086209488
31,1,0.0,0,1,0.131860477575142
32,1,125.575925902695,0,1,-1.04082862793889
33,1,0.0,0,1,-0.790737583029696
34,1,0.0,0,1,0.0847251968596168
35,2,0.0,0,1,2.48550346584115
36,1,49.1681551751155,0,1,1.23682155986537
37,2,0.0,0,1,4.45404762590088
38,1,0.0,0,1,-1.70934990077541
39,1,38.1902924879063,0,1,0.802997416715216
40,2,0.0,0,1,2.81356500162906
41,1,0.0,0,1,0.135199583516497
42,1,134.003010548579,0,1,-3.69667685757972
43,1,566.166759605481,0,1,-1.98525330206514
44,2,0.0,0,1,0.15372478780372
45,1,0.0,0,1,-2.26054625887804
46,2,0.0,0,1,0.807110474475134
47,1,0.0,0,1,-3.02600654681831
48,1,0.0,0,1,-0.210200923024292
49,1,0.0,0,1,-0.374074883507628
50,1,0.0,0,1,-0.428771559222288
51,1,59.8791069939498,0,1,-0.779142883466795
52,1,0.0,0,1,-1.42555929953688
53,2,0.0,0,1,-4.93794738715662
54,1,386.760740566764,0,1,-2.82481142750124
55,1,55.0724226288287,0,1,-0.0935227721075618
56,1,0.0,0,1,0.113402919724824
57,2,0.0,0,1,-0.706874696025339
