bus_number,bus_type,P_demand,Q_demand,voltage_mag,voltage_ang
1,1,297.442125741866,0,1,-9.37001848029829
2,1,164.611583920778,0,1,-7.92031852889371
3,1,168.729502091946,0,1,-12.366863147786
4,1,0.0,0,1,-7.30966178610429
5,2,0.0,0,1,-8.46606295491299
6,3,0.0,0,1,0.0
7,2,0.0,0,1,-0.298589118411838
8,1,140.637353515753,0,1,-8.57128147567729
9,1,0.0,0,1,-8.28003482808592
10,2,0.0,0,1,-10.5864532149953
11,1,0.0,0,1,-9.415641939787
12,1,0.0,0,1,-11.5198226297356
13,1,48.4994228953298,0,1,-10.8892991913156
14,1,0.0,0,1,-7.29196201241199
15,2,0.0,0,1,-7.81091559537726
16,2,0.0,0,1,-6.58910306857573
17,1,154.001224881379,0,1,-11.0946117133482
18,1,46.9735436022254,0,1,-7.22082048549085
19,1,469.078830782841,0,1,-14.1687367577707
20,1,0.0,0,1,-12.0957445929957
21,2,0.0,0,1,-10.2762305137385
22,1,0.0,0,1,-10.8950838281265
23,1,0.0,0,1,-14.636201805522
24,1,0.0,0,1,-10.7310995135207
25,1,0.0,0,1,-13.6008081291516
26,1,0.0,0,1,-10.7251465208449
27,1,232.113204865294,0,1,-13.887747589965
28,1,17.3867288889753,0,1,-12.4810473464634
29,1,24.9947157509311,0,1,-11.6989755065003
30,2,0.0,0,1,-10.8599943370919
31,2,0.0,0,1,-10.1049366371927
32,1,0.0,0,1,-13.3397920049952
33,1,178.88273568377,0,1,-15.9578898085503
34,1,0.0,0,1,-14.9373492975293
35,1,61.2220144945317,0,1,-13.0736964705813
36,2,0.0,0,1,-12.116154944797
37,2,0.0,0,1,-13.8316880144154
38,2,0.0,0,1,-11.7065390469774
39,2,0.0,0,1,-13.9550956823699
40,1,0.0,0,1,-10.843060045298
41,1,0.0,0,1,-9.04205168730538
42,1,404.058027482269,0,1,-15.8788781827456
43,1,86.1633265937325,0,1,-7.51706652922517
44,1,29.3464636432972,0,1,-7.37262906279036
45,1,0.0,0,1,-12.2174497538743
46,2,0.0,0,1,-8.85599675564107
47,1,6.64471500575679,0,1,-9.74819960313808
48,2,0.0,0,1,-7.16742775971287
49,2,0.0,0,1,-14.3757104306262
50,1,103.380807201825,0,1,-14.3361391468903
51,2,0.0,0,1,-9.74819960313808
52,1,0.0,0,1,-8.56438588719559
53,2,0.0,0,1,-6.38705173545022
54,1,9.85562231743327,0,1,-5.6566800024602
55,1,0.0,0,1,-7.57765818702283
56,1,110.288644122668,0,1,-7.57007524526612
57,1,0.0,0,1,-9.67058072151502
