bus_number,bus_type,P_demand,Q_demand,voltage_mag,voltage_ang
1,1,385.174835365551,0,1,-5.68364856092475
2,2,0.0,0,1,-5.35051574970352
3,1,0.0,0,1,-5.1664740587856
4,1,85.9505647356539,0,1,-5.92718028884487
5,1,0.0,0,1,-5.27823842852587
6,1,0.0,0,1,-6.32936107816018
7,1,0.0,0,1,-5.68562226567051
8,1,0.0,0,1,-5.34649527145689
9,1,0.0,0,1,-5.49975719036353
10,1,0.0,0,1,-5.3176448967859
11,2,0.0,0,1,-4.72846211041824
12,1,0.0,0,1,-3.91941159876308
13,1,71.1422490638198,0,1,-5.33612172940861
14,1,254.057933303639,0,1,-5.76685937049609
15,1,317.475399097682,0,1,-7.284398143199
16,2,0.0,0,1,-4.74672784661634
17,3,0.0,0,1,0.0
18,2,0.0,0,1,-3.35160866636292
19,1,334.395874291754,0,1,-5.81432216901099
20,1,0.0,0,1,-3.59070479469847
21,2,0.0,0,1,-4.59551400889438
22,1,36.327927103825,0,1,-6.22209815654349
23,1,0.0,0,1,-3.36816788384022
24,2,0.0,0,1,-5.99187826961216
25,1,0.0,0,1,-5.12828356556615
26,1,60.7819208658107,0,1,-6.2440619589478
27,2,0.0,0,1,-4.07108710948015
28,1,10.8985909550186,0,1,-4.8977184312978
29,1,0.0,0,1,-5.35090937137879
30,1,0.0,0,1,-4.09004244324976
31,2,0.0,0,1,-4.89550443747248
32,2,0.0,0,1,-5.35090937137879
33,1,146.344752895675,0,1,-6.30269798899576
34,1,0.0,0,1,-6.22968601100981
35,2,0.0,0,1,-4.50676624412107
36,1,0.0,0,1,-4.63253616961789
37,1,0.0,0,1,-4.08176629439189
38,1,0.0,0,1,-4.89550443747248
39,1,200.306744603167,0,1,-5.94664651340916
40,1,0.0,0,1,-4.42908852531695
41,2,0.0,0,1,-1.73896988398921
42,2,0.0,0,1,-3.66679018961884
43,2,0.0,0,1,-5.02509150819251
44,1,0.0,0,1,-5.1230812122489
45,2,0.0,0,1,-4.06761148513811
46,1,4.30313858139254,0,1,-2.34860143658347
47,2,0.0,0,1,-4.25354535243657
48,2,0.0,0,1,-5.73736636484292
49,1,0.0,0,1,-4.97222699077439
50,1,206.445288327329,0,1,-5.19205141795149
51,1,0.0,0,1,-3.96381951025425
52,2,0.0,0,1,-5.31607794079525
53,2,0.0,0,1,-5.02766632905196
54,1,0.0,0,1,-5.20546316879111
55,1,0.0,0,1,-4.55075403945532
56,1,45.741316726976,0,1,-5.4109734419406
57,1,594.964057565308,0,1,-6.8621662281353
