bus_number,P_output,Q_output,voltage_mag,gen_status,P_max,P_min
4,184.779086062072,0,1,1,184.779086062072,0
5,353.710905469852,0,1,1,353.710905469852,0
7,101.677517582063,0,1,1,565.326529251436,0
14,0.0,0,1,0,278.856039706954,0
21,367.459221781702,0,1,1,374.056869521963,0
22,239.693140944555,0,1,1,239.693140944555,0
27,526.801248918466,0,1,1,526.801248918466,0
28,210.420899255109,0,1,1,210.420899255109,0
32,24.5555214873886,0,1,1,24.5555214873886,0
33,208.460373422544,0,1,1,208.460373422544,0
34,0.0,0,1,0,42.9584811510104,0
36,18.8803422255228,0,1,1,18.8803422255228,0
44,0.0,0,1,0,108.002827647881,0
52,9.18553738116738,0,1,1,14.3121955865343,0
53,0.0,0,1,0,292.048401932645,0
56,277.298895734236,0,1,1,277.298895734236,0
57,231.387903217927,0,1,1,542.215989106153,0
