bus_number,bus_type,P_demand,Q_demand,voltage_mag,voltage_ang
1,1,370.932029309846,0,1,-4.02782522466976
2,2,0.0,0,1,-0.487435036597332
3,1,117.516889075357,0,1,-3.67145449201654
4,1,229.325169503365,0,1,-1.49578955751967
5,1,62.0592261869521,0,1,-7.71653462774436
6,2,0.0,0,1,1.11556808108379
7,1,50.2940409170969,0,1,-0.222880608472888
8,1,0.0,0,1,-3.59731375133996
9,1,0.0,0,1,-0.157700684150915
10,1,0.0,0,1,-0.842495097082082
11,1,0.0,0,1,-4.60758643724562
12,3,0.0,0,1,0.0
13,2,0.0,0,1,2.14713896234633
14,2,0.0,0,1,-0.38029469693281
15,2,0.0,0,1,1.74619695140072
16,2,0.0,0,1,-0.674186241626432
17,1,0.0,0,1,-1.8107388062743
18,2,0.0,0,1,0.120137396853498
19,1,0.0,0,1,-0.571309683592689
20,1,0.0,0,1,0.488933683929495
21,1,685.440908279854,0,1,-1.63376729647416
22,1,0.0,0,1,-1.51088778988979
23,1,0.0,0,1,-0.955530985331576
24,2,0.0,0,1,-0.419059000565648
25,1,0.0,0,1,-1.24407735744033
26,1,0.0,0,1,-1.28062415702044
27,2,0.0,0,1,-0.0087547406615353
28,1,104.157804079212,0,1,-1.44693411821736
29,1,52.2670508441072,0,1,-1.95528060789003
30,2,0.0,0,1,-1.21895254479439
31,1,0.0,0,1,-2.75127207250506
32,1,0.0,0,1,-2.27437419699622
33,1,619.464619933688,0,1,-3.73489300914789
34,2,0.0,0,1,-0.664857242137015
35,1,0.0,0,1,-2.1586245282378
36,2,0.0,0,1,-2.56059229002927
37,1,0.0,0,1,-1.45691393885544
38,1,0.0,0,1,-2.28552075374055
39,1,207.149356505174,0,1,-4.02846958460204
40,1,0.0,0,1,-2.50155633494343
41,1,67.3790088195171,0,1,-3.2543591560265
42,1,0.0,0,1,-1.63460044118477
43,1,0.0,0,1,-2.58279284554962
44,1,0.0,0,1,-2.05597447726489
45,1,0.0,0,1,-2.84265266589844
46,2,0.0,0,1,-3.07080559712615
47,2,0.0,0,1,-3.07080559712615
48,1,0.0,0,1,-2.94342645722983
49,1,38.0755449706568,0,1,-3.08212042101042
50,2,0.0,0,1,-2.71662996716669
51,2,0.0,0,1,-3.51454659184323
52,1,0.0,0,1,-2.65526740918267
53,1,0.0,0,1,-3.07080559712615
54,2,0.0,0,1,-2.78092254641414
55,1,0.0,0,1,-3.08424363213491
56,2,0.0,0,1,-3.64158800650991
57,1,0.0,0,1,-0.638012715267663
