bus_number,bus_type,P_demand,Q_demand,voltage_mag,voltage_ang
1,1,0.0,0,1,-0.916236436539822
2,1,4.49940486744282,0,1,-0.870970800379466
3,3,0.0,0,1,0.0
4,2,0.0,0,1,1.46441825268103
5,1,0.0,0,1,-0.448248780656038
6,1,61.890296559436,0,1,-0.420415159985671
7,1,204.790695250725,0,1,-1.42233853189044
8,1,2.94800277186142,0,1,0.754685808543825
9,1,278.134699595364,0,1,-0.0082795120463602
10,1,311.033985047537,0,1,-2.60701867657414
11,2,0.0,0,1,1.75215049453819
12,1,44.5318856074789,0,1,-0.795955672575813
13,1,0.0,0,1,0.140475250367593
14,2,0.0,0,1,-0.94916268119564
15,1,104.137349811115,0,1,-1.83120517466112
16,1,0.0,0,1,0.360622298305126
17,1,0.0,0,1,-0.889351781181433
18,2,0.0,0,1,0.0620151113584237
19,2,0.0,0,1,1.33494050329339
20,2,0.0,0,1,-1.09415423472867
21,2,0.0,0,1,0.30321375372981
22,2,0.0,0,1,-0.870206826951138
23,2,0.0,0,1,-2.13033998875585
24,2,0.0,0,1,-2.15849175041111
25,1,91.9251938166926,0,1,-2.93725624468548
26,1,149.009343257459,0,1,-2.70548258213703
27,1,246.043941558979,0,1,-0.578607178308105
28,1,15.447623240755,0,1,-0.942306044700606
29,1,136.499824012295,0,1,-1.16109147547145
30,1,63.5750106033506,0,1,-2.28994553174999
31,2,0.0,0,1,-2.12920695003963
32,1,0.0,0,1,-2.4194487726005
33,1,177.800099011265,0,1,-3.48065427614044
34,2,0.0,0,1,-1.13988847732415
35,1,0.0,0,1,-1.34981399071983
36,2,0.0,0,1,-0.325859860170255
37,2,0.0,0,1,-0.387487883892039
38,1,0.0,0,1,-1.854724193128
39,1,0.0,0,1,-2.6320298693759
40,1,0.0,0,1,-1.45581586904656
41,1,0.0,0,1,-3.22089015772616
42,1,43.710034639776,0,1,-0.201220949751704
43,1,33.0616199747889,0,1,-0.937960486413617
44,1,71.626012902328,0,1,-2.26554918637935
45,1,0.0,0,1,-0.387487883896642
46,1,200.282076450576,0,1,-1.60769962397718
47,2,0.0,0,1,0.649902269437282
48,1,454.957006232114,0,1,-2.77607075056663
49,1,50.9992349707335,0,1,-1.20258685203209
50,2,0.0,0,1,-1.16367439430114
51,1,0.0,0,1,-1.84086162113836
52,2,0.0,0,1,-1.48444356227278
53,1,7.40725330052842,0,1,-0.602714327426217
54,2,0.0,0,1,-0.896486101678679
55,2,0.0,0,1,2.01109549317305
56,2,0.0,0,1,0.460741341224423
57,1,0.0,0,1,-0.980839421385567
