bus_number,bus_type,P_demand,Q_demand,voltage_mag,voltage_ang
1,1,0.0,0,1,-1.20723019827939
2,1,0.0,0,1,0.432079661642334
3,1,166.852583182453,0,1,-0.598483623329474
4,2,0.0,0,1,0.445606096422396
5,1,539.575993214039,0,1,-2.99777164606671
6,1,0.0,0,1,-2.60107690269598
7,2,0.0,0,1,-1.15326837731101
8,1,0.0,0,1,-1.06738174157152
9,1,8.57441539444273,0,1,-3.96084257370233
10,1,0.0,0,1,-1.91021376414656
11,1,0.0,0,1,-4.60434764892741
12,1,0.0,0,1,-6.75244026245802
13,1,0.0,0,1,-4.75220237976649
14,1,108.816890988241,0,1,-8.5851278447901
15,2,0.0,0,1,-1.36908885013147
16,1,269.178456049862,0,1,-4.64825182572229
17,1,56.4212443662905,0,1,-0.960225706752293
18,2,0.0,0,1,-1.55054301399392
19,2,0.0,0,1,-1.67182457062223
20,1,0.0,0,1,-2.69306147989103
21,1,0.0,0,1,-6.77362861612634
22,1,93.9151940444042,0,1,-10.5679473314256
23,3,0.0,0,1,0.0
24,1,420.620208140632,0,1,-3.99358470602749
25,2,0.0,0,1,-1.74529011747277
26,1,0.0,0,1,-2.20231393064059
27,1,0.0,0,1,-4.09460774241404
28,1,395.592655025663,0,1,-2.62510662330797
29,1,0.0,0,1,-1.58829132785511
30,1,0.0,0,1,-0.590549548348821
31,1,14.9536729504304,0,1,-6.29822927069267
32,2,0.0,0,1,-3.35359067548913
33,1,0.0,0,1,-2.94246460118579
34,1,38.1816230003521,0,1,-6.17241155693846
35,1,0.0,0,1,-1.23516180544765
36,1,178.803744393077,0,1,-3.24701392132351
37,2,0.0,0,1,3.66629875096303
38,1,191.11150804973,0,1,-3.90005181201878
39,1,0.0,0,1,-3.10219842656943
40,1,0.0,0,1,-0.396857172135011
41,2,0.0,0,1,-2.62720616750435
42,1,57.2471284384341,0,1,-5.40509651160242
43,2,0.0,0,1,-1.26237952785317
44,1,0.0,0,1,-1.77754560649984
45,1,0.0,0,1,-2.4289948005796
46,1,0.0,0,1,-2.94180436615278
47,1,0.0,0,1,-2.75047139563757
48,2,0.0,0,1,-0.0185990223586529
49,2,0.0,0,1,-1.20723019827939
50,1,0.0,0,1,0.0922787312213788
51,1,136.005403486791,0,1,-3.23044856752194
52,1,0.0,0,1,-1.11313022883203
53,2,0.0,0,1,0.418132518689214
54,1,0.0,0,1,-1.83724077950245
55,1,0.0,0,1,0.19924759937105
56,2,0.0,0,1,-0.0798676604927221
57,2,0.0,0,1,-1.20723019827939
