bus_number,bus_type,P_demand,Q_demand,voltage_mag,voltage_ang
1,3,0.0,0,1,0.0
2,1,536.719473693633,0,1,-0.807175736137417
3,1,337.801065930703,0,1,-2.11063599924934
4,1,0.0,0,1,-0.701741449054706
5,2,0.0,0,1,1.79768603793584
6,1,0.0,0,1,-0.599508864979314
7,1,0.0,0,1,0.642113922417059
8,1,0.0,0,1,-1.70280420057846
9,1,221.139652857419,0,1,-1.52188577852576
10,1,0.0,0,1,-0.836749793785342
11,1,21.2207575445276,0,1,1.6034364132453
12,2,0.0,0,1,-0.53232408382904
13,1,0.0,0,1,-1.45055356385984
14,2,0.0,0,1,0.619480291111254
15,2,0.0,0,1,2.72480846645011
16,2,0.0,0,1,1.13102177203347
17,1,0.0,0,1,-0.13719444552872
18,1,168.335354288304,0,1,-1.42781720124352
19,1,0.0,0,1,-0.473922925276517
20,1,185.932627951844,0,1,-2.44638923877529
21,2,0.0,0,1,-0.117297228014639
22,1,0.0,0,1,-0.701821476015369
23,1,0.0,0,1,-0.907774243040126
24,1,0.0,0,1,-1.73736382747974
25,1,80.5449163816579,0,1,-1.33123034464263
26,1,1.43488949182133,0,1,0.131917688307572
27,1,0.0,0,1,0.318377376321881
28,1,0.0,0,1,-0.580780367787494
29,1,0.0,0,1,-1.47490512154204
30,1,0.0,0,1,-0.604699665671375
31,2,0.0,0,1,-0.117297228014639
32,1,0.0,0,1,-0.0321250952566994
33,1,0.0,0,1,1.05124054888944
34,1,160.433111138886,0,1,-0.399318140203416
35,1,0.0,0,1,-0.327225272340488
36,1,0.0,0,1,-1.11636081304932
37,1,0.0,0,1,-0.485597742942829
38,2,0.0,0,1,0.138575709326312
39,2,0.0,0,1,-0.721021657703429
40,2,0.0,0,1,-0.117297228014639
41,1,0.0,0,1,-0.899882603562066
42,1,0.0,0,1,-0.621366867388752
43,1,674.161962043372,0,1,-1.42608321235294
44,2,0.0,0,1,0.411595706899508
45,1,151.246958004904,0,1,-1.50506116578523
46,2,0.0,0,1,-0.28424284067167
47,2,0.0,0,1,0.867430949692532
48,2,0.0,0,1,-1.09733806340725
49,1,0.0,0,1,0.734976521556593
50,1,12.3699235623422,0,1,1.12720265111794
51,1,0.0,0,1,0.622969550735792
52,1,202.969900593188,0,1,-1.92889148029023
53,1,0.0,0,1,0.436260905648891
54,1,0.0,0,1,-0.0402117427140234
55,1,0.0,0,1,0.536375558513867
56,1,0.0,0,1,-0.0212443567028592
57,1,0.0,0,1,1.31211324593393
