cost_model,startup,shutdown,n_coefficients,coeff_n,coeff1,coeff0
2,0,0,3,0.0,0.0,0.0
2,0,0,3,0.0,0.0,0.0
2,0,0,3,0.0061553391862469,31.4738806594364,897.918439709873
2,0,0,3,0.0,0.0,0.0
2,0,0,3,0.0055688759130653,54.3209131194511,216.458796720261
2,0,0,3,0.0030515261655731,44.9824405785619,99.2964714843846
2,0,0,3,0.0025592037501366,49.7582744922386,29.2372593833102
2,0,0,3,0.002629507647177,47.6414769227593,49.3199425420847
2,0,0,3,0.0,0.0,0.0
2,0,0,3,0.002628729228444,39.5745932856374,120.282463370216
2,0,0,3,0.0,0.0,0.0
2,0,0,3,0.0,0.0,0.0
2,0,0,3,0.0,0.0,0.0
2,0,0,3,0.0,0.0,0.0
2,0,0,3,0.0022377739307012,45.4752092306675,3658.83424728479
2,0,0,3,0.0,0.0,0.0
2,0,0,3,0.0,0.0,0.0
2,0,0,3,0.0044300485192101,49.5514164673558,887.195356442514
