bus_number,P_output,Q_output,voltage_mag,gen_status,P_max,P_min
3,432.488524199996,0,1,1,838.653251255929,0
5,0.0,0,1,0,363.327007444989,0
6,477.782979444238,0,1,1,477.782979444272,0
10,646.504409129286,0,1,1,646.504409129287,0
14,0.0,0,1,0,371.371553518475,0
17,441.557522745646,0,1,1,441.557522745647,0
19,291.248659003154,0,1,1,291.248659003155,0
24,141.267888888567,0,1,1,141.267888888601,0
26,0.0,0,1,0,239.675273061534,0
44,53.6756290113036,0,1,1,164.040687780494,0
45,0.0,0,1,0,67.4877178634813,0
46,1.19608202420797,0,1,1,1.19608202420774,0
47,65.4145120818157,0,1,1,65.4145120818167,0
48,33.8107797841805,0,1,1,33.8107797841862,0
49,64.296108645915,0,1,1,64.2961086459152,0
51,23.080401220122,0,1,1,23.0804012201233,0
55,31.662913532205,0,1,1,31.6629135322061,0
