cost_model,startup,shutdown,n_coefficients,coeff_n,coeff1,coeff0
2,0,0,3,0.0051676321965321,54.537780006033,3663.09691750685
2,0,0,3,0.0,0.0,0.0
2,0,0,3,0.0,0.0,0.0
2,0,0,3,0.0037720290247841,25.2778600926838,533.632660438772
2,0,0,3,0.0,0.0,0.0
2,0,0,3,0.0,0.0,0.0
2,0,0,3,0.0,0.0,0.0
2,0,0,3,0.0,0.0,0.0
2,0,0,3,0.0,0.0,0.0
2,0,0,3,0.002110956884427,31.6227001975665,3221.08672910661
2,0,0,3,0.0063845503662819,33.8096415858281,307.407133612555
2,0,0,3,0.0050172925508548,52.2710036775398,123.250280239278
2,0,0,3,0.0,0.0,0.0
2,0,0,3,0.0,0.0,0.0
2,0,0,3,0.0,0.0,0.0
2,0,0,3,0.0039425534561352,30.8560174085854,68.908811808703
2,0,0,3,0.0,0.0,0.0
2,0,0,3,0.0,0.0,0.0
2,0,0,3,0.0,0.0,0.0
2,0,0,3,0.0075726568486904,33.2492869999891,236.651608018728
2,0,0,3,0.0,0.0,0.0
2,0,0,3,0.0,0.0,0.0
2,0,0,3,0.0,0.0,0.0
2,0,0,3,0.004954765185939,30.4991298095686,553.659495815841
2,0,0,3,0.0,0.0,0.0
2,0,0,3,0.0070389044199426,46.7940080387226,94.1741475834321
2,0,0,3,0.0,0.0,0.0
2,0,0,3,0.0028227313974855,31.7315525437546,121.080803208329
2,0,0,3,0.0023756245835272,39.1392827155631,6.65196190520962
2,0,0,3,0.0020491863877723,41.1372865542158,134.53313632332
