cost_model,startup,shutdown,n_coefficients,coeff_n,coeff1,coeff0
2,0,0,3,0.0066314726169832,44.2489848328906,266.740010739149
2,0,0,3,0.0048847716669946,55.0743660036137,307.84642769599
2,0,0,3,0.0058405679063894,38.3620648313933,2923.56085658844
2,0,0,3,0.0,0.0,0.0
2,0,0,3,0.0066790601843061,29.0125759254956,2934.48386401766
2,0,0,3,0.0025089933657032,48.2471732792059,479.672846559509
2,0,0,3,0.0,0.0,0.0
2,0,0,3,0.0035178124177978,39.4541024476986,578.564188581528
2,0,0,3,0.0,0.0,0.0
2,0,0,3,0.0,0.0,0.0
2,0,0,3,0.0,0.0,0.0
2,0,0,3,0.0050051587010795,50.3896568949511,545.074103014778
2,0,0,3,0.0051056427439925,28.7092290158549,31.8618984844448
2,0,0,3,0.0,0.0,0.0
2,0,0,3,0.0,0.0,0.0
2,0,0,3,0.0,0.0,0.0
2,0,0,3,0.0,0.0,0.0
2,0,0,3,0.0,0.0,0.0
2,0,0,3,0.0,0.0,0.0
2,0,0,3,0.0,0.0,0.0
