bus_number,bus_type,P_demand,Q_demand,voltage_mag,voltage_ang
1,1,0.0,0,1,-1.77049252172218
2,1,0.0,0,1,-0.804301826023485
3,1,0.0,0,1,-1.71681066304952
4,1,0.0,0,1,-1.71496191430132
5,2,0.0,0,1,-2.37873194427416
6,1,0.0,0,1,-2.14301600958963
7,2,0.0,0,1,-1.30974100847878
8,1,282.377493433297,0,1,-2.26560463555534
9,3,0.0,0,1,0.0
10,1,358.127939915466,0,1,-2.69144070541004
11,1,100.180387065998,0,1,-0.331874603646926
12,1,0.0,0,1,-1.61170509343633
13,1,0.0,0,1,-1.28719205354342
14,1,0.0,0,1,-1.36310551887569
15,1,440.368836031176,0,1,-4.47262286211584
16,1,0.0,0,1,-1.85789372551751
17,2,0.0,0,1,-0.336510493174205
18,1,0.0,0,1,-0.81418887159731
19,1,91.8195199580373,0,1,-2.62188439247102
20,1,0.0,0,1,-0.917908890283306
21,1,0.0,0,1,-0.87452026059529
22,1,0.0,0,1,-3.99874897991098
23,1,0.0,0,1,-2.83604324263802
24,1,378.540011246398,0,1,-3.80076488643976
25,2,0.0,0,1,-2.49990146717448
26,2,0.0,0,1,-1.36743933824279
27,2,0.0,0,1,-1.21574905546641
28,1,0.0,0,1,-3.02905251045257
29,1,0.0,0,1,-1.4433915170491
30,1,0.0,0,1,-3.51083435486485
31,2,0.0,0,1,-1.45954259163723
32,2,0.0,0,1,-3.5929055482236
33,1,113.950014590139,0,1,-5.0933327095249
34,1,422.338645492701,0,1,-3.04879815846574
35,2,0.0,0,1,-2.52261172828894
36,1,82.4564337221926,0,1,-2.23657681682614
37,1,0.0,0,1,-2.09113903735916
38,1,0.0,0,1,-2.15149259686626
39,1,0.0,0,1,-1.67935746633789
40,1,0.0,0,1,-2.40146890794156
41,1,0.0,0,1,-1.50556583037899
42,1,0.0,0,1,-2.29257021426286
43,1,211.962542861267,0,1,-2.7988576698943
44,1,0.0,0,1,-2.47684937950069
45,1,0.0,0,1,-3.24485762514679
46,1,0.0,0,1,-1.39813975419351
47,1,87.0194227940875,0,1,-3.84977470173265
48,1,33.7988924191121,0,1,-2.59415444190982
49,1,0.0,0,1,-1.5680935108197
50,1,151.37045395273,0,1,-3.31972105613164
51,1,0.0,0,1,-1.05334259684619
52,1,0.0,0,1,-2.2318895768688
53,2,0.0,0,1,-1.91934207024816
54,2,0.0,0,1,-1.95003948123313
55,2,0.0,0,1,-1.84909156344988
56,1,0.0,0,1,-0.655343530031684
57,1,0.0,0,1,-1.5047870545138
