bus_number,P_output,Q_output,voltage_mag,gen_status,P_max,P_min
3,280.222415485909,0,1,1,280.222415485909,0
4,638.685763039133,0,1,1,962.318128499328,0
9,0.0,0,1,0,177.066375138803,0
15,23.1257936777599,0,1,1,23.1257936777599,0
16,8.42872220881897,0,1,1,8.42872220881898,0
18,505.581805922834,0,1,1,505.581805922834,0
19,312.825573665028,0,1,1,312.825573665028,0
26,38.7493122517704,0,1,1,38.7493122517704,0
27,0.0,0,1,0,145.622945591551,0
30,69.852832014031,0,1,1,69.852832014031,0
32,0.0,0,1,0,120.686995307663,0
33,0.0,0,1,0,278.28346223752,0
34,0.0,0,1,0,432.777323007189,0
38,49.0878333127943,0,1,1,49.0878333127943,0
39,36.5478470740804,0,1,1,36.5478470740804,0
40,6.74226982953188,0,1,1,6.74226982953189,0
44,17.240121556759,0,1,1,17.240121556759,0
46,371.653584439841,0,1,1,371.653584439841,0
54,47.7090927223218,0,1,1,77.7067799211175,0
55,347.857626281994,0,1,1,347.857626281994,0
