cost_model,startup,shutdown,n_coefficients,coeff_n,coeff1,coeff0
2,0,0,3,0.0031521168406133,44.738364353743,3398.85393735083
2,0,0,3,0.0,0.0,0.0
2,0,0,3,0.0,0.0,0.0
2,0,0,3,0.0064165133601024,31.086474072791,590.608060422856
2,0,0,3,0.0066208333232834,50.2051006268019,259.831533381528
2,0,0,3,0.0,0.0,0.0
2,0,0,3,0.0,0.0,0.0
2,0,0,3,0.0,0.0,0.0
2,0,0,3,0.0,0.0,0.0
2,0,0,3,0.0029392511067561,44.4576405196757,51.0470485966366
2,0,0,3,0.0,0.0,0.0
2,0,0,3,0.0,0.0,0.0
2,0,0,3,0.0057030625364815,46.2548319037161,544.776839844548
