cost_model,startup,shutdown,n_coefficients,coeff_n,coeff1,coeff0
2,0,0,3,0.0,0.0,0.0
2,0,0,3,0.0073055529066698,36.4783985416117,197.670424441256
2,0,0,3,0.0,0.0,0.0
2,0,0,3,0.006716343328585,53.5245366394883,2311.81503145305
2,0,0,3,0.0037825736836576,52.2199038601193,373.494658604282
2,0,0,3,0.0,0.0,0.0
2,0,0,3,0.0,0.0,0.0
2,0,0,3,0.0,0.0,0.0
2,0,0,3,0.0038493726685225,43.7679671367108,87.05245772509
2,0,0,3,0.0069875788181529,32.2338466856737,25.2819151088528
2,0,0,3,0.0,0.0,0.0
2,0,0,3,0.0062761040761875,28.3449701552756,2194.1164163094
2,0,0,3,0.0,0.0,0.0
2,0,0,3,0.0,0.0,0.0
