bus_number,bus_type,P_demand,Q_demand,voltage_mag,voltage_ang
1,1,0.0,0,1,-0.601731787253881
2,1,0.0,0,1,-0.158566700475577
3,1,2.66743039784311,0,1,-0.380347724248522
4,3,0.0,0,1,0.0
5,1,313.364827109845,0,1,-0.620817173166432
6,1,0.0,0,1,-0.434951604349742
7,1,91.3985918505554,0,1,-3.91803582813925
8,2,0.0,0,1,-0.103076630854963
9,1,0.0,0,1,-1.23004487744567
10,2,0.0,0,1,0.194070330833254
11,1,0.0,0,1,-0.452154398953997
12,1,203.699542948614,0,1,-1.03836179486557
13,1,0.0,0,1,-1.08528399630723
14,1,24.4451638156983,0,1,-0.94248258661435
15,1,0.0,0,1,-1.01246232184525
16,1,0.0,0,1,-0.689756181122332
17,2,0.0,0,1,2.93742871100208
18,1,0.0,0,1,-0.389683819253913
19,2,0.0,0,1,1.08924677141436
20,1,291.697624086107,0,1,0.0605230864230582
21,1,0.0,0,1,0.673543724120646
22,2,0.0,0,1,-0.218707237506735
23,2,0.0,0,1,0.529697937854904
24,2,0.0,0,1,-0.113092258948295
25,2,0.0,0,1,-1.19980204524601
26,1,372.253549526691,0,1,1.67775198695126
27,1,0.0,0,1,-0.0937804681010845
28,1,10.386024516586,0,1,-0.285052237372295
29,2,0.0,0,1,0.839076410684379
30,2,0.0,0,1,1.90113594364727
31,2,0.0,0,1,2.99538895761058
32,1,0.0,0,1,1.90036630029142
33,1,0.0,0,1,1.31442870638003
34,1,0.0,0,1,1.78642322503917
35,2,0.0,0,1,3.92383852565985
36,1,0.0,0,1,2.14756060466451
37,1,0.0,0,1,3.49145280341244
38,1,0.0,0,1,1.48073432831643
39,2,0.0,0,1,2.43956092445727
40,1,1.13735653446363,0,1,0.339593633177578
41,2,0.0,0,1,0.905967952031041
42,1,0.0,0,1,3.29207163370014
43,1,0.0,0,1,-0.44984218252253
44,1,0.0,0,1,-1.05619077960312
45,2,0.0,0,1,-0.633983920262648
46,2,0.0,0,1,-0.0598743253875946
47,1,0.0,0,1,1.67594548992988
48,2,0.0,0,1,-0.264265330618989
49,1,0.0,0,1,0.563158283119833
50,2,0.0,0,1,-0.749894343233787
51,2,0.0,0,1,0.545219546357959
52,1,769.310293109721,0,1,-1.35129992827888
53,1,0.0,0,1,-0.0935147665281806
54,2,0.0,0,1,-1.09006719019741
55,1,673.950189586478,0,1,-1.40956890117918
56,2,0.0,0,1,-0.446917356728243
57,1,0.0,0,1,0.281770622458198
