bus_number,P_output,Q_output,voltage_mag,gen_status,P_max,P_min
7,222.415823514063,0,1,1,222.415823514065,0
12,46.1142407684286,0,1,1,46.1142407684299,0
14,589.904005176448,0,1,1,722.186685667452,0
16,612.870291360102,0,1,1,612.870291360103,0
21,0.0,0,1,0,325.950769681471,0
22,663.42068013884,0,1,1,663.420680138842,0
24,8.03118808948748e-06,0,1,1,25.8766575395769,0
26,0.0,0,1,0,186.330976559928,0
32,74.0332503559246,0,1,1,74.0332503559258,0
41,3.38893721650742e-11,0,1,1,337.684358236218,0
46,0.0,0,1,0,366.010343552177,0
49,438.295480186278,0,1,1,502.862781720034,0
53,176.620888330098,0,1,1,176.620888330099,0
