bus_number,P_output,Q_output,voltage_mag,gen_status,P_max,P_min
2,76.0729022163755,0,1,1,76.0729022170136,0
4,131.758515298954,0,1,1,244.879331440567,0
6,113.30453790575,0,1,1,113.304537906574,0
16,1103.87586538975,0,1,1,1307.51551821217,0
17,62.6812054074203,0,1,1,62.6812056287228,0
18,0.0,0,1,0,790.281866818166,0
20,104.958751972858,0,1,1,104.958752002199,0
25,797.332961995179,0,1,1,797.332961997852,0
31,54.0511024684085,0,1,1,54.051102464705,0
39,289.598827149152,0,1,1,289.598827148964,0
49,1.51811979423871,0,1,1,1.51811984273879,0
51,19.1578038791401,0,1,1,19.1578038719176,0
53,0.0,0,1,0,401.02481787273,0
