bus_number,P_output,Q_output,voltage_mag,gen_status,P_max,P_min
2,581.863585229239,0,1,1,581.863585229546,0
11,247.323775684412,0,1,1,436.116785052395,0
12,505.950292290287,0,1,1,505.950292290411,0
20,340.443164360163,0,1,1,340.443164360163,0
22,370.49698510533,0,1,1,370.496985105401,0
26,0.0,0,1,0,235.95561635747,0
27,101.735272180877,0,1,1,112.401315310199,0
28,0.0,0,1,0,165.520243090181,0
32,28.9102807618815,0,1,1,28.9102807619567,0
39,170.683057712503,0,1,1,275.127737006812,0
41,0.0,0,1,0,214.768237610361,0
44,9.42136745299591,0,1,1,9.42136745315769,0
46,1.8108948294882702e-09,0,1,1,280.15478712726,0
49,93.5353089346815,0,1,1,93.535308934756,0
51,3.885728806115e-08,0,1,1,49.0889873730002,0
53,303.947503729566,0,1,1,303.947503729638,0
