bus_number,P_output,Q_output,voltage_mag,gen_status,P_max,P_min
4,531.757217980555,0,1,1,849.464398990399,0
5,0.0,0,1,0,68.886502553671,0
6,780.870545256096,0,1,1,780.870545256096,0
10,0.0,0,1,0,394.376472011372,0
14,188.623564912509,0,1,1,188.623564912509,0
22,0.0,0,1,0,461.768403673841,0
23,0.0,0,1,0,131.651752780779,0
30,598.037844815614,0,1,1,598.037844815614,0
36,148.708981317093,0,1,1,148.708981317093,0
37,81.3361830107572,0,1,1,81.3361830107572,0
40,194.394357216015,0,1,1,299.576242189798,0
52,78.3652264325174,0,1,1,78.3652264325174,0
54,152.216672541445,0,1,1,180.711629479876,0
