cost_model,startup,shutdown,n_coefficients,coeff_n,coeff1,coeff0
2,0,0,3,0.006069646515473,47.2693908086843,1508.17119700823
2,0,0,3,0.0071853282787809,46.6693742743042,77.6075789803174
2,0,0,3,0.0034537063942819,56.0095792738339,375.356504821151
2,0,0,3,0.0065064659844552,36.0872143175132,1273.73226426468
2,0,0,3,0.0,0.0,0.0
2,0,0,3,0.0,0.0,0.0
2,0,0,3,0.0,0.0,0.0
2,0,0,3,0.0,0.0,0.0
2,0,0,3,0.0,0.0,0.0
2,0,0,3,0.0,0.0,0.0
2,0,0,3,0.0,0.0,0.0
2,0,0,3,0.0048487513115187,45.6305168261037,1540.9075497437
2,0,0,3,0.0,0.0,0.0
2,0,0,3,0.0034138940705097,32.7669530878744,482.223647412816
