bus_number,P_output,Q_output,voltage_mag,gen_status,P_max,P_min
3,543.181250571016,0,1,1,805.534957828581,0
6,187.401325265427,0,1,1,193.671735481648,0
20,701.876961298329,0,1,1,701.876961298329,0
22,0.0,0,1,0,362.806946574933,0
28,178.316849221264,0,1,1,197.539253951436,0
29,0.0,0,1,0,92.7849200785962,0
30,144.992333842403,0,1,1,144.992333842403,0
37,322.096568687763,0,1,1,326.05873793438,0
38,0.0,0,1,0,338.857183408872,0
45,106.379156601105,0,1,1,106.379156601105,0
48,97.861274781369,0,1,1,97.861274781369,0
49,145.850726981825,0,1,1,145.850726981825,0
50,69.9552718113562,0,1,1,69.9552718113562,0
55,207.944716061652,0,1,1,207.944716061652,0
56,47.5090688306436,0,1,1,47.5090688306436,0
57,0.945089528448407,0,1,1,41.2499523695092,0
