bus_number,bus_type,P_demand,Q_demand,voltage_mag,voltage_ang
1,1,0.0,0,1,-2.85852482099875
2,1,0.0,0,1,-3.02203532646414
3,1,135.095624640405,0,1,-2.82350272095583
4,1,27.2605889157666,0,1,-3.01911774094157
5,1,0.0,0,1,-2.82577302797367
6,1,0.0,0,1,-3.73606926581133
7,1,0.0,0,1,-3.12296011746967
8,3,0.0,0,1,0.0
9,1,0.0,0,1,-3.0493303914107
10,1,646.007542743278,0,1,-3.39249401786627
11,1,0.0,0,1,-4.15205527267876
12,2,0.0,0,1,-2.49995020142626
13,1,16.2171612258597,0,1,-2.68794420064738
14,1,0.0,0,1,-3.76200492805538
15,1,68.0550493057997,0,1,-3.35238908393559
16,1,15.556367823966,0,1,-2.37003916861773
17,1,0.0,0,1,-3.07886007035773
18,2,0.0,0,1,-2.28517673557945
19,1,0.0,0,1,-3.39141005272044
20,1,0.0,0,1,-2.56301094519675
21,1,566.179703489814,0,1,-5.5830695367465
22,2,0.0,0,1,-2.74928357129751
23,2,0.0,0,1,-1.9212405376503
24,1,472.715866056651,0,1,-4.07806220110343
25,2,0.0,0,1,-3.78694602138119
26,2,0.0,0,1,-5.11358341593801
27,2,0.0,0,1,-3.99843942181256
28,2,0.0,0,1,-3.94951696138891
29,1,141.807803016593,0,1,-5.95923999643817
30,1,0.0,0,1,-3.11720091396163
31,1,62.0893777830007,0,1,-5.11358341593801
32,1,2.92947191702194,0,1,-4.82126214695222
33,1,47.0488419909884,0,1,-4.85117705801112
34,2,0.0,0,1,-4.64815957704828
35,1,7.54652954901388,0,1,-4.09295471775194
36,2,0.0,0,1,-1.82778402335627
37,2,0.0,0,1,-3.08568059300022
38,2,0.0,0,1,-5.55945138429793
39,1,184.858273496059,0,1,-6.18896150200263
40,1,0.0,0,1,-2.62080364513678
41,1,0.0,0,1,-3.39171911813151
42,2,0.0,0,1,-2.93437799493064
43,1,0.0,0,1,-2.96935500445176
44,1,191.521084147224,0,1,-3.68472227504963
45,2,0.0,0,1,-2.90865846584822
46,1,0.0,0,1,-4.13956279561698
47,1,122.857683515822,0,1,-3.01545457066753
48,2,0.0,0,1,-1.76328830570308
49,1,13.5457883407072,0,1,-2.84356230339912
50,2,0.0,0,1,-3.3982071967352
51,1,2.63808634019438,0,1,-2.77248793624379
52,1,0.0,0,1,-3.00735885774097
53,1,0.0,0,1,-3.0894175446263
54,1,0.0,0,1,-2.45417621218313
55,1,3.52633827587504,0,1,-2.87385126714974
56,2,0.0,0,1,-1.76865942814686
57,1,26.8534109085618,0,1,-2.45755288880354
