bus_number,bus_type,P_demand,Q_demand,voltage_mag,voltage_ang
1,3,0.0,0,1,0.0
2,1,0.0,0,1,0.772162490604419
3,1,321.290913811059,0,1,-1.30748262497376
4,1,472.324768177418,0,1,-1.17224602706681
5,1,43.0406978786563,0,1,-1.55927295045933
6,1,0.0,0,1,-0.373182643229062
7,1,0.0,0,1,-0.824348485648813
8,1,0.0,0,1,1.45778695253304
9,2,0.0,0,1,1.55796471724432
10,2,0.0,0,1,4.42201551373121
11,1,0.0,0,1,-1.1574099170854
12,1,0.0,0,1,1.80497572538177
13,1,0.0,0,1,1.28275137040019
14,1,0.0,0,1,-3.14121747257132
15,1,163.817636518162,0,1,-2.07950359867895
16,1,0.0,0,1,-0.058897376272795
17,1,0.0,0,1,2.1469007654404
18,2,0.0,0,1,1.93358669274866
19,2,0.0,0,1,0.414797068212417
20,1,0.0,0,1,0.362922876401346
21,2,0.0,0,1,1.88705149972687
22,1,0.0,0,1,1.29037478775089
23,1,0.0,0,1,0.282212807366679
24,1,0.0,0,1,-1.50203006795464
25,2,0.0,0,1,-0.40958358095222
26,1,158.165741751363,0,1,-0.651554212866884
27,1,28.3455894003451,0,1,-0.773685322513242
28,2,0.0,0,1,1.03997173144638
29,1,87.4726325636038,0,1,-0.0766014288310595
30,2,0.0,0,1,-0.0065398988164488
31,1,0.0,0,1,-0.153156863556332
32,1,0.0,0,1,-0.811701861741408
33,1,417.770285756185,0,1,-1.10726150419544
34,2,0.0,0,1,-0.786176087277865
35,1,0.0,0,1,-0.954906303178479
36,1,0.0,0,1,-0.777366646582512
37,1,0.0,0,1,-0.591166832128947
38,1,108.868779027435,0,1,-4.57659267426347
39,1,0.0,0,1,-0.0002025957969267
40,1,0.0,0,1,-0.713237020036907
41,1,0.0,0,1,-1.74169630669542
42,2,0.0,0,1,-1.10726150419544
43,1,0.0,0,1,-1.03073025128675
44,1,0.0,0,1,-0.915445540561402
45,1,290.29146196437,0,1,-2.48663337948691
46,1,198.286866769554,0,1,-1.65216426531633
47,1,0.0,0,1,0.0950658994236677
48,1,0.0,0,1,0.538247213696077
49,1,33.5364969581165,0,1,-2.07297850998374
50,2,0.0,0,1,0.963984932754141
51,2,0.0,0,1,2.63154796112118
52,1,56.3609316496968,0,1,-0.435086205487684
53,1,65.2669251537068,0,1,-2.10012226858864
54,1,147.778811804231,0,1,-0.559274129478403
55,1,0.0,0,1,-1.21409666594192
56,2,0.0,0,1,0.910829139992826
57,1,101.268523024553,0,1,-0.828971984729836
