cost_model,startup,shutdown,n_coefficients,coeff_n,coeff1,coeff0
2,0,0,3,0.0062550764235167,32.5697810430782,420.056489978095
2,0,0,3,0.0029045046800372,36.9292638725177,3532.0589628747
2,0,0,3,0.0,0.0,0.0
2,0,0,3,0.0050597444060281,27.8184931141817,3228.06965448966
2,0,0,3,0.0,0.0,0.0
2,0,0,3,0.0,0.0,0.0
2,0,0,3,0.0045733989727102,25.1030854228455,3716.0106583363
2,0,0,3,0.0,0.0,0.0
2,0,0,3,0.0,0.0,0.0
2,0,0,3,0.0034768036677214,43.5858490487102,169.747500380317
2,0,0,3,0.0,0.0,0.0
2,0,0,3,0.0066903568906686,28.5252682386051,1953.79352958411
2,0,0,3,0.0,0.0,0.0
2,0,0,3,0.0,0.0,0.0
