cost_model,startup,shutdown,n_coefficients,coeff_n,coeff1,coeff0
2,0,0,3,0.0023907489967461,46.2280909500137,206.28845263522
2,0,0,3,0.0,0.0,0.0
2,0,0,3,0.0044577719679672,52.7112074089415,2114.6640190384
2,0,0,3,0.0,0.0,0.0
2,0,0,3,0.0,0.0,0.0
2,0,0,3,0.0036927397486166,49.13448800662,406.747931340998
2,0,0,3,0.0,0.0,0.0
2,0,0,3,0.0060869481590027,41.6224009641585,3737.01977294032
2,0,0,3,0.0049589781997443,23.4568899789971,256.338308801091
2,0,0,3,0.0,0.0,0.0
2,0,0,3,0.0,0.0,0.0
2,0,0,3,0.0,0.0,0.0
2,0,0,3,0.0,0.0,0.0
