bus_number,P_output,Q_output,voltage_mag,gen_status,P_max,P_min
3,511.52158632922,0,1,1,756.587953565774,0
5,593.150085446658,0,1,1,593.150085447372,0
6,492.466122251497,0,1,1,492.466122251499,0
10,0.0,0,1,0,475.723058118243,0
19,268.54849945492,0,1,1,268.548499456265,0
23,59.7009117656905,0,1,1,213.082849399536,0
25,101.624059810989,0,1,1,101.624059811818,0
29,34.3595034785254,0,1,1,268.114737500158,0
30,0.0,0,1,0,309.895519484383,0
31,72.2304350687401,0,1,1,72.2304350694727,0
36,501.276162225156,0,1,1,501.276162226978,0
37,7.49298939390115,0,1,1,7.49298939554456,0
40,169.200023393916,0,1,1,169.200023400387,0
45,32.9852522963143,0,1,1,32.9852522968901,0
