cost_model,startup,shutdown,n_coefficients,coeff_n,coeff1,coeff0
2,0,0,3,0.0,0.0,0.0
2,0,0,3,0.0020272166867157,27.4867655795801,1024.32801906104
2,0,0,3,0.0063361181740912,34.5146848505454,1415.26891248696
2,0,0,3,0.0,0.0,0.0
2,0,0,3,0.0,0.0,0.0
2,0,0,3,0.0,0.0,0.0
2,0,0,3,0.0074805552746486,33.3329448963152,270.111773314523
2,0,0,3,0.0049969653647862,37.4045892240712,511.817144403735
2,0,0,3,0.0,0.0,0.0
2,0,0,3,0.0,0.0,0.0
2,0,0,3,0.0028312842502859,48.9536608261789,203.287815606678
2,0,0,3,0.0,0.0,0.0
2,0,0,3,0.0,0.0,0.0
2,0,0,3,0.0,0.0,0.0
2,0,0,3,0.0,0.0,0.0
2,0,0,3,0.0026862052154429,40.7268329608556,461.004912214046
