bus_number,bus_type,P_demand,Q_demand,voltage_mag,voltage_ang
1,1,494.820448249495,0,1,-5.03295440169068
2,1,0.0,0,1,-8.38995611000541
3,2,0.0,0,1,-1.51951161159091
4,2,0.0,0,1,-4.38834101078718
5,1,242.292993858641,0,1,-2.38545531823287
6,1,0.0,0,1,-5.20909282879524
7,1,0.0,0,1,-5.08434801107883
8,1,0.0,0,1,-0.978819491068202
9,2,0.0,0,1,-0.454186304067439
10,1,105.947011190324,0,1,-7.26305183357223
11,1,172.648629267321,0,1,-9.66234426888902
12,1,0.0,0,1,-6.25171789412455
13,2,0.0,0,1,-0.804817898777474
14,1,0.0,0,1,-2.02846299523495
15,1,93.5246625706393,0,1,-6.01229693805219
16,1,69.7834548255744,0,1,-12.1073451950255
17,1,0.0,0,1,-7.29833179025924
18,1,33.4139327447575,0,1,-4.36571967127922
19,1,92.1932127925503,0,1,-7.89489424629193
20,1,42.8753904586578,0,1,-6.59727950433963
21,1,0.0,0,1,-3.61365351703142
22,2,0.0,0,1,-0.637082265322466
23,1,1.73830709501211,0,1,-5.71927868331887
24,2,0.0,0,1,-2.35913978858047
25,3,0.0,0,1,0.0
26,1,0.0,0,1,-2.73714730323267
27,2,0.0,0,1,-7.63741245769622
28,2,0.0,0,1,-3.09644792806415
29,2,0.0,0,1,-2.29369952099119
30,1,0.0,0,1,-2.753921650675
31,2,0.0,0,1,-3.26622888585031
32,1,0.0,0,1,-0.110632668132107
33,1,26.0736044116238,0,1,-1.94221094200015
34,2,0.0,0,1,0.652538956052214
35,1,777.498950964105,0,1,-8.03778472262522
36,2,0.0,0,1,-0.870448794823247
37,1,0.0,0,1,-4.72896284138983
38,1,0.0,0,1,-3.97917165449948
39,1,20.9781426308077,0,1,-10.5427607997988
40,1,0.0,0,1,-4.99688214056241
41,2,0.0,0,1,-5.48834790498301
42,1,505.074728968681,0,1,-5.52652895242616
43,1,0.0,0,1,-4.59884656361306
44,2,0.0,0,1,-2.0485754811277
45,1,75.4471234544121,0,1,-3.62009821679872
46,2,0.0,0,1,-1.61092622782765
47,1,0.0,0,1,-3.03100036276733
48,1,0.0,0,1,-5.05650346392778
49,1,0.0,0,1,-2.89918815836562
50,1,0.0,0,1,-3.60988186014564
51,2,0.0,0,1,1.02861723378779
52,1,0.0,0,1,-1.80040614612294
53,1,0.0,0,1,-3.45981843073115
54,1,0.0,0,1,-3.81330454432376
55,1,0.0,0,1,-4.09438359333841
56,2,0.0,0,1,0.249323582930621
57,1,0.0,0,1,-2.21630224470116
