bus_number,P_output,Q_output,voltage_mag,gen_status,P_max,P_min
5,525.361235193336,0,1,1,690.558344621406,0
8,568.809942025847,0,1,1,568.809942026924,0
12,137.865759027943,0,1,1,137.865759028942,0
15,1.4590548730474602e-09,0,1,1,178.767499134017,0
17,0.0,0,1,0,305.442011460939,0
18,6.368009457294811e-09,0,1,1,38.0101548413162,0
19,99.4751021417168,0,1,1,99.4751021427753,0
22,76.8970226447219,0,1,1,76.8970226457337,0
23,2.9734362669264704e-09,0,1,1,55.736838548761,0
27,391.293367418611,0,1,1,391.293367419708,0
31,464.085824650452,0,1,1,464.085824658052,0
34,0.0,0,1,0,182.406743719134,0
36,73.7694948938924,0,1,1,73.7694948947957,0
37,46.6260946452734,0,1,1,46.626094646371,0
40,42.5374493440057,0,1,1,42.5374493449762,0
41,36.1078429938135,0,1,1,43.7453851941926,0
43,0.0,0,1,0,346.326620305033,0
46,3.63706256703503,0,1,1,3.6370625684964,0
47,0.0,0,1,0,182.75728850867,0
48,99.5961370210386,0,1,1,99.5961370222389,0
56,0.0,0,1,0,20.5057818623662,0
