bus_number,P_output,Q_output,voltage_mag,gen_status,P_max,P_min
2,6.61380982937296e-25,0,1,1,112.129054988117,0
6,308.665948798122,0,1,1,308.665948798122,0
10,325.21173717777,0,1,1,325.21173717777,0
12,140.532363292232,0,1,1,140.532363292232,0
17,746.691390559932,0,1,1,746.691390559932,0
18,0.0,0,1,0,333.04950341599,0
22,189.267799331653,0,1,1,555.726459371989,0
24,0.0,0,1,0,188.815116145168,0
25,139.875142070007,0,1,1,139.875142070007,0
30,96.0010822689407,0,1,1,96.0010822689407,0
32,143.572168560765,0,1,1,143.572168560765,0
33,0.0,0,1,0,334.044760234815,0
40,7.93842945448557,0,1,1,146.387634003894,0
41,109.310978713537,0,1,1,109.310978713537,0
44,0.0,0,1,0,76.391339509751,0
48,3.57342024622908e-20,0,1,1,42.2746405856955,0
52,454.712640299672,0,1,1,454.712640299672,0
53,37.5705571114076,0,1,1,37.5705571114076,0
54,29.8539881865112,0,1,1,29.8539881865112,0
56,25.1063676575667,0,1,1,25.1063676575667,0
