bus_number,P_output,Q_output,voltage_mag,gen_status,P_max,P_min
2,680.751987348828,0,1,1,680.751987348834,0
3,0.0,0,1,0,120.498266614139,0
5,678.268954147224,0,1,1,678.268954147224,0
12,623.746697288356,0,1,1,662.644923846604,0
16,504.162054396967,0,1,1,618.462843786889,0
22,0.0,0,1,0,254.151643311092,0
23,34.0548997516827,0,1,1,34.0548997516841,0
24,0.0,0,1,0,146.996486363551,0
32,92.7188524872257,0,1,1,92.7188524872249,0
39,148.41543699677,0,1,1,148.415436996772,0
41,94.269935207921,0,1,1,94.2699352079217,0
42,17.8500006885466,0,1,1,17.8500006885475,0
43,0.0,0,1,0,43.5197707912115,0
45,0.0,0,1,0,265.230866792985,0
48,0.0,0,1,0,178.244265719529,0
49,0.0,0,1,0,110.016249464532,0
50,-9.90200955787611e-13,0,1,1,102.858221141963,0
56,-2.48960352890123e-14,0,1,1,13.4241429636168,0
