bus_number,P_output,Q_output,voltage_mag,gen_status,P_max,P_min
1,0.0,0,1,0,290.260397083387,0
4,0.0,0,1,0,217.757904054421,0
6,0.0,0,1,0,255.17373218426,0
9,456.730102286111,0,1,1,456.730102286111,0
10,0.0,0,1,0,374.768527518537,0
17,626.7745598005,0,1,1,769.403896502496,0
23,49.2315407152221,0,1,1,82.3750347616351,0
27,93.3665216073917,0,1,1,93.3665216073917,0
28,89.272055367206,0,1,1,199.951760196963,0
30,108.181304240375,0,1,1,108.181304240375,0
31,498.756900525251,0,1,1,498.756900525251,0
35,5.77623789984584,0,1,1,5.77623789984584,0
36,6.04900638347778e-18,0,1,1,48.8491912684631,0
45,410.449755371745,0,1,1,445.254621626228,0
46,415.771615668956,0,1,1,415.771615668956,0
