bus_number,P_output,Q_output,voltage_mag,gen_status,P_max,P_min
2,0.0,0,1,0,532.551433461405,0
9,40.8065040027752,0,1,1,40.8065040027765,0
14,339.99175486342,0,1,1,339.991754863443,0
17,0.0,0,1,0,201.907598643669,0
18,758.194206320683,0,1,1,758.194206320684,0
24,542.300987008191,0,1,1,821.727723102599,0
30,5.067027115641229e-11,0,1,1,192.861110822232,0
35,0.0,0,1,0,301.32027492001,0
37,554.287958902089,0,1,1,554.287958902104,0
42,80.3384905185977,0,1,1,80.3384905185988,0
43,59.550119391397,0,1,1,59.5501193913982,0
47,355.674946212872,0,1,1,355.674946212873,0
49,6.52927460351473,0,1,1,6.52927460351572,0
51,16.6363516590094,0,1,1,16.6363516590129,0
