bus_number,bus_type,P_demand,Q_demand,voltage_mag,voltage_ang
1,1,0.0,0,1,-0.836689302512109
2,1,0.0,0,1,-1.4394071533886
3,1,0.0,0,1,-1.97246885962761
4,1,0.0,0,1,-1.37931249297232
5,1,131.255671376376,0,1,-3.03588840501314
6,1,32.5318897401612,0,1,-1.42489861269005
7,1,0.0,0,1,-1.15740131772679
8,1,0.0,0,1,-1.87841874830939
9,2,0.0,0,1,-0.516706273656204
10,3,0.0,0,1,0.0
11,2,0.0,0,1,-1.34201564913013
12,1,0.0,0,1,-0.806317745497063
13,1,542.288688220597,0,1,-2.07044818718118
14,1,88.4377895537204,0,1,-2.29845720097857
15,1,0.0,0,1,-2.05438429455168
16,1,25.2668558363342,0,1,-1.44203991708639
17,1,0.0,0,1,-1.99452060746793
18,2,0.0,0,1,-1.55960367371455
19,2,0.0,0,1,-2.31261904808455
20,1,0.0,0,1,-2.20598078647447
21,2,0.0,0,1,-2.0495699622155
22,1,0.0,0,1,-0.999242694857294
23,1,0.0,0,1,-2.55632850967378
24,1,0.0,0,1,-0.0064772351378216
25,2,0.0,0,1,-2.00196247948597
26,2,0.0,0,1,-1.53772961579834
27,1,6.27487408319293,0,1,-2.31640825179667
28,1,737.886908003661,0,1,-2.93734095008559
29,2,0.0,0,1,0.604633496063308
30,1,197.272872671229,0,1,-4.26455495755434
31,1,0.0,0,1,-2.69458881243053
32,1,30.9006778324657,0,1,-2.00196247948597
33,1,60.8351517787882,0,1,-1.59459155122221
34,1,0.0,0,1,-2.55202768420155
35,2,0.0,0,1,-3.17701205229592
36,1,0.0,0,1,-1.68653545723721
37,1,61.4956809051453,0,1,-3.17701205229592
38,1,0.0,0,1,-1.85206886309543
39,1,0.0,0,1,-2.49838059242669
40,2,0.0,0,1,-1.5553840591362
41,1,97.193622269124,0,1,-2.47535297461705
42,2,0.0,0,1,-1.82205211339822
43,2,0.0,0,1,0.184727147744016
44,1,0.0,0,1,-2.69001751932312
45,1,0.0,0,1,-2.59085127812043
46,1,0.0,0,1,-1.06964883776192
47,1,256.74183996937,0,1,-3.43734173486757
48,1,22.6717108756501,0,1,-3.87377219326847
49,1,0.0,0,1,-2.5773288799562
50,1,327.883206586784,0,1,-3.50205942576148
51,2,0.0,0,1,-0.693346193365307
52,1,0.0,0,1,-1.25642371449041
53,2,0.0,0,1,-1.24811318750415
54,1,0.411303242691847,0,1,-1.81562320149499
55,1,134.961850537311,0,1,-2.19067312650388
56,1,0.0,0,1,-1.02740087143324
57,1,0.0,0,1,-0.69658436455516
