bus_number,bus_type,P_demand,Q_demand,voltage_mag,voltage_ang
1,1,0.0,0,1,-0.495402896006538
2,1,277.759326424858,0,1,-3.95078202429388
3,1,0.0,0,1,-2.79665751926091
4,3,0.0,0,1,0.0
5,2,0.0,0,1,-2.0654568864198
6,1,0.0,0,1,1.99109727778242
7,2,0.0,0,1,-1.42477852504839
8,1,138.814028374603,0,1,-3.06406625560762
9,2,0.0,0,1,-0.569691726767338
10,1,84.6180111793924,0,1,-2.67770990044101
11,1,0.0,0,1,0.541959318978919
12,1,0.0,0,1,4.03325252765563
13,1,0.0,0,1,2.75347248158118
14,1,0.0,0,1,-1.2234825724553
15,1,66.9354288711796,0,1,2.62133149542154
16,1,24.1093194203311,0,1,3.92223804918206
17,2,0.0,0,1,-3.5200141683337
18,2,0.0,0,1,5.0069431792006
19,1,0.0,0,1,-3.87263984173888
20,2,0.0,0,1,3.98958560379042
21,2,0.0,0,1,-4.03211132462675
22,1,0.0,0,1,-5.74826906638162
23,1,415.975099055208,0,1,-6.46424022754932
24,1,0.0,0,1,-4.5138424207141
25,2,0.0,0,1,-5.34827304129732
26,2,0.0,0,1,-2.96794481098244
27,1,328.056538314575,0,1,-5.95228209425238
28,2,0.0,0,1,-4.88317037268904
29,1,324.862010693045,0,1,-6.13395325751033
30,1,0.0,0,1,-5.5810301534767
31,1,0.0,0,1,-4.32782499330615
32,2,0.0,0,1,-6.08162892041626
33,1,0.0,0,1,-3.93268431388946
34,1,232.728901450216,0,1,-4.53149159416388
35,1,25.0237564257011,0,1,-2.7794275469974
36,1,36.4052160601073,0,1,-4.76266509671944
37,1,51.1973730073586,0,1,-5.38981926843151
38,2,0.0,0,1,-3.45146883121562
39,1,132.631634190369,0,1,-3.74114385920875
40,2,0.0,0,1,-3.21873541374977
41,2,0.0,0,1,-3.07207731653248
42,2,0.0,0,1,-3.86096077493283
43,1,321.330736509167,0,1,-6.4402622762853
44,2,0.0,0,1,-2.44516555604784
45,1,19.5280224647085,0,1,-8.36681888969647
46,1,0.0,0,1,-3.48965770106864
47,2,0.0,0,1,-2.02269316394037
48,1,0.0,0,1,-2.38645172494905
49,1,0.0,0,1,-3.4798917618488
50,1,0.0,0,1,-2.62025358795533
51,2,0.0,0,1,-2.66752726594844
52,1,0.0,0,1,-5.35158410340726
53,2,0.0,0,1,-4.42188884920037
54,2,0.0,0,1,-3.12034957955999
55,1,0.0,0,1,-2.86246882899668
56,1,274.335191041782,0,1,-1.85547191779348
57,2,0.0,0,1,-3.89675431861603
