cost_model,startup,shutdown,n_coefficients,coeff_n,coeff1,coeff0
2,0,0,3,0.0048281853067501,35.4319909488799,300.432523650992
2,0,0,3,0.0020051194436578,40.3941269110343,427.114498782967
2,0,0,3,0.0029903137928565,27.2951196173343,218.010446362507
2,0,0,3,0.0047915862743763,27.7565140639947,1419.99375144627
2,0,0,3,0.0,0.0,0.0
2,0,0,3,0.0,0.0,0.0
2,0,0,3,0.0,0.0,0.0
2,0,0,3,0.0057023838264367,28.3009058075897,581.460441116357
2,0,0,3,0.0,0.0,0.0
2,0,0,3,0.0,0.0,0.0
2,0,0,3,0.0043014654822837,45.8009301438629,46.3725183195188
2,0,0,3,0.0,0.0,0.0
2,0,0,3,0.0,0.0,0.0
2,0,0,3,0.0,0.0,0.0
2,0,0,3,0.0044203094598243,32.8965415446861,3798.14782857534
2,0,0,3,0.0,0.0,0.0
2,0,0,3,0.0,0.0,0.0
