bus_number,bus_type,P_demand,Q_demand,voltage_mag,voltage_ang
1,1,108.702534913385,0,1,-3.44514438329449
2,1,0.0,0,1,-1.90182465550988
3,1,0.0,0,1,0.576598751640267
4,1,278.305408156079,0,1,-0.265015009823212
5,2,0.0,0,1,0.26625026696228
6,1,0.0,0,1,4.66025437236072
7,2,0.0,0,1,4.24434023801827
8,1,0.0,0,1,3.12374337652915
9,1,74.7621770012734,0,1,3.86973872828472
10,1,0.0,0,1,7.46012542041041
11,1,56.7303307447862,0,1,6.73883437164815
12,1,155.41806257264,0,1,-1.5772182578253
13,2,0.0,0,1,2.83728475372605
14,2,0.0,0,1,6.04600580949704
15,1,133.429671704995,0,1,4.34344693379213
16,1,68.5348109973216,0,1,-0.752812204472244
17,1,166.073963095638,0,1,2.16050011048392
18,1,0.0,0,1,7.44229518299599
19,1,0.0,0,1,-2.73318820419444
20,2,0.0,0,1,3.25846490518275
21,1,0.0,0,1,-0.419612415585482
22,1,172.837286194459,0,1,-2.41747180318531
23,1,88.7149007215933,0,1,-0.384809771940853
24,1,0.0,0,1,-0.32525323811011
25,1,0.0,0,1,0.428706706790178
26,2,0.0,0,1,-0.62436349058246
27,1,0.0,0,1,-0.421414808527999
28,1,0.0,0,1,-1.05221907256677
29,3,0.0,0,1,0.0
30,1,89.4473699596351,0,1,-0.632574897406849
31,1,0.0,0,1,0.445877728492329
32,1,78.4114876713436,0,1,-0.435765139819106
33,2,0.0,0,1,3.12796690958634
34,2,0.0,0,1,-1.29448482515785
35,1,108.027588917348,0,1,1.14144254984746
36,1,409.883291515111,0,1,-1.67251479221161
37,1,0.0,0,1,-1.05110795763118
38,1,0.0,0,1,-0.173203596720255
39,1,0.0,0,1,-1.7406381323598
40,1,75.9108761199328,0,1,-2.53875796776712
41,1,224.812876086993,0,1,-4.69227475118642
42,1,29.6271642489066,0,1,-1.14683222720287
43,1,0.0,0,1,-4.20185773567219
44,1,0.0,0,1,-0.369643893300785
45,2,0.0,0,1,-2.40460484006131
46,1,68.4548253686129,0,1,-3.62655506342212
47,1,0.0,0,1,0.120808033159162
48,1,198.630541537402,0,1,-3.21447346304944
49,1,0.0,0,1,-2.44498002548805
50,2,0.0,0,1,1.80473750421546
51,1,0.0,0,1,-2.2300330695377
52,1,0.0,0,1,-0.0631396194170543
53,1,114.238833505639,0,1,-0.828474090228488
54,1,53.3565924495059,0,1,3.35095857951676
55,1,0.0,0,1,1.85884667271374
56,2,0.0,0,1,8.64425982692112
57,1,0.0,0,1,8.10380940002506
