bus_number,P_output,Q_output,voltage_mag,gen_status,P_max,P_min
2,64.6804437378427,0,1,1,64.6804437378427,0
3,614.298185253618,0,1,1,614.298185253618,0
8,322.644544406484,0,1,1,469.014075222587,0
10,346.756531492232,0,1,1,346.756531492232,0
14,-8.381378450718669e-22,0,1,1,28.5030391036697,0
15,0.0,0,1,0,329.378346664639,0
24,0.0,0,1,0,272.834783571644,0
26,-5.72278296450814e-22,0,1,1,46.9950300228257,0
27,179.260089790985,0,1,1,179.260089790985,0
30,75.0305957267937,0,1,1,178.460676211612,0
40,0.0,0,1,0,273.182020941422,0
41,-9.9103240176737e-22,0,1,1,49.0183941286275,0
46,110.76928449082,0,1,1,110.76928449082,0
48,0.896184387938464,0,1,1,0.896184387938464,0
50,13.3383586416617,0,1,1,13.3383586416617,0
51,0.540290819277888,0,1,1,0.540290819277888,0
53,544.338169732367,0,1,1,561.709659899889,0
57,487.743522481861,0,1,1,487.74352248186,0
