bus_number,bus_type,P_demand,Q_demand,voltage_mag,voltage_ang
1,3,0.0,0,1,0.0
2,1,0.0,0,1,-0.917347170485951
3,1,0.0,0,1,-1.86689970970422
4,2,0.0,0,1,0.195803215139079
5,2,0.0,0,1,-0.424299308072932
6,1,0.0,0,1,-2.31537416642925
7,1,161.201521403487,0,1,-2.04973898426836
8,2,0.0,0,1,-4.971462001373
9,1,419.33118221457,0,1,-6.09239173489957
10,1,133.319326345579,0,1,-4.85799603154813
11,1,0.0,0,1,-1.71096549485097
12,1,0.0,0,1,-2.69522149682494
13,1,0.0,0,1,-2.45016270718482
14,1,43.8051554773328,0,1,-9.63260198627204
15,1,385.075004783778,0,1,-3.7116696957472
16,1,0.0,0,1,-3.27924831809941
17,1,0.0,0,1,-7.28353666708786
18,2,0.0,0,1,-4.25526418695199
19,1,0.0,0,1,-8.27150410655173
20,1,341.65547459149,0,1,-5.56796903044565
21,1,0.0,0,1,-2.99142114970998
22,2,0.0,0,1,-2.56004227137606
23,1,0.0,0,1,-3.64718761492877
24,1,0.0,0,1,-10.5751355911282
25,1,49.9693531646993,0,1,-2.56004227137606
26,2,0.0,0,1,-0.618618484883482
27,1,60.9296906854703,0,1,-4.25526418695199
28,1,0.0,0,1,0.38425559440012
29,2,0.0,0,1,2.26367537412809
30,2,0.0,0,1,-4.43003081379104
31,2,0.0,0,1,-0.970440697941951
32,2,0.0,0,1,-0.701231374072159
33,1,132.757401780926,0,1,-3.09896972715037
34,1,0.0,0,1,-2.61347027309173
35,1,0.0,0,1,3.43761527666455
36,2,0.0,0,1,5.49643944936762
37,1,0.0,0,1,-1.85435770722084
38,1,157.276530950456,0,1,-2.56090335368475
39,1,0.0,0,1,-2.72601333088051
40,1,0.0,0,1,-0.205824635983938
41,1,0.0,0,1,-1.20992115939528
42,2,0.0,0,1,0.0042409080966244
43,2,0.0,0,1,-2.62448379526097
44,1,0.0,0,1,-0.755733941550325
45,2,0.0,0,1,1.82849460733737
46,2,0.0,0,1,-1.86617311551045
47,2,0.0,0,1,-0.5416486091614
48,1,0.0,0,1,-1.7805576873005
49,1,0.0,0,1,-1.73699386123033
50,1,125.324369236857,0,1,-13.2702242753555
51,1,0.0,0,1,-12.3973775267795
52,1,0.0,0,1,-2.1258753895073
53,1,0.0,0,1,-0.64966370711589
54,2,0.0,0,1,2.38310462771705
55,1,743.665582847958,0,1,-3.7430082340912
56,2,0.0,0,1,-3.14393404892746
57,2,0.0,0,1,-0.583719918844338
