bus_number,bus_type,P_demand,Q_demand,voltage_mag,voltage_ang
1,1,315.803244767778,0,1,-2.62549255164786
2,1,264.327994549528,0,1,-5.56987805138801
3,1,0.0,0,1,-3.27746665141941
4,1,276.548777609265,0,1,-3.82342787255413
5,1,11.4489052021395,0,1,-2.9400566600083
6,1,0.0,0,1,-0.554632454227521
7,1,0.0,0,1,-2.75389921023454
8,3,0.0,0,1,0.0
9,1,0.0,0,1,-4.86785354624514
10,1,0.0,0,1,-1.36016779554872
11,1,273.952489053321,0,1,-4.36301780759286
12,1,0.0,0,1,-3.80285426641141
13,1,0.0,0,1,-0.729759889583557
14,1,0.0,0,1,-0.643545545637933
15,1,0.0,0,1,-2.87256466542374
16,1,0.0,0,1,-2.26784706445568
17,1,0.0,0,1,-3.40947493188429
18,1,0.0,0,1,-4.43630478245912
19,2,0.0,0,1,-0.318672261685918
20,1,0.0,0,1,-1.2453196591567
21,1,81.3407289796901,0,1,-1.60622041287102
22,2,0.0,0,1,-0.742839041663642
23,1,0.0,0,1,-0.959964343294589
24,1,0.0,0,1,-3.7611265264507
25,1,22.8233504813554,0,1,-2.71461486785733
26,1,0.0,0,1,-1.38221425110431
27,1,0.0,0,1,-1.21136248257079
28,1,185.686538927152,0,1,-3.14626037268267
29,2,0.0,0,1,-5.56987805138801
30,1,0.0,0,1,-0.494765956120698
31,2,0.0,0,1,0.840564303756007
32,1,0.0,0,1,-0.164016643307294
33,2,0.0,0,1,-0.0245200113739009
34,1,0.0,0,1,-2.31917823110082
35,1,0.0,0,1,-0.832239193401244
36,2,0.0,0,1,-1.99321632277692
37,1,0.0,0,1,0.410596616502602
38,1,0.0,0,1,-2.66266306339574
39,1,0.0,0,1,-1.83714757515035
40,1,0.0,0,1,-0.779110623751634
41,1,190.712081787211,0,1,-4.96394701869254
42,1,0.0,0,1,-1.29812786627224
43,1,228.349470490533,0,1,-4.75280080293591
44,2,0.0,0,1,-1.07167963582665
45,1,0.0,0,1,-1.56762224021139
46,1,0.0,0,1,-1.91329162762372
47,2,0.0,0,1,-1.69889129282643
48,1,5.03629229159416,0,1,-4.62480492307387
49,2,0.0,0,1,-1.79491499487357
50,1,194.852961419268,0,1,-2.25539224448615
51,1,0.0,0,1,-2.21947393884762
52,2,0.0,0,1,0.0189329554695057
53,1,0.0,0,1,-2.56989033227632
54,1,0.0,0,1,-2.39909509374577
55,2,0.0,0,1,0.0189329554695057
56,1,556.401289104357,0,1,-1.96054385198771
57,2,0.0,0,1,-1.11250005390761
