bus_number,bus_type,P_demand,Q_demand,voltage_mag,voltage_ang
1,1,29.5690702915377,0,1,-9.22374133856981
2,1,249.52443002428,0,1,-11.632104703867
3,3,0.0,0,1,0.0
4,2,0.0,0,1,-2.87267990831006
5,2,0.0,0,1,1.59966381913643
6,1,0.0,0,1,-2.90320355706332
7,2,0.0,0,1,-0.42419040425034
8,1,145.735612135068,0,1,-7.34049056568123
9,1,0.0,0,1,-5.25212933605876
10,2,0.0,0,1,-4.43370681718198
11,1,9.4123772035467,0,1,-1.44895931219825
12,1,54.5684287973505,0,1,-3.68817057213678
13,2,0.0,0,1,-3.32392508701046
14,1,590.760773622063,0,1,-9.19470165034752
15,1,0.0,0,1,-7.4953994183788
16,1,539.972664890677,0,1,-4.05760591126349
17,1,0.0,0,1,-6.70270682513668
18,1,39.475423557893,0,1,-7.17081141641526
19,1,0.0,0,1,-5.92374246905346
20,1,0.0,0,1,-4.98320935245411
21,1,0.0,0,1,-2.82453067726601
22,1,0.0,0,1,-8.58241167714208
23,1,156.721246574169,0,1,-9.12234234316617
24,1,226.311838895386,0,1,-9.28527404462407
25,1,81.375520336468,0,1,-6.60335182369633
26,1,0.0,0,1,-5.84979657471819
27,2,0.0,0,1,-5.06780154492623
28,1,57.8127002712087,0,1,-1.12398331653518
29,1,0.0,0,1,-5.15304771154879
30,2,0.0,0,1,-7.96476567636312
31,2,0.0,0,1,1.70241325443018
32,2,0.0,0,1,-4.42347341971032
33,1,0.0,0,1,-0.235432579162338
34,1,9.19679566281896,0,1,-1.67159429620901
35,1,0.0,0,1,-3.83723796490032
36,1,0.0,0,1,-7.62256175255947
37,2,0.0,0,1,0.0743107707545162
38,1,15.7873951330725,0,1,-6.56392839045231
39,2,0.0,0,1,-4.2145076763757
40,2,0.0,0,1,0.921150708832627
41,1,167.02423729888,0,1,-1.88800127708501
42,1,0.0,0,1,-5.60688772348658
43,1,153.458600447839,0,1,-5.57806584287842
44,2,0.0,0,1,-6.65134928097778
45,2,0.0,0,1,0.111830285477118
46,1,0.0,0,1,-2.98280613505881
47,1,133.579746244608,0,1,-5.37679954467208
48,1,33.1892195844962,0,1,-4.58501663200405
49,1,40.1952268968843,0,1,-5.24421917445496
50,1,20.6392856143554,0,1,-10.1742301612419
51,1,0.0,0,1,-1.63443915907553
52,1,0.0,0,1,-1.48310646821418
53,2,0.0,0,1,-1.56949137736157
54,1,0.0,0,1,-3.37634730842457
55,2,0.0,0,1,0.698577465759776
56,1,0.0,0,1,-0.801173361051539
57,1,0.0,0,1,0.48360872400602
