cost_model,startup,shutdown,n_coefficients,coeff_n,coeff1,coeff0
2,0,0,3,0.0079038560288036,49.4794039886906,1508.56794100471
2,0,0,3,0.0,0.0,0.0
2,0,0,3,0.0,0.0,0.0
2,0,0,3,0.0048250647887564,37.3439776337718,3370.21173154514
2,0,0,3,0.0067220082196213,38.6027339163147,118.857473406139
2,0,0,3,0.0070052953355834,31.0823699179076,462.489528593356
2,0,0,3,0.0,0.0,0.0
2,0,0,3,0.0,0.0,0.0
2,0,0,3,0.0040045419529715,40.5319075912916,153.731406993502
2,0,0,3,0.0,0.0,0.0
2,0,0,3,0.0,0.0,0.0
2,0,0,3,0.0,0.0,0.0
2,0,0,3,0.0,0.0,0.0
