bus_number,bus_type,P_demand,Q_demand,voltage_mag,voltage_ang
1,1,0.0,0,1,1.40570249089591
2,1,105.566521571456,0,1,4.67692665035335
3,1,0.0087718998666347,0,1,-4.63549301059866
4,2,0.0,0,1,-1.39230839419544
5,1,0.0,0,1,-7.24057526468516
6,3,0.0,0,1,0.0
7,1,0.0,0,1,-5.69055649537614
8,1,0.0,0,1,-5.20432050590228
9,1,0.0,0,1,-6.20994535983312
10,1,0.0,0,1,-9.22884622672947
11,1,485.098976756919,0,1,-11.2825148150159
12,1,1.42566832712991,0,1,-3.36524101534496
13,1,0.0,0,1,-8.25083503464358
14,2,0.0,0,1,-6.51027483132127
15,1,0.0,0,1,-7.78242093843967
16,2,0.0,0,1,-7.24687648066964
17,1,0.0,0,1,-7.24687648066964
18,1,0.0,0,1,-9.78268383756663
19,1,17.7878769643623,0,1,-3.66006167639636
20,1,135.110913252742,0,1,-4.10869766345277
21,1,381.440970351239,0,1,-6.22669275640613
22,1,333.355153618509,0,1,-7.02156882332572
23,1,347.352459537742,0,1,-4.63845992145175
24,1,0.0,0,1,-7.24687648066964
25,1,144.729377203045,0,1,-4.52432350028045
26,1,0.0,0,1,0.404712068271324
27,2,0.0,0,1,-2.02995429474028
28,1,0.0,0,1,-1.0569299057326
29,1,51.8295457562333,0,1,-7.77915153431602
30,1,0.0,0,1,-5.41599973450096
31,1,0.0,0,1,-0.781675999147816
32,2,0.0,0,1,-3.436868339426
33,1,0.0,0,1,1.41139557845819
34,1,0.0,0,1,-0.599682595260928
35,2,0.0,0,1,25.9632530464977
36,1,0.0,0,1,10.2868510605546
37,1,0.0,0,1,16.8267264775116
38,1,0.0,0,1,-1.09129076789248
39,2,0.0,0,1,2.17396497697614
40,2,0.0,0,1,3.33601321574894
41,1,0.0,0,1,16.2104138000896
42,1,0.0,0,1,-2.92387973204041
43,1,0.0,0,1,-0.345287050217621
44,1,0.0,0,1,1.05343410474077
45,1,0.0,0,1,-1.79794080085957
46,1,183.825207725795,0,1,-2.8124562339166
47,1,0.0,0,1,-0.675419860907248
48,2,0.0,0,1,0.848594531414146
49,1,651.278588781732,0,1,-2.36542915330472
50,1,0.0,0,1,-1.45158133665839
51,2,0.0,0,1,5.47388744645681
52,1,0.0,0,1,-2.02214018640503
53,1,0.0,0,1,-0.121568299765188
54,1,0.0,0,1,-3.64951325756594
55,2,0.0,0,1,9.37769779559569
56,2,0.0,0,1,0.516673445428032
57,2,0.0,0,1,0.156594653586439
