bus_number,P_output,Q_output,voltage_mag,gen_status,P_max,P_min
7,635.585149989575,0,1,1,786.136012866111,0
10,549.044774487741,0,1,1,549.044774487741,0
11,16.2572613504827,0,1,1,16.2572613504827,0
14,120.860117590463,0,1,1,120.860117590463,0
15,505.167055128559,0,1,1,505.167055128559,0
18,0.0,0,1,0,232.294559932231,0
19,0.0,0,1,0,300.432524525432,0
20,398.444376535049,0,1,1,539.271489166734,0
23,0.0,0,1,0,60.0519015209827,0
30,27.4305669275766,0,1,1,27.4305669275766,0
31,0.0,0,1,0,166.713869540627,0
33,0.0,0,1,0,399.775326302694,0
37,4.35316661998455,0,1,1,4.35316661998455,0
41,4.91052489736165,0,1,1,4.91052489736165,0
46,14.527590051659,0,1,1,14.527590051659,0
49,201.048780601372,0,1,1,433.570469983953,0
50,50.6641406642667,0,1,1,50.6641406642667,0
51,26.7924077698013,0,1,1,26.7924077698013,0
52,0.0,0,1,0,96.5471681455669,0
