cost_model,startup,shutdown,n_coefficients,coeff_n,coeff1,coeff0
2,0,0,3,0.0032266886597106,41.4934935779171,3803.81436531898
2,0,0,3,0.0020869277379271,54.7651841947107,2763.71541471254
2,0,0,3,0.0,0.0,0.0
2,0,0,3,0.0027949873399547,46.1853974154386,244.744760414085
2,0,0,3,0.0,0.0,0.0
2,0,0,3,0.0058368413579723,39.1465558962534,70.0901327193596
2,0,0,3,0.0,0.0,0.0
2,0,0,3,0.0077217990925392,52.1523972464777,2981.75280791227
2,0,0,3,0.0,0.0,0.0
2,0,0,3,0.0,0.0,0.0
2,0,0,3,0.0,0.0,0.0
2,0,0,3,0.0,0.0,0.0
2,0,0,3,0.0064776455575056,48.9530293096545,329.15946965477
2,0,0,3,0.0,0.0,0.0
