bus_number,P_output,Q_output,voltage_mag,gen_status,P_max,P_min
2,322.245385819052,0,1,1,322.245385819056,0
4,0.0,0,1,0,209.832964866216,0
13,152.514425433585,0,1,1,152.514425433538,0
17,23.6884798322742,0,1,1,23.6884798322135,0
22,0.0,0,1,0,205.22606329789,0
23,7.59435315902657,0,1,1,7.59435315894386,0
24,0.0,0,1,0,22.2552415254329,0
26,177.671951624745,0,1,1,177.671951624665,0
28,132.337358709877,0,1,1,132.337358709857,0
29,48.2879375219156,0,1,1,48.2879375217479,0
36,537.281370259592,0,1,1,537.281370259539,0
37,71.0979943692367,0,1,1,71.0979943691861,0
39,281.792156759415,0,1,1,389.687033756212,0
40,0.0,0,1,0,289.521980387801,0
42,34.5891005342764,0,1,1,150.553793492353,0
44,0.0,0,1,0,217.954002531084,0
45,495.457766078347,0,1,1,495.457766078368,0
46,197.752373949958,0,1,1,197.752373949882,0
50,0.0,0,1,0,97.8484507901761,0
51,0.0,0,1,0,282.327983006055,0
52,1.34896505170455,0,1,1,1.34896505442723,0
53,78.7394231405169,0,1,1,78.7394231403879,0
