bus_number,P_output,Q_output,voltage_mag,gen_status,P_max,P_min
1,121.306728689319,0,1,1,121.306728689303,0
3,0.0,0,1,0,205.856130432839,0
4,1025.88859810395,0,1,1,1294.41718073008,0
6,0.0,0,1,0,292.226407545264,0
12,95.6891268403243,0,1,1,95.6891268403102,0
13,0.0,0,1,0,356.472030641017,0
19,585.43729074897,0,1,1,585.437290748975,0
25,31.8598027502787,0,1,1,31.8598027502643,0
26,125.922007122242,0,1,1,125.92200712224,0
28,618.422163640825,0,1,1,618.422163640856,0
38,54.1422103127557,0,1,1,54.1422103127441,0
44,0.0,0,1,0,282.411285862229,0
51,59.7537890895114,0,1,1,59.7537890894737,0
54,0.0,0,1,0,85.6246960761417,0
55,35.8888761843974,0,1,1,35.8888761843919,0
56,0.0,0,1,0,16.9480207581972,0
