bus_number,bus_type,P_demand,Q_demand,voltage_mag,voltage_ang
1,1,0.0,0,1,-0.437845539977099
2,2,0.0,0,1,-0.15385328140328
3,1,0.0,0,1,-1.60908639394016
4,1,63.7414503939831,0,1,-2.20745067148957
5,2,0.0,0,1,0.0044984279678213
6,1,0.0,0,1,-0.769931831099462
7,1,0.0,0,1,-0.0205832622877694
8,1,0.0,0,1,-0.864001293011072
9,1,485.153840401023,0,1,-4.78247593794629
10,2,0.0,0,1,2.20410387921258
11,3,0.0,0,1,0.0
12,1,122.025146125518,0,1,-2.83325418833888
13,2,0.0,0,1,0.128153251587585
14,1,9.8941968374815,0,1,-1.39371501907595
15,1,7.63059869867124,0,1,-0.739545323524836
16,2,0.0,0,1,-2.21482600765364
17,1,0.0,0,1,-2.69106786716285
18,1,39.7037957518369,0,1,-2.48985581655112
19,1,7.32110664461688,0,1,-2.20685145743285
20,1,517.688385427138,0,1,-3.15175447647713
21,1,0.0,0,1,-1.54122717821836
22,1,277.040902718598,0,1,-0.796224170085908
23,1,4.91918311275674,0,1,-0.982785701875329
24,2,0.0,0,1,-2.55694771574111
25,1,0.0,0,1,-1.03780317234279
26,1,79.0514375025747,0,1,-2.08803472191434
27,1,195.137495581556,0,1,-3.04608805519719
28,2,0.0,0,1,0.310853193612381
29,1,0.0,0,1,-3.15296150564295
30,1,0.0,0,1,-0.358185284141636
31,1,181.313590352456,0,1,-1.90178458847478
32,1,0.0,0,1,-0.831650588807909
33,1,0.0,0,1,-1.3552024056471
34,2,0.0,0,1,-1.55768544712994
35,1,218.081137187493,0,1,-1.38532977231351
36,2,0.0,0,1,-3.12237223999818
37,1,207.747487828075,0,1,-4.41181467510973
38,1,68.6674256493865,0,1,-0.336067577261583
39,1,0.0,0,1,-2.61505122133179
40,2,0.0,0,1,-1.96656400136665
41,2,0.0,0,1,-1.34564124659276
42,1,0.0,0,1,-2.37007696256792
43,2,0.0,0,1,-0.336732850528399
44,2,0.0,0,1,-1.00958362929565
45,1,0.0,0,1,-4.15529732006321
46,1,0.0,0,1,-1.2269339658915
47,1,32.4507279719971,0,1,-1.27851404543235
48,1,0.0,0,1,-0.435216028668735
49,1,75.9076619924947,0,1,-0.95421979591712
50,1,117.397599240664,0,1,-0.32683732076462
51,1,0.0,0,1,-0.308107701222821
52,2,0.0,0,1,-0.705379991989608
53,1,43.437424064281,0,1,-0.75640877205323
54,2,0.0,0,1,2.16276866185605
55,1,0.0,0,1,-0.77428919938624
56,1,0.0,0,1,-0.727897397171727
57,1,0.0,0,1,-0.842915901602505
