cost_model,startup,shutdown,n_coefficients,coeff_n,coeff1,coeff0
2,0,0,3,0.0076137240833833,42.2314887599249,3297.38978246116
2,0,0,3,0.0054166274987405,34.4222147757572,2973.56383203616
2,0,0,3,0.0,0.0,0.0
2,0,0,3,0.0,0.0,0.0
2,0,0,3,0.0,0.0,0.0
2,0,0,3,0.0,0.0,0.0
2,0,0,3,0.0,0.0,0.0
2,0,0,3,0.0,0.0,0.0
2,0,0,3,0.0,0.0,0.0
2,0,0,3,0.0020595763395161,36.119627199183,2325.08846167041
2,0,0,3,0.002704933541464,43.2655790200561,501.295355991845
2,0,0,3,0.0,0.0,0.0
