cost_model,startup,shutdown,n_coefficients,coeff_n,coeff1,coeff0
2,0,0,3,0.0,0.0,0.0
2,0,0,3,0.0046649552891103,23.1897956719346,968.30936228947
2,0,0,3,0.0069957734570298,57.0019298690777,1033.96993788931
2,0,0,3,0.0079691670662942,55.0975089440134,237.099237002202
2,0,0,3,0.0,0.0,0.0
2,0,0,3,0.0,0.0,0.0
2,0,0,3,0.0,0.0,0.0
2,0,0,3,0.0035297701196278,46.5358311477549,173.305537249523
2,0,0,3,0.0,0.0,0.0
2,0,0,3,0.0027669361743561,24.9761140394308,38.9515164291671
2,0,0,3,0.0,0.0,0.0
2,0,0,3,0.0,0.0,0.0
2,0,0,3,0.0,0.0,0.0
2,0,0,3,0.0024883171821001,53.4483650495372,279.259250942327
2,0,0,3,0.0065043774307512,55.5527893721932,298.90278924136
2,0,0,3,0.0,0.0,0.0
2,0,0,3,0.0,0.0,0.0
2,0,0,3,0.0,0.0,0.0
2,0,0,3,0.0022158206237764,34.5688475835636,3106.40952134985
