cost_model,startup,shutdown,n_coefficients,coeff_n,coeff1,coeff0
2,0,0,3,0.0075817455128484,29.017323148605,119.738917621533
2,0,0,3,0.0,0.0,0.0
2,0,0,3,0.0,0.0,0.0
2,0,0,3,0.0031526204523241,46.1986401342923,1585.18021495506
2,0,0,3,0.0024087051641823,27.5228532635972,559.478070026198
2,0,0,3,0.0036035534877963,38.6242515354743,659.278610913939
2,0,0,3,0.0040113111310975,46.188822902206,2943.48182716735
2,0,0,3,0.0032588188035317,54.1128377528066,281.717117503332
2,0,0,3,0.0,0.0,0.0
2,0,0,3,0.0,0.0,0.0
2,0,0,3,0.0,0.0,0.0
2,0,0,3,0.0,0.0,0.0
2,0,0,3,0.0,0.0,0.0
2,0,0,3,0.0,0.0,0.0
