bus_number,bus_type,P_demand,Q_demand,voltage_mag,voltage_ang
1,1,281.689916187977,0,1,-0.668044508650586
2,3,0.0,0,1,0.0
3,2,0.0,0,1,-0.268985838891144
4,1,0.0,0,1,-0.0301026323858883
5,2,0.0,0,1,-0.155916468540526
6,1,194.255780713612,0,1,-0.457068002663091
7,2,0.0,0,1,0.391725948299395
8,1,67.5900019184327,0,1,-1.97242920484838
9,1,17.589209391353,0,1,0.224721297957459
10,1,0.0,0,1,1.84298342227847
11,1,0.0,0,1,2.3575515867178
12,1,0.0,0,1,0.686835459244875
13,2,0.0,0,1,-0.199237734674507
14,2,0.0,0,1,6.04641254630748
15,1,0.0,0,1,-1.03677111253093
16,1,0.0,0,1,-0.648931814161809
17,1,0.0,0,1,4.15263882887788
18,1,155.787807400668,0,1,-0.729426524904087
19,1,0.0,0,1,5.04393681894099
20,1,0.0,0,1,0.953785003001801
21,1,27.3121082361527,0,1,4.99364198059983
22,1,0.0,0,1,4.74716149871824
23,2,0.0,0,1,2.5271587136023
24,2,0.0,0,1,3.82889430258312
25,1,0.0,0,1,0.354729719991716
26,1,0.0,0,1,-0.178558222453929
27,2,0.0,0,1,-0.804050942459309
28,1,0.0,0,1,1.65084204179309
29,1,38.0866022961842,0,1,-1.37478209223334
30,1,68.9622617622319,0,1,-0.643559972309998
31,1,0.0,0,1,-1.29459901930312
32,2,0.0,0,1,-0.419946603595618
33,1,0.0,0,1,2.89794406147278
34,1,0.0,0,1,-0.316946689158845
35,1,0.0,0,1,-1.75700338461375
36,2,0.0,0,1,-0.815028839802829
37,2,0.0,0,1,0.406625931389402
38,1,53.231667583734,0,1,-1.57171263755472
39,1,0.0,0,1,-1.4108158867427
40,2,0.0,0,1,-0.645279419610979
41,1,59.2662299473198,0,1,-1.43741411432931
42,1,5.79956519703486,0,1,-0.585409115111622
43,1,0.0,0,1,-1.83928457865992
44,1,1027.00064325162,0,1,-2.05860216574967
45,1,493.191705253891,0,1,-1.32423137356979
46,2,0.0,0,1,-1.19611159474157
47,1,0.0,0,1,-1.10353334801454
48,1,0.0,0,1,-0.428977633090091
49,1,101.726780603293,0,1,-3.25468353343882
50,1,0.0,0,1,-1.36548238306047
51,1,0.0,0,1,-0.0477007141237224
52,2,0.0,0,1,1.13383362350118
53,1,0.0,0,1,-0.0233375740616177
54,1,162.820313739093,0,1,-1.12328025840954
55,1,0.0,0,1,0.128652001888641
56,1,0.0,0,1,-0.0841865821441264
57,2,0.0,0,1,-0.3010357983759
