bus_number,P_output,Q_output,voltage_mag,gen_status,P_max,P_min
3,570.65917322904,0,1,1,1187.19391139772,0
5,39.4589224122173,0,1,1,39.4589224121894,0
6,91.6463001211667,0,1,1,91.6463001283654,0
7,97.0853271878133,0,1,1,97.0853271879049,0
11,365.315871975329,0,1,1,365.315871975394,0
14,0.0,0,1,0,328.320882973515,0
20,38.0465644722889,0,1,1,38.0465644722678,0
23,0.0,0,1,0,140.926704851142,0
24,52.0898476212919,0,1,1,52.0898476213498,0
25,6.55201366247095,0,1,1,6.55201366250904,0
29,817.065005096868,0,1,1,817.06500509881,0
40,246.356316602151,0,1,1,246.356316602163,0
42,179.66894769908,0,1,1,179.668947699097,0
44,31.9426772316725,0,1,1,31.9426772316664,0
46,46.568545407257,0,1,1,46.5685454072918,0
50,18.6768173854458,0,1,1,81.4279080864594,0
51,48.2473490784971,0,1,1,48.2473490784725,0
57,104.930914299927,0,1,1,339.969005801659,0
