cost_model,startup,shutdown,n_coefficients,coeff_n,coeff1,coeff0
2,0,0,3,0.0029766983030557,37.5139717434771,3693.74619455843
2,0,0,3,0.005665438681282,38.7387554096948,301.155295875059
2,0,0,3,0.0074005309357895,31.5877024360979,165.527234776163
2,0,0,3,0.0,0.0,0.0
2,0,0,3,0.0025447519002961,34.4137408479832,469.084563926654
2,0,0,3,0.0035655206104997,45.5187850652514,288.835911747677
2,0,0,3,0.0,0.0,0.0
2,0,0,3,0.0056436203609185,27.4228287537468,734.935836838065
2,0,0,3,0.0,0.0,0.0
2,0,0,3,0.0,0.0,0.0
2,0,0,3,0.0,0.0,0.0
2,0,0,3,0.0,0.0,0.0
2,0,0,3,0.0039246210761686,44.6761224619666,111.859387541076
2,0,0,3,0.0,0.0,0.0
2,0,0,3,0.0,0.0,0.0
2,0,0,3,0.0,0.0,0.0
2,0,0,3,0.0,0.0,0.0
2,0,0,3,0.0039836823442878,35.6702858306844,196.140454252539
