bus_number,bus_type,P_demand,Q_demand,voltage_mag,voltage_ang
1,1,0.0,0,1,-0.126327001081902
2,1,0.0,0,1,-0.308852488738524
3,1,193.887807436234,0,1,-0.0966157145054757
4,3,0.0,0,1,0.0
5,2,0.0,0,1,0.792620179270279
6,1,159.991603691654,0,1,-1.00025848346461
7,1,0.0,0,1,-0.0796964038963846
8,1,0.0,0,1,-0.4588430217969
9,1,0.0,0,1,-0.378802810169514
10,1,0.0,0,1,0.645413892436024
11,1,521.820434273846,0,1,-1.12304665699098
12,1,0.0,0,1,-0.382999470253866
13,2,0.0,0,1,-0.751583859005486
14,1,0.0,0,1,-0.387248069783783
15,1,0.0,0,1,-0.630328017783295
16,2,0.0,0,1,-2.25377799334413
17,2,0.0,0,1,0.77408761234905
18,2,0.0,0,1,-1.06957219847256
19,1,0.0,0,1,-1.79705753331944
20,2,0.0,0,1,0.77408761234905
21,2,0.0,0,1,-1.57951791390658
22,1,407.344034107609,0,1,-3.17251092218577
23,1,0.0,0,1,-0.12205430540741
24,2,0.0,0,1,2.1385423022543
25,1,0.0,0,1,1.66542580259436
26,1,103.65558224403,0,1,0.876761045051215
27,1,26.8517554748547,0,1,-0.356290138227576
28,2,0.0,0,1,-0.976800776484997
29,2,0.0,0,1,0.276656004433081
30,2,0.0,0,1,0.771322670987761
31,1,0.0,0,1,-1.21725286953856
32,1,0.0,0,1,-1.44354225029042
33,2,0.0,0,1,-0.725202758230128
34,2,0.0,0,1,-1.0797246275932
35,1,0.0,0,1,-0.354749161769851
36,1,0.0,0,1,-1.96997125819685
37,1,0.0,0,1,-1.64288654360184
38,2,0.0,0,1,-1.67054693739385
39,1,0.0,0,1,-0.327836623629364
40,1,0.0,0,1,0.181498667486893
41,1,135.75951523862,0,1,-3.0811236796214
42,1,0.0,0,1,-2.41548307236314
43,1,764.276593083174,0,1,-1.33269225348624
44,1,45.0017967399946,0,1,-4.81228464165133
45,1,281.157583749892,0,1,-3.47140612933764
46,1,0.0,0,1,-3.13406533762719
47,1,114.563887442691,0,1,-3.96206278114203
48,1,0.0,0,1,-2.6336760539374
49,1,0.0,0,1,-1.43113097699255
50,1,0.0,0,1,-0.333627749013672
51,2,0.0,0,1,-2.59748368153094
52,2,0.0,0,1,-3.13406533762719
53,1,0.0,0,1,-3.13406533762719
54,2,0.0,0,1,-3.13406533762719
55,1,0.0,0,1,-3.13406533762719
56,2,0.0,0,1,-1.82899571632845
57,1,0.0,0,1,-2.39785533131685
