bus_number,bus_type,P_demand,Q_demand,voltage_mag,voltage_ang
1,2,0.0,0,1,-0.875920596399279
2,3,0.0,0,1,0.0
3,1,0.0,0,1,2.10385382626296
4,1,17.7993132505247,0,1,-0.947444095794409
5,1,399.081712469729,0,1,-0.830931632918405
6,1,0.0,0,1,-1.94439493509195
7,1,6.87280546711853,0,1,1.5071370424916
8,2,0.0,0,1,-1.78481950060525
9,1,0.0,0,1,1.24169007471971
10,2,0.0,0,1,2.52468918465845
11,1,0.0,0,1,-0.552620303480221
12,2,0.0,0,1,-0.235778921161803
13,1,0.0,0,1,0.331182859090239
14,1,224.660965772656,0,1,2.10639132728813
15,1,161.359219039088,0,1,-0.130424398334294
16,2,0.0,0,1,3.0497197936974
17,2,0.0,0,1,2.78359771879947
18,1,246.538496090574,0,1,-4.31830535914063
19,1,0.0,0,1,-1.46909483537417
20,1,0.0,0,1,0.573947371560027
21,1,161.175680046486,0,1,-3.96637681149501
22,1,0.0,0,1,-1.36234781761654
23,1,0.0,0,1,0.852592317810048
24,2,0.0,0,1,0.238760608375444
25,2,0.0,0,1,-0.538203021974518
26,1,271.314378704579,0,1,-1.87638997641582
27,1,0.0,0,1,-2.60001433212279
28,1,0.0,0,1,-2.81529901106981
29,1,0.0,0,1,-3.99971337944602
30,1,25.942225069859,0,1,-4.99395876597475
31,1,91.177768665119,0,1,-3.07691761919661
32,1,46.3628303912261,0,1,-6.01597338653894
33,1,298.963838477767,0,1,4.43414480045364
34,2,0.0,0,1,2.27624680729566
35,1,0.0,0,1,-0.962966939393547
36,1,0.0,0,1,-1.36192385279771
37,2,0.0,0,1,-0.421743742122598
38,1,0.0,0,1,2.1641808355119
39,2,0.0,0,1,4.83975031837377
40,1,161.862995266088,0,1,-1.73990865181787
41,1,0.0,0,1,-0.903122027438423
42,2,0.0,0,1,3.38417948851577
43,1,31.8480106376274,0,1,-0.791298094554926
44,2,0.0,0,1,-2.38175165112959
45,2,0.0,0,1,-2.1246601859907
46,2,0.0,0,1,-0.0919670151323258
47,1,0.0,0,1,-1.472279937365
48,1,0.0,0,1,-3.48754147602891
49,1,0.0,0,1,-0.419850991881914
50,1,0.0,0,1,-1.23798705194842
51,1,0.0,0,1,-4.00481925309923
52,2,0.0,0,1,-0.499913813688573
53,1,0.0,0,1,-3.01492512262998
54,2,0.0,0,1,-2.6499607853053
55,1,553.569268200118,0,1,-4.70755372762666
56,1,0.0,0,1,-1.34848186512763
57,1,55.7810859340427,0,1,-3.27077502098205
