bus_number,P_output,Q_output,voltage_mag,gen_status,P_max,P_min
1,168.330532189793,0,1,1,168.330532190376,0
2,1598.2125871466,0,1,1,1775.27751634638,0
3,12.6116607328567,0,1,1,12.6116607326608,0
5,0.0,0,1,0,438.399086195928,0
6,110.922849298742,0,1,1,110.922849298261,0
15,37.0182279095115,0,1,1,37.0182279095246,0
16,162.041242414036,0,1,1,269.084059759071,0
17,0.0,0,1,0,362.799011677327,0
24,0.0,0,1,0,336.188716611784,0
31,0.0,0,1,0,247.296041242772,0
56,61.1938646128958,0,1,1,61.1938646128147,0
57,443.256180847245,0,1,1,443.256180847426,0
