bus_number,P_output,Q_output,voltage_mag,gen_status,P_max,P_min
1,18.5891759746121,0,1,1,18.5891759756094,0
2,533.257898283748,0,1,1,633.062177872048,0
4,196.233490713331,0,1,1,328.096135986846,0
9,58.4388176453656,0,1,1,58.4388176453148,0
11,316.638252091587,0,1,1,316.638252091502,0
14,164.871401965472,0,1,1,209.594039130394,0
19,30.9616422495013,0,1,1,30.9616422497314,0
20,0.0,0,1,0,204.984848682596,0
22,373.56509635483,0,1,1,373.565096355597,0
32,265.651582386759,0,1,1,265.65158238711,0
38,4.0113494095785103e-10,0,1,1,112.977939522101,0
39,0.0,0,1,0,280.493833781126,0
40,0.0,0,1,0,315.372428804944,0
43,0.0,0,1,0,101.074481095019,0
45,80.2539866266402,0,1,1,80.2539866270455,0
46,337.46653485271,0,1,1,337.466534854529,0
48,0.0,0,1,0,295.143620488855,0
52,359.062331677972,0,1,1,359.062331678085,0
54,19.3203826594769,0,1,1,19.320382659239,0
