bus_number,P_output,Q_output,voltage_mag,gen_status,P_max,P_min
1,0.0,0,1,0,284.341881900292,0
2,0.0,0,1,0,322.583074086104,0
3,22.4495898074414,0,1,1,22.4495898074414,0
6,144.979765716112,0,1,1,144.979765716112,0
15,809.610359604009,0,1,1,834.725931284094,0
19,536.515773573186,0,1,1,536.515773573186,0
20,86.0161566359579,0,1,1,86.0161566359579,0
22,422.379698523568,0,1,1,429.228932385162,0
23,101.608344267572,0,1,1,101.608344267572,0
31,47.2848911123215,0,1,1,47.2848911123215,0
33,69.3417388211681,0,1,1,69.3417388211681,0
37,43.5833225666715,0,1,1,43.5833225666715,0
42,1.23027008976731e-15,0,1,1,29.1830808250838,0
46,134.555536946195,0,1,1,134.555536946195,0
47,278.659539040498,0,1,1,528.783233476474,0
50,0.0,0,1,0,270.743107225922,0
54,57.0499270790266,0,1,1,57.0499270790266,0
55,0.275949788878152,0,1,1,0.275949788878152,0
