bus_number,P_output,Q_output,voltage_mag,gen_status,P_max,P_min
7,967.106717426491,0,1,1,1149.93104920361,0
11,574.086952623757,0,1,1,578.531815657275,0
12,492.448981735198,0,1,1,492.448981735198,0
17,153.954268389872,0,1,1,153.954268389872,0
18,0.0,0,1,0,351.695683731038,0
25,315.692405285438,0,1,1,315.692405285438,0
29,0.0,0,1,0,410.165899963315,0
33,107.9912063063,0,1,1,160.542529408454,0
39,0.0,0,1,0,296.041635361864,0
40,79.4458523834776,0,1,1,79.4458523834776,0
41,0.0,0,1,0,74.1442875539969,0
42,2.40799836790665e-17,0,1,1,11.1965764034293,0
45,0.0,0,1,0,125.002553015281,0
50,49.2561419812893,0,1,1,49.2561419812893,0
52,14.3280673507785,0,1,1,14.3280673507785,0
