bus_number,bus_type,P_demand,Q_demand,voltage_mag,voltage_ang
1,1,64.4215073956506,0,1,-2.80471723649763
2,1,255.857434674862,0,1,-0.156321674477811
3,1,0.0,0,1,-1.36952477680184
4,1,0.0,0,1,-2.51743495747527
5,2,0.0,0,1,0.0710739089937523
6,1,179.935866766877,0,1,1.08587359968119
7,3,0.0,0,1,0.0
8,1,0.0,0,1,-2.72098937066548
9,1,0.0,0,1,-3.03599141285791
10,2,0.0,0,1,1.79650243832144
11,1,213.097092814657,0,1,-2.19366689489349
12,2,0.0,0,1,-0.49074002278338
13,1,265.365158853491,0,1,-3.66834815892498
14,2,0.0,0,1,-3.19802193733599
15,1,213.691779494875,0,1,-0.267348133632971
16,2,0.0,0,1,-2.72505223848786
17,1,0.0,0,1,0.289560331062642
18,1,5.68006654945405,0,1,-0.589448654290875
19,1,26.2247811582295,0,1,-4.18265643659573
20,2,0.0,0,1,-1.50616595533226
21,2,0.0,0,1,1.41200261630729
22,1,0.0,0,1,0.879004923918342
23,2,0.0,0,1,0.57572750360754
24,2,0.0,0,1,1.85479379197301
25,1,286.661189099531,0,1,-1.49284743478318
26,1,58.810501527266,0,1,0.642274722966203
27,2,0.0,0,1,1.87918749333412
28,1,0.0,0,1,-0.852301922314206
29,1,442.758192965396,0,1,-2.00437739022084
30,2,0.0,0,1,-0.444119649365144
31,2,0.0,0,1,-1.36383129665129
32,2,0.0,0,1,-0.037937456471774
33,2,0.0,0,1,1.16136452140155
34,1,0.0,0,1,-1.89455555875311
35,1,0.0,0,1,-1.22062088596153
36,1,0.0,0,1,0.262114308028374
37,2,0.0,0,1,-1.35620340474606
38,1,0.0,0,1,-1.78416209272085
39,1,36.3605589321286,0,1,-1.03331988279087
40,2,0.0,0,1,1.47578530996265
41,1,0.0,0,1,-1.66022217372677
42,1,0.0,0,1,-0.357394416198341
43,1,0.0,0,1,-0.502924849252084
44,2,0.0,0,1,-1.51479538587413
45,1,0.0,0,1,-2.0287042339594
46,2,0.0,0,1,0.352416734197376
47,2,0.0,0,1,-2.64175857084115
48,1,107.026305168695,0,1,-4.60239329594348
49,1,0.0,0,1,-0.451738069600439
50,1,108.8171758185,0,1,-0.709351419359174
51,2,0.0,0,1,-1.11403198471834
52,1,353.133455460916,0,1,-0.948156189111985
53,2,0.0,0,1,-0.337842668634471
54,1,0.0,0,1,-1.95795358672812
55,1,0.0,0,1,-2.39067075157695
56,2,0.0,0,1,-1.30651909600521
57,1,136.469526802073,0,1,-3.93245800765564
