bus_number,bus_type,P_demand,Q_demand,voltage_mag,voltage_ang
1,1,620.201499511642,0,1,-7.38058107068612
2,1,0.0,0,1,-5.04822261205877
3,3,0.0,0,1,0.0
4,1,0.0,0,1,-5.87140924205246
5,1,131.357117910642,0,1,-5.66927608951371
6,1,55.6009123401099,0,1,-7.50838395837631
7,2,0.0,0,1,-5.16300740171223
8,2,0.0,0,1,-6.33421754980907
9,1,0.0,0,1,-5.88790794958034
10,2,0.0,0,1,-5.80982532190329
11,1,0.0,0,1,-7.5317701534451
12,1,0.0,0,1,-7.86469011446114
13,1,0.0,0,1,-6.46334024786637
14,1,0.0,0,1,-6.66120339802927
15,2,0.0,0,1,-5.1773890085044
16,1,0.0,0,1,-6.32102111910785
17,1,464.784242322864,0,1,-7.01159452205779
18,2,0.0,0,1,-6.53294828227807
19,1,0.0,0,1,-7.06749454104104
20,1,0.0,0,1,-6.70013730771734
21,1,304.142808303427,0,1,-8.5845389372041
22,1,0.0,0,1,-7.4535895318968
23,2,0.0,0,1,-6.87000533030875
24,1,0.0,0,1,-6.07763107873298
25,2,0.0,0,1,-7.87041117874235
26,1,224.502997595032,0,1,-7.61270447136922
27,1,245.0609495667,0,1,-8.73171785918352
28,1,0.0,0,1,-5.8126433099355
29,1,0.0,0,1,-7.36965387499677
30,2,0.0,0,1,-4.97495965539485
31,1,219.253738298283,0,1,-8.54696936204852
32,1,0.0,0,1,-6.93788452221049
33,1,108.982288887759,0,1,-7.67967424602575
34,1,0.0,0,1,-9.43705907442572
35,1,0.0,0,1,-6.09469223169014
36,2,0.0,0,1,-2.8233647837573
37,1,0.0,0,1,-5.19193217048377
38,1,0.0,0,1,-6.29142512101498
39,2,0.0,0,1,-5.82472556401104
40,2,0.0,0,1,-4.77570869474331
41,1,125.442247424753,0,1,-10.4001566106185
42,1,0.0,0,1,-7.87982366043072
43,1,25.7650750397752,0,1,-5.78801385305086
44,2,0.0,0,1,-6.03373547382009
45,2,0.0,0,1,-6.39463116254379
46,1,0.0,0,1,-6.00488773084886
47,1,161.905958587109,0,1,-5.96765959321539
48,1,0.0,0,1,-6.10309514184982
49,1,0.0,0,1,-5.37319074885711
50,1,33.0651739554886,0,1,-12.9794458046251
51,2,0.0,0,1,-7.11234204058499
52,2,0.0,0,1,-6.64923437643088
53,1,0.0,0,1,-4.64341984885326
54,1,0.0,0,1,-5.73787815451574
55,1,0.0,0,1,-6.9775245209634
56,1,0.0,0,1,-6.02199189767923
57,1,34.2455837390163,0,1,-5.17286566491312
