bus_number,bus_type,P_demand,Q_demand,voltage_mag,voltage_ang
1,1,0.0,0,1,-1.05047330402722
2,1,0.0,0,1,-0.160964781825011
3,2,0.0,0,1,1.20600675017944
4,1,0.0,0,1,0.367685607116043
5,1,0.0,0,1,-1.01861644508754
6,3,0.0,0,1,0.0
7,2,0.0,0,1,0.635926701868325
8,1,0.0,0,1,0.33069388543765
9,1,0.0,0,1,-2.24294452236715
10,2,0.0,0,1,-1.50953676994067
11,1,0.0,0,1,-0.441370440977918
12,1,0.0,0,1,-5.68795028889224
13,1,0.0,0,1,0.945313546211493
14,1,177.712970265072,0,1,-2.96752131198625
15,1,0.0,0,1,-4.40519034173947
16,1,113.540630852065,0,1,-6.5926738639288
17,1,0.0,0,1,-3.18886283969314
18,1,0.0,0,1,-2.60939817726559
19,1,188.107215970647,0,1,-2.34864250571964
20,1,95.2582896260491,0,1,-0.246011414366529
21,1,669.317757747111,0,1,-2.69391006791181
22,1,149.661858903514,0,1,-2.08221645147327
23,1,0.0,0,1,-1.11774363793545
24,1,0.0,0,1,-0.824119109530889
25,1,0.0,0,1,-2.17182588480483
26,2,0.0,0,1,-2.37106837512428
27,2,0.0,0,1,0.868344588730221
28,2,0.0,0,1,-1.77437539848253
29,1,0.0,0,1,0.44835582870512
30,1,50.8409396572066,0,1,-0.785251524587776
31,1,0.0,0,1,-1.33093520389764
32,2,0.0,0,1,0.0146884172090058
33,1,0.0,0,1,-0.76770056713575
34,1,149.25076171829,0,1,0.293214845738948
35,1,134.967818228621,0,1,-0.420248832613709
36,1,0.0,0,1,-0.757344591359379
37,1,0.0,0,1,-3.36858614642486
38,2,0.0,0,1,0.788611689337819
39,1,30.9520818356144,0,1,-5.36076770709068
40,1,56.975322537748,0,1,-0.592213040048791
41,1,165.088446568836,0,1,-2.33452193708755
42,1,51.4411641312046,0,1,-5.55584659844078
43,2,0.0,0,1,-2.37106837512428
44,2,0.0,0,1,0.297658685626384
45,1,0.0,0,1,-1.66919397863582
46,1,312.340796144618,0,1,-1.29099631087574
47,2,0.0,0,1,-0.70448960407184
48,1,63.2502377919512,0,1,-2.03530366777089
49,1,0.0,0,1,-1.25792300952247
50,1,0.0,0,1,-1.68871910886663
51,1,0.0,0,1,-1.04326309061723
52,2,0.0,0,1,-0.474962169742691
53,1,190.46552343766,0,1,-1.79807127585762
54,1,0.0,0,1,0.361842067112604
55,2,0.0,0,1,-0.608343211649067
56,1,0.0,0,1,-1.05505029030227
57,1,0.0,0,1,-1.1807620755823
