bus_number,P_output,Q_output,voltage_mag,gen_status,P_max,P_min
1,335.363638734225,0,1,1,680.67120364175,0
4,28.5387552376981,0,1,1,28.5387552376981,0
7,10.2557296324913,0,1,1,114.617859994898,0
12,293.07946395813,0,1,1,309.181642093086,0
13,79.0654442851118,0,1,1,79.0654442851118,0
14,0.0,0,1,0,340.577669123662,0
15,24.5212850372633,0,1,1,24.5212850372633,0
17,191.14716478909,0,1,1,212.471747026955,0
19,16.1239691172096,0,1,1,16.1239691172097,0
22,0.0,0,1,0,159.145566945454,0
27,89.0162135565786,0,1,1,89.0162135565786,0
28,237.405189733145,0,1,1,237.405189733145,0
31,535.264481550769,0,1,1,535.264481550769,0
34,48.9566666188282,0,1,1,48.9566666188283,0
38,2.2511673658583e-14,0,1,1,15.8752266984894,0
39,82.4746176534014,0,1,1,82.4746176534014,0
42,41.4364359877822,0,1,1,41.4364359877822,0
43,-4.72399763394745e-15,0,1,1,101.269990872841,0
44,16.2572232513717,0,1,1,16.2572232513717,0
46,426.953419219942,0,1,1,426.953419219942,0
50,79.4809425817966,0,1,1,79.4809425817967,0
51,11.6052282296025,0,1,1,11.6052282296025,0
52,116.847293122865,0,1,1,116.847293122865,0
55,90.5174311853008,0,1,1,90.5174311853008,0
56,0.0,0,1,0,10.7659374373476,0
