bus_number,P_output,Q_output,voltage_mag,gen_status,P_max,P_min
1,212.698883448692,0,1,1,212.698883448692,0
14,895.314692657189,0,1,1,895.314692657189,0
18,0.0,0,1,0,183.677842840046,0
24,120.596962969022,0,1,1,120.596962969022,0
25,62.0349332271511,0,1,1,115.989075816418,0
26,770.365294909872,0,1,1,770.365294909872,0
34,65.911863118973,0,1,1,65.911863118973,0
36,643.091370243071,0,1,1,701.737386893604,0
40,0.0,0,1,0,390.043905404397,0
42,0.0,0,1,0,558.794255921733,0
44,0.0,0,1,0,174.323140510112,0
47,56.4680102882768,0,1,1,56.4680102882768,0
48,16.4564326459879,0,1,1,16.4564326459879,0
