bus_number,bus_type,P_demand,Q_demand,voltage_mag,voltage_ang
1,1,0.0,0,1,0.913365347226028
2,1,67.939462603953,0,1,1.35358712049212
3,1,0.0,0,1,1.37637241769743
4,2,0.0,0,1,1.95961323331107
5,1,17.4330128148195,0,1,0.0285925670825178
6,1,496.145769612959,0,1,-0.666514327209141
7,1,0.0,0,1,0.643792777266559
8,1,0.0,0,1,0.597396610513835
9,2,0.0,0,1,1.64634560646258
10,2,0.0,0,1,0.912637243877948
11,1,94.9208339312202,0,1,-0.108184404189989
12,3,0.0,0,1,0.0
13,1,0.0,0,1,-0.633614298281699
14,2,0.0,0,1,0.915434285857469
15,1,0.0,0,1,1.17914914523908
16,1,0.0,0,1,0.846027568895406
17,1,207.940264484097,0,1,0.0316236960065409
18,2,0.0,0,1,0.0155565633992604
19,1,0.0,0,1,1.0564848059632
20,1,0.0,0,1,0.0990479542224344
21,1,0.0,0,1,-0.388478936729995
22,1,67.8788927676743,0,1,-0.210781215089035
23,1,0.0,0,1,-1.00490834306477
24,2,0.0,0,1,1.59445674646727
25,2,0.0,0,1,0.995776320257175
26,1,205.582577768783,0,1,-1.77099569401552
27,2,0.0,0,1,-0.424320046315697
28,1,11.5884493402826,0,1,-3.14512469755796
29,1,60.0914855371296,0,1,-2.83912011645572
30,1,0.0,0,1,-1.45937593888004
31,1,450.201545265019,0,1,-0.436521121429789
32,1,0.0,0,1,0.713451189002269
33,1,774.836774528034,0,1,-2.13247929748825
34,1,0.0,0,1,0.711161814419612
35,1,0.0,0,1,-0.577070479420549
36,2,0.0,0,1,-1.33585225518105
37,1,0.0,0,1,-0.336020102560893
38,2,0.0,0,1,-1.09109198596341
39,2,0.0,0,1,-1.8626959581594
40,2,0.0,0,1,0.716092136176448
41,2,0.0,0,1,0.713698885771546
42,1,0.0,0,1,-0.406845824137466
43,2,0.0,0,1,0.706469207978768
44,1,0.0,0,1,-0.245192511605026
45,1,0.0,0,1,-0.872123692996092
46,2,0.0,0,1,-0.420061354176315
47,1,81.108239613951,0,1,-0.0912694869937275
48,1,0.0,0,1,-1.27558952814511
49,1,0.0,0,1,-0.312083022030921
50,1,0.0,0,1,0.802197101117983
51,1,109.205396674535,0,1,-2.56026988279578
52,1,0.0,0,1,0.577884297597703
53,2,0.0,0,1,0.224860883205454
54,1,109.437888540144,0,1,0.0301208103580791
55,1,0.0,0,1,0.902023233551507
56,1,0.0,0,1,0.630409008470816
57,1,0.0,0,1,-0.634362876514731
