bus_number,bus_type,P_demand,Q_demand,voltage_mag,voltage_ang
1,1,0.0,0,1,-0.757990268968857
2,2,0.0,0,1,2.08329904892537
3,1,0.0,0,1,-0.350802035829774
4,2,0.0,0,1,-0.14997432894371
5,1,0.0,0,1,1.69488303337573
6,1,258.20914133938,0,1,-0.577606774107105
7,1,0.0,0,1,0.170709779556313
8,2,0.0,0,1,0.0636616994268574
9,1,203.16272113068,0,1,-0.578887510089497
10,1,138.795810737203,0,1,-1.07718772376675
11,1,150.729647561996,0,1,-1.69902132660678
12,1,0.0,0,1,-0.0333168407002957
13,2,0.0,0,1,0.0842965647363746
14,2,0.0,0,1,1.08494591825435
15,2,0.0,0,1,0.762014864208064
16,1,0.0,0,1,0.381390847376028
17,1,17.1937279890045,0,1,-0.560860894187249
18,1,303.194989863031,0,1,-0.541632245525834
19,1,0.0,0,1,0.272472984628384
20,1,0.0,0,1,-0.590358814682652
21,1,85.0877284401927,0,1,-0.0583405687217251
22,1,125.55737099062,0,1,-0.179539854447898
23,1,0.0,0,1,-0.166449877805224
24,2,0.0,0,1,0.642035135027267
25,2,0.0,0,1,0.321316356032247
26,2,0.0,0,1,0.142244876339622
27,2,0.0,0,1,0.105996221599248
28,1,222.841079005041,0,1,-0.0713881282360446
29,1,0.0,0,1,0.464636146263206
30,1,0.0,0,1,0.0
31,2,0.0,0,1,0.179060054795135
32,1,541.402650904233,0,1,0.0258116186717442
33,1,0.0,0,1,0.0353179742753237
34,2,0.0,0,1,0.621945445605192
35,1,329.142183486278,0,1,-0.432685896810002
36,2,0.0,0,1,0.21726104040756
37,2,0.0,0,1,-0.186409936611625
38,1,171.678070944477,0,1,-0.685415136109934
39,3,0.0,0,1,0.0
40,1,0.0,0,1,-0.456630226390063
41,2,0.0,0,1,0.453832932777425
42,2,0.0,0,1,0.399525573729402
43,1,0.0,0,1,-0.572594818638845
44,1,0.0,0,1,0.703502878214809
45,2,0.0,0,1,2.7205989753967
46,1,0.0,0,1,-0.0108954395137933
47,1,0.0,0,1,1.784969705532
48,1,0.0,0,1,2.09359401527785
49,1,82.4323083595049,0,1,1.22973928819279
50,2,0.0,0,1,2.33949526166376
51,1,0.0,0,1,0.647926903863435
52,1,0.0,0,1,-0.0413910923881884
53,1,0.0,0,1,1.18085327467472
54,1,124.883162730961,0,1,1.77998005306115
55,1,0.0,0,1,0.576617400766442
56,2,0.0,0,1,0.98457835383494
57,1,0.0,0,1,-0.347431967722699
