bus_number,P_output,Q_output,voltage_mag,gen_status,P_max,P_min
2,596.038498512966,0,1,1,779.091399203439,0
5,-1.18560586781084e-13,0,1,1,181.143879634931,0
7,292.911951356875,0,1,1,292.911951356876,0
8,1.70911993739249e-12,0,1,1,26.8062545376705,0
10,0.0,0,1,0,2.98856440907477,0
14,314.874328324854,0,1,1,613.566842782256,0
16,208.280856319026,0,1,1,208.280856319026,0
20,0.0,0,1,0,325.884533254137,0
21,241.921114608123,0,1,1,241.921114608159,0
24,65.7929914692908,0,1,1,65.7929914692903,0
27,96.7554486649851,0,1,1,123.457876945744,0
30,185.859058165782,0,1,1,185.859058165781,0
32,0.0,0,1,0,462.796078677216,0
41,276.394664762435,0,1,1,276.394664762455,0
45,77.5786297077811,0,1,1,77.5786297077802,0
46,231.810590299831,0,1,1,231.810590299831,0
50,39.2030457287248,0,1,1,39.2030457287265,0
52,1.44796241112731,0,1,1,1.44796241112588,0
55,125.441453150801,0,1,1,125.441453150801,0
