cost_model,startup,shutdown,n_coefficients,coeff_n,coeff1,coeff0
2,0,0,3,0.0036332029736479,32.5168092244623,1347.10052530231
2,0,0,3,0.0,0.0,0.0
2,0,0,3,0.0030858199879459,54.1384625015265,260.918110799179
2,0,0,3,0.0045347048313094,27.9251800985919,557.384440628152
2,0,0,3,0.0,0.0,0.0
2,0,0,3,0.0062361613216011,43.2545426630738,2492.10722757374
2,0,0,3,0.003012001851075,31.4864002400944,2260.54892385016
2,0,0,3,0.0,0.0,0.0
2,0,0,3,0.0,0.0,0.0
2,0,0,3,0.0,0.0,0.0
2,0,0,3,0.0,0.0,0.0
2,0,0,3,0.0,0.0,0.0
2,0,0,3,0.0,0.0,0.0
