cost_model,startup,shutdown,n_coefficients,coeff_n,coeff1,coeff0
2,0,0,3,0.0,0.0,0.0
2,0,0,3,0.0036910883636491,26.5868870260066,13.2162945988069
2,0,0,3,0.0039909787488991,50.9534648325358,2.10090222337924
2,0,0,3,0.0,0.0,0.0
2,0,0,3,0.0048721567516498,28.1745964250029,3243.18459105866
2,0,0,3,0.0,0.0,0.0
2,0,0,3,0.0,0.0,0.0
2,0,0,3,0.0061154112797939,36.1889029509708,391.88521462354
2,0,0,3,0.0062380444771117,51.2508240667193,1575.93948329887
2,0,0,3,0.0,0.0,0.0
2,0,0,3,0.0,0.0,0.0
2,0,0,3,0.0,0.0,0.0
2,0,0,3,0.0,0.0,0.0
2,0,0,3,0.0025209174891948,51.3391654649759,59.8764095213924
