cost_model,startup,shutdown,n_coefficients,coeff_n,coeff1,coeff0
2,0,0,3,0.0062625338648189,27.4247365514267,608.705020269168
2,0,0,3,0.0,0.0,0.0
2,0,0,3,0.0,0.0,0.0
2,0,0,3,0.0,0.0,0.0
2,0,0,3,0.0,0.0,0.0
2,0,0,3,0.0,0.0,0.0
2,0,0,3,0.0045742445892422,43.595021045273,244.924714909769
2,0,0,3,0.0,0.0,0.0
2,0,0,3,0.0064304228794378,38.4939562618349,3133.06976249082
2,0,0,3,0.0077475198880533,27.95675433038,228.040164045762
2,0,0,3,0.0,0.0,0.0
2,0,0,3,0.0,0.0,0.0
