cost_model,startup,shutdown,n_coefficients,coeff_n,coeff1,coeff0
2,0,0,3,0.0058078236384468,29.9794503539797,3262.42678206692
2,0,0,3,0.0,0.0,0.0
2,0,0,3,0.0,0.0,0.0
2,0,0,3,0.0028629586111883,52.0166778331844,2505.73208832709
2,0,0,3,0.0,0.0,0.0
2,0,0,3,0.0059025718708727,55.2145286537107,483.884117321223
2,0,0,3,0.0037706678659973,49.5930195225381,467.737208288959
2,0,0,3,0.0,0.0,0.0
2,0,0,3,0.0026746896190819,37.2247779372015,161.528186956496
2,0,0,3,0.0,0.0,0.0
2,0,0,3,0.0,0.0,0.0
2,0,0,3,0.0,0.0,0.0
2,0,0,3,0.0,0.0,0.0
2,0,0,3,0.0077378157168634,26.534944511502,1232.44539211357
2,0,0,3,0.0,0.0,0.0
2,0,0,3,0.0,0.0,0.0
