bus_number,P_output,Q_output,voltage_mag,gen_status,P_max,P_min
2,9.51927555286405,0,1,1,9.51927555306703,0
7,186.840449496608,0,1,1,186.840449496564,0
9,0.0,0,1,0,330.173823812231,0
10,22.7471078139992,0,1,1,22.7471078139925,0
11,0.0,0,1,0,331.47870799301,0
16,70.1355502677474,0,1,1,70.1355502677148,0
19,755.036852154942,0,1,1,862.0410048179,0
21,320.686407636151,0,1,1,474.35367448244,0
25,39.7135674329593,0,1,1,39.713567432983,0
28,0.0,0,1,0,144.502829440959,0
31,167.902984527854,0,1,1,167.902984527863,0
33,651.089437546252,0,1,1,651.08943754627,0
34,473.522299636873,0,1,1,473.522299636843,0
43,0.0,0,1,0,441.240373186156,0
48,19.7453446173387,0,1,1,19.7453446173705,0
51,37.3713167989646,0,1,1,37.3713167989598,0
