bus_number,P_output,Q_output,voltage_mag,gen_status,P_max,P_min
4,433.739125248019,0,1,1,433.73912524903,0
7,613.752717956793,0,1,1,1063.7390151974,0
13,375.79004565294,0,1,1,375.790045653088,0
19,0.0,0,1,0,239.089570043861,0
23,280.198325443014,0,1,1,280.198325443177,0
25,189.749546917338,0,1,1,189.749546917537,0
26,3.8127400352946103e-10,0,1,1,168.123597539902,0
28,27.239480969971,0,1,1,261.751895118388,0
29,51.2441312037469,0,1,1,85.0578246032054,0
36,0.0,0,1,0,117.981260659903,0
38,7.97121868504172,0,1,1,7.9712186851233,0
42,519.829307894991,0,1,1,519.829307895188,0
56,241.874095035713,0,1,1,241.874095035713,0
