cost_model,startup,shutdown,n_coefficients,coeff_n,coeff1,coeff0
2,0,0,3,0.0,0.0,0.0
2,0,0,3,0.0048367276713181,36.1549658741725,259.059159768442
2,0,0,3,0.0,0.0,0.0
2,0,0,3,0.0,0.0,0.0
2,0,0,3,0.0038046422258643,53.6229575144357,3233.53685541972
2,0,0,3,0.0,0.0,0.0
2,0,0,3,0.0,0.0,0.0
2,0,0,3,0.0,0.0,0.0
2,0,0,3,0.0,0.0,0.0
2,0,0,3,0.0,0.0,0.0
2,0,0,3,0.0,0.0,0.0
2,0,0,3,0.0,0.0,0.0
2,0,0,3,0.006355682939123,48.7470562992806,423.768873047771
2,0,0,3,0.0,0.0,0.0
2,0,0,3,0.0061852132254692,40.850546128288,152.627342623971
2,0,0,3,0.0066808727828161,30.2146594405367,48.1606037845275
2,0,0,3,0.0060192154798841,36.3024099114589,86.5374089931034
2,0,0,3,0.0,0.0,0.0
2,0,0,3,0.0055326855617786,42.040343405238,489.970368277791
2,0,0,3,0.0033707597813429,32.1891267748642,77.8063677370789
2,0,0,3,0.0,0.0,0.0
2,0,0,3,0.0,0.0,0.0
2,0,0,3,0.0062192214023304,42.8508153497318,444.341515450277
2,0,0,3,0.0,0.0,0.0
