bus_number,P_output,Q_output,voltage_mag,gen_status,P_max,P_min
3,599.704235504025,0,1,1,861.277123286566,0
5,0.0,0,1,0,241.122936213328,0
8,523.661431187024,0,1,1,523.661431187607,0
10,325.842535550916,0,1,1,325.842535553943,0
20,14.8961330432075,0,1,1,14.896133043294,0
22,528.729669852579,0,1,1,528.729669852651,0
24,0.0,0,1,0,519.068171664,0
32,0.0,0,1,0,252.671985128261,0
39,54.9380378815893,0,1,1,54.9380378816763,0
42,150.873508101584,0,1,1,150.873508101681,0
44,0.0,0,1,0,417.48815903575,0
46,99.8335187843059,0,1,1,99.8335187844208,0
47,110.191332553461,0,1,1,110.191332553544,0
48,97.3672568517156,0,1,1,97.3672568517975,0
49,30.4409737812557,0,1,1,30.4409737813383,0
53,33.9749745018208,0,1,1,33.9749745044621,0
