cost_model,startup,shutdown,n_coefficients,coeff_n,coeff1,coeff0
2,0,0,3,0.0,0.0,0.0
2,0,0,3,0.0035580197714982,47.4022258724198,2456.62436194709
2,0,0,3,0.0,0.0,0.0
2,0,0,3,0.007569593598427,44.1342608102846,2524.43773884818
2,0,0,3,0.0051342243519028,44.5165959166484,540.766439995074
2,0,0,3,0.0,0.0,0.0
2,0,0,3,0.0,0.0,0.0
2,0,0,3,0.0036669876369095,31.1213234150286,277.323242000238
2,0,0,3,0.004351395850522,56.5611331026566,79.283616002785
2,0,0,3,0.0,0.0,0.0
2,0,0,3,0.0,0.0,0.0
2,0,0,3,0.0,0.0,0.0
2,0,0,3,0.0,0.0,0.0
2,0,0,3,0.0053556659751753,52.472527559111,504.399654414652
2,0,0,3,0.0,0.0,0.0
2,0,0,3,0.0,0.0,0.0
