bus_number,P_output,Q_output,voltage_mag,gen_status,P_max,P_min
2,0.0,0,1,0,237.157272095495,0
4,793.006089395433,0,1,1,1027.00160155357,0
6,13.863602308951,0,1,1,13.8636023090071,0
11,0.0,0,1,0,479.314203401002,0
14,74.2711324470717,0,1,1,74.2711324471205,0
24,362.33060639992,0,1,1,362.330606400197,0
29,495.955127808152,0,1,1,719.937479499985,0
34,0.0,0,1,0,83.4787016116102,0
40,0.0,0,1,0,191.775824456905,0
47,162.294306462649,0,1,1,162.294306464088,0
48,0.0,0,1,0,58.3632885240736,0
49,162.662448379383,0,1,1,162.662448380117,0
50,30.4300645843817,0,1,1,30.430064584446,0
52,659.49721569666,0,1,1,659.497215696706,0
