cost_model,startup,shutdown,n_coefficients,coeff_n,coeff1,coeff0
2,0,0,3,0.0040132811355789,55.9537716247342,529.032820761807
2,0,0,3,0.0071719447929579,54.8904467537953,1664.34232780475
2,0,0,3,0.0,0.0,0.0
2,0,0,3,0.0,0.0,0.0
2,0,0,3,0.0,0.0,0.0
2,0,0,3,0.0039477984379589,34.4875158918376,359.043761560504
2,0,0,3,0.0,0.0,0.0
2,0,0,3,0.0,0.0,0.0
2,0,0,3,0.0,0.0,0.0
2,0,0,3,0.0071858205883793,29.6484063057024,128.293250595537
2,0,0,3,0.0,0.0,0.0
2,0,0,3,0.0,0.0,0.0
2,0,0,3,0.0050013003398054,44.8662454703083,576.80310625597
2,0,0,3,0.0025050410968037,51.5606112556971,580.303466377282
2,0,0,3,0.0036313017996934,24.7647318958395,25.8372606747832
2,0,0,3,0.0,0.0,0.0
2,0,0,3,0.0,0.0,0.0
2,0,0,3,0.0,0.0,0.0
2,0,0,3,0.0033880303277402,54.7224485508553,566.76542963606
2,0,0,3,0.0,0.0,0.0
2,0,0,3,0.0,0.0,0.0
2,0,0,3,0.0,0.0,0.0
2,0,0,3,0.0,0.0,0.0
2,0,0,3,0.0,0.0,0.0
2,0,0,3,0.0047741313823364,28.1336746900862,152.590510565764
2,0,0,3,0.0065062629673747,48.9592904434306,310.432584204646
2,0,0,3,0.0055793640744573,47.1888630971954,132.922898035254
2,0,0,3,0.0,0.0,0.0
2,0,0,3,0.0,0.0,0.0
