bus_number,bus_type,P_demand,Q_demand,voltage_mag,voltage_ang
1,2,0.0,0,1,-1.58847394321591
2,1,0.0,0,1,-0.888867286226213
3,2,0.0,0,1,-0.895018279640932
4,2,0.0,0,1,-3.5153595316764
5,1,0.0,0,1,-3.23670559096481
6,2,0.0,0,1,0.042748057096931
7,1,34.4312291803896,0,1,-2.69493369085838
8,1,0.0,0,1,-2.9718042663043
9,2,0.0,0,1,2.99168884924117
10,1,0.0,0,1,-2.47661876410072
11,1,0.0,0,1,-2.64129359032858
12,2,0.0,0,1,-1.28000246090614
13,1,0.0,0,1,-1.36412384482892
14,2,0.0,0,1,-1.74474224007958
15,1,401.001507963636,0,1,-4.01090991098094
16,1,0.0,0,1,-2.1569610377309
17,3,0.0,0,1,0.0
18,1,380.267709459665,0,1,-3.69316346407448
19,1,0.0,0,1,-2.78988577353419
20,2,0.0,0,1,-2.13824114207065
21,1,0.0,0,1,-2.60607397564449
22,1,0.0,0,1,-1.68748109061122
23,1,0.0,0,1,-2.97838355849764
24,1,66.0094140817053,0,1,-3.27017384041052
25,1,0.0,0,1,-3.42097877468551
26,1,0.0,0,1,-2.56840357036225
27,1,0.0,0,1,-2.42733180156549
28,1,0.0,0,1,-2.12364888057069
29,1,435.806976532857,0,1,-3.16464797325614
30,2,0.0,0,1,-2.12820644888691
31,1,74.8104870610861,0,1,-5.07203062343948
32,1,0.0,0,1,-4.80811787643565
33,1,0.0,0,1,-4.73355377397953
34,1,0.0,0,1,-9.68138692222791
35,1,127.456264902655,0,1,-2.21857889342873
36,1,0.0,0,1,-7.03974309739494
37,2,0.0,0,1,-6.92786049015428
38,1,378.120954944357,0,1,-4.57937835387277
39,1,0.0,0,1,-3.89730237601998
40,1,0.0,0,1,-2.70952908225666
41,1,0.0,0,1,-5.50128098042101
42,1,45.1518946981463,0,1,-3.70073144697168
43,1,91.9785976456436,0,1,-11.4233367237509
44,1,0.0,0,1,-2.11310164905698
45,1,0.0,0,1,-6.02406001507021
46,1,160.066638200576,0,1,-7.16348078285947
47,1,0.0,0,1,-3.17432699415831
48,1,0.0,0,1,-3.74202721296716
49,1,13.5514811835653,0,1,-1.17297166754971
50,2,0.0,0,1,-0.249380626368431
51,2,0.0,0,1,-2.16747597148788
52,1,0.0,0,1,-1.90826837329993
53,2,0.0,0,1,0.131540857433406
54,1,0.0,0,1,-1.71195784183847
55,1,0.0,0,1,-2.39992676268693
56,1,0.0,0,1,-1.16998263567922
57,1,545.657437628319,0,1,-3.92094039128508
