bus_number,P_output,Q_output,voltage_mag,gen_status,P_max,P_min
2,0.0,0,1,0,70.4550412740195,0
7,18.927328697866,0,1,1,18.927328699228,0
12,1122.44934785541,0,1,1,1297.40620731051,0
13,1033.73133964722,0,1,1,1033.7313396473,0
25,26.4382823526556,0,1,1,26.4382823533809,0
31,0.0,0,1,0,518.357699243989,0
33,320.105633124175,0,1,1,374.562630611768,0
34,0.0,0,1,0,168.606605786632,0
36,5.6623760406662694e-11,0,1,1,130.971540335483,0
42,0.0,0,1,0,565.648377941263,0
46,2.45014744888862e-10,0,1,1,57.2726942207507,0
