cost_model,startup,shutdown,n_coefficients,coeff_n,coeff1,coeff0
2,0,0,3,0.0,0.0,0.0
2,0,0,3,0.0,0.0,0.0
2,0,0,3,0.0064352474435326,56.802402003306,166.732172843946
2,0,0,3,0.0053834218010945,30.129586349199,1612.97833595118
2,0,0,3,0.005235494925031,32.7765419231458,375.528733399659
2,0,0,3,0.0,0.0,0.0
2,0,0,3,0.0,0.0,0.0
2,0,0,3,0.0044222957706836,32.9427864048017,53.3864847692943
2,0,0,3,0.0,0.0,0.0
2,0,0,3,0.0024829360631021,36.8499387351384,1607.68301254948
2,0,0,3,0.0,0.0,0.0
2,0,0,3,0.0,0.0,0.0
2,0,0,3,0.0072093652866849,44.1574054399749,585.705634665834
2,0,0,3,0.0,0.0,0.0
2,0,0,3,0.006130875780984,31.4483015522603,280.357779718734
2,0,0,3,0.0,0.0,0.0
2,0,0,3,0.0062470499015958,37.2768332440561,56.0790881494684
2,0,0,3,0.0,0.0,0.0
2,0,0,3,0.0,0.0,0.0
