cost_model,startup,shutdown,n_coefficients,coeff_n,coeff1,coeff0
2,0,0,3,0.0030071838359165,40.0748565729758,88.2872023102258
2,0,0,3,0.0029939929741676,41.3886680142885,1517.19068889204
2,0,0,3,0.0,0.0,0.0
2,0,0,3,0.0,0.0,0.0
2,0,0,3,0.0060486384137294,47.881804007243,473.682501575848
2,0,0,3,0.0077794712170893,24.2920628496283,306.039084388156
2,0,0,3,0.0,0.0,0.0
2,0,0,3,0.0,0.0,0.0
2,0,0,3,0.0021498923519673,35.1119934819263,250.49931498822
2,0,0,3,0.0,0.0,0.0
2,0,0,3,0.0,0.0,0.0
2,0,0,3,0.0051106783167652,32.0366139879689,387.990021029709
2,0,0,3,0.0,0.0,0.0
2,0,0,3,0.0,0.0,0.0
2,0,0,3,0.0035298091458529,38.924519346468,3236.49797020752
2,0,0,3,0.0,0.0,0.0
2,0,0,3,0.0072588599834017,53.309457451074,561.754423215013
2,0,0,3,0.0,0.0,0.0
2,0,0,3,0.004455631972106,52.7172543858865,317.797443894739
2,0,0,3,0.0,0.0,0.0
2,0,0,3,0.0,0.0,0.0
2,0,0,3,0.0,0.0,0.0
2,0,0,3,0.0,0.0,0.0
