cost_model,startup,shutdown,n_coefficients,coeff_n,coeff1,coeff0
2,0,0,3,0.0,0.0,0.0
2,0,0,3,0.0039726963023994,36.6422447375212,1340.61931739058
2,0,0,3,0.0078218105628665,32.8096845558854,547.260973533011
2,0,0,3,0.0,0.0,0.0
2,0,0,3,0.0020297114280528,36.4633465466459,303.134449736855
2,0,0,3,0.0,0.0,0.0
2,0,0,3,0.0,0.0,0.0
2,0,0,3,0.0047947967978521,30.7696462267244,636.735394433483
2,0,0,3,0.0,0.0,0.0
2,0,0,3,0.0,0.0,0.0
2,0,0,3,0.0,0.0,0.0
2,0,0,3,0.0,0.0,0.0
