bus_number,P_output,Q_output,voltage_mag,gen_status,P_max,P_min
6,356.890384446719,0,1,1,356.890384447862,0
8,296.409233641401,0,1,1,296.409233644797,0
9,69.6620276891176,0,1,1,69.6620276896115,0
11,0.0,0,1,0,287.219082158906,0
13,126.249314417047,0,1,1,265.54923679878,0
14,0.0,0,1,0,293.166416742736,0
19,0.0,0,1,0,162.120219746275,0
28,466.25317049381,0,1,1,575.582629257638,0
29,0.0,0,1,0,108.527488783907,0
31,23.802530354648,0,1,1,23.8025303546482,0
36,73.5284069225588,0,1,1,73.5284069229453,0
37,496.406916645432,0,1,1,496.406916646592,0
41,132.44014611899,0,1,1,392.563574502536,0
43,259.595267234497,0,1,1,259.595267236135,0
45,1.75180388337656,0,1,1,1.75180388754977,0
48,489.774410412014,0,1,1,489.774411271235,0
50,84.3526268417078,0,1,1,84.352654807297,0
54,7.94910296829168e-10,0,1,1,25.4754625248694,0
