bus_number,bus_type,P_demand,Q_demand,voltage_mag,voltage_ang
1,1,0.0,0,1,-0.366411102810292
2,2,0.0,0,1,-1.52712982214077
3,1,0.0,0,1,-2.16195818568499
4,1,46.8154542332299,0,1,-1.75053348209966
5,3,0.0,0,1,0.0
6,1,540.590946517427,0,1,-2.28048041226522
7,1,0.0,0,1,0.0381206111365873
8,2,0.0,0,1,-2.16195818568499
9,1,0.0,0,1,0.573903116820052
10,1,390.40617547407,0,1,-2.53680191063188
11,1,0.0,0,1,-0.302510056914721
12,1,0.0,0,1,0.471461979205753
13,1,440.63837020029,0,1,-0.667519598891469
14,2,0.0,0,1,-0.211994710247624
15,1,0.0,0,1,0.43992940038859
16,1,0.0,0,1,0.491528929153294
17,2,0.0,0,1,1.02449189367519
18,2,0.0,0,1,-0.996072508555351
19,1,0.0,0,1,-0.0885504161657683
20,1,55.7218525129776,0,1,0.330235848640081
21,2,0.0,0,1,0.843123553745032
22,2,0.0,0,1,-0.658041931100662
23,1,0.0,0,1,-1.133566112568
24,1,0.0,0,1,-0.176909922630924
25,2,0.0,0,1,3.36502759595566
26,1,0.0,0,1,0.288618408471195
27,1,185.292387591877,0,1,-1.14331777094943
28,2,0.0,0,1,3.36502759595566
29,2,0.0,0,1,-0.993685628304801
30,1,0.0,0,1,-2.74982141557803
31,1,30.0455424811882,0,1,-3.00702391648328
32,1,0.0,0,1,-1.74296406739781
33,1,0.0,0,1,-1.98659108866368
34,1,0.0,0,1,-2.65114602672319
35,2,0.0,0,1,-2.170114928048
36,1,0.0,0,1,-2.44898558748082
37,2,0.0,0,1,-2.17019216474116
38,1,0.0,0,1,-1.74673748525462
39,1,169.495137622271,0,1,-2.82367601841208
40,1,54.4409088496686,0,1,-3.0983542178596
41,1,27.6715543364122,0,1,-1.17510127331604
42,2,0.0,0,1,-1.86923453243625
43,1,0.0,0,1,-1.95795894299288
44,1,0.0,0,1,-1.74702826626967
45,1,130.040305863788,0,1,-3.38745321624438
46,1,0.0,0,1,-1.19963106594956
47,2,0.0,0,1,-1.55418429030896
48,1,520.329566979706,0,1,-1.26402396451126
49,1,0.0,0,1,-0.749812062115298
50,1,0.0,0,1,-1.69673439164635
51,1,67.3174762460915,0,1,-1.01437890064886
52,2,0.0,0,1,-0.623067794458279
53,1,0.0,0,1,-1.04058596321944
54,2,0.0,0,1,-2.09083698803387
55,1,0.0,0,1,-1.31279490885161
56,1,95.5049145736046,0,1,-1.37041446472209
57,1,0.0,0,1,-0.521253891095624
