bus_number,P_output,Q_output,voltage_mag,gen_status,P_max,P_min
4,398.905659990014,0,1,1,585.779087719691,0
6,0.0,0,1,0,240.744544644169,0
9,0.0,0,1,0,87.8393285442434,0
11,43.0846407045959,0,1,1,43.0846407045978,0
15,0.0,0,1,0,78.0994363362844,0
18,129.96471642504,0,1,1,129.964716425042,0
21,0.0,0,1,0,44.2451330174977,0
22,0.0,0,1,0,324.499162052834,0
24,557.565505439241,0,1,1,557.565505439253,0
28,445.615772197392,0,1,1,445.615772197393,0
32,182.393771565734,0,1,1,182.393771565736,0
37,7.024033803551989e-16,0,1,1,5.67863046418088,0
40,9.10030971646053,0,1,1,9.10030971646263,0
41,185.252986332872,0,1,1,288.017126498631,0
43,44.9724474326897,0,1,1,44.9724474326916,0
47,7.85989363212216,0,1,1,7.85989363214351,0
49,0.0,0,1,0,315.10618957648,0
50,120.928029818816,0,1,1,120.928029818818,0
53,492.702053994213,0,1,1,492.702053994214,0
55,36.0085227457054,0,1,1,36.0085227457069,0
57,0.0,0,1,0,222.173444898251,0
