bus_number,bus_type,P_demand,Q_demand,voltage_mag,voltage_ang
1,1,13.6066469603275,0,1,-9.23058413813011
2,1,0.0,0,1,-7.98709340919026
3,2,0.0,0,1,-1.10767561763057
4,1,231.993667928378,0,1,-9.59597502207224
5,1,5.91716569150322,0,1,-4.36176121260187
6,1,167.318042788433,0,1,-8.6627201806117
7,1,0.0,0,1,-4.68797747112088
8,2,0.0,0,1,-6.16429652425142
9,1,345.444054022109,0,1,-7.33615508787561
10,1,154.737455684193,0,1,-3.83446578504026
11,1,95.6805060168426,0,1,-8.86527959178314
12,1,0.0,0,1,-4.28061811314497
13,1,0.0,0,1,-3.15778716475717
14,1,71.4028912989077,0,1,-9.19184991237567
15,1,0.0,0,1,-3.00799739854003
16,2,0.0,0,1,-7.3440057538033
17,1,0.0,0,1,-6.6743732395186
18,1,22.8675264550869,0,1,-2.27651890007214
19,1,68.0445310958137,0,1,-6.94711112197421
20,2,0.0,0,1,-1.42822232475594
21,1,219.441442824632,0,1,-8.46189077139581
22,2,0.0,0,1,-4.31806053160782
23,1,44.705856609654,0,1,-2.55923701749661
24,1,77.107839574482,0,1,-8.31186248748663
25,1,75.4028489542199,0,1,-8.24155849678527
26,2,0.0,0,1,-6.55195931698246
27,1,18.9926206394906,0,1,-8.78752517738882
28,2,0.0,0,1,-6.30106022036448
29,1,16.4741887954718,0,1,-7.56670570595214
30,2,0.0,0,1,-4.0828435404485
31,1,106.841469548404,0,1,-6.00690623786871
32,1,7.3974461187927,0,1,-3.14269102793847
33,2,0.0,0,1,-4.68631837021455
34,1,74.978943549157,0,1,-6.70414908002161
35,1,225.86448573184,0,1,-9.66738310037118
36,2,0.0,0,1,-6.70211166226145
37,1,0.0,0,1,-4.92429337736817
38,1,0.0,0,1,-7.08304433696423
39,1,0.0,0,1,-6.14680735894255
40,1,7.93117933662296,0,1,-2.88938212412326
41,1,169.829454328625,0,1,-3.56720883902285
42,2,0.0,0,1,-5.83802126904745
43,1,0.0,0,1,-4.39729849436263
44,1,16.6912032102067,0,1,-6.74288338891978
45,2,0.0,0,1,-1.07052710036199
46,1,34.0371374559541,0,1,-8.37421916051388
47,1,137.782436130331,0,1,-8.01326118576201
48,2,0.0,0,1,-3.8542335855106
49,1,4.06049304732613,0,1,-3.07069599990031
50,1,0.0,0,1,-6.41219561507339
51,1,32.5614980241793,0,1,-3.92131079712423
52,1,25.62698705009,0,1,-6.81093598457087
53,3,0.0,0,1,0.0
54,1,31.5876447410322,0,1,-7.68932557879406
55,1,33.5421868140944,0,1,-4.6862981196452
56,1,216.440743056401,0,1,-4.02290794459356
57,1,0.0,0,1,-5.33614459230361
