bus_number,bus_type,P_demand,Q_demand,voltage_mag,voltage_ang
1,1,0.0,0,1,-1.49598502823174
2,2,0.0,0,1,-1.1739449234205
3,1,186.980811956895,0,1,-2.34486024962607
4,1,0.0,0,1,-1.23921528879537
5,1,22.3624736605243,0,1,-0.241722486848385
6,1,0.0,0,1,-0.895352077797866
7,2,0.0,0,1,-0.64602250092094
8,3,0.0,0,1,0.0
9,1,0.0,0,1,-0.550842222945128
10,1,0.0,0,1,-1.49852723274414
11,1,0.0,0,1,-1.07519762205187
12,1,240.143293606746,0,1,-1.20269075551631
13,2,0.0,0,1,-1.60142758894936
14,2,0.0,0,1,-0.718083108071782
15,1,136.866445381144,0,1,-1.34077542358736
16,1,0.0,0,1,-2.30026746741215
17,2,0.0,0,1,-2.18677233864296
18,1,308.698598847938,0,1,-2.64133559863381
19,1,0.0,0,1,-2.10564067308106
20,1,0.0,0,1,-2.97684916005655
21,1,107.081521571781,0,1,-3.54446034008069
22,1,141.437411364424,0,1,-3.03542036405886
23,1,0.0,0,1,-1.9849549572017
24,2,0.0,0,1,-2.4315060005675
25,2,0.0,0,1,-1.7478817719024
26,1,0.0,0,1,-2.2176967402194
27,1,0.0,0,1,-1.41950001092373
28,1,194.237279865369,0,1,-4.2331445207949
29,1,102.441984087824,0,1,-3.59092155601474
30,1,0.0,0,1,-2.99036911832519
31,2,0.0,0,1,-0.0424328311448759
32,1,0.0,0,1,-1.44799492567404
33,2,0.0,0,1,-1.68779057506803
34,1,525.863879446187,0,1,-2.56096893550337
35,1,5.22579691687222,0,1,-1.39953362384396
36,1,86.9572781815009,0,1,-2.29139183922805
37,1,0.0,0,1,-2.4264330289744
38,1,0.0,0,1,-1.59799010032428
39,1,0.0,0,1,-1.75899394681449
40,1,117.5635062087,0,1,-1.54862518032708
41,2,0.0,0,1,-0.958670928736544
42,2,0.0,0,1,-0.776209996762362
43,1,267.865918872177,0,1,-2.45317620165203
44,1,0.0,0,1,-1.95631940176662
45,1,109.959088439183,0,1,-2.97859587427345
46,1,0.0,0,1,-2.21597536260519
47,2,0.0,0,1,-0.632547599443514
48,1,20.5339046266909,0,1,0.348988466864439
49,1,0.0,0,1,-1.43736490949289
50,2,0.0,0,1,-2.86323841140289
51,1,0.0,0,1,1.22236892050037
52,1,48.8582559195855,0,1,-1.03273387172034
53,1,7.41610268724902,0,1,-3.18986920119167
54,1,0.0,0,1,-0.556740152384255
55,1,123.817041841812,0,1,-1.01712984954146
56,1,0.0,0,1,-1.47607749134111
57,2,0.0,0,1,1.99488803182283
