bus_number,P_output,Q_output,voltage_mag,gen_status,P_max,P_min
2,322.889936856073,0,1,1,371.871161691213,0
4,156.315734261113,0,1,1,494.451822656041,0
15,89.3791474587546,0,1,1,89.3791474587556,0
16,376.963230709669,0,1,1,376.963230709669,0
17,260.888768449597,0,1,1,260.888768449597,0
21,133.513846892443,0,1,1,133.513846892443,0
24,82.5079447437333,0,1,1,82.5079447437333,0
26,0.0,0,1,0,220.336316843072,0
28,93.3292173279374,0,1,1,122.205999167803,0
32,98.9357114173555,0,1,1,98.9357114173555,0
36,392.547397797463,0,1,1,392.547397797464,0
38,98.8208909827937,0,1,1,98.8208909827937,0
45,0.0,0,1,0,355.3900827235,0
49,359.631480582331,0,1,1,359.631480582331,0
50,0.0,0,1,0,156.402518763293,0
51,0.0,0,1,0,251.428926467468,0
55,59.5264702814739,0,1,1,59.5264702814739,0
56,36.1465884979963,0,1,1,36.1465884979963,0
57,0.0,0,1,0,260.213926687246,0
