cost_model,startup,shutdown,n_coefficients,coeff_n,coeff1,coeff0
2,0,0,3,0.0031778339783072,41.9356286929966,466.562449254573
2,0,0,3,0.0034901126931885,49.9072644374942,149.321548883399
2,0,0,3,0.0,0.0,0.0
2,0,0,3,0.0056099049710247,55.9038144735094,184.033426649937
2,0,0,3,0.0,0.0,0.0
2,0,0,3,0.0,0.0,0.0
2,0,0,3,0.0,0.0,0.0
2,0,0,3,0.0,0.0,0.0
2,0,0,3,0.0,0.0,0.0
2,0,0,3,0.0065467237474558,23.17988822116,157.710549445866
2,0,0,3,0.0073512005954224,40.8065533093398,3774.84121575626
2,0,0,3,0.004470714815966,40.7569043648863,397.8130003747
2,0,0,3,0.0031944490447847,53.1636681391215,3432.2378529271
2,0,0,3,0.0,0.0,0.0
2,0,0,3,0.0,0.0,0.0
2,0,0,3,0.0,0.0,0.0
2,0,0,3,0.0,0.0,0.0
2,0,0,3,0.0,0.0,0.0
2,0,0,3,0.0069892750607659,29.1743530935981,465.966394559468
2,0,0,3,0.0,0.0,0.0
2,0,0,3,0.0037842458761119,54.1542804087964,392.085320584973
2,0,0,3,0.0,0.0,0.0
