bus_number,bus_type,P_demand,Q_demand,voltage_mag,voltage_ang
1,1,0.0,0,1,-3.24426977577712
2,1,269.388458418092,0,1,-4.08606409459549
3,1,0.0,0,1,12.4439434657996
4,3,0.0,0,1,0.0
5,1,0.0,0,1,-0.307103277524722
6,1,100.302715842442,0,1,-4.38060749735066
7,2,0.0,0,1,-0.156561886263476
8,1,0.0,0,1,-2.6429755191921
9,1,19.2932908379956,0,1,-7.34477401475513
10,2,0.0,0,1,-7.52680914573697
11,2,0.0,0,1,-3.85263234034156
12,1,26.5587186678049,0,1,-3.13102092163786
13,2,0.0,0,1,24.2973893118284
14,1,0.0,0,1,-3.36657956486495
15,2,0.0,0,1,-4.25487582586479
16,1,10.9083641313518,0,1,-6.45075273863177
17,1,0.0,0,1,-5.87455458542519
18,1,0.0,0,1,-5.97285482647035
19,1,0.0,0,1,-7.25151558299175
20,1,7.72758125676677,0,1,-8.2413513178812
21,2,0.0,0,1,-6.7389872257868
22,1,0.0,0,1,-8.92455548902964
23,1,568.729686767628,0,1,-9.42468737000661
24,1,217.013078265963,0,1,-6.80937913271316
25,2,0.0,0,1,-5.25537589126612
26,1,0.0,0,1,-6.57754522571513
27,2,0.0,0,1,-5.62362225536643
28,1,0.0,0,1,-10.1318885006339
29,1,172.006902202257,0,1,-9.13779386002753
30,1,0.0,0,1,-9.65029919046656
31,1,0.0,0,1,-7.62284412933513
32,2,0.0,0,1,-3.1292876675673
33,1,0.0,0,1,-5.62362225536643
34,1,0.0,0,1,-4.84375313167645
35,1,168.368371732601,0,1,-7.34329708232168
36,1,171.066247389294,0,1,-11.0232820940667
37,1,406.889650778814,0,1,-5.79487190786735
38,1,0.0,0,1,-9.04779915730883
39,2,0.0,0,1,-2.935721101018
40,2,0.0,0,1,-6.69388958780447
41,2,0.0,0,1,-4.09096168670968
42,1,0.0,0,1,-7.04601251093094
43,1,0.0,0,1,-5.52347622071795
44,1,66.4706920733299,0,1,-5.75637468002999
45,1,358.200225611573,0,1,-9.53197386248204
46,2,0.0,0,1,-3.12560501033802
47,2,0.0,0,1,-3.06192303608852
48,1,0.0,0,1,-8.53399508470843
49,2,0.0,0,1,-3.42602353831469
50,1,38.0150279091006,0,1,-7.69952720499673
51,1,73.1106591485071,0,1,-8.06190356189039
52,1,0.0,0,1,-4.68324243025157
53,1,0.0,0,1,-4.26623140844486
54,1,0.0,0,1,-3.12687423171242
55,1,0.0,0,1,-4.92891679515476
56,1,80.2609224490812,0,1,-3.04819565770906
57,1,0.0,0,1,-3.12784360155123
