cost_model,startup,shutdown,n_coefficients,coeff_n,coeff1,coeff0
2,0,0,3,0.0,0.0,0.0
2,0,0,3,0.006438778051006,27.1348320002687,3792.98569849677
2,0,0,3,0.0,0.0,0.0
2,0,0,3,0.0063119237748861,25.9029318003652,2877.12843887073
2,0,0,3,0.0,0.0,0.0
2,0,0,3,0.007544190382248,49.4969539163123,88.8953833401365
2,0,0,3,0.0,0.0,0.0
2,0,0,3,0.0,0.0,0.0
2,0,0,3,0.003181058926893,25.9841078955671,2463.185375168
2,0,0,3,0.0043987069879277,39.7414034195953,23.5508800763621
2,0,0,3,0.0,0.0,0.0
2,0,0,3,0.0,0.0,0.0
2,0,0,3,0.0041213665267181,37.4821856698891,407.877721003499
2,0,0,3,0.0,0.0,0.0
