cost_model,startup,shutdown,n_coefficients,coeff_n,coeff1,coeff0
2,0,0,3,0.0,0.0,0.0
2,0,0,3,0.005757214806076,30.343006851736,24.7523107609038
2,0,0,3,0.0048404008085555,51.4773991960192,36.7485144939844
2,0,0,3,0.0,0.0,0.0
2,0,0,3,0.0,0.0,0.0
2,0,0,3,0.0022684774544782,38.3696588859052,3285.14570589362
2,0,0,3,0.0048721977045067,42.603189917371,1594.93493663998
2,0,0,3,0.0,0.0,0.0
2,0,0,3,0.0,0.0,0.0
2,0,0,3,0.0,0.0,0.0
2,0,0,3,0.006584025489194,56.9987747612389,137.020769274016
2,0,0,3,0.0,0.0,0.0
2,0,0,3,0.0,0.0,0.0
2,0,0,3,0.0,0.0,0.0
2,0,0,3,0.0046297811923007,35.5016603179699,237.471186110786
2,0,0,3,0.0,0.0,0.0
2,0,0,3,0.002352236398239,25.8549055704578,140.705787884756
2,0,0,3,0.0,0.0,0.0
2,0,0,3,0.0,0.0,0.0
2,0,0,3,0.0071525980519833,35.5889242612429,515.28527856687
2,0,0,3,0.0034869083917829,26.9404770268999,293.470964087077
