bus_number,P_output,Q_output,voltage_mag,gen_status,P_max,P_min
5,54.1774600816741,0,1,1,404.004862069002,0
7,156.873661024801,0,1,1,156.873661025079,0
8,722.014992538099,0,1,1,722.014992538173,0
10,120.908660369343,0,1,1,120.908660369227,0
13,0.0,0,1,0,171.975532078298,0
17,71.2703863980396,0,1,1,71.270386397942,0
19,0.0,0,1,0,288.72940312606,0
23,136.299190871142,0,1,1,136.299190870877,0
36,49.5915073811477,0,1,1,49.5915073808945,0
44,100.937415615176,0,1,1,100.93741561499,0
45,852.307835826973,0,1,1,873.37208371919,0
46,413.029377736603,0,1,1,671.607193637872,0
47,18.3670793914668,0,1,1,18.3670793914705,0
50,58.5330262479429,0,1,1,58.5330262476958,0
