bus_number,bus_type,P_demand,Q_demand,voltage_mag,voltage_ang
1,2,0.0,0,1,-7.36205484635288
2,2,0.0,0,1,-5.63566137324829
3,1,0.0,0,1,-1.82392174545138
4,2,0.0,0,1,-5.68749401051706
5,2,0.0,0,1,-9.81185209256419
6,2,0.0,0,1,-5.18897076115039
7,1,0.0,0,1,-0.889862686738177
8,2,0.0,0,1,-1.35799015654911
9,1,0.0,0,1,-0.447576542080025
10,2,0.0,0,1,-7.72006492375927
11,1,104.843222125723,0,1,-3.09023828222018
12,1,91.599542955273,0,1,-11.4539709901949
13,1,0.0,0,1,-11.2124487966977
14,3,0.0,0,1,0.0
15,2,0.0,0,1,-10.3612609274999
16,1,0.0,0,1,-8.64386663066851
17,1,0.0,0,1,-7.76422550443982
18,1,0.0,0,1,-4.70819086565907
19,1,0.0,0,1,-9.13848162230503
20,1,0.0,0,1,-2.36874772964413
21,1,0.0,0,1,-8.34198296816773
22,1,0.0,0,1,-9.8924703987569
23,2,0.0,0,1,-7.93724073947579
24,1,0.0,0,1,-9.30598665111969
25,1,0.0,0,1,-8.43602142528282
26,2,0.0,0,1,-5.21474762167357
27,1,411.86282379493,0,1,-10.5186391112168
28,2,0.0,0,1,-6.1108446218768
29,1,0.0,0,1,-8.79960134116704
30,2,0.0,0,1,-1.15064612799554
31,2,0.0,0,1,-9.53084316261026
32,2,0.0,0,1,-6.75598612935036
33,2,0.0,0,1,-5.64202217666732
34,1,0.0,0,1,-5.68618016172566
35,1,0.0,0,1,-8.57215661075095
36,1,0.0,0,1,-7.63917751547957
37,1,0.0,0,1,-6.95397777497296
38,2,0.0,0,1,-3.46594310380589
39,1,0.0,0,1,-5.08738144954055
40,2,0.0,0,1,-6.14211394252668
41,2,0.0,0,1,-4.09290879706274
42,2,0.0,0,1,-6.95841481991556
43,1,169.125698134742,0,1,-8.8169483771807
44,2,0.0,0,1,-4.38311056927135
45,1,523.733344204126,0,1,-10.2330360223024
46,1,201.163854615888,0,1,-7.55261815613114
47,1,0.0,0,1,-9.17090744857715
48,1,127.122438602883,0,1,-7.08388167726469
49,1,266.822751835985,0,1,-11.7928299542852
50,1,38.2228642186612,0,1,-10.6360557920784
51,2,0.0,0,1,-7.42957228040929
52,1,0.0,0,1,-7.89695290975278
53,1,41.462570508187,0,1,-8.43648880639751
54,1,15.1124781668214,0,1,-2.94666341280471
55,1,0.0,0,1,-2.73932318277425
56,1,763.239004319383,0,1,-10.707755417929
57,1,0.0,0,1,-5.71389529352447
