bus_number,bus_type,P_demand,Q_demand,voltage_mag,voltage_ang
1,1,64.5754250446297,0,1,-4.94078297396972
2,1,34.8067850600839,0,1,-1.45084481759232
3,1,0.0,0,1,-4.15237714975993
4,1,47.8411126882594,0,1,-1.90205170426898
5,1,0.0,0,1,-0.318053751607686
6,3,0.0,0,1,0.0
7,1,0.0,0,1,-0.833291770315495
8,2,0.0,0,1,-2.83225011776629
9,2,0.0,0,1,-1.57273236537406
10,2,0.0,0,1,-1.95525765333608
11,1,0.0,0,1,-3.46167962970736
12,2,0.0,0,1,-0.540507492210908
13,1,316.410867279592,0,1,-3.47044681466409
14,1,0.0,0,1,-2.19031809466384
15,2,0.0,0,1,0.999647250838679
16,1,0.0,0,1,-1.3007461227308
17,1,0.0,0,1,0.0330636811221048
18,1,182.241763727398,0,1,-5.72528132482413
19,1,95.8378455913639,0,1,-8.3165825128508
20,2,0.0,0,1,-1.45761909980115
21,1,0.0,0,1,-2.51523185800438
22,1,0.0,0,1,-4.31414557057414
23,1,235.115092496709,0,1,-4.1720805329538
24,2,0.0,0,1,-3.41853769554027
25,1,145.912863408324,0,1,0.358999251600915
26,1,0.0,0,1,-0.0341399046855604
27,2,0.0,0,1,-0.423979939179175
28,1,0.0,0,1,-3.63900956942787
29,1,0.0,0,1,-3.17921565379683
30,1,0.0,0,1,-2.46492577723387
31,2,0.0,0,1,0.867077584675528
32,1,0.0,0,1,-2.35226667115308
33,2,0.0,0,1,-3.60903481737288
34,1,0.0,0,1,0.0248179915309709
35,1,75.7055888390475,0,1,-0.742641152812007
36,1,0.0,0,1,-2.03524136340488
37,1,0.0,0,1,-2.56454584523137
38,1,129.038656977396,0,1,-4.27880935299714
39,1,139.525909113241,0,1,-4.69844780008966
40,1,0.0,0,1,-1.09416828993937
41,1,486.730686687123,0,1,-1.60675772757238
42,1,0.0,0,1,-1.75229976541119
43,2,0.0,0,1,68.8470768207141
44,1,0.0,0,1,-3.00929249225222
45,1,130.417580318982,0,1,-1.33703298864086
46,1,0.0,0,1,-0.976333744277472
47,1,0.0,0,1,-1.3456560611206
48,1,127.873419733703,0,1,-7.07196322924443
49,1,0.0,0,1,-3.25968392745137
50,1,0.0,0,1,-0.906951783885185
51,1,0.0,0,1,-1.22409403112386
52,2,0.0,0,1,-0.604523174179829
53,1,319.400440238565,0,1,-5.17893662844637
54,1,0.0,0,1,-4.76783991297863
55,1,0.0,0,1,-2.42480226316545
56,1,222.876556278184,0,1,-3.39497154982945
57,1,0.0,0,1,-2.07071255967012
