bus_number,P_output,Q_output,voltage_mag,gen_status,P_max,P_min
1,361.30441086593,0,1,1,651.40639405718,0
5,630.928727635312,0,1,1,630.928727635312,0
8,285.965897107842,0,1,1,285.965897107843,0
10,86.3101870989297,0,1,1,86.31018709893,0
15,532.971852266384,0,1,1,532.971852266384,0
16,0.0,0,1,0,306.964353776996,0
17,43.1109453812658,0,1,1,115.499219875158,0
19,0.0,0,1,0,345.675508359667,0
24,473.003382678975,0,1,1,473.003382678976,0
27,103.51309476792,0,1,1,103.513094767921,0
28,0.0,0,1,0,295.635685597351,0
35,106.439134695902,0,1,1,106.439134695902,0
37,101.85023522907,0,1,1,299.151583751628,0
52,28.9127257550731,0,1,1,28.9127257550733,0
