bus_number,P_output,Q_output,voltage_mag,gen_status,P_max,P_min
3,331.702949193986,0,1,1,451.265014422298,0
4,682.105294661319,0,1,1,682.105294661638,0
7,407.533523566612,0,1,1,407.533523566398,0
9,0.0,0,1,0,285.262892091221,0
13,218.153015620606,0,1,1,218.15301562023,0
14,0.0,0,1,0,181.274237728184,0
20,0.0,0,1,0,56.3048198314515,0
22,50.7075535559936,0,1,1,50.7075535548057,0
23,0.0,0,1,0,213.214838346764,0
26,155.769792673955,0,1,1,155.7697926737,0
29,298.715056647243,0,1,1,399.327193600158,0
30,0.0,0,1,0,167.818217249141,0
34,17.0068900851007,0,1,1,17.0068900846486,0
37,37.8040267836337,0,1,1,37.8040267833111,0
38,126.75038441139,0,1,1,160.001873427924,0
41,5.50597819700895,0,1,1,11.8983271762218,0
42,0.0,0,1,0,182.960478436182,0
43,74.1857064308891,0,1,1,108.7643256619,0
52,266.543532396733,0,1,1,266.543532396494,0
55,16.7862090690274,0,1,1,16.786209068486,0
56,-3.1775955745815605e-09,0,1,1,99.5240904407508,0
