cost_model,startup,shutdown,n_coefficients,coeff_n,coeff1,coeff0
2,0,0,3,0.0020420078725336,25.7131590912598,587.178085106882
2,0,0,3,0.0047449695820656,30.3140296340204,1930.62507661495
2,0,0,3,0.0,0.0,0.0
2,0,0,3,0.0,0.0,0.0
2,0,0,3,0.0,0.0,0.0
2,0,0,3,0.0,0.0,0.0
2,0,0,3,0.0076605011278453,46.9184395167229,997.113361602984
2,0,0,3,0.0079284262372545,31.8075527310893,431.205960014266
2,0,0,3,0.0055808663380113,46.4121189844085,141.150914672267
2,0,0,3,0.0,0.0,0.0
2,0,0,3,0.0,0.0,0.0
2,0,0,3,0.0,0.0,0.0
2,0,0,3,0.0,0.0,0.0
2,0,0,3,0.0,0.0,0.0
2,0,0,3,0.0069864247075858,31.2192855488556,456.568592655965
2,0,0,3,0.0,0.0,0.0
2,0,0,3,0.0,0.0,0.0
2,0,0,3,0.0,0.0,0.0
2,0,0,3,0.002013066650681,27.2943283334446,379.403789887666
2,0,0,3,0.0021542347671049,33.3114566158677,579.085757693029
2,0,0,3,0.0053150644922081,33.8290877632732,297.389853673227
2,0,0,3,0.0,0.0,0.0
