bus_number,P_output,Q_output,voltage_mag,gen_status,P_max,P_min
1,0.0,0,1,0,346.765094353152,0
2,132.41615761539,0,1,1,174.125205118472,0
3,21.9425719953393,0,1,1,21.9425719953393,0
12,219.987770387984,0,1,1,219.987770387985,0
16,44.3773720216032,0,1,1,44.3773720216032,0
17,101.631946501398,0,1,1,101.631946501399,0
20,511.434251629417,0,1,1,707.568831561411,0
22,0.0,0,1,0,303.089067167692,0
23,0.0,0,1,0,99.0307252064096,0
26,72.0209208798009,0,1,1,72.0209208798009,0
32,484.339715043047,0,1,1,484.339715043046,0
33,0.0,0,1,0,116.278564475683,0
35,73.1383856754299,0,1,1,73.1383856754299,0
37,116.970991912887,0,1,1,116.970991912887,0
42,394.96106820272,0,1,1,394.96106820272,0
43,105.431820854423,0,1,1,327.097253897432,0
49,0.0,0,1,0,179.777048784641,0
52,401.39403456204,0,1,1,401.39403456204,0
56,19.146549242555,0,1,1,19.146549242555,0
57,55.1170369585689,0,1,1,55.1170369585689,0
