bus_number,bus_type,P_demand,Q_demand,voltage_mag,voltage_ang
1,1,0.0,0,1,-2.14135984334664
2,1,139.899125540774,0,1,-2.06746362220691
3,2,0.0,0,1,-0.942032153745676
4,1,0.0,0,1,-2.08019872221398
5,1,164.97429071218,0,1,-1.29815562997959
6,1,917.599000366825,0,1,-2.38340810484942
7,1,0.0,0,1,-4.50875011460808
8,1,96.7141088424728,0,1,-1.42070884598996
9,2,0.0,0,1,-2.11564392132734
10,1,188.902561131092,0,1,-6.67590398231674
11,1,0.0,0,1,-0.713436496465418
12,1,0.0,0,1,-0.911356161431034
13,1,0.0,0,1,-5.56092243782668
14,1,0.0,0,1,-1.26859365820632
15,1,0.0,0,1,-1.26833476597912
16,3,0.0,0,1,0.0
17,1,50.0502143487863,0,1,-3.32267082104307
18,1,77.8428157699034,0,1,-1.85969443188182
19,1,0.0,0,1,-1.42871766763565
20,1,180.981009055184,0,1,-1.79405036314361
21,1,0.0,0,1,-1.2344644501424
22,1,92.5968127883772,0,1,-2.00966434186358
23,1,0.0,0,1,-1.01634554434431
24,1,0.0,0,1,-1.59006488125526
25,1,0.0,0,1,-1.24171513485407
26,1,0.0,0,1,-1.41988798714554
27,2,0.0,0,1,-0.788877254689905
28,2,0.0,0,1,-0.206714642510239
29,1,128.509763992677,0,1,-4.8371246234274
30,1,0.0,0,1,-2.62531408165102
31,1,0.0,0,1,-4.04107878085457
32,2,0.0,0,1,-2.00966434186358
33,2,0.0,0,1,-5.71756712589124
34,1,0.0,0,1,-1.75696532157672
35,1,491.233348371921,0,1,-6.56021556983325
36,1,20.5506430775681,0,1,-5.67295218791132
37,1,92.5457321433626,0,1,-6.05619629639138
38,1,0.0,0,1,-6.13877982231598
39,2,0.0,0,1,-2.74909877152235
40,2,0.0,0,1,-4.98006728187662
41,2,0.0,0,1,-0.343891479938719
42,1,0.0,0,1,-5.38547480492795
43,1,0.0,0,1,-1.73837118912363
44,1,0.0,0,1,-3.05434974232174
45,1,0.0,0,1,-3.76202708793902
46,1,0.0,0,1,-5.55845506571656
47,2,0.0,0,1,-1.48741446403998
48,1,111.911167341476,0,1,-4.09046639417154
49,1,0.0,0,1,-3.36526851175267
50,1,0.0,0,1,-1.60815012938951
51,2,0.0,0,1,-0.893077625826454
52,1,0.0,0,1,-1.22568521812686
53,1,0.0,0,1,-2.69752661673762
54,1,0.0,0,1,-2.18894189536503
55,1,0.0,0,1,-1.57449770643271
56,2,0.0,0,1,-1.72540312561336
57,1,0.0,0,1,-1.78744978290138
