bus_number,bus_type,P_demand,Q_demand,voltage_mag,voltage_ang
1,2,0.0,0,1,-1.91627489135788
2,1,52.2066766291701,0,1,-1.27363852097947
3,2,0.0,0,1,-2.16179426335711
4,1,0.0,0,1,-2.34619659339754
5,1,0.0,0,1,-1.38115362771425
6,2,0.0,0,1,-0.82126359312989
7,1,209.464066612515,0,1,-3.17100552415763
8,1,0.0,0,1,-1.78844646992025
9,1,0.0,0,1,-2.11204064263255
10,1,18.639653490841,0,1,-2.78184159922972
11,1,0.0,0,1,-2.89533580169055
12,1,0.0,0,1,-2.56370977799759
13,1,47.8169804400952,0,1,-3.57111809886185
14,1,0.0,0,1,0.351454971047735
15,2,0.0,0,1,2.37588861676845
16,1,22.3775079743064,0,1,0.0331445545345021
17,1,75.1519744199154,0,1,-1.90538699086728
18,1,14.5633943340826,0,1,-4.7326427153706
19,1,3.73484921840285,0,1,-2.6857914938406
20,1,27.9775937818509,0,1,-3.45013777833512
21,2,0.0,0,1,-2.42085065192464
22,1,8.57330655284881,0,1,-0.0872223657308225
23,3,0.0,0,1,0.0
24,1,0.0,0,1,-1.2062365559447
25,1,0.0,0,1,-2.55088042611579
26,1,0.0,0,1,-1.25652531932609
27,1,0.0,0,1,-2.19879512077466
28,2,0.0,0,1,-3.66547836808764
29,1,0.0,0,1,-0.615413415430572
30,1,186.710495064425,0,1,-3.27619401971643
31,2,0.0,0,1,-1.12452977247394
32,1,0.0,0,1,-0.934608410420861
33,1,980.376861617341,0,1,-3.73927440218928
34,1,0.0,0,1,-1.29375100638425
35,1,138.232342053729,0,1,-2.17344177427262
36,1,0.0,0,1,-2.65506558661637
37,1,0.0,0,1,-2.49018935345306
38,2,0.0,0,1,-0.168663080614551
39,1,0.0,0,1,0.133304306168181
40,2,0.0,0,1,0.275145531896295
41,1,0.0,0,1,-2.02246292042544
42,1,355.203326508319,0,1,-4.1982554710388
43,1,0.0,0,1,0.551267525592823
44,1,127.204385892867,0,1,-0.0233160564957869
45,1,0.0,0,1,0.438363434959997
46,2,0.0,0,1,1.386132453922
47,1,137.289927455191,0,1,0.0210704786691774
48,1,0.0,0,1,0.864411753024972
49,2,0.0,0,1,0.237294136437824
50,1,259.007824716001,0,1,-3.74424548562434
51,1,89.7794267206985,0,1,-1.29777665366426
52,1,0.0,0,1,-0.346903709656835
53,2,0.0,0,1,0.356578409733322
54,2,0.0,0,1,0.8815273598662
55,1,0.0,0,1,-0.360535928077511
56,1,0.0,0,1,-1.35808476723626
57,1,0.0,0,1,-2.26927461002263
