bus_number,bus_type,P_demand,Q_demand,voltage_mag,voltage_ang
1,1,0.0,0,1,-0.842047232100251
2,1,0.0,0,1,-1.50523669932016
3,1,269.625799504297,0,1,-1.16981691781865
4,1,302.225333063516,0,1,-0.299051669434895
5,3,0.0,0,1,0.0
6,1,338.479911277174,0,1,-1.1215372551194
7,1,0.0,0,1,-1.60542787775822
8,2,0.0,0,1,-0.726515564584681
9,1,0.0,0,1,-1.43281566682643
10,1,7.85220773241289,0,1,-4.72903493268306
11,2,0.0,0,1,-1.86350961251035
12,2,0.0,0,1,-1.57242412144144
13,1,218.51208470215,0,1,-1.72750431392898
14,1,0.0,0,1,-1.45972865686858
15,1,58.0932929869245,0,1,-2.99927751931055
16,1,0.0,0,1,-1.71525469907815
17,1,0.0,0,1,-3.29173637820335
18,1,138.021891583772,0,1,-2.13080265780509
19,1,168.127517847834,0,1,-2.48548347440163
20,2,0.0,0,1,-1.36112741013921
21,1,0.0,0,1,-5.32862730889686
22,1,104.493602659611,0,1,-4.33094105334249
23,1,0.0,0,1,-2.84878082996186
24,1,0.0,0,1,-1.87854341797762
25,2,0.0,0,1,-1.6927543056086
26,1,471.46719883457,0,1,-3.62227426742254
27,1,108.489705173581,0,1,-7.7040879094212
28,1,0.0,0,1,-1.97483673046429
29,2,0.0,0,1,-0.411292335246468
30,2,0.0,0,1,0.195548578253562
31,2,0.0,0,1,-1.01019397582253
32,1,0.0,0,1,-2.19564134075424
33,1,0.0,0,1,-2.33576493688351
34,1,0.0,0,1,-1.6927543056086
35,1,0.0,0,1,-0.841203043274236
36,1,0.0,0,1,-1.44831335290841
37,2,0.0,0,1,-1.34379018464949
38,1,0.0,0,1,-0.496254913772718
39,1,76.6516427512307,0,1,-0.272488328886991
40,1,0.0,0,1,-1.64552647905115
41,1,0.0,0,1,-2.44736546386555
42,2,0.0,0,1,1.29476386644532
43,2,0.0,0,1,-0.748472056063038
44,1,55.2174300318944,0,1,-4.6846669386023
45,2,0.0,0,1,0.776082744044941
46,1,0.0,0,1,-2.12842468353932
47,1,0.0,0,1,-1.13901066293314
48,1,0.0,0,1,-2.7372680327457
49,1,153.363084355231,0,1,-3.02476571824974
50,1,4.72603976198589,0,1,-0.569361417189846
51,2,0.0,0,1,-0.920392887038926
52,2,0.0,0,1,0.290062457168228
53,1,0.0,0,1,-1.42218236556821
54,1,107.375551013356,0,1,-1.43050528133817
55,2,0.0,0,1,-0.224854742674485
56,1,0.0,0,1,-0.433842370736858
57,2,0.0,0,1,-0.582336660878651
