cost_model,startup,shutdown,n_coefficients,coeff_n,coeff1,coeff0
2,0,0,3,0.0,0.0,0.0
2,0,0,3,0.0,0.0,0.0
2,0,0,3,0.0054240242302979,43.6152550556013,2884.44593369674
2,0,0,3,0.0,0.0,0.0
2,0,0,3,0.0029094397936891,24.8593229496649,242.36588455866
2,0,0,3,0.0,0.0,0.0
2,0,0,3,0.0,0.0,0.0
2,0,0,3,0.0,0.0,0.0
2,0,0,3,0.0075471336511766,40.7913351869901,262.634198494496
2,0,0,3,0.0,0.0,0.0
2,0,0,3,0.0031043935110612,49.5695241427771,3445.23398013693
2,0,0,3,0.0,0.0,0.0
