bus_number,bus_type,P_demand,Q_demand,voltage_mag,voltage_ang
1,1,0.0,0,1,-1.57337613196047
2,1,5.54491288115439,0,1,-0.551024425468482
3,1,275.306678003467,0,1,-2.55417483037077
4,3,0.0,0,1,0.0
5,1,227.492908405766,0,1,-2.94714288887533
6,1,0.0,0,1,-2.07230877203544
7,1,10.9547835476379,0,1,-1.73742421488096
8,1,3.92298723294922,0,1,0.0429747592979504
9,1,10.1685237908095,0,1,-1.71074480759014
10,1,21.285428095636,0,1,-1.28705437423793
11,2,0.0,0,1,1.06849645129005
12,1,44.4020935220554,0,1,-4.10145150731411
13,1,37.5827446089211,0,1,-0.112394801880706
14,1,0.0,0,1,-1.26272586240672
15,1,0.0,0,1,-0.629447331738009
16,2,0.0,0,1,-1.74781903862053
17,1,33.3802275688784,0,1,0.474121003647207
18,1,0.0,0,1,-2.12018222856137
19,2,0.0,0,1,-1.41984312324008
20,1,524.025888317059,0,1,-2.19678477326384
21,2,0.0,0,1,0.995490565350664
22,1,499.726600970201,0,1,-2.54311780229268
23,1,19.3588759540834,0,1,-0.806132171997269
24,1,0.0,0,1,0.18999831045741
25,1,27.8967057343349,0,1,-0.0050995192275591
26,1,274.026320624884,0,1,-0.5193175893829
27,1,0.0,0,1,-0.506203878523041
28,1,116.245728319225,0,1,0.802676201038915
29,1,0.0,0,1,0.676810927543384
30,1,0.0,0,1,0.133075631513787
31,1,110.278134055906,0,1,-2.48048385305297
32,2,0.0,0,1,3.16156777466572
33,1,0.0,0,1,1.5181979688171
34,1,202.882670341752,0,1,-1.75662299348459
35,2,0.0,0,1,0.0998394779904259
36,2,0.0,0,1,2.14462323739252
37,1,0.0,0,1,-1.93297880881119
38,1,112.840881544013,0,1,-0.0348968433287433
39,2,0.0,0,1,-0.992133880955369
40,1,14.59349107228,0,1,1.02689909079028
41,2,0.0,0,1,0.414023793393501
42,1,56.5244106410844,0,1,1.93873373760823
43,1,45.8750272675481,0,1,0.556076211836082
44,2,0.0,0,1,0.82397293928151
45,1,0.0,0,1,-1.25543155607325
46,1,0.0,0,1,-1.84994128150778
47,1,0.0,0,1,-1.05410972460885
48,1,61.7183370275689,0,1,-1.16491187393629
49,1,0.0,0,1,-1.68785965982022
50,1,8.27355128670958,0,1,-2.06949937452499
51,1,0.0,0,1,-0.934887484456694
52,2,0.0,0,1,-0.838082357990144
53,1,0.0,0,1,-0.879374277863086
54,1,0.212015820603912,0,1,-1.44001403534491
55,1,2.87028224595471,0,1,-1.62810804473563
56,2,0.0,0,1,-2.46103961835717
57,1,6.92038460212004,0,1,-2.22506717395313
