bus_number,bus_type,P_demand,Q_demand,voltage_mag,voltage_ang
1,1,0.0,0,1,-2.82953975051128
2,3,0.0,0,1,0.0
3,1,375.852454713034,0,1,-1.31550321061319
4,1,0.0,0,1,-5.12928895219178
5,1,0.0,0,1,-2.79093403836566
6,1,251.841077941986,0,1,-0.98291132249749
7,1,323.972832794923,0,1,1.04625901778851
8,2,0.0,0,1,1.83586242336891
9,1,92.949113299246,0,1,-3.80724142066413
10,1,113.977559225844,0,1,-2.96208480767679
11,1,59.5852991760758,0,1,-7.11293015529835
12,2,0.0,0,1,-2.20839940523498
13,1,95.9442087258867,0,1,-2.33880527642975
14,1,0.0,0,1,-3.55544722234913
15,1,193.663237743841,0,1,-3.00377963990988
16,1,2.86031570165644,0,1,-1.55602313921777
17,2,0.0,0,1,-2.23979321172441
18,2,0.0,0,1,-2.99053314947531
19,1,63.0988126627383,0,1,-4.93608383683197
20,1,86.2311851422525,0,1,-4.63896683588111
21,2,0.0,0,1,-3.50735824195933
22,1,104.375196791133,0,1,-6.07131051399186
23,1,637.424419073056,0,1,-3.460238655236
24,2,0.0,0,1,-1.15734103425938
25,1,113.869495366775,0,1,-3.06154820445478
26,1,0.0,0,1,-1.93480095765551
27,1,0.0,0,1,-5.29048264112085
28,1,0.0,0,1,-3.00789959723915
29,1,38.768025976424,0,1,-3.73533737192169
30,2,0.0,0,1,-2.15301925805335
31,1,0.0,0,1,-1.64606027457144
32,1,0.0,0,1,-2.07795936984305
33,2,0.0,0,1,-2.9797601636868
34,2,0.0,0,1,-3.19394154707378
35,1,0.0,0,1,-2.51502043778642
36,2,0.0,0,1,-1.30614021346021
37,1,28.1380141737976,0,1,-3.01978503424285
38,1,0.0,0,1,-2.04421651225933
39,1,0.0,0,1,-2.69336833990786
40,1,80.0272490973747,0,1,-3.1032274848886
41,1,0.0,0,1,-4.08751042772775
42,1,0.0,0,1,-1.89302645076058
43,2,0.0,0,1,-1.39512167444589
44,1,0.0,0,1,-1.04278210492977
45,1,0.0,0,1,-2.91042204709491
46,1,0.0,0,1,-2.38131224333973
47,1,0.0,0,1,-0.929050849595093
48,2,0.0,0,1,-0.912588654313839
49,2,0.0,0,1,-1.08234369765415
50,2,0.0,0,1,-2.82953975051128
51,1,13.9488672556154,0,1,-0.554753989222345
52,1,0.0,0,1,-0.986380178453829
53,1,0.0,0,1,-0.252212178876026
54,1,0.0,0,1,-1.66291934527057
55,1,0.0,0,1,-0.488799099208949
56,1,0.0,0,1,-0.117293247700226
57,1,77.7832286209424,0,1,0.293960330005486
