bus_number,P_output,Q_output,voltage_mag,gen_status,P_max,P_min
1,327.619848396084,0,1,1,327.619848396279,0
12,295.372624794574,0,1,1,308.03513164488,0
15,3.02559479510562e-10,0,1,1,127.483110759152,0
16,37.468999900874,0,1,1,188.857843801679,0
17,507.431166956303,0,1,1,507.431166956433,0
19,100.812292097846,0,1,1,246.989710853678,0
20,32.831728216833,0,1,1,96.2593252337038,0
22,233.775097743235,0,1,1,494.167465456067,0
23,0.0,0,1,0,167.182114626332,0
24,402.7761865642,0,1,1,402.776186564349,0
25,155.983242487627,0,1,1,155.983242488069,0
32,208.581323241289,0,1,1,212.00749338716,0
35,136.43626832615,0,1,1,136.436268326612,0
36,0.0,0,1,0,103.551110870111,0
38,0.0,0,1,0,70.7416018411898,0
40,78.4224091933215,0,1,1,83.9090199043618,0
44,6.3109485617609e-10,0,1,1,26.2187930058213,0
53,60.066714985835,0,1,1,231.386531445315,0
55,176.732690577646,0,1,1,375.341781863128,0
