bus_number,bus_type,P_demand,Q_demand,voltage_mag,voltage_ang
1,1,0.0,0,1,-0.564894068909629
2,1,0.0,0,1,-2.12014935916538
3,1,0.0,0,1,-0.647995874401578
4,2,0.0,0,1,1.87528526918954
5,1,0.0,0,1,0.444304627924591
6,3,0.0,0,1,0.0
7,1,2.20683921961247,0,1,-0.38140617712328
8,1,75.4637519469874,0,1,0.459256676043176
9,1,0.0,0,1,1.05279931350034
10,1,0.0,0,1,-3.78065039940456
11,1,0.0,0,1,-2.39311089373835
12,1,104.092923809756,0,1,-0.112624851740647
13,1,0.0,0,1,-4.14990772333308
14,1,0.0,0,1,1.27901929938811
15,1,0.0,0,1,-0.504691692816933
16,1,0.0,0,1,-7.18572367200162
17,1,0.0,0,1,-6.48482475738638
18,1,0.0,0,1,-7.49818111468322
19,1,2.18820775108969,0,1,-3.18440847257346
20,1,0.0,0,1,-8.22586602007109
21,2,0.0,0,1,-2.23385900977545
22,1,46.640460602068,0,1,0.990469082649856
23,1,166.801110170308,0,1,-9.19062779592269
24,2,0.0,0,1,6.39727131471823
25,1,92.2929051580142,0,1,-1.22906814559854
26,1,0.0,0,1,-5.05584832589689
27,1,143.128607674531,0,1,-2.12305284185009
28,1,75.1492080429911,0,1,-5.86603128406642
29,2,0.0,0,1,-0.112624851740647
30,1,21.3211057601332,0,1,-3.96931549153829
31,1,15.7303579839566,0,1,2.3306235486382
32,2,0.0,0,1,-0.462308384405419
33,1,8.36538669265446,0,1,3.51584721152382
34,1,11.8411222288261,0,1,-4.54150407609148
35,1,79.1841761706013,0,1,-2.10905064813774
36,1,125.002044610199,0,1,-7.69045676399304
37,1,0.0,0,1,-0.758454729532358
38,1,0.0,0,1,2.52742231104218
39,1,406.986479449691,0,1,-1.10329816456592
40,1,0.0,0,1,-5.27966440157392
41,1,93.1003290289314,0,1,-3.2635618208067
42,1,238.812209196875,0,1,-6.66976182861339
43,1,377.625939353749,0,1,-4.24022462176717
44,1,97.939196755423,0,1,-5.62589692387528
45,1,27.7262090603918,0,1,-2.96996121323701
46,1,38.7589065097588,0,1,-2.98689113583634
47,1,0.0,0,1,-2.85242090991482
48,2,0.0,0,1,-2.41021284972767
49,1,0.0,0,1,-3.83332227942165
50,1,141.138001522847,0,1,-1.21122038250142
51,1,0.0,0,1,-1.87414747686376
52,1,36.0153177255099,0,1,-3.58885479472733
53,1,90.6957409688705,0,1,-2.96573919155342
54,1,53.2791684878835,0,1,-0.699496693554276
55,2,0.0,0,1,1.13894603871801
56,1,0.0,0,1,0.889688939014908
57,1,0.0,0,1,-2.60717034460431
