bus_number,P_output,Q_output,voltage_mag,gen_status,P_max,P_min
5,1012.92568045901,0,1,1,1222.32431144992,0
12,0.0,0,1,0,289.07143476857,0
14,137.840305379003,0,1,1,137.840305375976,0
15,729.934356874577,0,1,1,729.934356874578,0
16,289.023933211544,0,1,1,289.023933220709,0
21,105.022467084198,0,1,1,239.565405724404,0
26,0.0,0,1,0,662.188691239242,0
32,0.0,0,1,0,36.3146014559353,0
46,239.606025990097,0,1,1,239.606025989745,0
51,119.415207848435,0,1,1,119.41520784586,0
56,0.0,0,1,0,508.081365298553,0
