bus_number,bus_type,P_demand,Q_demand,voltage_mag,voltage_ang
1,3,0.0,0,1,0.0
2,1,0.0,0,1,-3.4884568763833
3,1,0.0,0,1,-4.16165029058997
4,1,0.0,0,1,-2.95368941763801
5,1,128.316935508478,0,1,-4.37346272584376
6,1,110.059317081044,0,1,-4.90408598933116
7,2,0.0,0,1,-0.720234938991911
8,1,278.618256299484,0,1,-2.02348563528954
9,2,0.0,0,1,-3.96295484957606
10,1,0.0,0,1,-0.0806971737023022
11,1,57.3972910576046,0,1,-2.93378649366762
12,1,0.0,0,1,-1.1997454022039
13,1,0.0,0,1,-1.02206603224353
14,1,36.3790894701807,0,1,-3.96533236890227
15,2,0.0,0,1,-3.31572891450352
16,1,154.232892380886,0,1,-1.58214938124283
17,1,0.0,0,1,-1.77648961891457
18,1,48.2527520137175,0,1,-2.94441995915795
19,2,0.0,0,1,-2.08131632099921
20,1,0.0,0,1,-1.94707472639686
21,1,0.0,0,1,-3.43745001821552
22,2,0.0,0,1,-2.43791059248929
23,1,0.0,0,1,-2.42505588062364
24,1,0.0,0,1,-1.87872600271504
25,1,389.46549565497,0,1,-5.18780447769555
26,1,351.197485033296,0,1,-4.24219585149875
27,1,0.0,0,1,-1.84579159492368
28,2,0.0,0,1,-1.82578169232984
29,1,0.0,0,1,-2.32656272146986
30,2,0.0,0,1,-2.39898459867074
31,1,0.0,0,1,-3.00063039521637
32,1,26.6508791332603,0,1,-1.18201396615579
33,1,169.389841428722,0,1,-3.65105487089233
34,1,0.0,0,1,-3.64720230596653
35,1,10.5500860262981,0,1,-1.9843438750216
36,1,0.0,0,1,-2.43982899602112
37,2,0.0,0,1,-2.16354097256542
38,1,0.0,0,1,-2.48077555769076
39,2,0.0,0,1,3.65742578520834
40,1,94.4268235975292,0,1,-0.288268658539571
41,1,191.801798683436,0,1,-3.95686184349627
42,1,0.0,0,1,-4.62752509319799
43,2,0.0,0,1,-0.220082928271656
44,1,227.363070150056,0,1,-6.22687121738943
45,1,0.0,0,1,-0.869627249326101
46,1,217.380236062469,0,1,-5.65998567120511
47,1,55.5689713512306,0,1,-0.331538437331783
48,1,0.0,0,1,-0.912017595930722
49,2,0.0,0,1,-2.78583022667881
50,1,95.7608977160694,0,1,-4.90717574830954
51,2,0.0,0,1,-4.46293999862868
52,1,0.0,0,1,-3.50375924036298
53,1,0.0,0,1,-5.78150881909429
54,1,0.0,0,1,-4.54798623698035
55,2,0.0,0,1,-0.0911503873687453
56,1,0.0,0,1,-4.1799114489466
57,1,111.498474833869,0,1,-1.98767980349825
