bus_number,P_output,Q_output,voltage_mag,gen_status,P_max,P_min
1,618.819285854024,0,1,1,874.563553012367,0
2,310.778594564001,0,1,1,320.196638936684,0
10,394.0466437937,0,1,1,394.0466437937,0
14,221.662476468574,0,1,1,221.662476468574,0
15,0.0,0,1,0,318.954145955566,0
27,99.7234062275864,0,1,1,99.7234062275864,0
31,744.054582906873,0,1,1,744.054582906873,0
39,0.0,0,1,0,335.374995035689,0
43,111.156917902118,0,1,1,263.668825867404,0
51,4.32836950034742e-20,0,1,1,206.589406875838,0
52,0.0,0,1,0,180.971341645089,0
53,213.0632754,0,1,1,213.0632754,0
55,41.0054103657416,0,1,1,89.5084552989518,0
