bus_number,bus_type,P_demand,Q_demand,voltage_mag,voltage_ang
1,1,194.164515690955,0,1,-0.198408646684911
2,1,123.074802701003,0,1,-0.57996758174774
3,2,0.0,0,1,-0.0315074581004065
4,1,0.0,0,1,0.975876705068482
5,2,0.0,0,1,-0.334453282091019
6,1,213.582555585708,0,1,-2.43550304352421
7,3,0.0,0,1,0.0
8,2,0.0,0,1,-1.17983944381381
9,1,210.806129902671,0,1,-1.82275760970319
10,2,0.0,0,1,0.201410513391981
11,1,18.5302660689238,0,1,1.20230890368238
12,1,0.0,0,1,-0.0657794231470882
13,2,0.0,0,1,0.639365584127967
14,2,0.0,0,1,1.39556672838106
15,1,0.0,0,1,0.0851843310663805
16,1,0.0,0,1,0.313150392846983
17,2,0.0,0,1,1.52261420955389
18,1,525.813008663133,0,1,-0.45939160661572
19,2,0.0,0,1,-0.367409269165089
20,1,0.0,0,1,1.06633329444571
21,1,244.399360888201,0,1,1.96905496933297
22,1,0.0,0,1,2.13269283623696
23,1,104.305264992519,0,1,1.74144801159032
24,1,0.0,0,1,1.59950670282427
25,2,0.0,0,1,1.97705145271166
26,1,0.0,0,1,1.68318629562419
27,1,81.4261236116993,0,1,0.241146199482335
28,1,0.0,0,1,1.85656573463779
29,2,0.0,0,1,1.76993587263783
30,1,132.91487885692,0,1,1.61260587584784
31,1,0.0,0,1,1.45502752454684
32,2,0.0,0,1,2.90805865028071
33,1,0.0,0,1,1.51850770097498
34,1,0.0,0,1,1.69378085023846
35,1,0.0,0,1,1.72573137246686
36,1,0.0,0,1,1.64934140309841
37,2,0.0,0,1,0.491198273552337
38,1,0.0,0,1,0.863594863209693
39,1,0.0,0,1,0.649443861678572
40,1,0.0,0,1,1.15238079177088
41,2,0.0,0,1,2.03139205951533
42,1,0.0,0,1,1.18431950049214
43,2,0.0,0,1,2.10202636160134
44,2,0.0,0,1,2.0365354317116
45,1,0.0,0,1,-0.700711692911491
46,1,0.0,0,1,1.29949423379873
47,2,0.0,0,1,-0.623226204239681
48,1,0.0,0,1,-0.389483040684311
49,1,603.82233673384,0,1,-0.870366700952601
50,1,232.712944154028,0,1,-0.401891885503952
51,2,0.0,0,1,-0.623226204239681
52,1,0.0,0,1,1.08009961826387
53,2,0.0,0,1,0.878676630116943
54,1,0.0,0,1,-0.39001951531795
55,1,0.0,0,1,-0.386304728901769
56,1,68.7584056329989,0,1,-0.360330680676268
57,1,0.0,0,1,-0.378099951068467
