cost_model,startup,shutdown,n_coefficients,coeff_n,coeff1,coeff0
2,0,0,3,0.0,0.0,0.0
2,0,0,3,0.0023305500933473,26.7889138221154,1381.2785254225
2,0,0,3,0.0,0.0,0.0
2,0,0,3,0.0052253957727471,29.8760988703713,2191.69939320429
2,0,0,3,0.003911570203305,39.1232233898057,160.674475225419
2,0,0,3,0.0,0.0,0.0
2,0,0,3,0.0,0.0,0.0
2,0,0,3,0.0055263617171623,42.0960188270321,567.266033818826
2,0,0,3,0.0068233612846208,32.9427177915784,558.937165122298
2,0,0,3,0.0,0.0,0.0
2,0,0,3,0.0051520867296626,25.336409653432,124.789272710729
2,0,0,3,0.0,0.0,0.0
2,0,0,3,0.0,0.0,0.0
2,0,0,3,0.0,0.0,0.0
2,0,0,3,0.0068997479912245,52.0278767236934,37.2272096967821
2,0,0,3,0.0,0.0,0.0
2,0,0,3,0.0043463947545672,36.2113278069028,54.726862017272
2,0,0,3,0.0,0.0,0.0
2,0,0,3,0.0,0.0,0.0
