cost_model,startup,shutdown,n_coefficients,coeff_n,coeff1,coeff0
2,0,0,3,0.00483995185143,24.5573184109852,626.171460876282
2,0,0,3,0.0057259713959124,46.6724432534835,450.55866503177
2,0,0,3,0.0,0.0,0.0
2,0,0,3,0.0,0.0,0.0
2,0,0,3,0.0,0.0,0.0
2,0,0,3,0.0,0.0,0.0
2,0,0,3,0.0,0.0,0.0
2,0,0,3,0.0046999774592258,37.9555006867282,3178.05490307914
2,0,0,3,0.0032529838531572,41.1848333894573,594.303445968132
2,0,0,3,0.0,0.0,0.0
2,0,0,3,0.0048311701781727,44.4036257926707,1541.54488857992
2,0,0,3,0.0058034177896046,31.3972531794335,148.101868232997
2,0,0,3,0.0,0.0,0.0
2,0,0,3,0.0,0.0,0.0
2,0,0,3,0.0,0.0,0.0
2,0,0,3,0.0,0.0,0.0
