bus_number,bus_type,P_demand,Q_demand,voltage_mag,voltage_ang
1,1,0.407863589788845,0,1,0.580660925528713
2,2,0.0,0,1,0.597248502205874
3,2,0.0,0,1,0.0309389943111168
4,1,0.0,0,1,0.592647127783962
5,1,0.0,0,1,0.113383770568719
6,1,0.0,0,1,-0.705805369737701
7,3,0.0,0,1,0.0
8,1,0.0,0,1,0.160474934774148
9,1,2.38593536793049,0,1,-1.66960099798852
10,1,115.65462296889,0,1,-0.423129647430415
11,1,0.0,0,1,-1.29196307169868
12,1,0.0,0,1,-0.339498867267407
13,1,0.0,0,1,-2.78208299862797
14,1,0.0,0,1,-0.908824137938862
15,1,173.574338455287,0,1,-1.77353760550901
16,1,72.1755757186967,0,1,-4.34083849917881
17,1,0.0,0,1,-2.56483540518288
18,1,57.3879384010121,0,1,-1.31744549417689
19,1,0.0,0,1,-1.43599223298646
20,2,0.0,0,1,-0.982314102636797
21,2,0.0,0,1,0.0073974325426244
22,1,0.0,0,1,-2.1588070521971
23,1,207.447683575361,0,1,-3.39231606844837
24,1,248.261666211831,0,1,-2.17149939742387
25,2,0.0,0,1,-1.93207721661178
26,1,0.0,0,1,-1.48907158106505
27,1,0.0,0,1,0.0358869667789149
28,1,296.309313198793,0,1,-2.2185168889305
29,2,0.0,0,1,-2.56587392045008
30,2,0.0,0,1,-1.7547538539799
31,2,0.0,0,1,-1.83096975844719
32,1,7.9876808053347,0,1,-2.37850110461007
33,1,0.0,0,1,-1.93458444571417
34,1,365.898441378744,0,1,-3.35281409098268
35,1,0.0,0,1,-1.96059835102163
36,1,0.0,0,1,-0.0962313504469237
37,1,0.0,0,1,-3.25382281462904
38,1,0.0,0,1,-2.76399723942244
39,1,0.0,0,1,-2.18977331044448
40,1,0.0,0,1,-2.76399723942244
41,1,0.0,0,1,-1.30066586418591
42,1,360.58035162056,0,1,-1.82604782291503
43,1,0.0,0,1,-1.31530765580432
44,1,180.258219496093,0,1,-1.60627124564513
45,2,0.0,0,1,-2.76399723942244
46,1,0.0,0,1,-0.332878579648934
47,1,195.053784121831,0,1,-3.85048863279049
48,1,0.0,0,1,-2.76399723942244
49,1,0.0,0,1,-1.17070207770381
50,1,0.0,0,1,0.130113906437677
51,2,0.0,0,1,1.03702280393171
52,2,0.0,0,1,1.32353400924861
53,1,0.0,0,1,0.646716929731166
54,1,20.3656540575254,0,1,0.866083313141941
55,1,0.0,0,1,0.284954476141201
56,1,214.004186414935,0,1,0.326941034774532
57,2,0.0,0,1,0.618733588655594
