cost_model,startup,shutdown,n_coefficients,coeff_n,coeff1,coeff0
2,0,0,3,0.0028399227579777,56.2878572365226,545.83396979907
2,0,0,3,0.0053757777443192,44.1237426592863,1844.7840486558
2,0,0,3,0.0,0.0,0.0
2,0,0,3,0.0,0.0,0.0
2,0,0,3,0.0063702337250512,43.2641132458516,571.849248931466
2,0,0,3,0.0056174450447336,25.600345257574,330.353806993623
2,0,0,3,0.0,0.0,0.0
2,0,0,3,0.0,0.0,0.0
2,0,0,3,0.0055412246772442,44.1292146895226,202.08014869395
2,0,0,3,0.0,0.0,0.0
2,0,0,3,0.0,0.0,0.0
2,0,0,3,0.0,0.0,0.0
2,0,0,3,0.0,0.0,0.0
