bus_number,bus_type,P_demand,Q_demand,voltage_mag,voltage_ang
1,1,0.0,0,1,0.899831457336562
2,1,0.0,0,1,-0.723138770306093
3,1,0.0,0,1,-1.82199674024531
4,2,0.0,0,1,-0.249437595335012
5,1,165.830835760925,0,1,-0.973747212679721
6,1,312.249428850867,0,1,0.396390634025883
7,1,0.0,0,1,-0.667812528444199
8,1,0.0,0,1,-0.737361114265037
9,1,71.6943694707583,0,1,-1.89680615247895
10,1,0.0,0,1,0.544062566382456
11,1,0.0,0,1,-0.632006074780902
12,1,0.0,0,1,-0.94821079985453
13,3,0.0,0,1,0.0
14,1,0.0,0,1,-1.14070455767841
15,1,0.0,0,1,-0.807665996870735
16,2,0.0,0,1,0.791643648872179
17,2,0.0,0,1,-1.65000792242828
18,2,0.0,0,1,-1.74041581900642
19,1,47.0375142507463,0,1,-1.17267253527347
20,1,0.0,0,1,0.737858230878137
21,2,0.0,0,1,0.541107710837148
22,2,0.0,0,1,1.76862070293521
23,2,0.0,0,1,-0.943423708467275
24,1,0.0,0,1,0.283579082052459
25,1,961.805180999269,0,1,-1.95252275009943
26,1,0.0,0,1,-0.514104362707261
27,1,0.0,0,1,-1.27533416848994
28,1,0.0,0,1,-1.08438923087241
29,1,0.0,0,1,-0.719840385661757
30,1,161.305950880937,0,1,-1.1555464838587
31,1,2.60780569301946,0,1,-0.726162831780726
32,1,0.0,0,1,-0.271085358391693
33,1,0.0,0,1,-0.209639541877495
34,1,0.0,0,1,-0.343171163391071
35,1,47.476353130206,0,1,-4.70510273529399
36,1,0.0,0,1,-0.484556803160902
37,2,0.0,0,1,0.193857108424031
38,1,306.400052387333,0,1,-0.819119407217776
39,1,0.0,0,1,2.58355224609268
40,1,133.07711606357,0,1,-0.127659923770069
41,1,0.0,0,1,-0.274007799880729
42,1,0.0,0,1,-2.02826261516657
43,2,0.0,0,1,-0.238171756852372
44,1,72.8801648691985,0,1,1.54520756132377
45,1,0.0,0,1,2.17679729637384
46,1,282.81843537527,0,1,0.300080024119549
47,2,0.0,0,1,2.17679729637384
48,2,0.0,0,1,2.9766529824402
49,2,0.0,0,1,3.84611900856944
50,1,0.0,0,1,0.963330986924215
51,1,76.6331910319145,0,1,-0.339023523872943
52,2,0.0,0,1,3.1307581682503
53,1,0.0,0,1,0.467736710387895
54,2,0.0,0,1,6.14684892836086
55,1,0.0,0,1,-0.687203954491643
56,2,0.0,0,1,-0.118758092105446
57,1,112.494194718589,0,1,-0.0984142292811919
