bus_number,P_output,Q_output,voltage_mag,gen_status,P_max,P_min
5,127.103313548228,0,1,1,127.103313548228,0
8,27.8157205159216,0,1,1,60.1219562338534,0
10,66.2049585766719,0,1,1,66.2049585766718,0
11,654.775915795039,0,1,1,934.909271453001,0
14,699.221567944665,0,1,1,699.221567944665,0
23,85.9214548767283,0,1,1,85.9214548767278,0
24,-1.00048304322392e-12,0,1,1,50.7904298616727,0
25,91.3547242831722,0,1,1,91.3547242831718,0
26,94.2303504299131,0,1,1,94.2303504299126,0
30,52.2429394300548,0,1,1,52.2429394300546,0
34,0.0,0,1,0,252.724405835778,0
35,59.5169548032206,0,1,1,59.516954803221,0
38,580.308738038202,0,1,1,656.884221025789,0
43,0.0,0,1,0,228.036145874978,0
45,4.1799274557624694e-12,0,1,1,198.984962793846,0
47,0.0,0,1,0,298.711065056852,0
53,1.63090379494495,0,1,1,1.630903794944,0
55,213.983051445837,0,1,1,213.983051445838,0
56,-3.7106382567422e-13,0,1,1,83.0416262186791,0
