bus_number,P_output,Q_output,voltage_mag,gen_status,P_max,P_min
2,297.776369250676,0,1,1,297.776369250877,0
3,295.955389935189,0,1,1,295.955389935198,0
13,97.6701001089733,0,1,1,152.809925522868,0
15,58.1462791487909,0,1,1,209.278043800708,0
16,78.0324357022761,0,1,1,78.0324357024383,0
18,40.9834591835109,0,1,1,40.9834591835411,0
21,24.968163445046,0,1,1,24.9681634450483,0
26,392.51824247389,0,1,1,392.518242473898,0
29,604.293635656912,0,1,1,771.715249790264,0
32,0.0,0,1,0,223.318828248038,0
33,97.6843274636539,0,1,1,97.6843274636443,0
38,660.039847722083,0,1,1,660.039847722111,0
39,0.0,0,1,0,289.798095801506,0
40,25.3415360527277,0,1,1,25.3415360527264,0
51,0.0,0,1,0,111.505153891113,0
53,0.0,0,1,0,282.54269990329,0
56,80.9008073388624,0,1,1,80.9008073405843,0
57,0.0,0,1,0,227.209171896467,0
