cost_model,startup,shutdown,n_coefficients,coeff_n,coeff1,coeff0
2,0,0,3,0.0,0.0,0.0
2,0,0,3,0.0,0.0,0.0
2,0,0,3,0.0,0.0,0.0
2,0,0,3,0.0,0.0,0.0
2,0,0,3,0.0049558698088476,55.9945950876451,1695.63104530303
2,0,0,3,0.0,0.0,0.0
2,0,0,3,0.005184080034751,32.3668442668395,2134.71097501283
2,0,0,3,0.0,0.0,0.0
2,0,0,3,0.0049855018622284,27.3028119793715,547.667535766482
2,0,0,3,0.0,0.0,0.0
2,0,0,3,0.0,0.0,0.0
2,0,0,3,0.0046251664136648,42.3913900218928,156.740304444661
2,0,0,3,0.0054952753745955,35.160050255276,161.534992812839
