cost_model,startup,shutdown,n_coefficients,coeff_n,coeff1,coeff0
2,0,0,3,0.0,0.0,0.0
2,0,0,3,0.0,0.0,0.0
2,0,0,3,0.0044510705514174,24.4431272517239,6.23206331014425
2,0,0,3,0.0049705885202836,44.7331711443431,2031.66185746874
2,0,0,3,0.0,0.0,0.0
2,0,0,3,0.0,0.0,0.0
2,0,0,3,0.0069323112416536,27.1656776290685,139.715702873881
2,0,0,3,0.0,0.0,0.0
2,0,0,3,0.0,0.0,0.0
2,0,0,3,0.0,0.0,0.0
2,0,0,3,0.0,0.0,0.0
2,0,0,3,0.0,0.0,0.0
2,0,0,3,0.0060692405332517,47.6744214448054,422.86370188385
2,0,0,3,0.0028517891643582,41.0964801624689,235.976644062097
2,0,0,3,0.0,0.0,0.0
2,0,0,3,0.0040851736192865,49.8883435132807,3206.74570314021
2,0,0,3,0.0058459066782576,49.4621897513331,77.3918030131957
