cost_model,startup,shutdown,n_coefficients,coeff_n,coeff1,coeff0
2,0,0,3,0.0,0.0,0.0
2,0,0,3,0.0040562859505958,35.9504947264612,3576.88286549726
2,0,0,3,0.0065428586567337,31.3820574584692,1518.17063479307
2,0,0,3,0.0066504535931744,53.4475486059141,864.338683258825
2,0,0,3,0.0,0.0,0.0
2,0,0,3,0.0,0.0,0.0
2,0,0,3,0.0,0.0,0.0
2,0,0,3,0.0,0.0,0.0
2,0,0,3,0.0,0.0,0.0
2,0,0,3,0.0,0.0,0.0
2,0,0,3,0.0,0.0,0.0
2,0,0,3,0.0032244443949564,56.3573906413391,445.173100521118
2,0,0,3,0.0,0.0,0.0
2,0,0,3,0.0056212036564164,39.9358965298253,261.302002732167
2,0,0,3,0.0036748169647063,55.3906060716023,274.96289024778
