bus_number,bus_type,P_demand,Q_demand,voltage_mag,voltage_ang
1,1,0.0,0,1,-2.66539713579233
2,2,0.0,0,1,-1.63187918101825
3,2,0.0,0,1,-1.78200893028103
4,1,1092.11180954418,0,1,-5.51604785225125
5,1,0.0,0,1,-4.86269836185962
6,1,237.639300510581,0,1,-5.92476814739785
7,1,0.0,0,1,-1.63050312657889
8,1,51.7635725259384,0,1,-6.16366932149821
9,2,0.0,0,1,0.224322783010361
10,1,44.0881350385976,0,1,-2.1218130837004
11,1,0.0,0,1,-3.1559239831739
12,1,85.9948828491783,0,1,-2.28765582962084
13,2,0.0,0,1,-2.35905404293516
14,2,0.0,0,1,0.632297041204156
15,1,0.0,0,1,-1.69677647521017
16,1,0.0,0,1,-1.26864654484672
17,2,0.0,0,1,-2.81939762197901
18,1,132.139033100617,0,1,-4.33245281838382
19,1,0.0,0,1,-1.14942597166153
20,1,0.0,0,1,-2.25895787617368
21,1,0.0,0,1,-1.52924158521817
22,1,0.0,0,1,-1.88533795161362
23,1,0.0,0,1,-3.23702381674264
24,2,0.0,0,1,-0.294009823895973
25,1,134.564408600162,0,1,-1.69799976933889
26,1,0.0,0,1,0.271022350757199
27,1,0.0,0,1,-1.6664644939152
28,2,0.0,0,1,-1.18819057653082
29,1,92.4073044558659,0,1,-3.01725897173673
30,2,0.0,0,1,-2.90567143319717
31,1,0.0,0,1,-3.2949909159482
32,1,0.0,0,1,-3.68509066448566
33,1,0.0,0,1,-2.12537957343879
34,1,0.0,0,1,-2.21762390889976
35,2,0.0,0,1,-2.41395435419249
36,1,0.0,0,1,-0.647981383444238
37,1,0.0,0,1,-2.28162291294363
38,1,0.0,0,1,-2.31445118570016
39,1,0.0,0,1,-3.35052052927332
40,2,0.0,0,1,-2.6647673791967
41,3,0.0,0,1,0.0
42,1,288.142336324261,0,1,-0.3467482443259
43,2,0.0,0,1,-0.840245174715257
44,1,167.501831848546,0,1,-3.13679045886026
45,2,0.0,0,1,2.28381291744017
46,1,0.0,0,1,-2.68659367291544
47,1,0.0,0,1,-3.28710233377265
48,1,0.0,0,1,-3.40493405543372
49,1,0.0,0,1,-2.18380986916849
50,1,250.675076350562,0,1,-4.07325643992514
51,1,0.0,0,1,-1.31209281055115
52,1,151.923804746115,0,1,-2.19642163979194
53,2,0.0,0,1,-1.05828514836377
54,2,0.0,0,1,-4.1646442469558
55,2,0.0,0,1,-1.79442425809897
56,2,0.0,0,1,-0.888892725444208
57,1,25.3590975879974,0,1,-2.09666830559811
