bus_number,bus_type,P_demand,Q_demand,voltage_mag,voltage_ang
1,1,252.096627533286,0,1,-8.71869275269501
2,2,0.0,0,1,-5.03838126183432
3,1,223.58232700829,0,1,-8.99418742672765
4,2,0.0,0,1,-1.75292197565519
5,1,0.0,0,1,-8.56635042945998
6,2,0.0,0,1,-8.38081769569419
7,1,0.0,0,1,-7.28041806478006
8,2,0.0,0,1,2.07244543242863
9,3,0.0,0,1,0.0
10,2,0.0,0,1,1.18463101315534
11,2,0.0,0,1,2.79060330514353
12,1,235.282823389787,0,1,-6.74513373440612
13,1,0.0,0,1,2.26274610366707
14,1,0.0,0,1,-0.0354977440058571
15,2,0.0,0,1,-1.66735062347682
16,2,0.0,0,1,0.135198258003964
17,1,131.639083136192,0,1,0.200445932587694
18,2,0.0,0,1,1.61916211293634
19,2,0.0,0,1,1.27853905634378
20,1,0.0,0,1,0.909640144945194
21,1,168.660930355143,0,1,-3.24159625275581
22,1,0.0,0,1,0.936998402915329
23,1,0.0,0,1,-2.93625636308653
24,1,28.9706713968592,0,1,-1.19979779171622
25,1,0.0,0,1,-2.76872183550499
26,1,0.0,0,1,-1.05530724737375
27,1,0.0,0,1,-2.53172950260674
28,1,0.0,0,1,-2.40931733876035
29,1,444.514282996657,0,1,-5.68736026627728
30,1,0.0,0,1,-4.75201786424631
31,1,0.0,0,1,-1.26887889697167
32,1,281.113479789295,0,1,-3.21592973087557
33,2,0.0,0,1,-2.34749677379188
34,1,0.0,0,1,-2.0992463835351
35,1,0.0,0,1,-1.43807081296689
36,1,0.0,0,1,-4.78687060370163
37,1,197.407754392816,0,1,-3.99261757885134
38,1,0.0,0,1,-5.46033316128271
39,1,0.0,0,1,-1.98613977989075
40,2,0.0,0,1,1.65137659126934
41,1,0.0,0,1,-0.970171406420246
42,1,0.0,0,1,-2.62933449225081
43,1,332.505739808973,0,1,-5.34624774669838
44,1,0.0,0,1,-4.70494132114587
45,2,0.0,0,1,-3.32240366504285
46,1,0.0,0,1,-3.95630837537942
47,1,102.819607197349,0,1,0.184934335916191
48,2,0.0,0,1,-0.502448644419521
49,2,0.0,0,1,-0.697411192544817
50,2,0.0,0,1,2.2239416617558
51,1,72.4497896218818,0,1,-4.47583713499762
52,2,0.0,0,1,-4.42288733996186
53,1,283.267476856073,0,1,-8.58959404592605
54,1,0.0,0,1,-3.22072095436267
55,1,0.0,0,1,-0.837745869223841
56,2,0.0,0,1,-2.02154881141248
57,1,0.0,0,1,-3.17873612154244
