bus_number,bus_type,P_demand,Q_demand,voltage_mag,voltage_ang
1,1,0.0,0,1,-0.874050776895639
2,1,0.0,0,1,-1.54311761660598
3,2,0.0,0,1,-2.20509045211033
4,1,0.0,0,1,-0.405167008185304
5,1,0.0,0,1,-1.56095073874376
6,1,0.0,0,1,-0.207556499186514
7,2,0.0,0,1,-2.45984084396614
8,1,81.8202373121681,0,1,-2.29712343742094
9,3,0.0,0,1,0.0
10,1,0.0,0,1,-1.327397941666
11,2,0.0,0,1,0.152194374783374
12,2,0.0,0,1,1.94490120330864
13,2,0.0,0,1,-1.07545547308358
14,2,0.0,0,1,-1.05528128654902
15,1,421.69313084477,0,1,-1.07545547308358
16,1,266.458578106291,0,1,-3.84661319100408
17,2,0.0,0,1,0.199985252443269
18,1,45.3853026770018,0,1,-0.131017206147354
19,1,0.0,0,1,-0.202381184423111
20,2,0.0,0,1,0.072295546963325
21,1,37.6552292291069,0,1,0.264898136998531
22,1,86.3599212936873,0,1,-1.4843744749999
23,2,0.0,0,1,-0.487288188116032
24,1,0.0,0,1,0.650317085003883
25,2,0.0,0,1,-0.232332585325909
26,1,0.0,0,1,0.40635108524638
27,2,0.0,0,1,-0.969418668773315
28,1,144.073503707432,0,1,-0.293890711649953
29,2,0.0,0,1,1.67317859762892
30,2,0.0,0,1,1.17356615971666
31,2,0.0,0,1,1.09856412653706
32,1,215.280994278581,0,1,-3.3332684109226
33,1,14.0628324560642,0,1,-8.41612740706559
34,2,0.0,0,1,-2.84220267927056
35,2,0.0,0,1,-2.06610963512564
36,2,0.0,0,1,-1.90486656231269
37,1,35.8186439122769,0,1,-0.657289298803522
38,1,0.0,0,1,-3.34143333417451
39,1,0.0,0,1,-4.70109057372464
40,1,0.0,0,1,-1.90486656231269
41,2,0.0,0,1,-2.82398499199012
42,1,274.297117191289,0,1,-3.90596248158176
43,1,256.400994521703,0,1,-5.54218518818989
44,2,0.0,0,1,-1.1108496243252
45,1,32.1891683880481,0,1,-1.20380393761489
46,1,17.42575165267,0,1,-1.69750066693814
47,2,0.0,0,1,-1.89424910211986
48,2,0.0,0,1,-3.99458195575633
49,1,22.2685872394428,0,1,-3.23343383577566
50,2,0.0,0,1,-3.15439725128028
51,2,0.0,0,1,-2.39752923287933
52,1,3.83199759376453,0,1,-3.85446021716527
53,2,0.0,0,1,-1.43595232211191
54,1,617.891161320067,0,1,-4.15117463459951
55,1,0.0,0,1,-3.72970376487431
56,2,0.0,0,1,-1.78199508521009
57,1,181.397441758238,0,1,-2.79536198779318
