bus_number,P_output,Q_output,voltage_mag,gen_status,P_max,P_min
2,0.0,0,1,0,313.195091493269,0
3,395.560748329524,0,1,1,597.217976296552,0
11,9.07231516991258e-09,0,1,1,274.015266149982,0
20,5.64538214857306,0,1,1,5.64538214931244,0
22,122.312286518389,0,1,1,122.312286518412,0
25,0.0,0,1,0,164.051756233953,0
28,538.205991519299,0,1,1,633.451782014724,0
38,131.576284016614,0,1,1,131.576284016639,0
41,419.769431234949,0,1,1,419.769431234971,0
42,58.6423462596273,0,1,1,81.5648028784953,0
43,0.0,0,1,0,392.989246646319,0
44,249.683536959912,0,1,1,249.683536959934,0
47,157.119819157928,0,1,1,157.11981915795,0
51,0.0,0,1,0,43.990318345045,0
54,522.926102784382,0,1,1,522.926102784404,0
56,152.868664544337,0,1,1,152.868664544359,0
