cost_model,startup,shutdown,n_coefficients,coeff_n,coeff1,coeff0
2,0,0,3,0.0044022844447736,35.6119531797199,520.759187767865
2,0,0,3,0.005526530879848,32.0991511407914,475.01670748748
2,0,0,3,0.005524175041045,40.7801175144884,398.380695765693
2,0,0,3,0.0073696596225604,37.6984794503472,2856.572124922
2,0,0,3,0.0,0.0,0.0
2,0,0,3,0.0,0.0,0.0
2,0,0,3,0.0,0.0,0.0
2,0,0,3,0.0056939931315476,26.3306709346789,2831.97424155343
2,0,0,3,0.0,0.0,0.0
2,0,0,3,0.0070131350907766,27.7112246459321,178.347255748144
2,0,0,3,0.0,0.0,0.0
2,0,0,3,0.0,0.0,0.0
2,0,0,3,0.0,0.0,0.0
2,0,0,3,0.0,0.0,0.0
2,0,0,3,0.0,0.0,0.0
