bus_number,P_output,Q_output,voltage_mag,gen_status,P_max,P_min
17,105.004895076075,0,1,1,105.004895076055,0
19,0.0,0,1,0,397.865125418366,0
24,0.0,0,1,0,372.369754602375,0
26,796.542929796636,0,1,1,955.850311687895,0
31,80.810051249168,0,1,1,80.810051249109,0
33,602.452677623713,0,1,1,602.452677623764,0
34,340.596627067905,0,1,1,507.042089165718,0
41,230.707029474914,0,1,1,230.707029480716,0
42,0.0,0,1,0,275.267850715714,0
46,450.896065825364,0,1,1,450.896065825642,0
50,4.44442451183507,0,1,1,4.44442451170116,0
51,43.4545083692196,0,1,1,43.4545083701447,0
52,188.357140749484,0,1,1,188.357140749453,0
53,47.8558229478287,0,1,1,47.8558229476702,0
