cost_model,startup,shutdown,n_coefficients,coeff_n,coeff1,coeff0
2,0,0,3,0.0024717563148585,41.9821290540934,2497.7202492716
2,0,0,3,0.0068004471544306,35.0089694378609,2876.31676301708
2,0,0,3,0.0034708092377404,36.7406727651304,1708.37248988593
2,0,0,3,0.0,0.0,0.0
2,0,0,3,0.0,0.0,0.0
2,0,0,3,0.0,0.0,0.0
2,0,0,3,0.0,0.0,0.0
2,0,0,3,0.0060607823595798,24.474859987775,391.34908856018
2,0,0,3,0.0,0.0,0.0
2,0,0,3,0.0,0.0,0.0
2,0,0,3,0.0032503534433864,40.8032860605988,95.8541729693604
2,0,0,3,0.0,0.0,0.0
2,0,0,3,0.0,0.0,0.0
2,0,0,3,0.002849718038735,25.0945968019759,510.360357774955
2,0,0,3,0.0,0.0,0.0
2,0,0,3,0.0,0.0,0.0
2,0,0,3,0.0058670037252039,40.7084343754617,141.893482029089
