bus_number,P_output,Q_output,voltage_mag,gen_status,P_max,P_min
2,0.0,0,1,0,449.90199808156,0
6,0.0,0,1,0,243.74262706056,0
10,1336.26376559244,0,1,1,1336.2637657858,0
20,51.7875673439296,0,1,1,51.7875673450778,0
21,174.801654579987,0,1,1,174.801654580329,0
25,0.0,0,1,0,315.9456721717,0
27,40.4252673066948,0,1,1,40.4252673070356,0
36,590.029473221806,0,1,1,590.029473222141,0
39,482.737357063524,0,1,1,584.763204226055,0
41,29.9874907666362,0,1,1,29.9874907669998,0
43,0.0,0,1,0,396.451009268356,0
52,41.9884565991137,0,1,1,41.9884565994625,0
55,6.28956100846322,0,1,1,6.28956100924654,0
