cost_model,startup,shutdown,n_coefficients,coeff_n,coeff1,coeff0
2,0,0,3,0.0,0.0,0.0
2,0,0,3,0.0,0.0,0.0
2,0,0,3,0.0,0.0,0.0
2,0,0,3,0.0036285698340141,54.3569247947406,555.934522207471
2,0,0,3,0.0059325461790223,40.054327589992,2436.13457979395
2,0,0,3,0.0,0.0,0.0
2,0,0,3,0.0022836671662578,50.6633031753058,149.07386969206
2,0,0,3,0.0,0.0,0.0
2,0,0,3,0.0,0.0,0.0
2,0,0,3,0.0,0.0,0.0
2,0,0,3,0.0,0.0,0.0
2,0,0,3,0.0036345893734342,31.8177314726824,3471.69952086886
2,0,0,3,0.0044725015172423,53.5293286032143,260.64210611413
2,0,0,3,0.0,0.0,0.0
2,0,0,3,0.0046188073721199,31.4965659657945,31.2800434932544
2,0,0,3,0.0,0.0,0.0
2,0,0,3,0.0030671283865954,40.2092208700494,511.707323218929
