cost_model,startup,shutdown,n_coefficients,coeff_n,coeff1,coeff0
2,0,0,3,0.0,0.0,0.0
2,0,0,3,0.0036180199271595,24.1204068397209,349.936169788295
2,0,0,3,0.0036829049092438,38.2575961640251,26.5846250317431
2,0,0,3,0.0042449048413245,33.0241157576264,51.5620511455676
2,0,0,3,0.0,0.0,0.0
2,0,0,3,0.0025507146299037,42.5350257788508,3.56995501972923
2,0,0,3,0.0028905213942248,54.1436660590465,2184.04013857665
2,0,0,3,0.0,0.0,0.0
2,0,0,3,0.0,0.0,0.0
2,0,0,3,0.0041108953706782,42.5618234961462,84.3925225326128
2,0,0,3,0.0,0.0,0.0
2,0,0,3,0.0029184129768449,54.8078161197146,1443.40723471026
2,0,0,3,0.0,0.0,0.0
2,0,0,3,0.0,0.0,0.0
2,0,0,3,0.0,0.0,0.0
2,0,0,3,0.0,0.0,0.0
2,0,0,3,0.0036446490967137,47.9951860276667,137.246682769063
2,0,0,3,0.0,0.0,0.0
