bus_number,bus_type,P_demand,Q_demand,voltage_mag,voltage_ang
1,1,221.201611196314,0,1,-5.56180975854822
2,1,48.632741965857,0,1,-4.65891344156701
3,1,0.0,0,1,-1.3005231075021
4,2,0.0,0,1,-2.22246151192985
5,1,0.0,0,1,-4.77211473935582
6,1,0.0,0,1,-3.72374301653264
7,1,0.0,0,1,-4.67869699164266
8,1,255.717940550766,0,1,-10.8332900152165
9,1,33.0044636538904,0,1,-2.76658659175221
10,1,0.0,0,1,-2.55665380062062
11,2,0.0,0,1,-0.857352602079532
12,2,0.0,0,1,-0.223677425884655
13,1,69.6646343830309,0,1,-1.66446467618678
14,1,0.0,0,1,-9.66259178308372
15,2,0.0,0,1,-2.12131016803476
16,1,0.0,0,1,-3.74411811521785
17,1,0.0,0,1,-0.678353511872866
18,2,0.0,0,1,-0.714714878583087
19,3,0.0,0,1,0.0
20,2,0.0,0,1,1.13433984952276
21,1,0.0,0,1,-3.71590876829133
22,1,0.0,0,1,1.52520501081587
23,2,0.0,0,1,2.88332854327994
24,1,0.0,0,1,-8.15096854490667
25,1,0.0,0,1,-0.481908297906375
26,1,133.669440013831,0,1,-3.01700684164373
27,2,0.0,0,1,1.14241204305424
28,2,0.0,0,1,-0.214641144825504
29,2,0.0,0,1,-2.08585154404601
30,2,0.0,0,1,-1.35557985478586
31,1,0.0,0,1,-5.7220048755266
32,1,3.42045179837222,0,1,0.277374783465673
33,2,0.0,0,1,-5.89529060573314
34,2,0.0,0,1,0.815313766522387
35,1,0.0,0,1,-4.34872726469215
36,2,0.0,0,1,-2.02448439778249
37,1,206.501935271438,0,1,-0.633546949530429
38,1,0.0,0,1,-5.9725358045876
39,1,0.0,0,1,-6.60831087506429
40,1,0.0,0,1,-4.49290943400304
41,1,114.748866351222,0,1,-4.55799334058112
42,1,579.12826582064,0,1,-4.68457241438777
43,1,0.0,0,1,-6.61530716155124
44,1,0.0,0,1,-2.93684023430531
45,1,0.0,0,1,-5.86829562618204
46,1,540.543875004789,0,1,-7.30961270432372
47,1,0.0,0,1,-0.580105831164006
48,1,0.0,0,1,-5.36292753680369
49,1,0.0,0,1,-5.02266470901651
50,1,23.519827189096,0,1,-9.58686922864287
51,1,0.0,0,1,-3.80843420405735
52,1,0.0,0,1,-4.64996525704352
53,1,157.906442735779,0,1,-5.31837804727216
54,1,94.1363749566153,0,1,-2.56749388083217
55,1,272.513722590961,0,1,-6.70029429046904
56,1,0.0,0,1,-5.31093252799357
57,2,0.0,0,1,-4.35655485528717
