bus_number,bus_type,P_demand,Q_demand,voltage_mag,voltage_ang
1,1,0.0,0,1,-1.39464328864947
2,3,0.0,0,1,0.0
3,1,0.0,0,1,-0.486414895138668
4,2,0.0,0,1,0.999497300801986
5,1,105.967916797631,0,1,-1.81578197475406
6,1,178.727672072687,0,1,-2.92376864111106
7,2,0.0,0,1,-2.28241428460424
8,2,0.0,0,1,-1.57850441833997
9,1,53.2856574045582,0,1,-0.615736760912741
10,1,399.308473731612,0,1,-2.29663644273164
11,1,197.895241929237,0,1,-2.47240548134975
12,1,0.0,0,1,-2.08878648866416
13,1,90.0298369676974,0,1,-1.99311178953434
14,1,0.0,0,1,-1.1885447427949
15,1,0.0,0,1,-1.85425733398575
16,1,0.0,0,1,-0.781360945927392
17,1,54.8393833981296,0,1,-1.09351005925472
18,2,0.0,0,1,-0.102172781389172
19,1,138.765685675221,0,1,-1.88894742337686
20,1,0.0,0,1,-1.73966114391495
21,1,0.0,0,1,-1.47516188250039
22,1,152.391853665077,0,1,-3.51768061329951
23,1,91.6286963126278,0,1,-2.08409941153146
24,1,0.0,0,1,-0.758295337249129
25,1,0.0,0,1,-0.438884257296138
26,1,159.70185096182,0,1,-3.52382802616485
27,2,0.0,0,1,-0.664466550486088
28,2,0.0,0,1,-0.762160534545623
29,2,0.0,0,1,3.67531464755693
30,2,0.0,0,1,-1.73966114391495
31,2,0.0,0,1,-0.990724837654594
32,1,0.0,0,1,-2.66483627584471
33,2,0.0,0,1,-1.40319150761146
34,1,117.079211448108,0,1,-1.53105604435312
35,1,0.0,0,1,-1.42639438025105
36,1,0.0,0,1,-2.4185741907826
37,1,231.266410487154,0,1,-1.85566085893057
38,2,0.0,0,1,-3.96168260748364
39,1,162.823941349804,0,1,-4.50993025749072
40,1,68.2995537509585,0,1,-3.80222250353182
41,1,65.5234159296128,0,1,-1.3191594375251
42,1,0.0,0,1,-1.44353463991845
43,2,0.0,0,1,0.0665286408753224
44,1,138.419732203595,0,1,-1.94300405703045
45,1,93.4856826603344,0,1,-1.35543291100055
46,1,0.0,0,1,-2.3997914994115
47,1,0.0,0,1,-1.67945435143371
48,1,41.0910999607025,0,1,-1.49724383439907
49,1,109.726300623703,0,1,-0.552361701209385
50,2,0.0,0,1,-0.685584019123687
51,1,98.6671582405122,0,1,-0.625089770692335
52,1,0.0,0,1,0.716183751487063
53,1,0.0,0,1,-1.01368012856746
54,1,0.0,0,1,-1.54783783269685
55,2,0.0,0,1,-1.76218230084314
56,1,0.0,0,1,-0.0459154738316899
57,1,5.38581791182067,0,1,-0.341797228708371
