bus_number,P_output,Q_output,voltage_mag,gen_status,P_max,P_min
17,353.773377087748,0,1,1,353.773377087751,0
23,56.6060188307695,0,1,1,56.6060188307723,0
25,1.25729461631484e-10,0,1,1,17.3316621680468,0
28,0.0,0,1,0,283.84747359773,0
29,456.251653128932,0,1,1,660.678517401197,0
30,76.3895134050317,0,1,1,314.601063564446,0
31,342.080286549099,0,1,1,342.0802865491,0
33,138.79607756695,0,1,1,138.796077566955,0
35,375.990865640163,0,1,1,375.990865640166,0
36,125.514429255457,0,1,1,125.51442925546,0
37,0.0,0,1,0,281.659832134184,0
43,226.859444222705,0,1,1,370.858773439683,0
45,0.0,0,1,0,249.298846411838,0
46,2.87472132532478e-07,0,1,1,89.2915962688207,0
47,156.532744902509,0,1,1,156.532744902512,0
51,103.207914475013,0,1,1,103.207914475016,0
52,86.1558007206614,0,1,1,86.1558007206641,0
53,80.8472738944211,0,1,1,80.847273894424,0
54,127.620110297361,0,1,1,127.620110297365,0
56,47.6850832181863,0,1,1,47.6850832181893,0
