cost_model,startup,shutdown,n_coefficients,coeff_n,coeff1,coeff0
2,0,0,3,0.0,0.0,0.0
2,0,0,3,0.0,0.0,0.0
2,0,0,3,0.0,0.0,0.0
2,0,0,3,0.0,0.0,0.0
2,0,0,3,0.0027412402299029,49.8275089693479,450.53248895473
2,0,0,3,0.0068066106829583,29.8139944258342,3575.93362859616
2,0,0,3,0.0,0.0,0.0
2,0,0,3,0.0,0.0,0.0
2,0,0,3,0.0034421685974258,54.3984365957383,127.387967504995
2,0,0,3,0.0,0.0,0.0
2,0,0,3,0.0052926864780351,53.7366275722694,2138.85410962668
2,0,0,3,0.0,0.0,0.0
2,0,0,3,0.0029887899612203,45.7290252994726,15.8813422364964
