cost_model,startup,shutdown,n_coefficients,coeff_n,coeff1,coeff0
2,0,0,3,0.003219305707403,50.9283359811731,845.060070903546
2,0,0,3,0.0060776726698317,34.1898726115378,872.707405406107
2,0,0,3,0.0047569248022599,37.1913451258925,3158.83994789811
2,0,0,3,0.0047984139538132,37.6790990661773,291.078810047488
2,0,0,3,0.0,0.0,0.0
2,0,0,3,0.0,0.0,0.0
2,0,0,3,0.0041279664545118,50.2726644340441,311.943182629799
2,0,0,3,0.0,0.0,0.0
2,0,0,3,0.0074755505957958,32.7625365418756,246.659727920645
2,0,0,3,0.0,0.0,0.0
2,0,0,3,0.0,0.0,0.0
2,0,0,3,0.0,0.0,0.0
2,0,0,3,0.0,0.0,0.0
2,0,0,3,0.0,0.0,0.0
