bus_number,bus_type,P_demand,Q_demand,voltage_mag,voltage_ang
1,3,0.0,0,1,0.0
2,2,0.0,0,1,-1.2470188691607
3,1,100.641936467524,0,1,-2.50775460026472
4,2,0.0,0,1,1.23317569524769
5,1,0.0,0,1,-6.82919183749496
6,1,0.0,0,1,-2.75402014779181
7,1,65.7042734836629,0,1,-2.36251439798331
8,1,387.603076513996,0,1,-2.68880625769951
9,1,107.286428675967,0,1,-4.04097544248553
10,2,0.0,0,1,-3.51716559946052
11,1,25.3352442790669,0,1,-2.77076631108004
12,1,0.0,0,1,-3.8862780832389
13,1,210.356645328331,0,1,-8.01311492193218
14,1,138.413060007961,0,1,-4.12886626145124
15,1,12.8930294897819,0,1,-4.135343889678
16,1,0.0,0,1,-2.23519499262453
17,1,97.2384072531218,0,1,-5.09599910987855
18,1,0.0,0,1,-1.13275669261683
19,1,0.0,0,1,-5.16748216414209
20,2,0.0,0,1,-2.99033850266143
21,1,0.0,0,1,-2.24818526007386
22,1,0.0,0,1,-2.79101847153039
23,1,0.0,0,1,-5.80020376584947
24,1,0.0,0,1,-3.16669450192035
25,2,0.0,0,1,-0.284139123103166
26,1,389.190873167341,0,1,-6.00335444750377
27,1,56.4279834948784,0,1,-1.40468663960885
28,1,0.0,0,1,-1.82694576202045
29,1,290.481346652195,0,1,-2.48291337851809
30,1,0.0,0,1,-2.61115737781861
31,1,0.0,0,1,-1.45484200622692
32,1,120.382003441274,0,1,2.97320576503972
33,1,17.1945590235029,0,1,-1.59589833942761
34,2,0.0,0,1,5.40383018327431
35,1,0.0,0,1,7.09855200282097
36,1,201.377331176235,0,1,-0.886682451885757
37,1,98.5528816456662,0,1,-1.42505198455324
38,2,0.0,0,1,-0.923053102211061
39,1,140.152895683149,0,1,4.02046449045898
40,1,18.7638411410111,0,1,6.90556936623395
41,2,0.0,0,1,5.66988873061733
42,1,0.0,0,1,8.11905425595785
43,2,0.0,0,1,1.1384340469361
44,2,0.0,0,1,-0.473337540257702
45,1,0.0,0,1,4.84687053576161
46,1,0.0,0,1,3.13136717594394
47,1,0.0,0,1,7.66242084293917
48,1,79.2342506909055,0,1,-1.37241198577778
49,2,0.0,0,1,8.30334489806381
50,1,36.8812099111951,0,1,-2.0353167087889
51,1,0.0,0,1,-1.25534458408498
52,1,17.6893625372812,0,1,-1.22189264771011
53,1,0.0,0,1,-1.53036280071282
54,1,102.932490159613,0,1,4.95923071666643
55,1,0.0,0,1,-0.909982904940341
56,1,37.6141353642699,0,1,-1.55646648919431
57,1,1.96332789467305,0,1,-1.77755288531105
