bus_number,P_output,Q_output,voltage_mag,gen_status,P_max,P_min
1,0.0,0,1,0,232.653106024638,0
7,0.0,0,1,0,435.596917506721,0
9,49.5305629743394,0,1,1,58.3640302604328,0
16,391.593081259406,0,1,1,518.047615001889,0
18,654.188909191318,0,1,1,654.188909191319,0
21,4.64061384411945e-14,0,1,1,150.165135136912,0
24,77.2630186190927,0,1,1,184.838080709558,0
26,0.0,0,1,0,286.910734668884,0
27,674.498984537718,0,1,1,674.498984537765,0
31,546.431619283191,0,1,1,546.431619283191,0
38,127.555229793138,0,1,1,127.555229793138,0
39,55.6047006160061,0,1,1,55.6047006160065,0
45,0.0,0,1,0,29.0490114144095,0
48,89.7099666406846,0,1,1,89.7099666406846,0
53,87.9345205677073,0,1,1,218.763706638773,0
