bus_number,P_output,Q_output,voltage_mag,gen_status,P_max,P_min
1,814.313787788795,0,1,1,1089.10889952144,0
7,216.880047773438,0,1,1,216.880047773447,0
10,0.0,0,1,0,348.62451547531,0
18,1.2034031457252e-12,0,1,1,316.956877640693,0
20,3.0878562381082805e-09,0,1,1,91.750110624889,0
29,792.461193878643,0,1,1,792.461193878655,0
33,348.442050138725,0,1,1,348.44205013875,0
42,0.0,0,1,0,475.940538471017,0
45,20.1262507035304,0,1,1,20.12625070355,0
48,276.815745355001,0,1,1,276.815745355009,0
52,191.688910218577,0,1,1,191.688910218585,0
55,68.6027986660038,0,1,1,68.602798666153,0
56,24.9798089568001,0,1,1,24.9798089568203,0
