bus_number,bus_type,P_demand,Q_demand,voltage_mag,voltage_ang
1,2,0.0,0,1,-0.841114566605538
2,1,0.0,0,1,-2.18609684022939
3,1,48.4975271430283,0,1,-1.97451126442744
4,1,0.0,0,1,-1.1074755388324
5,2,0.0,0,1,-3.96391544674174
6,1,0.0,0,1,-4.69543802344766
7,1,0.0,0,1,-3.89988550307412
8,1,0.0,0,1,-0.966440236389734
9,3,0.0,0,1,0.0
10,1,0.0,0,1,-0.561839797517223
11,1,428.723005525721,0,1,-1.01348177821422
12,1,395.43436087988,0,1,-2.37374073093331
13,1,289.46498858496,0,1,-5.51644055228794
14,1,0.0,0,1,-2.52385547939787
15,1,0.0,0,1,-0.55722959604725
16,1,0.0,0,1,-3.26914770773785
17,1,0.0,0,1,-0.714225207264818
18,1,0.0,0,1,-1.09550232913477
19,2,0.0,0,1,-1.37508735553964
20,1,0.0,0,1,-1.28326210676612
21,1,0.0,0,1,-0.764746179436517
22,1,0.0,0,1,-1.02953645526469
23,2,0.0,0,1,-0.804305574730432
24,2,0.0,0,1,-0.605077026290837
25,1,7.22724708934629,0,1,-1.27401922952466
26,1,0.0,0,1,-0.872688705239023
27,2,0.0,0,1,-0.41559153680257
28,1,172.069247296294,0,1,-2.44966321668559
29,2,0.0,0,1,1.29286938107915
30,1,634.128291010082,0,1,-1.98050098048616
31,1,0.0,0,1,-1.69575969079862
32,1,0.0,0,1,-0.680524943211841
33,1,33.1103316154083,0,1,-4.53639129665371
34,1,89.4415370454154,0,1,-1.71632683283171
35,1,0.0,0,1,-1.12588260547902
36,1,0.0,0,1,-1.24973087371263
37,1,0.0,0,1,-1.62675614420274
38,1,0.0,0,1,-2.64268508204723
39,1,374.349424805397,0,1,-2.7451615806058
40,1,64.8300461743547,0,1,-2.34574600204927
41,2,0.0,0,1,-1.25833990658182
42,2,0.0,0,1,-0.730605191292608
43,1,0.0,0,1,-1.53325067055384
44,1,0.0,0,1,-1.6648147567503
45,2,0.0,0,1,-2.69470934278165
46,1,0.0,0,1,-4.16704087213389
47,2,0.0,0,1,-3.59195292009875
48,1,83.261637138951,0,1,-3.91448776420092
49,1,0.0,0,1,-5.02381733078029
50,1,133.772949173764,0,1,-6.56823762100595
51,1,0.0,0,1,-4.6074495979106
52,2,0.0,0,1,-2.96108934784867
53,1,0.0,0,1,-3.15187133822237
54,1,0.0,0,1,-3.02004114796106
55,1,0.0,0,1,-4.99637459111662
56,1,0.0,0,1,-1.67789687798036
57,1,0.0,0,1,-1.2137219213936
