bus_number,bus_type,P_demand,Q_demand,voltage_mag,voltage_ang
1,1,362.230870736601,0,1,-8.86953124262439
2,1,0.0,0,1,-1.77466423828746
3,1,0.0,0,1,-2.36247169516957
4,1,0.0,0,1,-1.47498703970639
5,3,0.0,0,1,0.0
6,1,0.0,0,1,-2.0658670492638
7,1,0.0,0,1,-2.69028246494422
8,2,0.0,0,1,-0.515349006524349
9,1,0.0,0,1,-1.25931671265988
10,1,236.003374713415,0,1,-3.71053493146628
11,1,238.289156861174,0,1,-3.11244091464075
12,2,0.0,0,1,0.524778844688277
13,2,0.0,0,1,-2.24883220457623
14,1,0.0,0,1,-3.69835369727429
15,1,0.0,0,1,-1.01983236236902
16,1,0.0,0,1,-3.72756700630144
17,1,0.0,0,1,-1.11506837473263
18,1,145.676747497778,0,1,-1.38693160216389
19,1,55.1894719580088,0,1,-4.97944414929877
20,1,0.0,0,1,-9.00049156115898
21,1,0.0,0,1,-1.5985485041738
22,1,0.0,0,1,-3.62872766439368
23,1,166.549730102995,0,1,-4.55190274666815
24,2,0.0,0,1,0.442902686522108
25,1,0.0,0,1,-6.04540234460838
26,2,0.0,0,1,-0.117356687388204
27,1,0.0,0,1,-5.52187380330883
28,1,58.1308817157855,0,1,-8.52391798824542
29,1,94.0841546287133,0,1,-4.75954397330256
30,1,629.570258684016,0,1,-19.9379009482886
31,1,0.0,0,1,-4.4391738243531
32,2,0.0,0,1,-3.64644263943429
33,1,0.0,0,1,-4.66166906072865
34,1,0.0,0,1,-6.36562808353938
35,1,0.0,0,1,-3.0806385655431
36,1,23.0630028542936,0,1,-3.02283217743743
37,1,0.0,0,1,-4.62416574207078
38,1,496.552480224609,0,1,-4.50359965916861
39,1,0.0,0,1,-2.98743574789671
40,1,88.0942450939839,0,1,-1.06194978961347
41,1,112.196110234966,0,1,-4.33280453835498
42,1,0.0,0,1,-3.71877779196963
43,1,0.0,0,1,-4.57877006384847
44,1,0.0,0,1,-3.62265687128157
45,2,0.0,0,1,-2.83087222994719
46,1,0.0,0,1,-2.92370416014193
47,2,0.0,0,1,-1.45337566295951
48,2,0.0,0,1,1.86446027298058
49,2,0.0,0,1,-2.81378866956619
50,1,50.1858679823851,0,1,-0.694785791837896
51,1,0.0,0,1,-2.7549246019539
52,1,0.0,0,1,-2.82578327584233
53,2,0.0,0,1,-0.371409740655422
54,1,0.0,0,1,-3.43009444074608
55,1,0.0,0,1,-1.26384174728246
56,2,0.0,0,1,-5.26045335012792
57,2,0.0,0,1,-3.58036404559373
