cost_model,startup,shutdown,n_coefficients,coeff_n,coeff1,coeff0
2,0,0,3,0.0,0.0,0.0
2,0,0,3,0.0039607772821493,56.2383348050562,2205.36964478359
2,0,0,3,0.0,0.0,0.0
2,0,0,3,0.0,0.0,0.0
2,0,0,3,0.0030551165766627,34.3425484292376,2081.04181304215
2,0,0,3,0.0,0.0,0.0
2,0,0,3,0.0045338490369343,43.0214503183849,251.647915164853
2,0,0,3,0.0,0.0,0.0
2,0,0,3,0.0,0.0,0.0
2,0,0,3,0.0,0.0,0.0
2,0,0,3,0.0072473413012776,46.8147691311623,2276.87825423037
2,0,0,3,0.0050019561672445,45.4858548689848,559.72681807718
2,0,0,3,0.0,0.0,0.0
2,0,0,3,0.0,0.0,0.0
2,0,0,3,0.0026681435386413,24.7102442877756,370.409755532356
2,0,0,3,0.0,0.0,0.0
