bus_number,P_output,Q_output,voltage_mag,gen_status,P_max,P_min
3,0.0,0,1,0,478.08829556666,0
9,0.0,0,1,0,437.305329725835,0
16,98.5300068182671,0,1,1,98.5300068182671,0
17,795.433359825156,0,1,1,795.433359825156,0
19,351.711843526492,0,1,1,351.711843526492,0
22,101.676688598407,0,1,1,101.676688598407,0
25,17.5431147880861,0,1,1,17.5431147880861,0
34,312.325749239498,0,1,1,312.325749239498,0
40,88.5635018516775,0,1,1,88.5635018516775,0
41,65.9306691178763,0,1,1,137.784993903099,0
43,224.53880536772,0,1,1,505.755633032759,0
47,677.930678667395,0,1,1,677.930678667395,0
49,20.1261756820284,0,1,1,259.728551880989,0
