bus_number,bus_type,P_demand,Q_demand,voltage_mag,voltage_ang
1,1,0.0,0,1,-1.019090646217
2,2,0.0,0,1,-2.71308069838677
3,1,385.370954996857,0,1,-4.26206757971697
4,1,0.0,0,1,-3.01122733660797
5,1,0.0,0,1,-0.189943934428224
6,2,0.0,0,1,-0.222131843551554
7,1,0.0,0,1,-1.98497646287124
8,1,241.942143186428,0,1,-1.13821383805168
9,1,0.0,0,1,-1.95448735985013
10,1,0.0,0,1,-1.51440993606491
11,1,0.0,0,1,0.57029308382806
12,1,0.0,0,1,0.567641988396228
13,1,0.0,0,1,0.0997954748016968
14,1,0.0,0,1,-0.334746618639306
15,1,0.0,0,1,0.543501209709957
16,1,0.0,0,1,-0.997661708351502
17,1,0.0,0,1,-1.08064881342527
18,1,0.0,0,1,-0.929918375925918
19,2,0.0,0,1,1.29773466187457
20,2,0.0,0,1,-0.383602851561306
21,2,0.0,0,1,-0.787282516528357
22,2,0.0,0,1,-0.381853163303103
23,1,0.0,0,1,-1.114502880966
24,1,35.4972226308099,0,1,-1.14604740541108
25,1,0.0,0,1,-1.96489510457534
26,2,0.0,0,1,-1.57404143147522
27,1,107.677708429624,0,1,-0.794302517545585
28,2,0.0,0,1,-0.0475736407219191
29,1,413.888898806641,0,1,-2.63649791860134
30,2,0.0,0,1,-2.13109816960356
31,1,0.0,0,1,-2.3469410955983
32,1,0.0,0,1,-2.26105956193717
33,1,33.5472074657774,0,1,-2.53120889285092
34,2,0.0,0,1,-2.47407176081377
35,1,149.096850136858,0,1,-3.45204795768856
36,1,0.0,0,1,-2.30355256938452
37,3,0.0,0,1,0.0
38,1,0.0,0,1,-3.04537741219738
39,2,0.0,0,1,-2.47726571525696
40,1,0.0,0,1,-2.17151417301132
41,2,0.0,0,1,-2.55490986179591
42,1,90.8565541177012,0,1,-2.90614238549374
43,1,0.0,0,1,-3.23919684580682
44,1,0.0,0,1,-2.51464837144073
45,1,836.340542684872,0,1,-2.63068032276461
46,1,0.0,0,1,-2.2032812592432
47,1,106.367440792761,0,1,-2.72642368936085
48,1,0.0,0,1,-2.57455523382984
49,2,0.0,0,1,3.14626384539728
50,1,0.0,0,1,-1.54438828823644
51,1,155.501594655211,0,1,-3.83195488106404
52,1,0.0,0,1,-3.51600952236409
53,1,141.700758805036,0,1,-0.854432581964691
54,2,0.0,0,1,-2.07934876753716
55,1,0.0,0,1,-2.30338418791614
56,1,0.0,0,1,-2.05754022305012
57,1,56.5227167740266,0,1,-1.86399248987326
