bus_number,P_output,Q_output,voltage_mag,gen_status,P_max,P_min
1,78.2770435459934,0,1,1,78.277043545994,0
2,303.706954971917,0,1,1,303.706954971918,0
4,1042.41839263091,0,1,1,1247.65278367594,0
8,4.07620367566094,0,1,1,310.294749735395,0
9,9.19816967519759,0,1,1,9.19816967519828,0
17,9.545721909660798e-12,0,1,1,46.8305399397365,0
22,42.4889539033149,0,1,1,42.4889539033156,0
25,177.900947538568,0,1,1,177.900947538568,0
26,1.63050321995468e-10,0,1,1,150.185431912783,0
29,145.189773541592,0,1,1,145.189773541593,0
30,98.7009330002473,0,1,1,98.7009330002479,0
31,0.0,0,1,0,418.851590266596,0
37,90.6358408505217,0,1,1,90.635840850523,0
39,315.859035269063,0,1,1,315.859035269069,0
44,0.0,0,1,0,368.416913720292,0
46,41.2944898525825,0,1,1,53.6242308502865,0
48,166.3566332844,0,1,1,166.3566332844,0
50,151.610503164602,0,1,1,151.610503164604,0
51,75.4625535734841,0,1,1,75.4625535734846,0
53,11.134165004374,0,1,1,11.1341650043755,0
