bus_number,bus_type,P_demand,Q_demand,voltage_mag,voltage_ang
1,1,304.745125999127,0,1,-0.75470520493706
2,3,0.0,0,1,0.0
3,2,0.0,0,1,-0.446736333076929
4,1,0.0,0,1,-3.78562196842393
5,1,17.1756809341337,0,1,-1.93398275088358
6,1,0.0,0,1,-0.888727439603299
7,2,0.0,0,1,0.483271764168144
8,2,0.0,0,1,-2.26100150113726
9,2,0.0,0,1,-1.12692025274793
10,1,0.0,0,1,-0.671491746858028
11,1,0.0,0,1,-0.892752757696114
12,2,0.0,0,1,-2.47339732333284
13,1,200.703919264046,0,1,-3.56027074306107
14,1,62.2234614197681,0,1,-1.85411193285586
15,1,24.540263983745,0,1,-1.76356792631275
16,1,0.0,0,1,-0.825875825617361
17,1,35.0182855381822,0,1,-1.85654917531478
18,1,0.0,0,1,-1.05682040353654
19,1,0.0,0,1,-2.81409734441514
20,1,0.0,0,1,0.0088419187467439
21,1,0.0,0,1,0.259755895250753
22,2,0.0,0,1,0.299911116380193
23,2,0.0,0,1,0.401551814801225
24,1,387.999749988634,0,1,-0.706377137244047
25,1,0.0,0,1,-0.440836349184764
26,2,0.0,0,1,-0.321581446304356
27,1,85.1891463653049,0,1,-0.822955958258192
28,2,0.0,0,1,-0.074760290253825
29,1,15.5344354127747,0,1,0.0914195558326598
30,2,0.0,0,1,0.162615028349707
31,1,0.0,0,1,-0.232861253978527
32,1,0.0,0,1,1.02579757843542
33,2,0.0,0,1,3.81870393841183
34,1,155.652239265892,0,1,-2.11541584472332
35,1,0.0,0,1,-0.577777205792809
36,2,0.0,0,1,-0.518411824741326
37,1,262.22834822782,0,1,-2.74748812561721
38,1,0.0,0,1,-0.127065932441311
39,1,0.0,0,1,-1.7180503282523
40,1,0.0,0,1,1.18864364231078
41,1,0.0,0,1,-0.305355310099327
42,1,0.0,0,1,-2.09400656417877
43,2,0.0,0,1,-0.971503400100927
44,1,144.15387183006,0,1,-0.886353879121311
45,1,0.0,0,1,-1.60620406992235
46,1,0.0,0,1,-1.31009118537408
47,1,0.0,0,1,-1.39426038206615
48,1,87.5514089797966,0,1,-1.48557228804971
49,1,56.7770745077498,0,1,-2.72640751348994
50,1,231.46113248136,0,1,-0.897918553485306
51,1,232.875471329467,0,1,-2.43361613227541
52,1,2.25183607058321,0,1,-0.145802083764233
53,1,222.124477084441,0,1,-2.67831916303962
54,1,13.508903553207,0,1,-2.9078273352313
55,1,0.0,0,1,-1.39588120392043
56,1,0.0,0,1,-1.42262109626413
57,1,212.595761246508,0,1,-4.92667377996321
