bus_number,P_output,Q_output,voltage_mag,gen_status,P_max,P_min
3,205.543474209234,0,1,1,342.758853851277,0
5,366.305871194378,0,1,1,845.311394730993,0
10,188.59815805013,0,1,1,188.598158053062,0
12,134.461814910822,0,1,1,134.461814910869,0
16,311.473968442011,0,1,1,311.47396844339,0
17,0.0,0,1,0,416.542843527481,0
23,187.284291673094,0,1,1,187.28429167161,0
26,370.326241568116,0,1,1,370.32624157025,0
28,158.888253509033,0,1,1,158.888253508061,0
34,122.046046754701,0,1,1,122.04604675338,0
41,92.6636462037805,0,1,1,92.6636462018142,0
44,205.954100439053,0,1,1,205.954100438282,0
46,1.26226220977968e-06,0,1,1,91.6826692220621,0
47,0.0,0,1,0,38.1875908518581,0
50,161.533722621114,0,1,1,161.53372261953,0
51,0.0,0,1,0,262.026989030482,0
57,62.0186770178979,0,1,1,86.5360330477514,0
