bus_number,P_output,Q_output,voltage_mag,gen_status,P_max,P_min
1,38.5927305343505,0,1,1,38.5927305343505,0
10,1024.30505443171,0,1,1,1024.30505443171,0
18,26.9366453034732,0,1,1,26.9366453034732,0
24,0.0,0,1,0,263.266928236271,0
26,94.3912059623535,0,1,1,250.491424849069,0
28,70.2711477007151,0,1,1,113.997335273774,0
29,349.256694429194,0,1,1,510.35171833435,0
36,41.6624523418647,0,1,1,41.6624523418647,0
40,419.762473426388,0,1,1,419.762473426388,0
42,95.5570188642674,0,1,1,95.5570188642674,0
43,89.7052308297893,0,1,1,89.7052308297893,0
44,61.6384036051279,0,1,1,61.6384036051279,0
45,290.905502424811,0,1,1,290.905502424811,0
46,0.0,0,1,0,579.85250436266,0
48,0.0,0,1,0,304.026290977842,0
53,151.326033628574,0,1,1,151.326033628574,0
