bus_number,bus_type,P_demand,Q_demand,voltage_mag,voltage_ang
1,1,0.0,0,1,-5.72834585399934
2,2,0.0,0,1,-5.35224103669129
3,1,0.0,0,1,-5.92911917556823
4,1,391.337681341799,0,1,-6.91017514357811
5,1,100.189658661783,0,1,-6.8892600948222
6,2,0.0,0,1,-5.16565996963236
7,1,46.7057152803848,0,1,-8.88657484954402
8,2,0.0,0,1,-6.60344856158733
9,1,24.0854163454453,0,1,-5.68975519009131
10,1,227.017394831515,0,1,-6.92166383950723
11,1,30.486052503988,0,1,-5.92329308984193
12,2,0.0,0,1,-2.77437180593641
13,1,0.0,0,1,-1.69252366610635
14,2,0.0,0,1,-6.0483825432988
15,1,0.0,0,1,-6.34315679045421
16,1,58.2923082991304,0,1,-4.36015278553818
17,3,0.0,0,1,0.0
18,1,192.047314783564,0,1,-4.20767317921329
19,2,0.0,0,1,-5.10049637124207
20,2,0.0,0,1,-4.71664173175087
21,1,0.0,0,1,-1.58605448271358
22,1,44.8849056146099,0,1,-0.560058274122856
23,2,0.0,0,1,-3.78474521983256
24,1,0.0,0,1,-1.66769708167053
25,1,0.0,0,1,-1.08561209503724
26,2,0.0,0,1,-0.32044492330311
27,1,0.0,0,1,-4.81446445184937
28,2,0.0,0,1,-2.25595423545086
29,2,0.0,0,1,-2.31580523266381
30,1,203.102842054255,0,1,-0.906611053179674
31,1,433.150149802584,0,1,-2.78528668113808
32,1,10.5368485175077,0,1,-3.03120371966889
33,1,182.023155140569,0,1,-2.55754415585114
34,1,0.0,0,1,-2.15319548956944
35,2,0.0,0,1,-4.91149206099943
36,2,0.0,0,1,-4.76986623065498
37,2,0.0,0,1,-5.78901492856455
38,1,0.0,0,1,-4.79334860975064
39,1,134.7149578999,0,1,-5.71231314749079
40,1,0.0,0,1,-6.84033302750871
41,1,0.0,0,1,-5.78247723312152
42,1,179.720556216407,0,1,-5.46622048497269
43,1,0.0,0,1,-5.13848623910199
44,1,0.0,0,1,-6.1023792124551
45,1,3.30165463287594,0,1,-5.37337912328033
46,1,238.493023883529,0,1,-8.57784966294488
47,1,0.0,0,1,-5.75439782542259
48,2,0.0,0,1,-6.02502284449827
49,1,32.1117424985392,0,1,-7.30096068754705
50,1,139.814207907706,0,1,-9.59227180559907
51,1,0.0,0,1,-7.21331727998382
52,1,34.011206091574,0,1,-8.19552430550036
53,2,0.0,0,1,-5.1737797271609
54,2,0.0,0,1,-6.91079232001959
55,1,48.2838011749361,0,1,-6.60913549043532
56,1,0.0,0,1,-8.07633167713818
57,1,0.0,0,1,-7.37466291678002
