bus_number,P_output,Q_output,voltage_mag,gen_status,P_max,P_min
16,460.804608070258,0,1,1,460.804608070258,0
22,311.060306715338,0,1,1,544.256863250985,0
23,383.211662873701,0,1,1,383.211662873701,0
26,49.6492505202065,0,1,1,253.53647192528,0
32,479.410076347481,0,1,1,482.915515806927,0
36,36.5248538388938,0,1,1,273.407648022407,0
39,382.15758390055,0,1,1,382.15758390055,0
40,388.578065240675,0,1,1,388.578065240675,0
41,101.223736043292,0,1,1,101.223736043292,0
45,64.0271077195518,0,1,1,172.954032895339,0
47,0.0,0,1,0,332.006731535889,0
50,0.0,0,1,0,173.515356472321,0
52,10.5415910775579,0,1,1,226.687720251602,0
54,87.1217511350928,0,1,1,87.121751135093,0
