cost_model,startup,shutdown,n_coefficients,coeff_n,coeff1,coeff0
2,0,0,3,0.0,0.0,0.0
2,0,0,3,0.0068731056858552,47.449130283784,547.034608775407
2,0,0,3,0.0,0.0,0.0
2,0,0,3,0.0073522560133612,30.5550834143316,3136.81763203549
2,0,0,3,0.0047013057468554,53.6594552887139,328.550133668524
2,0,0,3,0.0,0.0,0.0
2,0,0,3,0.0,0.0,0.0
2,0,0,3,0.0028879308346424,42.288868710321,353.314849731895
2,0,0,3,0.0024835902450205,54.5557158857298,3847.15662381789
2,0,0,3,0.0,0.0,0.0
2,0,0,3,0.0,0.0,0.0
2,0,0,3,0.0,0.0,0.0
2,0,0,3,0.0,0.0,0.0
2,0,0,3,0.0072154566328919,26.9359223144316,1782.53843332258
2,0,0,3,0.0,0.0,0.0
