bus_number,bus_type,P_demand,Q_demand,voltage_mag,voltage_ang
1,1,76.2716814178589,0,1,-1.36536565331036
2,1,0.0,0,1,-0.494233430311117
3,1,0.0,0,1,-1.2489395999108
4,2,0.0,0,1,-1.05105806938731
5,1,0.0,0,1,-4.18706471878693
6,1,57.8004728014494,0,1,-4.64925123306671
7,1,0.0,0,1,-4.69035702313406
8,3,0.0,0,1,0.0
9,1,25.6429264408759,0,1,-0.0536051244456321
10,2,0.0,0,1,-0.156196067368396
11,1,0.0,0,1,-2.90752469082189
12,1,726.898738367064,0,1,-1.91477528723003
13,1,0.0,0,1,-1.22981257285667
14,1,604.936346751757,0,1,-4.21117562155449
15,2,0.0,0,1,4.00753073309456
16,1,0.0,0,1,3.20221395250579
17,1,0.0,0,1,3.82422970847291
18,2,0.0,0,1,4.13455985074428
19,1,0.0,0,1,2.27608543285032
20,1,0.0,0,1,3.11453184390353
21,1,0.0,0,1,-0.467609085353858
22,1,0.0,0,1,4.09322717851411
23,2,0.0,0,1,6.07125693147336
24,2,0.0,0,1,3.84820843083945
25,1,160.317165340879,0,1,2.79891480959481
26,2,0.0,0,1,3.71919394338871
27,1,0.0,0,1,4.76030152061617
28,1,0.0,0,1,4.03717801032246
29,1,0.0,0,1,3.61388105541937
30,1,0.0,0,1,2.89070770394217
31,2,0.0,0,1,4.66493179292608
32,1,8.45972464554246,0,1,2.71318766658781
33,1,0.0,0,1,2.86624720220874
34,2,0.0,0,1,2.91371121141802
35,1,0.0,0,1,0.288146950902136
36,2,0.0,0,1,0.508155222863262
37,1,26.115882935224,0,1,-0.150843250843689
38,2,0.0,0,1,-2.13762391484177
39,1,0.0,0,1,1.32222790506576
40,1,0.0,0,1,0.434968527424228
41,1,0.0,0,1,4.01532239383072
42,1,0.0,0,1,-4.39966343782195
43,1,0.0,0,1,1.6812877516088
44,2,0.0,0,1,-4.18438154149164
45,1,0.0,0,1,-1.04442761509739
46,2,0.0,0,1,-0.98385072737634
47,2,0.0,0,1,1.11581354449455
48,1,0.0,0,1,-3.38850571202871
49,1,0.0,0,1,-5.5289056414464
50,1,0.0,0,1,-4.63486627615264
51,1,406.048569164182,0,1,-6.48738182057311
52,1,560.634840631956,0,1,-7.00865065644467
53,1,92.5325180722423,0,1,-6.24242229064889
54,1,0.0,0,1,-5.89209988037128
55,1,0.0,0,1,-2.98237058514597
56,1,0.0,0,1,-2.42489543555376
57,1,8.65172691357052,0,1,-4.74914183080049
