cost_model,startup,shutdown,n_coefficients,coeff_n,coeff1,coeff0
2,0,0,3,0.0,0.0,0.0
2,0,0,3,0.0,0.0,0.0
2,0,0,3,0.0025243738418698,29.6540879329919,263.133130014523
2,0,0,3,0.0051882671851702,50.5682161104722,2415.13224024357
2,0,0,3,0.0033562042299397,52.8747375839563,312.311544169236
2,0,0,3,0.0,0.0,0.0
2,0,0,3,0.00371155790075,34.3027292918431,592.770603418093
2,0,0,3,0.0034105439685048,31.8391947029116,379.775272986938
2,0,0,3,0.0052716200503748,43.9409461399867,259.454720023691
2,0,0,3,0.0,0.0,0.0
2,0,0,3,0.0,0.0,0.0
2,0,0,3,0.0,0.0,0.0
2,0,0,3,0.0,0.0,0.0
2,0,0,3,0.0,0.0,0.0
2,0,0,3,0.0031597804378723,33.1250780642968,61.9740974475997
2,0,0,3,0.0066028308608614,44.2272114618731,474.362473983822
2,0,0,3,0.0039087738596345,34.6874675648978,31.1840492093849
2,0,0,3,0.0,0.0,0.0
2,0,0,3,0.0,0.0,0.0
2,0,0,3,0.0,0.0,0.0
2,0,0,3,0.0,0.0,0.0
