bus_number,bus_type,P_demand,Q_demand,voltage_mag,voltage_ang
1,1,0.0,0,1,-7.16913454722067
2,1,537.421275891163,0,1,-9.71065895881122
3,1,0.0,0,1,-7.48315775041564
4,1,0.0,0,1,-5.47260742616952
5,1,210.420795083871,0,1,-7.45278178210015
6,1,0.0,0,1,-8.78608679657856
7,3,0.0,0,1,0.0
8,1,402.047910371437,0,1,-7.5434010587599
9,1,219.629642240983,0,1,-3.88411498618761
10,1,0.0,0,1,-5.0693616687633
11,2,0.0,0,1,-6.31837890677926
12,1,0.0,0,1,-8.53364126311325
13,1,0.0,0,1,-7.05491765232441
14,1,0.0,0,1,-3.34012377433354
15,2,0.0,0,1,-5.53498241999984
16,1,0.0,0,1,-0.75788607432117
17,1,86.8240176045577,0,1,-3.76545423971955
18,1,0.0,0,1,-4.90068668907774
19,2,0.0,0,1,-1.00822706914303
20,2,0.0,0,1,-1.27279962649018
21,1,0.0,0,1,-4.4401385174845
22,2,0.0,0,1,-0.390060655144788
23,1,7.56537443033326,0,1,-1.27279962649018
24,1,98.1191873866586,0,1,-2.58459474497062
25,1,0.0,0,1,-2.2320717496143
26,1,0.0,0,1,-0.50832090037254
27,1,0.0,0,1,-0.121190362636955
28,2,0.0,0,1,-6.47874190577127
29,2,0.0,0,1,-1.50974661222704
30,2,0.0,0,1,0.157275956957592
31,1,0.0,0,1,-0.903873364032986
32,2,0.0,0,1,-0.695966053763011
33,1,0.0,0,1,-1.68826351425993
34,1,44.8773909624095,0,1,-5.20051395517992
35,2,0.0,0,1,-2.29080238689951
36,1,810.724693928682,0,1,-6.98803086854771
37,1,5.27474298017293,0,1,-4.13394832897702
38,1,0.0,0,1,-2.53009502885517
39,1,0.0,0,1,-1.60688591070432
40,1,0.0,0,1,-3.09968788786951
41,1,0.0,0,1,-1.55938561987747
42,1,26.2516206260995,0,1,-4.00218157999179
43,2,0.0,0,1,-1.28221514597042
44,2,0.0,0,1,-6.72301029417301
45,2,0.0,0,1,-0.105592366075642
46,1,3.40483430272951,0,1,-6.63981371724708
47,1,133.774971020693,0,1,-8.91124876917764
48,1,144.825593090615,0,1,-5.4714986437126
49,1,23.1485435621964,0,1,-2.28216296664967
50,1,0.0,0,1,-4.08987568640397
51,2,0.0,0,1,-4.30004038583523
52,2,0.0,0,1,-2.68746546557002
53,1,0.0,0,1,-3.07280520472835
54,1,0.0,0,1,-6.34389238234333
55,2,0.0,0,1,-4.61715863964131
56,2,0.0,0,1,-6.88915688833486
57,2,0.0,0,1,-2.76259210086131
