cost_model,startup,shutdown,n_coefficients,coeff_n,coeff1,coeff0
2,0,0,3,0.0027554515360968,35.5039035430833,306.678275662602
2,0,0,3,0.005098588844528,38.2992543443807,59.2693354013769
2,0,0,3,0.0,0.0,0.0
2,0,0,3,0.0052234572411182,50.0841970202878,546.791680824003
2,0,0,3,0.0,0.0,0.0
2,0,0,3,0.0,0.0,0.0
2,0,0,3,0.0033741101501521,56.6876895231864,1229.31493925508
2,0,0,3,0.0021721252517399,44.4727109203748,325.853052266253
2,0,0,3,0.0,0.0,0.0
2,0,0,3,0.0040097513940846,24.7640631592121,1343.97877065884
2,0,0,3,0.007019011603223,30.6606957120563,257.183415873915
2,0,0,3,0.0,0.0,0.0
2,0,0,3,0.0,0.0,0.0
2,0,0,3,0.0,0.0,0.0
2,0,0,3,0.0,0.0,0.0
2,0,0,3,0.0,0.0,0.0
2,0,0,3,0.005051270620005,45.7101980138386,253.215134175031
2,0,0,3,0.0,0.0,0.0
2,0,0,3,0.0,0.0,0.0
