bus_number,P_output,Q_output,voltage_mag,gen_status,P_max,P_min
11,753.01273771445,0,1,1,920.174994940148,0
16,2.68194007656333e-21,0,1,1,12.7541487717026,0
17,300.496780967273,0,1,1,328.286534969389,0
19,460.29465102947,0,1,1,460.29465102947,0
26,75.6527684961979,0,1,1,75.6527684961979,0
33,784.212205278985,0,1,1,784.212205278985,0
34,281.525989895702,0,1,1,281.525989895702,0
35,69.2499517959476,0,1,1,69.2499517959476,0
46,23.318714475362,0,1,1,23.318714475362,0
49,6.54679382922036,0,1,1,6.54679382922036,0
55,0.0,0,1,0,723.215909623026,0
56,0.0,0,1,0,559.338827130686,0
