bus_number,P_output,Q_output,voltage_mag,gen_status,P_max,P_min
1,318.924107445737,0,1,1,791.982957382604,0
8,265.224829768347,0,1,1,265.22482976835,0
24,416.961665034697,0,1,1,464.552743293654,0
27,0.0,0,1,0,346.273178823999,0
32,158.535991250228,0,1,1,228.246926855978,0
35,440.183633647421,0,1,1,507.333401284133,0
38,437.153816927908,0,1,1,437.153816927941,0
40,26.7441427740692,0,1,1,268.907285287886,0
43,9.82421758091693,0,1,1,9.82421758088176,0
45,294.460336423505,0,1,1,294.460336423541,0
47,230.389307951183,0,1,1,230.389308010377,0
48,155.90854467856,0,1,1,169.965932275959,0
55,0.0,0,1,0,125.337671999658,0
