cost_model,startup,shutdown,n_coefficients,coeff_n,coeff1,coeff0
2,0,0,3,0.0,0.0,0.0
2,0,0,3,0.004850035679627,27.9074579647727,39.0129441054927
2,0,0,3,0.0037252677395724,23.2866485577003,1548.43587942027
2,0,0,3,0.0,0.0,0.0
2,0,0,3,0.0,0.0,0.0
2,0,0,3,0.0068635927961849,36.2496311099376,91.070978054935
2,0,0,3,0.0053878158181032,35.0595942506349,3381.77582920274
2,0,0,3,0.0,0.0,0.0
2,0,0,3,0.0,0.0,0.0
2,0,0,3,0.0,0.0,0.0
2,0,0,3,0.0032791222604991,27.8654944282425,2494.98239835951
2,0,0,3,0.0,0.0,0.0
2,0,0,3,0.0,0.0,0.0
2,0,0,3,0.0,0.0,0.0
2,0,0,3,0.0058716001297759,23.7004074084235,25.4199204626921
