bus_number,P_output,Q_output,voltage_mag,gen_status,P_max,P_min
5,145.826158557907,0,1,1,145.826158557907,0
6,0.0,0,1,0,144.14272450074,0
9,611.112014803526,0,1,1,611.112014803526,0
16,528.316864831959,0,1,1,563.004998971051,0
17,559.946241443817,0,1,1,559.946241443817,0
18,62.6261458852711,0,1,1,62.6261458852711,0
19,28.8593977976014,0,1,1,111.090573036164,0
20,26.9338916562576,0,1,1,26.9338916562576,0
24,458.775175983385,0,1,1,458.775175983385,0
28,122.074772114571,0,1,1,122.074772114571,0
29,56.7857755151202,0,1,1,56.7857755151202,0
30,0.0,0,1,0,241.443416828193,0
32,0.0,0,1,0,426.838686008376,0
33,17.5407109236009,0,1,1,17.5407109236009,0
37,44.9780488345442,0,1,1,44.9780488345442,0
42,0.0007231680944264,0,1,1,0.0007231680944264,0
47,0.0,0,1,0,258.488247367065,0
52,90.5346719669445,0,1,1,90.5346719669445,0
53,0.0,0,1,0,320.234769859693,0
