bus_number,P_output,Q_output,voltage_mag,gen_status,P_max,P_min
1,126.34486574906,0,1,1,126.344865749016,0
5,146.543479332459,0,1,1,175.831040112544,0
13,64.8592650440822,0,1,1,64.8592650440728,0
18,117.054492966124,0,1,1,117.054492966154,0
24,0.0,0,1,0,220.28067382618,0
25,269.410640441818,0,1,1,593.309958547186,0
29,526.834827958909,0,1,1,526.834827958922,0
30,423.919997072274,0,1,1,423.919997072527,0
31,0.80557941036329,0,1,1,0.805579411388071,0
38,35.8389563314821,0,1,1,35.8389563314666,0
40,13.8483358919654,0,1,1,13.8483358919694,0
43,0.0,0,1,0,226.212881439229,0
47,0.0,0,1,0,295.534386493558,0
48,14.0381153652658,0,1,1,14.0381153653016,0
49,502.965219457484,0,1,1,502.965219457589,0
51,0.0,0,1,0,396.009926371065,0
52,418.759388912637,0,1,1,418.759388912651,0
55,9.97232458745729,0,1,1,9.97232458830494,0
57,83.1151049611786,0,1,1,99.9575118851951,0
