bus_number,bus_type,P_demand,Q_demand,voltage_mag,voltage_ang
1,1,204.728481572918,0,1,-2.28300539748158
2,1,8.70836706154862,0,1,-3.77670188016561
3,1,251.993121808201,0,1,-5.49620429225021
4,3,0.0,0,1,0.0
5,1,30.5795572667139,0,1,-5.00619706679072
6,1,0.0,0,1,-2.55048588312362
7,1,211.898747428801,0,1,-2.94865744171806
8,1,0.0,0,1,-1.67387208173216
9,1,0.0,0,1,-1.49995358933209
10,1,0.0,0,1,-3.74921475873783
11,1,0.0,0,1,-1.67847279797952
12,1,0.0,0,1,-6.33614239820976
13,1,0.0,0,1,-1.5896215302748
14,2,0.0,0,1,-2.07872392945583
15,1,77.3852021085299,0,1,-2.79906742887728
16,2,0.0,0,1,-1.31167110841555
17,2,0.0,0,1,-6.13775464264334
18,1,684.996085852247,0,1,-7.07456427029961
19,2,0.0,0,1,-4.22759943709971
20,1,97.3000779468817,0,1,-4.61879834062946
21,1,0.0,0,1,-2.56222267489725
22,1,0.0,0,1,-3.6238526548425
23,1,0.0,0,1,-3.28082417421665
24,2,0.0,0,1,-5.39156229831891
25,1,0.0,0,1,-4.62158631320509
26,1,9.06659999667901,0,1,-5.39156229831891
27,1,0.0,0,1,-5.77952255920223
28,1,119.157452907313,0,1,-5.83712068104289
29,2,0.0,0,1,-4.24012988236232
30,1,98.8796735929168,0,1,-5.3224316472102
31,1,0.0,0,1,-2.63535399854181
32,1,23.0142352349536,0,1,-3.14034933754653
33,2,0.0,0,1,-5.49128405360878
34,1,192.786878995242,0,1,-6.86782703177214
35,1,259.476359391068,0,1,-7.72866388129613
36,1,0.0,0,1,-2.61376497558379
37,2,0.0,0,1,-1.8636949170166
38,1,0.0,0,1,-5.07158306497183
39,1,195.517099433906,0,1,-7.96240273016152
40,1,0.0,0,1,-6.20439740131557
41,1,0.0,0,1,-3.59147956092655
42,1,0.0,0,1,-7.1262996708713
43,1,0.0,0,1,-5.58339950571376
44,2,0.0,0,1,-5.16505175838103
45,2,0.0,0,1,-2.82715808360293
46,1,0.0,0,1,-4.25888902254116
47,1,2.22478633701767,0,1,-3.52470408527904
48,1,0.0,0,1,-3.76553192732902
49,1,91.4285294446827,0,1,-5.43752746939984
50,1,0.0,0,1,-4.63561251609196
51,1,0.0,0,1,-4.52098342590333
52,2,0.0,0,1,-4.88075317628206
53,2,0.0,0,1,-3.98253247077005
54,2,0.0,0,1,-3.72327005892534
55,1,0.0,0,1,-3.15751727732821
56,2,0.0,0,1,-4.46146976230195
57,1,195.169337102983,0,1,-5.38006968256741
