cost_model,startup,shutdown,n_coefficients,coeff_n,coeff1,coeff0
2,0,0,3,0.0,0.0,0.0
2,0,0,3,0.0,0.0,0.0
2,0,0,3,0.0070193650128221,33.1092224475134,2216.95221523866
2,0,0,3,0.0039130862399514,33.278648687331,281.30290726833
2,0,0,3,0.0035246886646601,24.0232164766272,383.782048570823
2,0,0,3,0.0,0.0,0.0
2,0,0,3,0.0024433627976275,46.7523417293796,3562.7467573082
2,0,0,3,0.0,0.0,0.0
2,0,0,3,0.0,0.0,0.0
2,0,0,3,0.0039142574618189,24.9384824837264,291.153403589695
2,0,0,3,0.002256624016896,27.4645184986824,122.542609124127
2,0,0,3,0.0,0.0,0.0
2,0,0,3,0.0,0.0,0.0
2,0,0,3,0.0,0.0,0.0
2,0,0,3,0.0,0.0,0.0
