bus_number,P_output,Q_output,voltage_mag,gen_status,P_max,P_min
1,51.5969715839411,0,1,1,51.5969715839411,0
5,51.3197289178279,0,1,1,51.3197289178279,0
7,56.5925859518509,0,1,1,56.5925859518509,0
9,0.0,0,1,0,68.2127049222023,0
11,1244.49618838102,0,1,1,1451.9204271832,0
13,0.0,0,1,0,32.9015098531906,0
16,0.0,0,1,0,29.8627705117858,0
18,0.0,0,1,0,371.265402724474,0
20,271.807318972785,0,1,1,271.807318972785,0
23,6.1473202347704e-18,0,1,1,226.710443518043,0
24,321.181917197685,0,1,1,334.739603918763,0
25,44.524083851102,0,1,1,44.524083851102,0
37,4.45180532020792e-18,0,1,1,84.3374605466215,0
38,0.0,0,1,0,102.172535376972,0
41,166.725409527648,0,1,1,170.556880536817,0
42,167.335161782802,0,1,1,167.335161782802,0
43,16.0684797412539,0,1,1,16.0684797412539,0
45,102.550706530986,0,1,1,102.550706530986,0
47,0.0,0,1,0,150.691275335225,0
48,85.1779688243119,0,1,1,85.1779688243119,0
50,0.0,0,1,0,35.9944451087591,0
52,174.934072219394,0,1,1,174.934072219394,0
53,0.0,0,1,0,155.356865243952,0
