bus_number,P_output,Q_output,voltage_mag,gen_status,P_max,P_min
2,178.678125962407,0,1,1,178.678125973505,0
4,0.0,0,1,0,317.652575663857,0
14,0.0,0,1,0,270.245415906933,0
18,0.0,0,1,0,236.4979894825,0
19,0.0,0,1,0,28.6002192466675,0
20,83.9477738224464,0,1,1,83.9478650526637,0
31,210.837419671837,0,1,1,210.837419695582,0
33,230.662713879044,0,1,1,775.919633391318,0
37,84.2242191465276,0,1,1,169.703412119864,0
38,721.188079772629,0,1,1,744.925904291853,0
40,5.485344064705291e-09,0,1,1,0.596925304443571,0
44,198.019629296025,0,1,1,198.019629309148,0
47,683.380523809227,0,1,1,683.380523816057,0
49,363.372108116974,0,1,1,363.372108169928,0
