bus_number,P_output,Q_output,voltage_mag,gen_status,P_max,P_min
2,362.142897972828,0,1,1,628.264719859791,0
3,268.85263424711,0,1,1,271.136251236205,0
7,0.0,0,1,0,171.017550980298,0
9,484.732710520665,0,1,1,484.732710520665,0
10,322.851684130886,0,1,1,322.851684130886,0
12,158.632923985351,0,1,1,158.632923985351,0
23,174.463350357361,0,1,1,174.463350357361,0
26,57.6689076005966,0,1,1,57.6689076005966,0
28,0.0,0,1,0,202.276122206637,0
32,148.188865843883,0,1,1,148.188865843883,0
35,224.373854274179,0,1,1,377.072790462088,0
37,39.8404754940737,0,1,1,39.8404754940737,0
38,444.493762913748,0,1,1,444.493762913748,0
44,0.0,0,1,0,223.15675396976,0
45,1.54733988452475e-18,0,1,1,28.657337372177,0
46,38.8397189385732,0,1,1,278.004027114318,0
48,0.0,0,1,0,222.690706173135,0
54,6.53897351997087,0,1,1,6.53897351997087,0
57,22.6898336833776,0,1,1,22.6898336833776,0
