bus_number,P_output,Q_output,voltage_mag,gen_status,P_max,P_min
1,719.692897321252,0,1,1,790.593027229685,0
4,461.205374073398,0,1,1,461.205374073398,0
8,3.17312068098837e-14,0,1,1,168.338101987273,0
12,64.45901327754,0,1,1,159.360289205181,0
14,2.71001065564792,0,1,1,2.71001065564792,0
16,0.0018310991883406,0,1,1,0.0018310991883415,0
17,627.944970261174,0,1,1,627.944970261174,0
22,0.0,0,1,0,365.700964561332,0
26,13.5815687936395,0,1,1,142.034355258097,0
32,0.0,0,1,0,101.133888201253,0
40,0.0,0,1,0,371.027116461285,0
43,43.7640479244913,0,1,1,160.565586407202,0
44,4.39999225738648,0,1,1,238.320548767422,0
46,312.337857815135,0,1,1,312.337857815135,0
47,194.993066285243,0,1,1,293.3105293356,0
50,67.7932961054476,0,1,1,67.7932961054476,0
