bus_number,P_output,Q_output,voltage_mag,gen_status,P_max,P_min
1,1.88163080276874,0,1,1,1.88163080276874,0
8,89.7163171276241,0,1,1,89.7163171276241,0
15,344.662751135105,0,1,1,344.662751135105,0
17,10.8202231267303,0,1,1,10.8202231267303,0
23,92.8608025615939,0,1,1,92.8608025615939,0
24,940.637530460399,0,1,1,1158.97862995832,0
31,1001.28630459623,0,1,1,1001.28630459623,0
37,0.0,0,1,0,850.357798744429,0
40,112.982135916695,0,1,1,112.982135916695,0
41,0.0,0,1,0,439.368255699369,0
47,85.7928233349258,0,1,1,85.7928233349258,0
48,73.6700744205349,0,1,1,73.6700744205349,0
