bus_number,P_output,Q_output,voltage_mag,gen_status,P_max,P_min
3,575.098185346444,0,1,1,731.876838174939,0
5,59.3915341082474,0,1,1,510.560154970308,0
9,166.250070268025,0,1,1,166.250070268025,0
14,384.518989913997,0,1,1,384.518989913997,0
16,151.293715041972,0,1,1,151.293715041972,0
20,81.2761262680092,0,1,1,81.2761262680092,0
23,0.0,0,1,0,226.044177026225,0
29,60.9234843372673,0,1,1,60.9234843372673,0
32,184.214603557454,0,1,1,184.214603557454,0
33,61.7516764753123,0,1,1,61.7516764753123,0
41,382.843928002223,0,1,1,382.843928002223,0
45,77.478165496698,0,1,1,121.25040151799,0
46,359.572897840251,0,1,1,359.572897840251,0
54,114.754411981856,0,1,1,114.754411981856,0
55,94.9428048448543,0,1,1,94.9428048448543,0
56,0.0,0,1,0,300.802600176932,0
