bus_number,bus_type,P_demand,Q_demand,voltage_mag,voltage_ang
1,1,0.0,0,1,-1.4756179315286
2,1,0.0,0,1,-2.14453980843543
3,1,0.0,0,1,-1.0083664586362
4,1,185.590792692123,0,1,-3.94502788526536
5,1,0.0,0,1,-3.69433341093693
6,1,120.800356193212,0,1,-6.09439654702719
7,1,178.949087316688,0,1,-7.14636911845799
8,3,0.0,0,1,0.0
9,1,0.0,0,1,-5.20715142720296
10,1,0.0,0,1,-3.09774612483602
11,2,0.0,0,1,3.03735834488858
12,1,0.0,0,1,0.734387132274659
13,2,0.0,0,1,1.019156143618
14,1,0.0,0,1,-3.96014381054467
15,1,245.547903002896,0,1,-5.01052626757215
16,2,0.0,0,1,5.40989211812843
17,1,0.0,0,1,-3.42993138727354
18,2,0.0,0,1,-2.39245327137955
19,1,0.0,0,1,3.13575621056694
20,1,0.0,0,1,-4.53717673711175
21,1,0.0,0,1,-4.26455715275038
22,1,0.0,0,1,-4.05417339041986
23,2,0.0,0,1,-2.26053432160693
24,1,121.299024402965,0,1,-4.53057116278463
25,1,0.0,0,1,-2.51697044693186
26,1,0.0,0,1,-5.1950016262032
27,1,180.661490973827,0,1,-6.16804987867902
28,1,0.0,0,1,0.237337988842365
29,1,0.0,0,1,-4.39719296349591
30,2,0.0,0,1,-3.89432678380942
31,2,0.0,0,1,-2.5322008810378
32,1,0.0,0,1,-4.35198426478993
33,1,0.0,0,1,-3.72683608418158
34,1,98.0796630058235,0,1,-8.15964760375899
35,2,0.0,0,1,-3.47143428163718
36,1,0.0,0,1,-2.11011901738798
37,1,0.0,0,1,-4.97719220290906
38,1,107.879380409843,0,1,-4.84944406723957
39,1,0.0,0,1,-2.95034848758235
40,2,0.0,0,1,-4.75236349525991
41,1,894.14773946869,0,1,-5.13564102396742
42,2,0.0,0,1,-4.01187625118444
43,1,0.0,0,1,-3.00912745249752
44,1,0.0,0,1,-5.76280268191699
45,1,0.0,0,1,-3.31438679742579
46,1,0.0,0,1,-0.860683641752119
47,1,531.604584668687,0,1,-6.16189695870825
48,1,78.932313124439,0,1,0.0815392254507161
49,1,10.8182582234073,0,1,-2.18052540085318
50,1,0.0,0,1,-1.80324257311856
51,1,0.0,0,1,-2.78980027156474
52,2,0.0,0,1,-1.33330274377641
53,2,0.0,0,1,0.395060614611171
54,2,0.0,0,1,0.414909646404332
55,1,0.0,0,1,-3.34434851140245
56,1,0.0,0,1,-1.1508162804384
57,2,0.0,0,1,-0.952901250634388
