bus_number,P_output,Q_output,voltage_mag,gen_status,P_max,P_min
3,0.0,0,1,0,308.011045407769,0
7,66.7508863186637,0,1,1,147.330633691287,0
16,625.248715375169,0,1,1,751.838475249167,0
23,1.33587433574697,0,1,1,1.33587433574697,0
28,92.4715108749009,0,1,1,214.18245983763,0
29,147.876399076528,0,1,1,147.876399076528,0
33,726.254129579267,0,1,1,826.663356300005,0
35,129.89810344657,0,1,1,129.89810344657,0
36,162.56247688307,0,1,1,162.56247688307,0
39,0.0,0,1,0,71.4062418139671,0
43,0.0,0,1,0,1.64306473201198,0
46,0.0,0,1,0,249.352747675963,0
47,546.40897125852,0,1,1,546.40897125852,0
50,118.976400746296,0,1,1,184.873055373728,0
53,0.0,0,1,0,382.467716754489,0
54,136.527125587869,0,1,1,136.527125587869,0
