cost_model,startup,shutdown,n_coefficients,coeff_n,coeff1,coeff0
2,0,0,3,0.0070953233179321,49.1293788402261,469.907231409424
2,0,0,3,0.0,0.0,0.0
2,0,0,3,0.0,0.0,0.0
2,0,0,3,0.0079738446387072,41.1899391264158,549.063804880241
2,0,0,3,0.0030662867940333,39.1054436972428,3321.2486822268
2,0,0,3,0.0,0.0,0.0
2,0,0,3,0.0,0.0,0.0
2,0,0,3,0.0,0.0,0.0
2,0,0,3,0.0030026563210381,37.8729754389329,572.101645317781
2,0,0,3,0.0,0.0,0.0
2,0,0,3,0.0,0.0,0.0
2,0,0,3,0.0,0.0,0.0
2,0,0,3,0.0022823063795843,38.353163001579,2584.20792625953
