cost_model,startup,shutdown,n_coefficients,coeff_n,coeff1,coeff0
2,0,0,3,0.0068789542102427,50.8617799644511,789.298908978096
2,0,0,3,0.0,0.0,0.0
2,0,0,3,0.0051908035322421,35.1499127650142,190.789077810934
2,0,0,3,0.0037967411626332,34.3353435821114,592.72403262186
2,0,0,3,0.0,0.0,0.0
2,0,0,3,0.0,0.0,0.0
2,0,0,3,0.0040893344723525,54.1128809601725,54.502872570468
2,0,0,3,0.0,0.0,0.0
2,0,0,3,0.0,0.0,0.0
2,0,0,3,0.0060174003162547,52.6047394763585,174.186400164319
2,0,0,3,0.0,0.0,0.0
2,0,0,3,0.0,0.0,0.0
2,0,0,3,0.0068387279760637,50.6195171888714,2137.22319791394
2,0,0,3,0.0047892199642148,28.3065220057082,48.7576586262936
2,0,0,3,0.0,0.0,0.0
2,0,0,3,0.0,0.0,0.0
2,0,0,3,0.0,0.0,0.0
2,0,0,3,0.0028393689540862,52.1197712521419,200.082544771233
