bus_number,bus_type,P_demand,Q_demand,voltage_mag,voltage_ang
1,1,275.6717045927,0,1,-2.10508502662272
2,1,0.0,0,1,-2.68728032536204
3,2,0.0,0,1,-1.66137915937611
4,2,0.0,0,1,-2.00563576167975
5,1,21.621630021617,0,1,-3.9105247639863
6,1,14.1795837540094,0,1,-1.36334615110322
7,2,0.0,0,1,-1.91676954046641
8,2,0.0,0,1,-1.55588553307238
9,2,0.0,0,1,-0.982485054035314
10,2,0.0,0,1,-2.94305333732935
11,2,0.0,0,1,-2.32063441659097
12,1,0.0,0,1,-1.62811005423652
13,1,33.481196643102,0,1,-4.14834045570053
14,1,200.428871340863,0,1,-4.59437480634627
15,2,0.0,0,1,-1.08254233124751
16,1,0.0,0,1,-2.25459200907782
17,1,0.0,0,1,-0.150655335588826
18,1,0.0,0,1,-1.58527023732291
19,1,501.825662085169,0,1,-1.69218737411514
20,1,155.981269956119,0,1,-3.05934198577579
21,1,313.107671782717,0,1,-4.51054011985885
22,1,88.8667467469307,0,1,-3.10968238252245
23,1,160.97798298898,0,1,-5.35083980368342
24,2,0.0,0,1,-4.41084644483795
25,1,391.98062195184,0,1,-3.73272873255521
26,3,0.0,0,1,0.0
27,1,0.0,0,1,-2.43088467933089
28,1,18.0557608156855,0,1,-3.28255611078187
29,1,0.0,0,1,-3.00729294442557
30,2,0.0,0,1,-2.75449864509433
31,2,0.0,0,1,-3.30650896888192
32,2,0.0,0,1,-2.63872129358305
33,2,0.0,0,1,-4.0305166453855
34,1,0.0,0,1,-3.46327005728757
35,1,163.239232700616,0,1,-5.21535749778573
36,1,0.0,0,1,-3.20630737629542
37,1,0.0,0,1,-3.41815003445434
38,1,0.0,0,1,-3.07953282000839
39,1,0.0,0,1,-3.58961120055906
40,1,91.6974264769323,0,1,-4.9908563578018
41,1,0.0,0,1,-4.49330334581869
42,2,0.0,0,1,-2.36796029919131
43,1,75.5804149485424,0,1,-2.51550978672371
44,2,0.0,0,1,-3.93877408363346
45,2,0.0,0,1,-4.39750336084081
46,1,0.0,0,1,-3.52999805024404
47,2,0.0,0,1,-3.52714366734269
48,1,0.0,0,1,-2.73361274892487
49,2,0.0,0,1,-3.71026224917436
50,1,152.963391003219,0,1,-4.40086103569533
51,1,0.0,0,1,-2.15504691502598
52,1,87.1078923226498,0,1,-3.38327598086673
53,1,7.54353335091011,0,1,-2.11734755743868
54,1,0.0,0,1,-1.97640743685854
55,1,0.0,0,1,-2.00692152167151
56,1,0.0,0,1,-2.08658131624222
57,1,0.0,0,1,-2.22106625140614
