cost_model,startup,shutdown,n_coefficients,coeff_n,coeff1,coeff0
2,0,0,3,0.0057535250564216,49.3305023434983,551.648240021414
2,0,0,3,0.0,0.0,0.0
2,0,0,3,0.0026802506814933,36.4660878975851,2128.20154832136
2,0,0,3,0.0039911601477021,52.0501279585717,265.443455528641
2,0,0,3,0.0075491493088203,23.8851726390108,369.26885215406
2,0,0,3,0.0035894514904136,56.9802713421308,348.669650356462
2,0,0,3,0.0,0.0,0.0
2,0,0,3,0.0046641559202887,25.5906979997809,3680.7827495939
2,0,0,3,0.0,0.0,0.0
2,0,0,3,0.0,0.0,0.0
2,0,0,3,0.0,0.0,0.0
2,0,0,3,0.0,0.0,0.0
2,0,0,3,0.0,0.0,0.0
2,0,0,3,0.0,0.0,0.0
2,0,0,3,0.0,0.0,0.0
