bus_number,P_output,Q_output,voltage_mag,gen_status,P_max,P_min
3,20.4301134496291,0,1,1,20.4301134496359,0
4,986.925632034692,0,1,1,1124.06308157799,0
5,0.0,0,1,0,96.3342252551014,0
6,54.201854237058,0,1,1,54.2018542409131,0
8,363.21672069945,0,1,1,363.216720699492,0
13,60.2311613313268,0,1,1,60.2311613313341,0
14,621.363655846987,0,1,1,621.363655847003,0
18,0.0,0,1,0,573.137316769784,0
19,0.0,0,1,0,58.0098355340605,0
28,34.7984753155771,0,1,1,264.405631023988,0
30,14.6761186208841,0,1,1,14.6761186208927,0
32,419.37344585916,0,1,1,419.373445859165,0
34,28.075636785779,0,1,1,28.0756367857846,0
39,0.0,0,1,0,212.541148625524,0
41,58.6477451099661,0,1,1,58.6477451099719,0
43,60.4664994490892,0,1,1,110.347943072768,0
44,31.9035347430135,0,1,1,31.9035347430308,0
49,0.0,0,1,0,175.97507959268,0
