bus_number,bus_type,P_demand,Q_demand,voltage_mag,voltage_ang
1,1,0.0,0,1,-1.3192790864409
2,1,0.0,0,1,-1.79001194233364
3,1,0.0,0,1,-0.483425145424478
4,1,328.988010668083,0,1,-2.44910919567679
5,3,0.0,0,1,0.0
6,1,254.014811739793,0,1,-2.07185350844357
7,1,0.0,0,1,-1.39808386735082
8,1,0.0,0,1,-0.97592745574246
9,1,118.184240357637,0,1,-1.46428069841314
10,2,0.0,0,1,-4.34256488499666
11,2,0.0,0,1,-0.496054056444651
12,1,38.087940468824,0,1,-4.92615222398692
13,1,0.0,0,1,-1.58000305875633
14,1,0.0,0,1,-2.84546238726638
15,1,0.0,0,1,-4.7275128650718
16,1,201.959091302998,0,1,-5.13991259790913
17,1,0.0,0,1,-4.40809176659357
18,1,0.0,0,1,-4.10678770931482
19,1,0.0,0,1,-3.86095533394684
20,1,0.0,0,1,-2.83667387429348
21,1,152.156574256271,0,1,-3.81081642188943
22,1,0.0,0,1,-1.87815770100828
23,1,0.0,0,1,-2.94990265947936
24,1,45.4957560580531,0,1,-6.24039852187059
25,1,0.0,0,1,-4.74780058259596
26,1,13.9678556766575,0,1,-2.27417015017931
27,1,0.0,0,1,-4.06606704385852
28,1,5.12805470056784,0,1,-2.72602001151918
29,1,9.55135273157654,0,1,-3.85003962963722
30,1,0.0,0,1,-3.79773884676166
31,1,424.033131405575,0,1,-7.41014676865946
32,1,0.0,0,1,-2.64666175396662
33,1,0.0,0,1,-7.00872046249095
34,2,0.0,0,1,-5.73620739970192
35,1,313.472495097924,0,1,-4.83226351880292
36,1,0.0,0,1,-3.59881575506229
37,1,0.0,0,1,-4.50615334910028
38,2,0.0,0,1,-3.00399855654841
39,2,0.0,0,1,-6.53520244838248
40,2,0.0,0,1,-6.60736070554071
41,1,223.517182756991,0,1,-2.80188105676246
42,1,65.8506710605225,0,1,-4.16088963659772
43,1,219.586135930164,0,1,-6.67553169848466
44,2,0.0,0,1,0.869918981924654
45,2,0.0,0,1,-0.245487296178442
46,2,0.0,0,1,-0.396523110814609
47,1,1.91153341478451,0,1,0.516310462496837
48,2,0.0,0,1,-2.34903820491841
49,1,32.2528607933111,0,1,-1.87662525845383
50,2,0.0,0,1,0.516310462496837
51,1,118.635747486754,0,1,-1.69471110602598
52,1,37.4280900033952,0,1,-1.18240930275759
53,1,0.0,0,1,0.144709747381456
54,2,0.0,0,1,-1.43277727048273
55,1,0.0,0,1,-0.425590082990032
56,1,0.0,0,1,-1.31408625112346
57,1,150.089057572721,0,1,-7.34102399851672
