bus_number,bus_type,P_demand,Q_demand,voltage_mag,voltage_ang
1,1,196.097112129741,0,1,1.97208644329544
2,1,330.522146673436,0,1,1.49623750887785
3,1,34.9975126293344,0,1,1.81008365626219
4,1,63.2091181459965,0,1,-3.79361727158182
5,1,0.0,0,1,-2.28198672643977
6,1,146.638952101416,0,1,-0.683754709918035
7,1,0.0,0,1,1.96104232704506
8,1,0.0,0,1,0.95856667950652
9,1,0.0,0,1,-0.218751936554287
10,2,0.0,0,1,-0.633962681617624
11,2,0.0,0,1,-0.490355895588388
12,1,0.0,0,1,-0.474208346483546
13,1,22.7430350320173,0,1,-1.79409403732872
14,1,40.7470894641606,0,1,0.657597598653062
15,2,0.0,0,1,1.53102029477671
16,1,180.646454468182,0,1,-3.04149750256058
17,3,0.0,0,1,0.0
18,1,0.0,0,1,-0.422820105860383
19,1,0.0,0,1,-1.90135603828009
20,1,39.1551571335363,0,1,-0.739779940784863
21,2,0.0,0,1,3.90441104426528
22,1,0.0,0,1,-1.37377865850062
23,1,208.889370753551,0,1,-4.27117662298031
24,1,5.08421542199871,0,1,-1.23168949668096
25,1,0.0,0,1,1.05546913593039
26,1,62.4257004217691,0,1,-3.81208397708778
27,1,0.0,0,1,-1.05714033575948
28,1,0.0,0,1,-2.75774840584267
29,1,0.0,0,1,-3.64362279554633
30,1,63.8951255501972,0,1,-0.655704876379918
31,1,467.454715122037,0,1,-1.45745441401483
32,1,0.0,0,1,-2.15924639112122
33,1,0.0,0,1,-0.0499976150290746
34,1,0.0,0,1,-2.10589004844232
35,1,0.0,0,1,-2.80376688846202
36,1,1.51628377758994,0,1,-1.45831669409511
37,1,389.590850510773,0,1,-2.29106465041078
38,1,0.0,0,1,-1.09299479083864
39,1,219.513791750062,0,1,-3.98279870138701
40,2,0.0,0,1,1.33400091960016
41,1,0.0,0,1,0.418983944731163
42,1,0.0,0,1,1.14352935833954
43,1,0.0,0,1,-1.81322298431674
44,1,0.0,0,1,1.34776868085838
45,1,0.0,0,1,1.97633341110147
46,1,18.1977402830778,0,1,0.439678978994427
47,2,0.0,0,1,6.20184950032997
48,1,0.0,0,1,1.24291724780144
49,1,94.6212417154752,0,1,-0.896028747915573
50,2,0.0,0,1,1.94035916658486
51,1,0.0,0,1,1.85521222315148
52,1,0.0,0,1,2.92079998892035
53,2,0.0,0,1,0.528077474395512
54,1,0.0,0,1,1.15649060140444
55,1,168.36498039825,0,1,-2.80315540346359
56,2,0.0,0,1,2.58937698619213
57,2,0.0,0,1,-0.393396012062629
