bus_number,bus_type,P_demand,Q_demand,voltage_mag,voltage_ang
1,1,88.3326426904424,0,1,-0.966453966121418
2,1,0.0,0,1,-0.724058586708223
3,2,0.0,0,1,0.490952555658972
4,3,0.0,0,1,0.0
5,1,0.0,0,1,-1.23801058020202
6,1,0.0,0,1,-0.909236373870262
7,1,0.0,0,1,-0.511512958177939
8,1,0.0,0,1,-0.204225213461105
9,1,0.0,0,1,-0.322461295342814
10,2,0.0,0,1,-1.18621284127448
11,1,0.0,0,1,-1.02619158233515
12,1,0.0,0,1,-1.65334727937857
13,1,319.696905474911,0,1,-0.534762699170313
14,1,0.0,0,1,-1.38595794268667
15,1,313.133446834213,0,1,-1.38577930955905
16,2,0.0,0,1,-0.123221218649887
17,1,218.138701697031,0,1,-2.09935062501378
18,1,99.8103486117137,0,1,-1.7567962534352
19,1,198.669887991319,0,1,-2.3972124228166
20,1,0.0,0,1,-0.737905082627281
21,1,252.288196798749,0,1,-1.8178748314049
22,1,0.0,0,1,-0.717680109735315
23,2,0.0,0,1,-0.953409164401639
24,2,0.0,0,1,-0.820500021442201
25,1,0.0,0,1,-0.0330164559990046
26,1,22.2275686388781,0,1,-1.20976221438545
27,1,128.1564789429,0,1,-1.23406326254729
28,2,0.0,0,1,-1.67609891864148
29,1,20.2369067300897,0,1,-0.30718003522178
30,1,7.71811210357171,0,1,-1.40335780182793
31,2,0.0,0,1,-0.303552499429539
32,1,6.51314434280619,0,1,-1.08329275269841
33,2,0.0,0,1,-0.87747157587824
34,1,0.0,0,1,-0.665720600516503
35,2,0.0,0,1,0.363400993259009
36,1,0.0,0,1,-0.556671452751193
37,2,0.0,0,1,-1.67609891864148
38,1,57.8576543710289,0,1,-2.08281307848446
39,1,0.0,0,1,-1.6361455022167
40,1,0.0,0,1,-0.731286630630013
41,1,74.8683081763985,0,1,-1.68808509730479
42,1,0.0,0,1,-1.23377151524645
43,2,0.0,0,1,-0.966263262944875
44,1,0.0,0,1,-2.01222481339665
45,1,355.388167245148,0,1,-2.29607141970651
46,1,0.0,0,1,-0.568680371652862
47,2,0.0,0,1,-0.428175174695614
48,1,47.5603832035078,0,1,-1.97396463011517
49,1,0.0,0,1,-0.933912401808386
50,1,4.89431505426704,0,1,-1.44225208509152
51,1,0.0,0,1,-1.80264295812758
52,2,0.0,0,1,-0.568680371652862
53,1,0.0,0,1,-0.812000718364194
54,1,115.644454881011,0,1,0.24034846111386
55,2,0.0,0,1,-0.548363448306574
56,1,0.0,0,1,-0.178601022824799
57,1,287.549570397888,0,1,-2.07045190123126
