cost_model,startup,shutdown,n_coefficients,coeff_n,coeff1,coeff0
2,0,0,3,0.0,0.0,0.0
2,0,0,3,0.0070743204229626,55.0583199743979,340.211632914466
2,0,0,3,0.0,0.0,0.0
2,0,0,3,0.0037132511847435,35.2472725891074,358.073655496604
2,0,0,3,0.0,0.0,0.0
2,0,0,3,0.0026230616096815,23.2540445056187,553.034813374516
2,0,0,3,0.0,0.0,0.0
2,0,0,3,0.0,0.0,0.0
2,0,0,3,0.006547205196068,47.1005988236066,813.723949053132
2,0,0,3,0.0039094528334734,35.6771771947824,2157.17949402845
2,0,0,3,0.0,0.0,0.0
2,0,0,3,0.0,0.0,0.0
2,0,0,3,0.0052902433837983,37.9606161188277,1020.4059360888
2,0,0,3,0.0,0.0,0.0
2,0,0,3,0.0,0.0,0.0
