bus_number,P_output,Q_output,voltage_mag,gen_status,P_max,P_min
9,650.945474775754,0,1,1,844.835733557313,0
22,670.470678521778,0,1,1,670.470678521778,0
30,4.818802514925951e-19,0,1,1,48.8104588873002,0
31,120.219732508502,0,1,1,153.329256058387,0
39,779.045441067394,0,1,1,779.045441067394,0
41,273.33591923077,0,1,1,273.33591923077,0
44,0.0,0,1,0,578.706010717212,0
46,0.0,0,1,0,235.199905451476,0
48,0.0,0,1,0,595.309919227846,0
49,25.2179859504087,0,1,1,25.2179859504087,0
56,35.7309401515342,0,1,1,35.7309401515342,0
57,22.3854986029027,0,1,1,22.3854986029027,0
