bus_number,bus_type,P_demand,Q_demand,voltage_mag,voltage_ang
1,1,0.0,0,1,-5.16803636456603
2,2,0.0,0,1,-5.8756519294225
3,2,0.0,0,1,-5.12537373506698
4,2,0.0,0,1,-1.24434312341019
5,1,0.0,0,1,-4.4936750114681
6,1,23.2887764956488,0,1,-5.3860760883764
7,2,0.0,0,1,-4.80612064521969
8,1,0.0,0,1,-3.55608152972467
9,1,0.0,0,1,-5.44832487974084
10,1,0.0,0,1,-5.10489519889712
11,1,0.0,0,1,-2.71013068841527
12,3,0.0,0,1,0.0
13,2,0.0,0,1,-3.23454871142133
14,1,0.0,0,1,-2.48144640606759
15,1,36.3392617260396,0,1,-7.29665145593649
16,1,0.0,0,1,-5.38529298072439
17,2,0.0,0,1,-2.35572002487218
18,1,0.0,0,1,-3.01685530581455
19,1,0.0,0,1,-6.66799043348986
20,1,0.0,0,1,-4.02039160196046
21,2,0.0,0,1,-2.02761730255574
22,2,0.0,0,1,-6.01176908705549
23,2,0.0,0,1,-3.71070882138618
24,1,133.784392469988,0,1,-3.40975539343029
25,1,0.0,0,1,-5.14693512328966
26,1,815.488164724922,0,1,-7.41513433762608
27,2,0.0,0,1,-4.28262737055914
28,1,0.0,0,1,-6.70046499304948
29,1,657.061517003384,0,1,-6.89071689786215
30,1,0.0,0,1,-4.59091568777898
31,1,60.0002703516847,0,1,-5.42196326691447
32,1,0.0,0,1,-4.24182206403136
33,1,0.0,0,1,-6.05230974076769
34,1,198.500116228735,0,1,-5.39660973356158
35,1,0.0,0,1,-6.79347890069304
36,2,0.0,0,1,-3.73446828784566
37,1,283.322184797871,0,1,-6.97844491255681
38,1,192.569949909959,0,1,-6.35668559845638
39,1,11.9544298503444,0,1,-5.18988505542602
40,1,0.0,0,1,-5.92130495073764
41,1,0.0,0,1,-5.05961300396851
42,1,342.001529924025,0,1,-7.94681094477561
43,1,0.0,0,1,-5.79834482475393
44,2,0.0,0,1,-4.817704782247
45,1,0.0,0,1,-6.57035915333178
46,1,0.0,0,1,-4.74980330693543
47,1,0.0,0,1,-5.27955600299989
48,1,0.0,0,1,-5.2904802761558
49,1,0.0,0,1,-4.97466456839318
50,2,0.0,0,1,-6.81514129570418
51,1,0.0,0,1,-3.17201373385688
52,1,0.0,0,1,-4.03893990384738
53,2,0.0,0,1,-4.73385196280906
54,1,0.0,0,1,-4.43900712677067
55,1,0.0,0,1,-3.42668391681259
56,2,0.0,0,1,-4.22369478600462
57,2,0.0,0,1,-3.67368254878535
