bus_number,P_output,Q_output,voltage_mag,gen_status,P_max,P_min
15,789.096318483791,0,1,1,931.220079090331,0
18,72.4928925411386,0,1,1,206.610005008873,0
19,236.841813838175,0,1,1,236.841813838184,0
20,608.300402248755,0,1,1,672.734288745637,0
22,0.0,0,1,0,102.405771806823,0
26,61.4917270001225,0,1,1,61.491727000135,0
27,23.7195243461221,0,1,1,23.7195243461345,0
28,594.059783936151,0,1,1,594.059783936151,0
30,36.7993757040577,0,1,1,36.7993757040686,0
32,0.0,0,1,0,286.349659184123,0
36,224.823724901495,0,1,1,224.82372490151,0
43,71.3425034681494,0,1,1,71.3425034681494,0
44,4.61949463241499,0,1,1,113.862356511371,0
46,0.0,0,1,0,233.535261853654,0
47,0.0,0,1,0,435.858839646918,0
52,30.7230323822389,0,1,1,30.7230323822571,0
