bus_number,bus_type,P_demand,Q_demand,voltage_mag,voltage_ang
1,1,52.642367507061,0,1,-3.65724112246629
2,2,0.0,0,1,-5.74151528473817
3,2,0.0,0,1,-4.54924327877713
4,2,0.0,0,1,-4.68959563651851
5,1,351.42161690513,0,1,-7.82582035606002
6,1,0.0,0,1,-0.351022493377405
7,1,0.0,0,1,-3.5348186368381
8,1,0.0,0,1,-1.66029283726512
9,1,0.0,0,1,-3.04295304672644
10,1,80.2022871034808,0,1,-4.99719393898078
11,2,0.0,0,1,-2.35933959712749
12,1,0.0,0,1,-1.66652408338143
13,1,0.0,0,1,-3.6937712999894
14,1,0.0,0,1,-0.107885169683383
15,1,0.0,0,1,-0.672458882514686
16,1,86.8423170122665,0,1,-1.80241510779427
17,1,0.0,0,1,-2.60112986198446
18,1,0.0,0,1,-0.938673092868139
19,1,13.1999778893814,0,1,-3.24974262099333
20,1,0.0,0,1,-3.30920024551279
21,1,0.0,0,1,-0.78571120652194
22,1,50.6263160469822,0,1,-4.25398772265946
23,3,0.0,0,1,0.0
24,1,0.0,0,1,-3.07508676598109
25,1,99.3222380367369,0,1,-5.56765832607382
26,1,98.4479152974167,0,1,-3.92877337911098
27,1,0.0,0,1,0.0192202791839573
28,1,0.0,0,1,-3.76526689441241
29,1,10.3597211225377,0,1,-2.73285913120674
30,1,0.0,0,1,-1.90436019918419
31,2,0.0,0,1,-0.417502487735452
32,1,71.8113903451512,0,1,-4.62890105441385
33,1,0.0,0,1,-0.696738297687708
34,2,0.0,0,1,1.37217870828919
35,2,0.0,0,1,-0.405862138748035
36,1,0.0,0,1,-2.12281136482117
37,1,0.0,0,1,-1.60309937033253
38,2,0.0,0,1,-3.16831651396771
39,1,401.836525576469,0,1,-4.76219865380466
40,2,0.0,0,1,-0.432972260129274
41,2,0.0,0,1,-1.88087673423121
42,1,0.0,0,1,-0.894071949781917
43,1,0.0,0,1,-1.47271885025232
44,1,121.981187096744,0,1,-3.48599770995199
45,1,303.55164248979,0,1,-6.82554694654771
46,1,284.381867170924,0,1,-3.65282487874819
47,1,0.0,0,1,-2.18912362829963
48,1,0.0,0,1,-2.82038712895346
49,1,313.092606663661,0,1,-6.64433170486047
50,1,0.0,0,1,-4.69395960065596
51,1,414.590617218869,0,1,-4.60344978836415
52,1,0.0,0,1,-6.56080368526405
53,1,0.0,0,1,-4.22288557677986
54,1,0.0,0,1,-5.12705610444943
55,2,0.0,0,1,-1.03592663878516
56,2,0.0,0,1,-1.76294836941273
57,1,0.0,0,1,-4.96699143213221
