bus_number,P_output,Q_output,voltage_mag,gen_status,P_max,P_min
4,148.216653770038,0,1,1,148.216653770038,0
8,615.03233404389,0,1,1,685.686761790915,0
12,385.154654148988,0,1,1,385.154654148988,0
13,498.941388208657,0,1,1,498.941388208657,0
14,98.1757723554003,0,1,1,98.1757723554003,0
17,0.0,0,1,0,63.6916930991807,0
21,215.90880382554,0,1,1,228.752095755854,0
24,0.0,0,1,0,245.205921430194,0
25,89.2002655975942,0,1,1,89.2002655975942,0
27,0.0,0,1,0,261.312005067184,0
38,491.99861854298,0,1,1,491.99861854298,0
41,0.0,0,1,0,198.57564931824,0
42,37.9238218593546,0,1,1,37.9238218593546,0
44,25.2281969721736,0,1,1,282.816974786643,0
51,148.530084157988,0,1,1,148.530084157988,0
55,0.0,0,1,0,221.607810609444,0
