bus_number,bus_type,P_demand,Q_demand,voltage_mag,voltage_ang
1,1,218.91784077615,0,1,-1.9129848764937
2,1,0.0,0,1,-0.786433199384388
3,1,194.915240631617,0,1,-1.26983952802628
4,1,0.0,0,1,-0.935905748968558
5,2,0.0,0,1,-0.526931204038361
6,1,0.0,0,1,-0.0735856687360628
7,1,219.482593783978,0,1,-1.29008262897338
8,1,0.0,0,1,-0.676672484338746
9,2,0.0,0,1,-0.556348097083826
10,1,0.0,0,1,0.95730464313589
11,1,82.4214896605352,0,1,0.481337941654639
12,3,0.0,0,1,0.0
13,1,0.0,0,1,-0.287788938274648
14,2,0.0,0,1,1.17684663344633
15,1,0.0,0,1,-0.190761145528121
16,1,50.9544228040312,0,1,-0.102381823447411
17,1,96.4569605405571,0,1,-1.13485119861885
18,2,0.0,0,1,-0.537614604316091
19,1,0.0,0,1,0.0106966228094342
20,1,88.9829294942663,0,1,-0.634078440600212
21,1,0.0,0,1,-0.23445082686862
22,1,5.02922463320267,0,1,-0.325929237428668
23,1,5.98067103622032,0,1,-0.585118117334977
24,1,0.0,0,1,-1.70114496326169
25,1,0.0,0,1,-1.21841767602585
26,2,0.0,0,1,0.0541460740759332
27,1,0.0,0,1,-2.39453014565713
28,1,509.961117392118,0,1,-0.897769188775533
29,2,0.0,0,1,0.0595602145892386
30,1,182.899151859471,0,1,-0.877097564973097
31,1,0.0,0,1,-1.72324800316796
32,1,165.276025810299,0,1,-0.585482316951666
33,2,0.0,0,1,-1.63671862437099
34,1,227.099828636885,0,1,-2.84534139521323
35,1,0.0,0,1,-0.435358404202651
36,1,0.0,0,1,-0.382435702239797
37,1,0.0,0,1,-0.605260785808138
38,1,80.7358345413261,0,1,-2.82450628035317
39,1,402.655191366951,0,1,-0.649494927030767
40,2,0.0,0,1,-0.494069607459796
41,1,152.598095571979,0,1,-1.82837755190535
42,1,0.0,0,1,-0.319907313141933
43,1,0.0,0,1,-0.126047870975654
44,2,0.0,0,1,-0.649494927030767
45,2,0.0,0,1,-0.188791294353084
46,1,0.0,0,1,0.205147074589277
47,2,0.0,0,1,-0.381851817209514
48,1,0.0,0,1,-0.500738735719568
49,1,58.2914108438028,0,1,-0.390630208990075
50,1,0.0,0,1,0.518105120909886
51,1,11.6525640992122,0,1,-1.31721465543997
52,1,0.0,0,1,-0.338388740118494
53,1,0.0,0,1,-0.930953337728917
54,1,0.0,0,1,-0.361029567049343
55,1,0.0,0,1,-0.0556345157193457
56,1,0.0,0,1,-0.803757545804311
57,2,0.0,0,1,0.6435935328531
