bus_number,bus_type,P_demand,Q_demand,voltage_mag,voltage_ang
1,1,44.784329189155,0,1,-9.31233466972412
2,2,0.0,0,1,-6.52897283444113
3,2,0.0,0,1,-7.24576737682793
4,1,124.154410068508,0,1,-11.1064731566239
5,1,191.532519501793,0,1,-8.57619474686286
6,2,0.0,0,1,-6.72674663443007
7,1,385.605546221609,0,1,-9.49176155563199
8,1,30.5820763395061,0,1,-16.6930452357996
9,2,0.0,0,1,-6.99057063087652
10,1,0.0,0,1,-6.77097936231926
11,1,61.1712196001116,0,1,-7.43068115365651
12,1,0.0,0,1,-4.73340603017322
13,1,0.0,0,1,-3.0924312449687
14,1,0.0,0,1,-2.63575995242598
15,1,0.0,0,1,-10.188079647363
16,2,0.0,0,1,-0.367390087181236
17,2,0.0,0,1,-2.2430994628257
18,1,0.0,0,1,-2.28565626735011
19,1,61.2735296430182,0,1,-3.26524154844745
20,1,142.32123952124,0,1,-5.53851467275136
21,1,532.321776096934,0,1,-3.26987170866923
22,1,0.0,0,1,-1.95691578575819
23,1,0.0,0,1,-2.44866474616428
24,1,0.0,0,1,-1.15775258489073
25,1,0.0,0,1,-2.69715510627413
26,3,0.0,0,1,0.0
27,1,0.0,0,1,-4.03789198082829
28,1,0.0,0,1,-3.71889603843497
29,1,0.0,0,1,-6.07454955947733
30,2,0.0,0,1,-2.06084748584545
31,1,0.0,0,1,-5.40823815879557
32,1,0.0,0,1,-4.32614072730251
33,1,0.0,0,1,-2.62611731580283
34,1,0.0,0,1,-4.31604965181249
35,1,0.0,0,1,-3.30085898891757
36,2,0.0,0,1,-6.23371238011929
37,1,0.0,0,1,-5.82965398812431
38,2,0.0,0,1,-4.09692344296616
39,1,0.0,0,1,-5.34777717423275
40,1,261.750380877043,0,1,-3.52654225917447
41,1,388.980840433346,0,1,-4.72296323891296
42,1,0.0,0,1,-3.20147566560471
43,2,0.0,0,1,-3.99621853250912
44,1,124.408604666265,0,1,-6.13327330662084
45,1,0.0,0,1,-7.04018263636636
46,2,0.0,0,1,-5.34777717423275
47,1,0.0,0,1,-5.79100891081383
48,1,177.306066349053,0,1,-8.20738857005504
49,2,0.0,0,1,-6.27156160696791
50,1,0.0,0,1,-6.53295928659008
51,1,0.0,0,1,-7.61203010389743
52,2,0.0,0,1,-6.13327330662084
53,1,0.0,0,1,-7.76115868983393
54,2,0.0,0,1,-6.54382577541264
55,1,70.3687268305075,0,1,-7.68393922447866
56,2,0.0,0,1,-7.92582087773511
57,1,82.7648777492342,0,1,-9.49559205567365
