bus_number,P_output,Q_output,voltage_mag,gen_status,P_max,P_min
11,1.99999922951597,0.397487600772793,1.02962186379651,1,2.0,0.49
47,0.799999228991305,-0.0385346335380248,1.03322038925267,1,0.8,0.34
47,0.799999229019581,-0.0385346335380248,1.03322038925267,1,0.8,0.2
51,193.017318284836,28.4115616591376,1.02937009159958,1,206.33,82.65
1,46.9999968151642,-5.21627899419532,1.03071583201638,1,47.0,13.48
1,46.9999832903926,-5.21627899419532,1.03071583201638,1,47.0,18.84
8,96.9336322579628,-22.0373168515804,1.0297571453867,1,198.67,93.2
58,234.999999229238,4.09134205489095,1.02923279014673,1,235.0,73.6
3,40.4300019625998,-9.43917231492234,1.0307401200025,1,85.0,40.43
91,1.79999923666336,-0.219662761425128,1.03139256106952,1,1.8,0.49
91,1.79999923664434,-0.219662761425128,1.03139256106952,1,1.8,0.9
74,5.94000326575107,-1.52923153427833,1.02877356634622,1,12.5,5.94
39,100.829965515072,-11.1895202082645,1.02990772031218,1,100.83,44.24
16,135.95,-10.6075727286893,1.03019387254726,1,135.95,135.95
54,88.1999970937471,0.354799668601515,1.03002818007322,1,88.2,26.46
54,88.1999970937471,0.354799668601516,1.03002818007322,1,88.2,26.46
53,9.3299964503388,-1.03729155619893,1.03080331966401,1,9.33,2.07
53,18.3699976449434,-2.03725147046104,1.03080331966401,1,18.37,2.76
53,18.3699974889109,-2.03725147046104,1.03080331966401,1,18.37,5.7
53,18.369995859736,-2.03725147046104,1.03080331966401,1,18.37,2.88
