bus_number,P_output,Q_output,voltage_mag,gen_status,P_max,P_min
66,6.59999710970402,-0.729440353487079,0.980539779005486,1,6.6,3.12
37,70.9999958396239,-7.8790678391689,0.986926189983554,1,71.0,35.11
26,103.49846577119,-12.0784457585764,0.989899915775399,1,109.0,31.95
18,209.329963898782,81.4428685714626,0.981750356116494,1,209.33,91.35
19,198.829987307154,-22.0639335819475,0.992561530524876,1,198.83,45.14
54,4.59999712477137,-0.509620363317326,0.985220361286556,1,4.6,1.27
36,35.53,-3.0438578680167,0.990382157835879,1,35.53,35.53
46,89.1999960184786,-9.89951841116348,0.980360897807573,1,89.2,28.25
67,118.630053959319,34.0129366632632,0.970405549849722,1,250.05,118.63
28,64.9999984654734,-7.91289338120769,0.988152887191536,1,65.0,20.45
28,64.9999984654742,-7.91289338120769,0.988152887191536,1,65.0,6.99
104,99.9199684916109,8.33448783022673,0.976127598547446,1,99.92,27.44
104,53.269223940136,8.33448783022673,0.976127598547446,1,99.92,24.81
104,99.9199501467949,8.33448783022673,0.976127598547446,1,99.92,16.29
104,76.2073842363217,8.33448783022673,0.976127598547446,1,99.92,35.83
104,91.1521943539938,8.33448783022673,0.976127598547446,1,99.92,29.96
104,67.1759825524589,8.33448783022673,0.976127598547446,1,99.92,42.95
