bus_number,P_output,Q_output,voltage_mag,gen_status,P_max,P_min
45,211.499999632245,89.8231962755808,0.995034130670491,1,211.5,104.92
6,409.499999317439,-38.2920713995154,0.999602615212443,1,409.5,120.76
13,1.79999959067508,-0.219972223454155,0.977704367957214,1,1.8,0.56
29,1.6999996071055,-0.18990321243029,0.998895046389354,1,1.7,0.27
29,1.69999964192136,-0.18990321243029,0.998895046389354,1,1.7,0.42
29,1.69999963890095,-0.18990321243029,0.998895046389354,1,1.7,0.82
29,1.69999961676921,-0.18990321243029,0.998895046389354,1,1.7,0.67
29,1.69999964680635,-0.18990321243029,0.998895046389354,1,1.7,0.79
18,44.41,-2.689978180092,1.0220775503503,1,44.41,44.41
46,50.67370116127,-13.4299735683378,0.976688819956886,1,121.0,41.15
59,16.4999990171668,4.14686593503439,1.0279873804449,1,16.5,5.52
39,194.75667031926,-21.7598528207273,0.997290070338052,1,196.0,47.42
9,87.1699992737014,24.4112883780547,1.02667459708042,1,87.17,11.49
20,3.3299998437704,1.54987356174262,1.02377273109259,1,3.33,0.38
20,3.32999984377014,1.54987356174262,1.02377273109259,1,3.33,1.22
32,293.999999450048,-7.94120801733504,0.981822990823254,1,294.0,90.5
