bus_number,P_output,Q_output,voltage_mag,gen_status,P_max,P_min
53,51.0499992545727,-5.66995599831387,1.02816315767967,1,51.05,20.0
86,37.4999992044126,3.15513599869345,1.04184378994207,1,37.5,10.45
12,171.186566132933,50.3737501794061,1.03519648732521,1,289.0,55.46
79,5.95,3.79170587938243,1.04041952335158,1,5.95,5.95
48,85.2239600169918,-24.3599596593918,1.02799934063753,1,219.47,33.44
58,1.74999961075778,0.819839840711286,1.0334047366336,1,1.75,0.35
58,1.74999961075855,0.819839840711286,1.0334047366336,1,1.75,0.2
44,203.729999110145,103.699978926042,1.04362404317803,1,203.73,51.54
3,107.999998947028,-11.9899152681273,1.03095241485301,1,108.0,16.94
46,12.4999993013356,-1.38998344446396,1.02941973446628,1,12.5,1.59
46,12.4999992566193,-1.38998344446396,1.02941973446628,1,12.5,5.93
54,31.0400006091088,32.6194832759495,1.03525195803037,1,70.0,31.04
70,768.969498497219,48.3267648436135,1.04999996699306,1,925.2,173.16
