bus_number,P_output,Q_output,voltage_mag,gen_status,P_max,P_min
49,7.74,0.0,1.02770755048989,1,7.74,7.74
49,21.83,0.0,1.02770755048989,1,21.83,21.83
6,97.1579313143697,4.4629711618059,1.02644415502862,1,178.47,57.51
99,81.5999974271703,-9.95904128804717,1.02567579184289,1,81.6,33.18
58,175.669988039966,16.9770486169434,1.02561658062386,1,175.67,29.63
79,119.0,-5.82985099207479,1.03741917295831,1,119.0,119.0
95,90.97,0.0,1.02541143217393,1,90.97,90.97
89,163.408896373847,-18.8757002255285,1.02486322191187,1,170.13,60.76
37,4.57000100939413,-2.6197150658893,1.02905297834593,1,21.5,4.57
37,10.0400010670956,-2.6197150658893,1.02905297834593,1,21.5,10.04
68,21.2999994788284,-2.5990288322825,1.02551027290351,1,21.3,3.28
68,21.2999994788282,-2.5990288322825,1.02551027290351,1,21.3,5.52
107,2.49999947809592,-0.119339185967902,1.02794181443391,1,2.5,0.69
50,1.49999947877431,-0.0683423297566738,1.02529098743609,1,1.5,0.35
104,82.5600014649355,0.322696993011446,1.02369019921617,1,187.0,82.56
116,3.61999947812679,-0.439501292490982,1.02834766642581,1,3.62,0.69
57,21.0799994787325,-2.5681096954898,1.02499472754417,1,21.08,2.41
57,21.0799994787325,-2.5681096954898,1.02499472754417,1,21.08,2.43
57,21.0799994787318,-2.5681096954898,1.02499472754417,1,21.08,8.92
57,21.0799994787324,-2.5681096954898,1.02499472754417,1,21.08,4.14
111,198.329997476746,-19.882212803159,1.02536596010954,1,198.33,59.5
