bus_number,P_output,Q_output,voltage_mag,gen_status,P_max,P_min
39,1.19999955075243,-0.149516210599457,0.981733979380502,1,1.2,0.59
39,1.19999955075243,-0.149516210599457,0.981733979380502,1,1.2,0.59
9,192.12999891603,-21.3295074247053,0.983992192522819,1,192.13,57.64
52,217.329995278007,-19.0361480391928,0.982035473290899,1,217.33,36.07
115,0.999999550741924,-0.0491537988149623,0.981059656754828,1,1.0,0.33
10,16.45,0.0,0.983576766839599,1,16.45,16.45
111,160.999998278999,-17.8690706951369,0.981377232211702,1,161.0,45.94
88,0.369999837121385,-0.0199983947162168,0.966725508267429,1,0.37,0.18
74,76.5013748427488,9.97864034102967,0.979694469193546,1,223.55,75.04
51,193.369998957297,42.2998858340447,0.984397666890614,1,193.37,58.01
99,282.082015554489,-2.77266476267816,0.98175231567315,1,335.73,124.94
38,332.49999424669,-18.2079871087243,0.991240897283116,1,332.5,90.0
