bus_number,P_output,Q_output,voltage_mag,gen_status,P_max,P_min
5,121.956012975729,22.5448312094473,1,1,121.956012975729,0
9,450.281632857826,3.06329534974523,1,1,450.281632857826,0
10,0.0,0.0,1,0,358.260149651173,0
13,65.8180145863065,-4.08613729955677,1,1,65.8180145863065,0
14,26.0348363927883,208.745009383364,1,1,26.0348363927883,0
15,161.179906580623,-223.044124162606,1,1,161.179906580623,0
16,0.0,0.0,1,0,265.128190681359,0
21,15.7394436658748,279.839675299075,1,1,15.7394436658748,0
23,21.2986535773144,-0.862464729305978,1,1,93.2184380267117,0
24,66.3827765228088,-5.24582977762743,1,1,66.3827765228088,0
25,186.857798831452,-15.7709625903909,1,1,186.857798831452,0
28,262.157789079378,-45.1365568446945,1,1,262.157789079378,0
29,15.4093364353362,132.338853066356,1,1,15.4093364353362,0
30,9.86456756737673,-0.794403978285736,1,1,180.435205828896,0
32,75.5225717270597,-31.1294535785836,1,1,75.5225717270597,0
33,504.114302620819,-207.865413407535,1,1,826.942088888914,0
35,45.9683372461071,-6.00225211225942,1,1,58.297295742057,0
41,23.1630748823589,9.81335156843527,1,1,119.151321600958,0
46,17.0673756132737,18.9089748497917,1,1,174.601020237941,0
47,573.865902792745,-99.3091937211462,1,1,573.865902792745,0
49,131.896069239556,-28.632291919862,1,1,131.896069239556,0
57,33.2419450788285,154.073614325108,1,1,33.2419450788285,0
