bus_number,P_output,Q_output,voltage_mag,gen_status,P_max,P_min
1,591.534641363614,-23.046630367844,1,1,530.228246922824,0
3,89.1792955988727,-165.595912284836,1,1,278.901319383667,0
4,506.603222846485,92.9286332664942,1,1,506.603222846485,0
6,99.1274383752374,-8.78816743414971,1,1,347.665632116903,0
7,63.5034731270582,53.1424078766849,1,1,153.000063259564,0
10,0.0,0.0,1,0,256.435970855592,0
11,53.8262561800355,130.913729628132,1,1,362.244332243809,0
12,448.929492286204,-441.668641966341,1,1,448.929492286204,0
14,403.614712013787,-114.819974847701,1,1,403.614712013787,0
24,149.890204061209,63.9994449186697,1,1,316.175272469392,0
32,363.672566178771,3.88057854803744,1,1,363.672566178771,0
52,65.7189995602824,557.814528154465,1,1,192.575482869577,0
55,0.0,0.0,1,0,102.331433977746,0
