bus_number,P_output,Q_output,voltage_mag,gen_status,P_max,P_min
86,172.03999962097,-20.9881608697187,0.974779488859414,1,172.04,46.81
26,206.569999886175,-22.929952411304,0.975475777119753,1,206.57,73.1
42,1.71999991992364,-0.209975210464865,0.975383803341205,1,1.72,0.45
35,0.979999891071809,-0.109970822506686,0.975196412735875,1,0.98,0.21
35,0.979999889572327,-0.109970822506686,0.975196412735875,1,0.98,0.38
57,5.99999989197292,-0.66988743619899,0.971760111888667,1,6.0,1.01
36,14.9999999196629,0.0,0.975245216045297,1,15.0,6.32
7,1.99999991983635,-0.239972960574419,0.975421177801074,1,2.0,0.61
21,2.22999991984913,-0.269945639003486,0.974487313702597,1,2.23,0.81
105,9.39999988004801,-1.03981687068479,0.973677333096951,1,9.4,3.35
210,821.572431540156,-72.889999403239,0.964313375036998,1,888.9,102.14
124,181.465077325005,116.038197788066,0.976816740666513,1,305.88,58.83
188,124.680000295366,-34.1999990224082,0.970074947288824,1,308.1,124.68
50,21.1999998938391,-2.34988027056913,0.971953720841216,1,21.2,5.1
49,207.999999710145,-23.0897647086902,0.971246980431494,1,208.0,30.35
30,48.32,-8.28995151779492,0.973688419924907,1,48.32,48.32
1,44.0999999198664,16.9297003698214,0.96771486245861,1,44.1,10.28
14,5.99999992003049,2.29989500594995,0.976444930617517,1,6.0,1.66
14,8.89999992003052,3.41989509098931,0.976444930617517,1,8.9,3.34
14,8.89999992003052,3.41989509098931,0.976444930617517,1,8.9,3.32
51,0.349999919672563,-0.019956885767421,0.974751947056509,1,0.35,0.1
51,0.349999919672237,-0.019956885767421,0.974751947056509,1,0.35,0.14
99,33.78,14.399693675994,0.975342158809439,1,33.78,33.78
254,223.269999894184,3.92028963016983,0.972267643907914,1,223.27,32.47
104,176.599999861105,56.0241865878509,0.975987553083958,1,176.6,24.12
108,49.3299999182127,11.5748117733525,0.974858668056797,1,49.33,14.59
108,49.3299999182127,11.5748117733525,0.974858668056797,1,49.33,20.38
69,176.329999825393,14.8646460968881,0.974304909258245,1,176.33,52.9
111,93.15,-17.8788271244021,0.974187618201293,1,93.15,93.15
115,96.4699998722524,49.0997129824696,0.968579327640757,1,96.47,13.87
297,217.299999002896,-26.5099930793358,0.972277511646212,1,217.3,107.76
76,150.069999918007,-21.3137898166366,0.975148428592372,1,150.07,45.87
12,209.029999873595,90.2711723138192,0.968976448952972,1,209.03,22.13
