bus_number,P_output,Q_output,voltage_mag,gen_status,P_max,P_min
167,133.199999823477,-14.7899879178638,1.00686908743015,1,133.2,55.2
162,131.28,-8.08998809173451,1.00726052139124,1,131.28,131.28
139,323.749999798499,112.015621174698,1.00398171795616,1,323.75,110.66
44,1.79999987053102,-0.0899918563521713,1.00174369900445,1,1.8,0.89
42,2.14999987001057,-0.259995089314469,1.01488029438664,1,2.15,0.93
42,2.14999987001086,-0.259995089314469,1.01488029438664,1,2.15,0.49
63,183.329999839608,-20.3499913738783,1.00998183578636,1,183.33,55.0
38,120.999999792144,-13.4299932301554,1.01134122328728,1,121.0,22.43
271,206.569999834922,-22.9299910444904,0.992854359457999,1,206.57,71.18
275,275.029999548693,-33.5479902800885,0.986983611651488,1,275.03,116.65
120,931.999999826503,-103.449992919483,1.02193907756661,1,932.0,279.6
180,164.999999814316,-18.3099954252501,1.00538254692469,1,165.0,58.3
278,262.499999677047,-32.0299664873587,0.987037823367549,1,262.5,110.64
110,0.899999868877815,-0.109991521655869,1.00767922354396,1,0.9,0.38
98,14.9999998657607,-0.739991510215642,1.02162509429104,1,15.0,5.8
97,2.99999986794047,0.0,1.00810358784077,1,3.0,0.99
158,262.49999968964,-32.0299928682448,1.00122527171399,1,262.5,41.47
88,69.05,-10.7999889567135,1.00878518884202,1,69.05,69.05
264,377.499999651759,-32.1517459772612,0.985907834368079,1,377.5,183.81
37,77.0999998703178,-9.40999190867632,1.00306501642503,1,77.1,10.95
28,10.36,-0.639993449259022,1.01573765034609,1,10.36,10.36
287,260.598603764334,-68.0799838872209,0.987405101461808,1,558.0,188.4
108,4.82999984015017,-0.539993252129214,1.02244644377999,1,4.83,1.63
108,4.82999984021655,-0.539993252129214,1.02244644377999,1,4.83,2.03
91,58.8999998352043,-6.53998944949533,1.00857601205023,1,58.9,7.72
13,0.999999870644779,0.0,1.0002007469284,1,1.0,0.31
95,3.99999986787645,0.0,1.00791592731891,1,4.0,0.67
10,1.99999987059999,-0.239991817038463,0.997628628524219,1,2.0,0.54
92,27.48,-3.22998956271402,1.00835582404264,1,27.48,27.48
34,21.2999998702876,-2.59999361036155,1.02861389370867,1,21.3,3.28
34,21.2999998702876,-2.59999361036155,1.02861389370867,1,21.3,5.52
