cost_model,startup,shutdown,n_coefficients,coeff_n,coeff1,coeff0
2,0,0,3,0.0040269965335406,44.0916231241284,231.938469237889
2,0,0,3,0.0046503915303343,46.8411479845558,2647.58437230112
2,0,0,3,0.0,0.0,0.0
2,0,0,3,0.0,0.0,0.0
2,0,0,3,0.0029409974163091,47.6381189657558,2491.49258557404
2,0,0,3,0.0076575525484936,25.1529472288059,1725.39983740668
2,0,0,3,0.0,0.0,0.0
2,0,0,3,0.0078895055928341,27.8763360574212,3026.37552080474
2,0,0,3,0.0062405668681909,42.7353511487209,3678.18139191285
2,0,0,3,0.0040967517912781,50.4652000921141,297.013169789132
2,0,0,3,0.0065321614437197,24.1587864805395,831.874774302132
2,0,0,3,0.0061614055844004,26.9047247839197,1191.34745419169
2,0,0,3,0.0,0.0,0.0
2,0,0,3,0.0020449795098647,38.5268693805391,1476.6112248286
2,0,0,3,0.0,0.0,0.0
2,0,0,3,0.004732998256573,33.5437512130086,3141.20924759506
2,0,0,3,0.0,0.0,0.0
2,0,0,3,0.0035991250097153,32.174198908499,609.545047778695
2,0,0,3,0.0063318456816976,42.1924129545876,555.953671820788
2,0,0,3,0.0,0.0,0.0
2,0,0,3,0.0,0.0,0.0
2,0,0,3,0.0,0.0,0.0
2,0,0,3,0.0,0.0,0.0
2,0,0,3,0.0,0.0,0.0
2,0,0,3,0.0031462528990644,51.6399450378746,1316.98097882075
2,0,0,3,0.0,0.0,0.0
2,0,0,3,0.0052434186096718,31.9521506713324,78.1860318699669
2,0,0,3,0.0061677729710984,51.3211213817965,222.92863937422
2,0,0,3,0.0,0.0,0.0
2,0,0,3,0.0043556330877145,37.2787584675614,841.507307898795
2,0,0,3,0.0,0.0,0.0
2,0,0,3,0.0,0.0,0.0
2,0,0,3,0.0029413539655693,25.9280849125307,471.732661328267
2,0,0,3,0.0,0.0,0.0
2,0,0,3,0.0,0.0,0.0
2,0,0,3,0.0,0.0,0.0
2,0,0,3,0.0,0.0,0.0
2,0,0,3,0.0,0.0,0.0
2,0,0,3,0.0055768636142732,30.7712394013955,249.283698504828
2,0,0,3,0.0,0.0,0.0
2,0,0,3,0.0,0.0,0.0
2,0,0,3,0.0074939406547375,27.3513673303493,1538.18436167969
2,0,0,3,0.0,0.0,0.0
2,0,0,3,0.0,0.0,0.0
2,0,0,3,0.0,0.0,0.0
2,0,0,3,0.0027508828488811,47.4915405747775,220.618944744328
2,0,0,3,0.0,0.0,0.0
2,0,0,3,0.0,0.0,0.0
2,0,0,3,0.0033913235173661,38.9425063831262,185.625970212257
2,0,0,3,0.005725192678824,56.972628121156,3656.16290409246
2,0,0,3,0.0024775867470557,40.4691795795588,10.1221181220061
2,0,0,3,0.0039420203530335,56.5410016144536,171.757140884669
2,0,0,3,0.0,0.0,0.0
2,0,0,3,0.0,0.0,0.0
2,0,0,3,0.0,0.0,0.0
2,0,0,3,0.0,0.0,0.0
2,0,0,3,0.0,0.0,0.0
2,0,0,3,0.0,0.0,0.0
2,0,0,3,0.0,0.0,0.0
2,0,0,3,0.0,0.0,0.0
2,0,0,3,0.0,0.0,0.0
2,0,0,3,0.0,0.0,0.0
2,0,0,3,0.0056400540207095,31.903919680091,104.794283492835
2,0,0,3,0.0,0.0,0.0
2,0,0,3,0.0052693716863891,33.2742886498065,107.68841792105
