cost_model,startup,shutdown,n_coefficients,coeff_n,coeff1,coeff0
2,0,0,3,0.0033498190268948,41.9319181161903,11.6735039272503
2,0,0,3,0.0,0.0,0.0
2,0,0,3,0.0075159846511246,55.8281206441418,1696.81241297492
2,0,0,3,0.0069017700681453,52.495887453658,3796.17591113187
2,0,0,3,0.0,0.0,0.0
2,0,0,3,0.002815966977387,46.8085448312133,552.341406785501
2,0,0,3,0.0071826244226226,55.4006745429974,1289.40991075381
2,0,0,3,0.0,0.0,0.0
2,0,0,3,0.0057743395027761,51.384028216053,117.077782844623
2,0,0,3,0.0,0.0,0.0
2,0,0,3,0.0058201292433765,31.6867986946944,2987.67946773682
2,0,0,3,0.0053626994730211,29.7571698580461,3558.83504903482
2,0,0,3,0.0062703945442141,56.2897968742934,1934.30676683312
2,0,0,3,0.0,0.0,0.0
2,0,0,3,0.0,0.0,0.0
2,0,0,3,0.0,0.0,0.0
2,0,0,3,0.0020970957312643,40.8674783812071,931.140330871207
2,0,0,3,0.0045665297960539,49.3716330107215,1739.80934078054
2,0,0,3,0.0,0.0,0.0
2,0,0,3,0.0,0.0,0.0
2,0,0,3,0.0,0.0,0.0
2,0,0,3,0.0,0.0,0.0
2,0,0,3,0.0065748975881749,37.9646404609892,3147.01260837043
2,0,0,3,0.007240380546998,37.1767813032071,878.43771973503
2,0,0,3,0.0,0.0,0.0
2,0,0,3,0.0,0.0,0.0
2,0,0,3,0.0,0.0,0.0
2,0,0,3,0.0,0.0,0.0
2,0,0,3,0.0025544866764182,23.9371851703695,211.910679919764
2,0,0,3,0.0,0.0,0.0
2,0,0,3,0.0,0.0,0.0
2,0,0,3,0.0035573959301021,35.1284235787852,115.819966979672
2,0,0,3,0.005902593759255,35.503593637992,710.952459244696
2,0,0,3,0.0,0.0,0.0
2,0,0,3,0.0,0.0,0.0
2,0,0,3,0.0,0.0,0.0
2,0,0,3,0.0,0.0,0.0
2,0,0,3,0.0,0.0,0.0
2,0,0,3,0.0,0.0,0.0
2,0,0,3,0.003053406011126,36.483588196912,642.002541547064
2,0,0,3,0.0,0.0,0.0
2,0,0,3,0.0,0.0,0.0
2,0,0,3,0.0068460463298322,29.484946503996,145.578433941926
2,0,0,3,0.0046295372960434,44.729151752729,2932.75209046995
2,0,0,3,0.0,0.0,0.0
2,0,0,3,0.0041512555659782,45.129690044791,3475.59933112657
2,0,0,3,0.0,0.0,0.0
2,0,0,3,0.0065330576765383,48.5374808574669,147.196206284464
2,0,0,3,0.0049122298774416,40.737556260392,521.157507752684
2,0,0,3,0.0,0.0,0.0
2,0,0,3,0.0,0.0,0.0
2,0,0,3,0.0,0.0,0.0
2,0,0,3,0.0,0.0,0.0
2,0,0,3,0.0,0.0,0.0
2,0,0,3,0.0034756726128548,28.2993680843366,280.035912900855
2,0,0,3,0.0050376911115791,44.9935991045181,91.2296047181646
2,0,0,3,0.0,0.0,0.0
2,0,0,3,0.0,0.0,0.0
2,0,0,3,0.0041358666927644,32.6245602984671,49.150498718209
2,0,0,3,0.0047772722701929,31.8285655967014,18.6522092271492
2,0,0,3,0.0,0.0,0.0
2,0,0,3,0.0,0.0,0.0
2,0,0,3,0.0034792008001843,46.6954740708392,213.00919735205
2,0,0,3,0.0,0.0,0.0
2,0,0,3,0.0,0.0,0.0
2,0,0,3,0.0,0.0,0.0
