cost_model,startup,shutdown,n_coefficients,coeff_n,coeff1,coeff0
2,0,0,3,0.0,0.0,0.0
2,0,0,3,0.0,0.0,0.0
2,0,0,3,0.0,0.0,0.0
2,0,0,3,0.0034590219930695,34.9498842575307,336.916517604473
2,0,0,3,0.0,0.0,0.0
2,0,0,3,0.0066343073429646,46.8961883679986,1178.75934275252
2,0,0,3,0.0,0.0,0.0
2,0,0,3,0.0077209133712477,31.8066566924099,2467.05053847346
2,0,0,3,0.0,0.0,0.0
2,0,0,3,0.0042333750460719,52.2385126680327,3006.81071846383
2,0,0,3,0.0023811059087353,31.9987527328748,251.50998742786
2,0,0,3,0.0040916218326409,42.4157636489928,3755.73143036603
2,0,0,3,0.0,0.0,0.0
2,0,0,3,0.0,0.0,0.0
2,0,0,3,0.0065159238070796,30.0823112823117,588.402413083541
2,0,0,3,0.0,0.0,0.0
2,0,0,3,0.0066417336907352,28.1192871833205,3347.45109496435
2,0,0,3,0.0,0.0,0.0
2,0,0,3,0.003121741935219,32.3606670887709,416.590532688504
2,0,0,3,0.0,0.0,0.0
2,0,0,3,0.002653941769028,47.786417889088,2186.95460850966
2,0,0,3,0.0,0.0,0.0
2,0,0,3,0.0060560702911713,23.2408033415179,2707.62700839378
2,0,0,3,0.0,0.0,0.0
2,0,0,3,0.0,0.0,0.0
2,0,0,3,0.0062204129074527,45.7917111595711,530.063244887486
2,0,0,3,0.0,0.0,0.0
2,0,0,3,0.0,0.0,0.0
2,0,0,3,0.0054217027178834,30.4997703258528,1199.77134220672
2,0,0,3,0.0032740006862142,42.9841102049451,307.698951827408
2,0,0,3,0.0,0.0,0.0
2,0,0,3,0.0,0.0,0.0
2,0,0,3,0.0,0.0,0.0
2,0,0,3,0.0,0.0,0.0
2,0,0,3,0.0,0.0,0.0
2,0,0,3,0.0057980129088671,26.9433931495366,106.946265221713
2,0,0,3,0.0,0.0,0.0
2,0,0,3,0.0037285822179916,53.9191016808045,169.881420098508
2,0,0,3,0.0041831529041744,35.8971004645192,2969.01690083268
2,0,0,3,0.0,0.0,0.0
2,0,0,3,0.0045420435697072,46.4997793679968,3835.2955317495
2,0,0,3,0.0,0.0,0.0
2,0,0,3,0.0068243812136006,35.7467595669216,110.087964813257
2,0,0,3,0.0057074427027048,38.5357729456019,525.59141346094
2,0,0,3,0.0,0.0,0.0
2,0,0,3,0.0,0.0,0.0
2,0,0,3,0.0,0.0,0.0
2,0,0,3,0.0061240684331393,37.7749812334241,73.9128892038004
2,0,0,3,0.0061335786838012,44.6814230558683,272.915366384748
2,0,0,3,0.0,0.0,0.0
2,0,0,3,0.0041833408185871,30.1133114432277,421.283716326077
2,0,0,3,0.0032320189209007,33.2075658187932,533.432821090108
2,0,0,3,0.0,0.0,0.0
2,0,0,3,0.0,0.0,0.0
2,0,0,3,0.0,0.0,0.0
2,0,0,3,0.0,0.0,0.0
2,0,0,3,0.0,0.0,0.0
2,0,0,3,0.0,0.0,0.0
2,0,0,3,0.0,0.0,0.0
2,0,0,3,0.0,0.0,0.0
2,0,0,3,0.0,0.0,0.0
2,0,0,3,0.0,0.0,0.0
2,0,0,3,0.0024295897953723,32.4284537585312,1821.48720975331
2,0,0,3,0.0076813174326149,25.0766895465888,361.416033383254
2,0,0,3,0.0,0.0,0.0
2,0,0,3,0.0059534912821145,34.7933252189553,3754.05834879872
