cost_model,startup,shutdown,n_coefficients,coeff_n,coeff1,coeff0
2,0,0,3,0.0035736839150349,47.7376477693227,118.730205168643
2,0,0,3,0.006124054442307,55.9779103633663,74.2754324997428
2,0,0,3,0.0068536024997353,30.8847668584926,591.941000928488
2,0,0,3,0.0,0.0,0.0
2,0,0,3,0.0,0.0,0.0
2,0,0,3,0.0,0.0,0.0
2,0,0,3,0.00703385259698,35.111273097076,550.221905711047
2,0,0,3,0.003682317452049,42.5404810211499,119.688486741663
2,0,0,3,0.0,0.0,0.0
2,0,0,3,0.0038915455933273,46.2339952393824,3616.47995571746
2,0,0,3,0.0039564731950474,52.6898303220702,3515.94793278596
2,0,0,3,0.0,0.0,0.0
2,0,0,3,0.0021278994035139,43.5053371288325,1730.62064719895
2,0,0,3,0.0,0.0,0.0
2,0,0,3,0.0037022251983673,54.6177298554005,513.734550980086
2,0,0,3,0.0,0.0,0.0
2,0,0,3,0.00313424582533,37.689699770261,2297.40489846646
2,0,0,3,0.0,0.0,0.0
2,0,0,3,0.0,0.0,0.0
2,0,0,3,0.0,0.0,0.0
2,0,0,3,0.0031519483316455,34.6753796167273,4.36967607301835
2,0,0,3,0.0072824295004558,37.4979363321537,3517.99609755482
2,0,0,3,0.0027845329527486,41.1672191585196,979.955118328343
2,0,0,3,0.0,0.0,0.0
2,0,0,3,0.0,0.0,0.0
2,0,0,3,0.0,0.0,0.0
2,0,0,3,0.0063340544935794,45.1030187130308,398.452249199212
2,0,0,3,0.0,0.0,0.0
2,0,0,3,0.0,0.0,0.0
2,0,0,3,0.0,0.0,0.0
2,0,0,3,0.0028000995673331,29.973619333356,2513.63635254955
2,0,0,3,0.0073774397120721,46.0546636804471,2627.57018434485
2,0,0,3,0.0,0.0,0.0
2,0,0,3,0.0044881452888054,41.010700808807,35.2848286980853
2,0,0,3,0.0,0.0,0.0
2,0,0,3,0.0048947203344122,23.28460235219,268.601011169766
2,0,0,3,0.002848642663821,53.8048587122281,2937.14009919951
2,0,0,3,0.0075045434906725,42.8788061303466,514.630319486517
2,0,0,3,0.0,0.0,0.0
2,0,0,3,0.0,0.0,0.0
2,0,0,3,0.0047341843025069,51.4895688009657,2973.52344747177
2,0,0,3,0.0,0.0,0.0
2,0,0,3,0.0,0.0,0.0
2,0,0,3,0.0062352660587661,49.0913391221569,3700.37055949421
2,0,0,3,0.0,0.0,0.0
2,0,0,3,0.0,0.0,0.0
2,0,0,3,0.0070020205633313,50.7087073507771,585.292561339235
2,0,0,3,0.0,0.0,0.0
2,0,0,3,0.0,0.0,0.0
2,0,0,3,0.0,0.0,0.0
2,0,0,3,0.0073211165643221,53.8487888548769,409.53545115167
2,0,0,3,0.0,0.0,0.0
2,0,0,3,0.0,0.0,0.0
2,0,0,3,0.0028299536638886,34.0340282224074,2634.84785206001
2,0,0,3,0.0,0.0,0.0
2,0,0,3,0.0,0.0,0.0
2,0,0,3,0.0,0.0,0.0
2,0,0,3,0.0,0.0,0.0
2,0,0,3,0.0066328130137216,36.7117718671496,1573.19151065487
2,0,0,3,0.0,0.0,0.0
2,0,0,3,0.0,0.0,0.0
2,0,0,3,0.0,0.0,0.0
2,0,0,3,0.0,0.0,0.0
2,0,0,3,0.0,0.0,0.0
2,0,0,3,0.007449226502221,40.4306899050961,404.636261297818
