cost_model,startup,shutdown,n_coefficients,coeff_n,coeff1,coeff0
2,0,0,3,0.002882024440567,51.9455319939717,2499.71404291003
2,0,0,3,0.0043351000695468,40.0157898292194,1369.26980280776
2,0,0,3,0.0,0.0,0.0
2,0,0,3,0.0,0.0,0.0
2,0,0,3,0.0067970205208951,34.3090393291723,3412.02280752991
2,0,0,3,0.0042150386799531,28.6600124683959,1764.20979512295
2,0,0,3,0.0,0.0,0.0
2,0,0,3,0.0,0.0,0.0
2,0,0,3,0.0075103654568809,53.5478485072072,360.82257809611
2,0,0,3,0.0,0.0,0.0
2,0,0,3,0.0,0.0,0.0
2,0,0,3,0.0,0.0,0.0
2,0,0,3,0.0057329028234145,49.1591461274303,486.862708361824
2,0,0,3,0.0,0.0,0.0
2,0,0,3,0.0,0.0,0.0
2,0,0,3,0.0045184862291739,31.7300942779144,303.590262718125
2,0,0,3,0.0,0.0,0.0
2,0,0,3,0.0055571483751267,53.9832894625985,3520.55259764322
2,0,0,3,0.0036190348783905,48.6622468415739,559.425309558045
2,0,0,3,0.0,0.0,0.0
2,0,0,3,0.0,0.0,0.0
2,0,0,3,0.0,0.0,0.0
2,0,0,3,0.0,0.0,0.0
2,0,0,3,0.0,0.0,0.0
2,0,0,3,0.0068739428331626,26.290542271362,2464.98970369374
2,0,0,3,0.0047338359183141,45.0761555798224,2368.72023814378
2,0,0,3,0.0078583565719056,48.4865813425905,1393.15277009528
2,0,0,3,0.0,0.0,0.0
2,0,0,3,0.0,0.0,0.0
2,0,0,3,0.0078390022459476,30.2251137017354,390.553831295214
2,0,0,3,0.0,0.0,0.0
2,0,0,3,0.005443110351924,37.7618085576289,2342.5383076419
2,0,0,3,0.0,0.0,0.0
2,0,0,3,0.0050606944671799,46.4591654924283,3392.75130445622
2,0,0,3,0.0,0.0,0.0
2,0,0,3,0.0,0.0,0.0
2,0,0,3,0.0,0.0,0.0
2,0,0,3,0.00580921509471,26.6736938277774,3075.84499029869
2,0,0,3,0.0078232616724501,40.5185692846823,1209.12315311386
2,0,0,3,0.0,0.0,0.0
2,0,0,3,0.0025935618545619,28.1845375085583,1479.86215695906
2,0,0,3,0.0044493589417417,35.8038927721008,247.775050364111
2,0,0,3,0.0,0.0,0.0
2,0,0,3,0.0070586219473312,24.4857456818857,472.927857191222
2,0,0,3,0.0,0.0,0.0
2,0,0,3,0.0,0.0,0.0
2,0,0,3,0.0,0.0,0.0
2,0,0,3,0.0070117612591107,35.8759454469884,322.270811687108
2,0,0,3,0.0,0.0,0.0
2,0,0,3,0.0069853175354995,54.5337257076557,317.586452467062
2,0,0,3,0.0,0.0,0.0
2,0,0,3,0.0059030132808185,56.5089186779547,495.803106775478
2,0,0,3,0.0,0.0,0.0
2,0,0,3,0.0,0.0,0.0
2,0,0,3,0.004185655740285,40.2729074662236,266.276138015061
2,0,0,3,0.0079880664065087,41.7688060436871,1599.55719823411
2,0,0,3,0.0,0.0,0.0
2,0,0,3,0.0,0.0,0.0
2,0,0,3,0.0,0.0,0.0
2,0,0,3,0.0,0.0,0.0
2,0,0,3,0.0031922807017323,52.186808068765,410.949857390921
2,0,0,3,0.0,0.0,0.0
2,0,0,3,0.0,0.0,0.0
2,0,0,3,0.0030411175405142,35.9871893008431,375.893410850715
2,0,0,3,0.0,0.0,0.0
