cost_model,startup,shutdown,n_coefficients,coeff_n,coeff1,coeff0
2,0,0,3,0.0,0.0,0.0
2,0,0,3,0.0,0.0,0.0
2,0,0,3,0.0,0.0,0.0
2,0,0,3,0.0,0.0,0.0
2,0,0,3,0.005756897836322,52.8271060298808,1089.97683809791
2,0,0,3,0.0,0.0,0.0
2,0,0,3,0.0074621205283565,56.3631514222486,3373.6921848933
2,0,0,3,0.0029633699428411,44.9208024853068,3785.89952328284
2,0,0,3,0.0033665466599431,41.521571393257,1490.21162774965
2,0,0,3,0.0025157030453737,30.8129702163273,101.916937677245
2,0,0,3,0.0,0.0,0.0
2,0,0,3,0.0,0.0,0.0
2,0,0,3,0.0,0.0,0.0
2,0,0,3,0.0067575128153969,43.1640587206395,1207.95974943482
2,0,0,3,0.0,0.0,0.0
2,0,0,3,0.0059801721614378,51.9779893249311,3255.19384967799
2,0,0,3,0.0,0.0,0.0
2,0,0,3,0.0,0.0,0.0
2,0,0,3,0.0062028417530911,42.3471357792604,9.03236234780884
2,0,0,3,0.0043962892007059,52.744199702779,448.560322986985
2,0,0,3,0.0,0.0,0.0
2,0,0,3,0.0,0.0,0.0
2,0,0,3,0.0,0.0,0.0
2,0,0,3,0.0,0.0,0.0
2,0,0,3,0.0047564090543478,50.2588321854405,111.790286105607
2,0,0,3,0.0039973526068049,27.286702286041,394.498959100472
2,0,0,3,0.0,0.0,0.0
