bus_number,P_output,Q_output,voltage_mag,gen_status,P_max,P_min
3,157.565059238294,0,1,1,157.565059238309,0
19,433.112916169282,0,1,1,433.112916169321,0
20,156.488972833425,0,1,1,200.898107622505,0
24,357.981960311767,0,1,1,357.981960311978,0
27,1318.90609115483,0,1,1,1510.07760802259,0
34,1057.88922519023,0,1,1,1057.88922519029,0
37,385.335044258326,0,1,1,385.335044258406,0
38,168.968114214039,0,1,1,200.856075629493,0
39,0.0,0,1,0,1010.27716228152,0
42,259.981758491012,0,1,1,259.981758491075,0
63,132.852185234135,0,1,1,425.948087723611,0
66,0.0,0,1,0,859.271562935698,0
72,3.08577441687152,0,1,1,3.08577441689457,0
77,185.788465570548,0,1,1,185.788465570572,0
82,4.83100262522467e-08,0,1,1,67.4391927731582,0
83,174.792156141201,0,1,1,221.588971677147,0
84,0.0,0,1,0,699.706702428127,0
85,148.805696538785,0,1,1,193.75280594379,0
88,149.512004295001,0,1,1,183.38251225094,0
89,437.01501136437,0,1,1,437.015011364393,0
90,0.0,0,1,0,521.255458755934,0
92,0.0,0,1,0,122.96947672524,0
96,60.9600489474896,0,1,1,60.9600489474946,0
100,354.945496970312,0,1,1,354.945496970398,0
105,139.967098126596,0,1,1,139.967098126624,0
110,1.82190779473558,0,1,1,1.82190779479249,0
112,579.028735151457,0,1,1,579.028735151507,0
