cost_model,startup,shutdown,n_coefficients,coeff_n,coeff1,coeff0
2,0,0,3,0.0049112551827506,54.7488418549217,14.5244466481234
2,0,0,3,0.0,0.0,0.0
2,0,0,3,0.0060697287209068,54.7965999082701,1154.77468786474
2,0,0,3,0.0,0.0,0.0
2,0,0,3,0.0,0.0,0.0
2,0,0,3,0.0065058079488021,27.8430144194037,598.153604760825
2,0,0,3,0.0,0.0,0.0
2,0,0,3,0.0,0.0,0.0
2,0,0,3,0.0064438716519652,31.9133865606258,2259.36008605744
2,0,0,3,0.0076355056832833,32.1663475111898,756.898323409624
2,0,0,3,0.0,0.0,0.0
2,0,0,3,0.0022820647411645,48.6631968881651,418.434133193478
2,0,0,3,0.0,0.0,0.0
2,0,0,3,0.0,0.0,0.0
2,0,0,3,0.0,0.0,0.0
2,0,0,3,0.0022376538440787,24.5250361642891,62.0785959258044
2,0,0,3,0.0040284779759904,39.3222931329923,3827.13119339757
2,0,0,3,0.0,0.0,0.0
2,0,0,3,0.0,0.0,0.0
2,0,0,3,0.0072707798301136,30.1185695158749,510.419916900117
2,0,0,3,0.0,0.0,0.0
2,0,0,3,0.0,0.0,0.0
2,0,0,3,0.0051980985560647,55.0528965043851,250.466476101076
2,0,0,3,0.0075530777923382,28.1970789266485,370.184343587456
2,0,0,3,0.0,0.0,0.0
2,0,0,3,0.0,0.0,0.0
2,0,0,3,0.0,0.0,0.0
2,0,0,3,0.0,0.0,0.0
