bus_number,P_output,Q_output,voltage_mag,gen_status,P_max,P_min
5,0.0,0,1,0,151.180216567196,0
9,0.0,0,1,0,312.640127995265,0
10,0.0,0,1,0,278.464734808899,0
11,921.477544856019,0,1,1,1277.00973004798,0
13,0.0,0,1,0,244.750835813751,0
20,0.0,0,1,0,220.191598367248,0
23,142.238628535953,0,1,1,142.238628535969,0
30,0.0,0,1,0,347.537187555818,0
37,198.329271460282,0,1,1,198.329271460304,0
39,1038.10565312508,0,1,1,1038.1056531251,0
42,105.571825926526,0,1,1,105.571825927675,0
51,47.2904605545548,0,1,1,47.2904605545848,0
65,0.0,0,1,0,374.269941215415,0
70,104.07040664364,0,1,1,138.718097308659,0
79,0.0,0,1,0,483.272413759335,0
84,0.0,0,1,0,707.753159678136,0
88,643.106909840542,0,1,1,643.106909840561,0
91,187.688782771628,0,1,1,187.688782771646,0
92,11.2933057226862,0,1,1,11.2933057227089,0
93,1147.29577523123,0,1,1,1208.09830666489,0
94,84.1241025248626,0,1,1,84.1241025248833,0
100,91.9922796603917,0,1,1,91.9922796604135,0
101,77.1410850024747,0,1,1,77.141085002495,0
102,1202.34398579992,0,1,1,1202.34398579994,0
113,103.836764896419,0,1,1,103.836764896456,0
114,71.1596921932473,0,1,1,71.1596921932727,0
116,479.322607385764,0,1,1,875.378488643369,0
117,8.41464032978592,0,1,1,8.41464032981897,0
