bus_number,P_output,Q_output,voltage_mag,gen_status,P_max,P_min
6,362.407138476682,0,1,1,429.194955892666,0
15,757.499684647335,0,1,1,1022.6570581371,0
18,970.798356893436,0,1,1,970.798356893437,0
36,4.80080770132543e-16,0,1,1,345.676634697326,0
38,60.1423975842491,0,1,1,60.1423975842491,0
40,624.550944759419,0,1,1,624.550944759419,0
44,900.320936793418,0,1,1,900.320936793418,0
46,358.028858646147,0,1,1,630.432416608939,0
48,350.623652878611,0,1,1,350.623652878611,0
51,249.557162965975,0,1,1,249.557162965975,0
54,0.0,0,1,0,499.587469167996,0
59,0.0,0,1,0,218.911097797361,0
66,208.225095240717,0,1,1,237.752714533011,0
68,0.0,0,1,0,566.846901198088,0
71,83.0617297223612,0,1,1,83.0617297223612,0
73,3.33085965801467e-16,0,1,1,68.6248110636129,0
75,270.3706390543,0,1,1,270.3706390543,0
76,0.0,0,1,0,43.7380904857568,0
77,350.172725008778,0,1,1,350.172725008778,0
89,0.0,0,1,0,459.486188735759,0
90,197.010242920611,0,1,1,224.764246530108,0
92,0.0,0,1,0,545.153238097704,0
97,0.0,0,1,0,158.9244833143,0
98,0.382969976838658,0,1,1,99.7338283219043,0
101,0.0,0,1,0,411.549028549449,0
102,0.0,0,1,0,460.796514722658,0
110,210.140705258995,0,1,1,254.351522883097,0
113,0.0,0,1,0,9.76939535211068,0
118,84.3530850223041,0,1,1,84.3530850223041,0
