cost_model,startup,shutdown,n_coefficients,coeff_n,coeff1,coeff0
2,0,0,3,0.0045630516707352,23.6546278541377,2206.02126114339
2,0,0,3,0.0070438220167176,40.2427887659943,430.242391931282
2,0,0,3,0.0,0.0,0.0
2,0,0,3,0.0,0.0,0.0
2,0,0,3,0.0,0.0,0.0
2,0,0,3,0.0,0.0,0.0
2,0,0,3,0.0,0.0,0.0
2,0,0,3,0.0,0.0,0.0
2,0,0,3,0.0,0.0,0.0
2,0,0,3,0.0,0.0,0.0
2,0,0,3,0.0049079089796714,52.6024918384212,2432.04753539468
2,0,0,3,0.0077367185441066,53.2854504598857,395.323646667442
2,0,0,3,0.0,0.0,0.0
2,0,0,3,0.0039668090898796,37.7454396290501,66.3265404736526
2,0,0,3,0.0,0.0,0.0
2,0,0,3,0.0,0.0,0.0
2,0,0,3,0.0,0.0,0.0
2,0,0,3,0.007470567196695,30.5769053269119,111.893135211235
2,0,0,3,0.0077064363122952,24.2869373827511,3165.24823666166
2,0,0,3,0.0,0.0,0.0
2,0,0,3,0.0060371059116349,49.3173514161055,2020.99901925669
2,0,0,3,0.0,0.0,0.0
2,0,0,3,0.0,0.0,0.0
2,0,0,3,0.0072469206492423,24.4377293996069,3203.99107397114
2,0,0,3,0.0062976405973386,56.788962078208,225.653545141114
2,0,0,3,0.0,0.0,0.0
