cost_model,startup,shutdown,n_coefficients,coeff_n,coeff1,coeff0
2,0,0,3,0.003578674937904,32.2709456928378,422.067321416106
2,0,0,3,0.0064868356015009,42.6850402544079,124.404434156405
2,0,0,3,0.0,0.0,0.0
2,0,0,3,0.0,0.0,0.0
2,0,0,3,0.0050134135941146,30.0455232644633,3308.58264619949
2,0,0,3,0.003687443197476,46.5632354197847,1824.30784221596
2,0,0,3,0.006786026772089,43.3402883180186,458.077361496827
2,0,0,3,0.0034936905577374,50.0043910623457,298.075573578803
2,0,0,3,0.0,0.0,0.0
2,0,0,3,0.0044624606655301,40.9588646542098,1880.09204201025
2,0,0,3,0.0076341228670844,36.7757960485216,320.562131774398
2,0,0,3,0.0,0.0,0.0
2,0,0,3,0.0065208797037075,44.2592483218306,2516.99248001457
2,0,0,3,0.0,0.0,0.0
2,0,0,3,0.0,0.0,0.0
2,0,0,3,0.0,0.0,0.0
2,0,0,3,0.0,0.0,0.0
2,0,0,3,0.0,0.0,0.0
2,0,0,3,0.0026703679133919,25.4034714092985,442.395492692862
2,0,0,3,0.0,0.0,0.0
2,0,0,3,0.0030109799476193,45.0810253799597,594.818162009019
2,0,0,3,0.0,0.0,0.0
2,0,0,3,0.0,0.0,0.0
2,0,0,3,0.0044564350422676,44.061028374522,72.9898642693773
2,0,0,3,0.0,0.0,0.0
2,0,0,3,0.0,0.0,0.0
2,0,0,3,0.0,0.0,0.0
2,0,0,3,0.0,0.0,0.0
2,0,0,3,0.0,0.0,0.0
2,0,0,3,0.0072700796098615,40.5728120481252,1568.22932181886
2,0,0,3,0.0,0.0,0.0
