cost_model,startup,shutdown,n_coefficients,coeff_n,coeff1,coeff0
2,0,0,3,0.0,0.0,0.0
2,0,0,3,0.0,0.0,0.0
2,0,0,3,0.0064642277451737,23.3825265885702,1917.01195318645
2,0,0,3,0.0,0.0,0.0
2,0,0,3,0.0061523255385907,56.5155652690686,328.877342957346
2,0,0,3,0.0,0.0,0.0
2,0,0,3,0.0,0.0,0.0
2,0,0,3,0.0,0.0,0.0
2,0,0,3,0.0025279610411719,26.7545402159125,3517.78289087417
2,0,0,3,0.0,0.0,0.0
2,0,0,3,0.0,0.0,0.0
2,0,0,3,0.0036502427830223,32.7570299673151,3490.00506012989
2,0,0,3,0.0,0.0,0.0
2,0,0,3,0.0027124762763176,42.2796221752792,3851.65194044621
2,0,0,3,0.0046556854974339,56.8728573211673,254.989098270472
2,0,0,3,0.0063942620314295,24.0739327712322,3415.15551492895
2,0,0,3,0.0,0.0,0.0
2,0,0,3,0.0,0.0,0.0
2,0,0,3,0.0038274786089877,37.2741055308416,270.476554331635
2,0,0,3,0.0,0.0,0.0
2,0,0,3,0.0,0.0,0.0
2,0,0,3,0.0,0.0,0.0
2,0,0,3,0.0056808497940328,38.8722435121751,1669.93455818652
2,0,0,3,0.0,0.0,0.0
2,0,0,3,0.0,0.0,0.0
2,0,0,3,0.0062879105897785,41.2969458500348,95.812507667959
