bus_number,P_output,Q_output,voltage_mag,gen_status,P_max,P_min
4,0.0,0,1,0,732.420114347962,0
5,1044.56004975877,0,1,1,1235.0689644924,0
7,1074.62542910904,0,1,1,1074.62542910906,0
14,0.0,0,1,0,664.206855129429,0
15,346.012342758096,0,1,1,346.012342758106,0
28,0.0,0,1,0,504.529750002802,0
33,602.58072119873,0,1,1,813.513740046878,0
51,64.9960550466588,0,1,1,64.996055046659,0
58,581.540639730487,0,1,1,581.540639730498,0
59,67.0074036249072,0,1,1,67.0074036248959,0
63,0.0,0,1,0,343.404227410948,0
64,80.4701452965499,0,1,1,376.647915407932,0
65,41.6581425900911,0,1,1,41.6581425900948,0
67,1.82346961426927e-10,0,1,1,254.206267446209,0
72,931.069180079463,0,1,1,931.069180079457,0
80,44.0731340730789,0,1,1,44.0731340730781,0
81,262.489841664,0,1,1,262.489841664016,0
89,508.211562944296,0,1,1,508.211562944318,0
94,594.92628475095,0,1,1,594.926284750964,0
97,3.77327257452384,0,1,1,3.7732725745312,0
99,0.0,0,1,0,322.973347424446,0
101,206.541544534154,0,1,1,301.508448762398,0
109,210.267972727003,0,1,1,210.267972727002,0
110,0.0,0,1,0,99.7089401037626,0
114,0.0,0,1,0,87.5505860739466,0
116,0.0,0,1,0,540.578648710713,0
