bus_number,P_output,Q_output,voltage_mag,gen_status,P_max,P_min
2,0.0,0,1,0,178.884428111906,0
11,92.310738381419,0,1,1,92.310738381419,0
13,0.0,0,1,0,218.853534039194,0
14,1706.14252396954,0,1,1,1706.14252396954,0
30,66.4098755198548,0,1,1,66.4098755198548,0
31,39.054496206212,0,1,1,362.452239156633,0
35,1167.69918342036,0,1,1,1167.69918342036,0
37,1166.96780900104,0,1,1,1166.96780900104,0
38,0.0,0,1,0,860.087253539031,0
49,0.0,0,1,0,528.982272658499,0
50,1035.89061685588,0,1,1,1035.89061685588,0
57,36.1472676128288,0,1,1,36.1472676128288,0
62,214.885847206876,0,1,1,214.885847206876,0
69,23.6524956617528,0,1,1,23.6524956617528,0
73,280.019679945302,0,1,1,280.019679945302,0
74,550.300853222904,0,1,1,624.594198997354,0
76,2.94729113402085,0,1,1,2.94729113402085,0
79,0.0,0,1,0,605.787251085099,0
81,0.0,0,1,0,590.723514272147,0
85,-1.23990263122525e-17,0,1,1,10.3663886418203,0
87,0.0,0,1,0,365.384555664984,0
90,0.0,0,1,0,165.453024137583,0
92,100.9665689498,0,1,1,137.302753878941,0
100,181.408475373227,0,1,1,181.408475373227,0
111,0.0,0,1,0,8.549008506504,0
