cost_model,startup,shutdown,n_coefficients,coeff_n,coeff1,coeff0
2,0,0,3,0.0028659847884623,33.0749074432832,2481.46701801
2,0,0,3,0.0,0.0,0.0
2,0,0,3,0.0037308875370068,26.5883148830006,1488.63070545514
2,0,0,3,0.0,0.0,0.0
2,0,0,3,0.0,0.0,0.0
2,0,0,3,0.0034751214753771,36.0922976202227,484.978907778697
2,0,0,3,0.0,0.0,0.0
2,0,0,3,0.007958271991211,34.2720190754609,215.625631583651
2,0,0,3,0.0055784021941436,43.7195673625133,8.98406595898671
2,0,0,3,0.0073005296751233,51.5216293886164,278.343670594169
2,0,0,3,0.0,0.0,0.0
2,0,0,3,0.00613761443062,23.6892561908762,3495.4952835076
2,0,0,3,0.0,0.0,0.0
2,0,0,3,0.0,0.0,0.0
2,0,0,3,0.0,0.0,0.0
2,0,0,3,0.0,0.0,0.0
2,0,0,3,0.0054434637165762,47.5884590283058,317.007838624704
2,0,0,3,0.0,0.0,0.0
2,0,0,3,0.0023595008976597,29.9218328014723,574.934438708371
2,0,0,3,0.0,0.0,0.0
2,0,0,3,0.0,0.0,0.0
2,0,0,3,0.0,0.0,0.0
2,0,0,3,0.0072735676263053,54.3721780288879,547.283487798593
2,0,0,3,0.0,0.0,0.0
2,0,0,3,0.0033209719099365,35.6107532297423,325.810040747022
2,0,0,3,0.0,0.0,0.0
2,0,0,3,0.0,0.0,0.0
