cost_model,startup,shutdown,n_coefficients,coeff_n,coeff1,coeff0
2,0,0,3,0.0,0.0,0.0
2,0,0,3,0.0,0.0,0.0
2,0,0,3,0.0068768585080453,29.7752259047348,2983.65226680089
2,0,0,3,0.0061157814044706,25.9623814880966,1603.24377017938
2,0,0,3,0.0022976846957168,35.2428598305702,928.422395945388
2,0,0,3,0.0,0.0,0.0
2,0,0,3,0.0056938636976201,47.9697951391217,919.729887512859
2,0,0,3,0.0078439975640192,38.0772675445189,131.728478740219
2,0,0,3,0.0,0.0,0.0
2,0,0,3,0.0072774880099896,41.1563770597417,281.197344485189
2,0,0,3,0.0,0.0,0.0
2,0,0,3,0.0064982810138348,50.1679569036189,141.546876568224
2,0,0,3,0.0,0.0,0.0
2,0,0,3,0.0,0.0,0.0
2,0,0,3,0.0,0.0,0.0
2,0,0,3,0.0,0.0,0.0
2,0,0,3,0.0062834857194574,50.5053534939576,742.52344228023
2,0,0,3,0.0038912832945434,47.5994249749974,422.386449422318
2,0,0,3,0.0,0.0,0.0
2,0,0,3,0.0,0.0,0.0
2,0,0,3,0.0,0.0,0.0
2,0,0,3,0.0071457637581427,48.0414767770066,145.630454933538
2,0,0,3,0.0,0.0,0.0
2,0,0,3,0.0,0.0,0.0
2,0,0,3,0.0,0.0,0.0
2,0,0,3,0.0068599245499215,53.0614915687165,18.5297046374014
2,0,0,3,0.0,0.0,0.0
