cost_model,startup,shutdown,n_coefficients,coeff_n,coeff1,coeff0
2,0,0,3,0.0,0.0,0.0
2,0,0,3,0.0045462384004334,36.3155893715989,1807.73663455737
2,0,0,3,0.0,0.0,0.0
2,0,0,3,0.0032855132739497,34.1180970024039,882.301807029348
2,0,0,3,0.0,0.0,0.0
2,0,0,3,0.0027509436251905,38.9655967207953,3131.28164297629
2,0,0,3,0.0,0.0,0.0
2,0,0,3,0.0035437746079473,29.2140528928687,364.950992602517
2,0,0,3,0.0034043812156219,47.4385792256842,2.67370160937559
2,0,0,3,0.0,0.0,0.0
2,0,0,3,0.0,0.0,0.0
2,0,0,3,0.0070197427953055,53.9798804511146,3554.49655550589
2,0,0,3,0.0,0.0,0.0
2,0,0,3,0.0044472656601499,38.2036422126265,239.938951047418
2,0,0,3,0.0,0.0,0.0
2,0,0,3,0.0055035496491774,32.2637951650492,540.709484421018
2,0,0,3,0.0039223029790012,28.9766147369865,2620.74281504581
2,0,0,3,0.0,0.0,0.0
2,0,0,3,0.0,0.0,0.0
2,0,0,3,0.0043906659571246,36.5756362436261,387.126383212891
2,0,0,3,0.006035648829726,51.9844912228452,2218.64380549618
2,0,0,3,0.0,0.0,0.0
2,0,0,3,0.0,0.0,0.0
2,0,0,3,0.0,0.0,0.0
2,0,0,3,0.0,0.0,0.0
2,0,0,3,0.0,0.0,0.0
2,0,0,3,0.0,0.0,0.0
