bus_number,P_output,Q_output,voltage_mag,gen_status,P_max,P_min
2,622.001493051296,0,1,1,1049.19054284887,0
9,1029.96107158826,0,1,1,1029.96107158826,0
12,0.0,0,1,0,324.305934411079,0
15,0.0,0,1,0,465.336669039034,0
20,1.4079283102924699e-11,0,1,1,193.717059020435,0
24,296.493762257346,0,1,1,296.493762257351,0
29,594.644127207614,0,1,1,594.644127207641,0
35,0.0,0,1,0,550.199684613372,0
39,618.689045807444,0,1,1,618.689045807444,0
40,850.827501499031,0,1,1,850.827501499037,0
41,1.4383630174149499e-11,0,1,1,117.748589973831,0
44,0.0,0,1,0,413.974165119215,0
48,304.383008918479,0,1,1,304.383008918484,0
49,213.927093420174,0,1,1,250.20565815061,0
53,165.746186131857,0,1,1,281.175997667573,0
68,630.538408069032,0,1,1,630.538408069058,0
69,94.7239524911075,0,1,1,94.7239524911115,0
73,213.475193159043,0,1,1,213.475193159048,0
82,124.261864907276,0,1,1,124.261864907282,0
93,0.0,0,1,0,173.700498734656,0
94,217.541250530705,0,1,1,241.862773312754,0
96,111.091709223425,0,1,1,559.044108019669,0
100,0.0,0,1,0,452.187317697268,0
105,118.362540322906,0,1,1,118.36254032291,0
109,261.81495432311,0,1,1,261.814954323115,0
111,0.0,0,1,0,224.757238059808,0
113,196.320559552887,0,1,1,196.32055955289,0
