cost_model,startup,shutdown,n_coefficients,coeff_n,coeff1,coeff0
2,0,0,3,0.0041708401848196,41.3953185765042,3665.40128179816
2,0,0,3,0.0064523031762543,23.5585615486342,347.673624998693
2,0,0,3,0.0072531224585687,50.3272752879246,1432.0561842645
2,0,0,3,0.0,0.0,0.0
2,0,0,3,0.0,0.0,0.0
2,0,0,3,0.0,0.0,0.0
2,0,0,3,0.0054589484270716,49.9149489921763,2551.43033625897
2,0,0,3,0.004351586750216,42.2638564419779,2406.01228499302
2,0,0,3,0.0,0.0,0.0
2,0,0,3,0.0,0.0,0.0
2,0,0,3,0.0,0.0,0.0
2,0,0,3,0.0,0.0,0.0
2,0,0,3,0.0,0.0,0.0
2,0,0,3,0.0,0.0,0.0
2,0,0,3,0.0,0.0,0.0
2,0,0,3,0.0068363335776646,33.3045189869238,1119.90534108677
2,0,0,3,0.0049094766302008,29.2871587747183,2873.21127644501
2,0,0,3,0.0051520588805981,48.3844842414424,1696.06094326821
2,0,0,3,0.0038034455972953,52.6681636629784,325.136214790663
2,0,0,3,0.0,0.0,0.0
2,0,0,3,0.0,0.0,0.0
2,0,0,3,0.0044512572081693,51.2485709253428,589.614287081834
2,0,0,3,0.0029771270000471,56.9075230005121,543.409618743049
2,0,0,3,0.0,0.0,0.0
2,0,0,3,0.0,0.0,0.0
2,0,0,3,0.0,0.0,0.0
2,0,0,3,0.0,0.0,0.0
2,0,0,3,0.0,0.0,0.0
