bus_number,P_output,Q_output,voltage_mag,gen_status,P_max,P_min
1,851.000489172127,0,1,1,1022.21802223823,0
6,677.934015644204,0,1,1,911.326378917102,0
7,0.0,0,1,0,538.569314870137,0
8,798.501274166096,0,1,1,798.501274166096,0
11,8.49059418993838,0,1,1,8.49059418993838,0
13,663.775208936319,0,1,1,663.775208936319,0
15,0.0,0,1,0,418.592521234514,0
20,0.0,0,1,0,199.510847109458,0
21,0.0,0,1,0,336.229900101156,0
31,0.0,0,1,0,310.962179795206,0
33,269.641566862153,0,1,1,269.641566862153,0
42,0.0,0,1,0,95.4347043676615,0
49,168.848728667809,0,1,1,168.848728667809,0
51,196.335519943618,0,1,1,196.335519943618,0
52,218.169905050011,0,1,1,218.169905050011,0
54,81.75695529965,0,1,1,81.75695529965,0
69,0.0,0,1,0,375.921115325176,0
72,176.067598549234,0,1,1,176.067598549234,0
73,41.8583990351888,0,1,1,41.8583990351888,0
75,170.553252947637,0,1,1,170.553252947637,0
77,769.859182242233,0,1,1,904.267042031976,0
80,711.599955421074,0,1,1,711.599955421074,0
83,0.0,0,1,0,451.388712621858,0
89,0.0,0,1,0,420.901224927819,0
92,137.604906233383,0,1,1,187.189301341044,0
104,556.909054108055,0,1,1,556.909054108055,0
108,4.7161709944667,0,1,1,4.7161709944667,0
111,0.0,0,1,0,133.090624411032,0
112,46.5306420149474,0,1,1,144.425850325312,0
115,114.650302982872,0,1,1,114.650302982872,0
