bus_number,P_output,Q_output,voltage_mag,gen_status,P_max,P_min
3,1474.61173396542,0,1,1,1474.61173396542,0
5,139.853064815558,0,1,1,139.853064815558,0
6,178.117962073184,0,1,1,178.117962073184,0
11,235.102101641099,0,1,1,235.102101641099,0
25,0.124796199652181,0,1,1,0.124796199658238,0
27,307.129431396716,0,1,1,307.129431396716,0
33,0.0,0,1,0,273.340937773814,0
34,0.0,0,1,0,377.686080083222,0
35,1893.16299981354,0,1,1,1893.16299981354,0
37,985.25589630584,0,1,1,1769.69872783152,0
42,138.12623850019,0,1,1,138.12623850019,0
52,42.2940805494349,0,1,1,42.2940805494349,0
58,237.171724966392,0,1,1,237.171724966392,0
62,0.0,0,1,0,128.511548046571,0
63,680.427940297858,0,1,1,680.427940297858,0
66,0.0,0,1,0,597.297007997008,0
77,337.259552721836,0,1,1,337.259552721836,0
86,0.0,0,1,0,45.0066933170923,0
88,97.8630874933153,0,1,1,97.8630874933154,0
96,0.0,0,1,0,270.98906919907,0
102,63.3929901177462,0,1,1,63.3929901177463,0
103,0.0,0,1,0,335.037009062256,0
111,0.0,0,1,0,835.860934713916,0
116,147.899241063329,0,1,1,147.899241063329,0
118,28.7175341056325,0,1,1,66.238153055725,0
