cost_model,startup,shutdown,n_coefficients,coeff_n,coeff1,coeff0
2,0,0,3,0.0049699250506068,37.9337356083746,1435.21841276838
2,0,0,3,0.0,0.0,0.0
2,0,0,3,0.0,0.0,0.0
2,0,0,3,0.0061998152492789,33.3189319339718,1589.56175090341
2,0,0,3,0.0,0.0,0.0
2,0,0,3,0.0,0.0,0.0
2,0,0,3,0.0070286627401986,50.1861785711561,422.823014479591
2,0,0,3,0.0,0.0,0.0
2,0,0,3,0.0058812146767581,39.6254460194375,440.767935907825
2,0,0,3,0.0,0.0,0.0
2,0,0,3,0.0,0.0,0.0
2,0,0,3,0.0046449019852168,56.551012345303,391.862088881703
2,0,0,3,0.0066404425701498,42.0489632766776,294.909031020583
2,0,0,3,0.0072259882819482,26.5328874974243,2027.73574810197
2,0,0,3,0.0073129874373419,45.2256656267584,745.566434983057
2,0,0,3,0.0047652491342806,46.1951569544149,3475.57962878684
2,0,0,3,0.0,0.0,0.0
2,0,0,3,0.0,0.0,0.0
2,0,0,3,0.0,0.0,0.0
2,0,0,3,0.0,0.0,0.0
2,0,0,3,0.0,0.0,0.0
2,0,0,3,0.0,0.0,0.0
2,0,0,3,0.0,0.0,0.0
2,0,0,3,0.0,0.0,0.0
2,0,0,3,0.0033759089096653,31.3197067489017,347.978138051128
2,0,0,3,0.0,0.0,0.0
2,0,0,3,0.0029394244683478,54.6933311558342,286.627448464168
