bus_number,P_output,Q_output,voltage_mag,gen_status,P_max,P_min
7,520.077911361473,0,1,1,520.077911361473,0
13,22.7123407100827,0,1,1,22.7123407100827,0
16,0.0,0,1,0,567.368114078605,0
20,143.111981867202,0,1,1,143.111981867202,0
21,0.0,0,1,0,263.244338713689,0
24,1577.34303730397,0,1,1,1577.34303730397,0
25,1229.96726474737,0,1,1,1229.96726474737,0
28,0.0,0,1,0,116.018488978773,0
29,366.077084926697,0,1,1,720.108598829498,0
33,7.58601371246034,0,1,1,7.58601371246034,0
34,60.6466110147941,0,1,1,60.6466110147941,0
38,0.0,0,1,0,713.078647378887,0
39,0.0,0,1,0,635.166544851156,0
40,81.4307863531089,0,1,1,81.4307863531089,0
52,0.0,0,1,0,312.539957083945,0
55,18.4964207800539,0,1,1,18.4964207800539,0
63,1139.23539932591,0,1,1,1139.23539932591,0
65,0.0,0,1,0,387.361922191307,0
70,0.0,0,1,0,86.6505712524439,0
72,411.437850445568,0,1,1,411.437850445568,0
76,472.506089923681,0,1,1,730.236620058777,0
92,319.010510750249,0,1,1,319.010510750249,0
99,1.37523258824324,0,1,1,1.37523258824325,0
106,207.315155502679,0,1,1,207.315155502679,0
107,0.0,0,1,0,273.907875744078,0
112,8.28091180557748,0,1,1,8.28091180557748,0
117,78.193119341897,0,1,1,78.193119341897,0
