bus_number,P_output,Q_output,voltage_mag,gen_status,P_max,P_min
1,126.721048523682,0,1,1,126.721048523682,0
2,17.5172737754427,0,1,1,17.5172737754427,0
4,0.0,0,1,0,573.00735574235,0
6,1.64092480827495,0,1,1,1.64092480827495,0
11,130.117388568538,0,1,1,130.117388568538,0
12,0.0,0,1,0,130.91913082642,0
15,0.0,0,1,0,385.731600025672,0
18,1112.62515949076,0,1,1,1112.62515949076,0
20,0.0,0,1,0,36.6683550808402,0
28,864.47204715366,0,1,1,1098.26027554004,0
33,816.955360753618,0,1,1,816.955360753618,0
36,867.910910434236,0,1,1,867.910910434236,0
38,0.0,0,1,0,431.769656373816,0
48,0.0,0,1,0,268.225760084303,0
49,0.0,0,1,0,44.9432471341044,0
59,95.3592661831351,0,1,1,95.3592661831351,0
60,351.753930349044,0,1,1,606.27127923166,0
61,743.961685750948,0,1,1,743.961685750948,0
66,651.580780973827,0,1,1,651.580780973827,0
70,0.0,0,1,0,560.351581366947,0
73,0.0,0,1,0,524.824460075164,0
84,79.4021057622605,0,1,1,79.4021057622605,0
89,198.230599958739,0,1,1,198.230599958739,0
93,0.0,0,1,0,260.521767405411,0
99,17.6241360513711,0,1,1,17.6241360513711,0
102,179.735070027482,0,1,1,179.735070027482,0
104,0.0,0,1,0,261.830012926771,0
107,112.567173518656,0,1,1,112.567173518656,0
108,292.988672519748,0,1,1,292.988672519748,0
114,3.64018785759141,0,1,1,3.64018785759141,0
