bus_number,P_output,Q_output,voltage_mag,gen_status,P_max,P_min
7,68.7076445845929,0,1,1,68.7076445845929,0
8,55.6250923680276,0,1,1,55.6250923680276,0
10,151.744984614901,0,1,1,151.744984614901,0
15,0.0,0,1,0,218.389659753895,0
17,321.465917372799,0,1,1,321.465917372799,0
22,927.845206133161,0,1,1,1712.83264143958,0
25,0.0,0,1,0,788.354333082139,0
26,0.0,0,1,0,294.032218593021,0
30,146.442951585681,0,1,1,146.442951585681,0
33,267.055502725496,0,1,1,412.740117774421,0
35,425.45691926766,0,1,1,425.45691926766,0
38,346.378959626325,0,1,1,346.378959626325,0
40,141.618268521879,0,1,1,141.618268521879,0
45,0.0,0,1,0,521.808744197544,0
57,182.000256004812,0,1,1,182.000256004812,0
60,134.312375155929,0,1,1,134.312375155929,0
64,87.3075429361517,0,1,1,87.3075429361517,0
67,354.759274381889,0,1,1,354.759274381889,0
69,777.693600190654,0,1,1,777.693600190654,0
70,122.907031776665,0,1,1,122.907031776665,0
71,176.943627614152,0,1,1,176.943627614152,0
75,472.119649782647,0,1,1,472.119649782647,0
77,219.644772211279,0,1,1,364.465257780677,0
79,169.681427789122,0,1,1,169.681427789122,0
92,373.715888038778,0,1,1,373.715888038778,0
94,274.700793399089,0,1,1,274.700793399089,0
96,23.398929018011,0,1,1,23.398929018011,0
98,394.285912650635,0,1,1,394.285912650635,0
101,0.0,0,1,0,210.662656558068,0
111,278.938207408377,0,1,1,278.938207408377,0
