cost_model,startup,shutdown,n_coefficients,coeff_n,coeff1,coeff0
2,0,0,3,0.0,0.0,0.0
2,0,0,3,0.0031802366920794,24.6026785694466,1023.71807051081
2,0,0,3,0.0,0.0,0.0
2,0,0,3,0.0,0.0,0.0
2,0,0,3,0.0,0.0,0.0
2,0,0,3,0.0048700068387961,35.4242198750405,556.590935906879
2,0,0,3,0.0,0.0,0.0
2,0,0,3,0.0,0.0,0.0
2,0,0,3,0.0,0.0,0.0
2,0,0,3,0.0,0.0,0.0
2,0,0,3,0.0,0.0,0.0
2,0,0,3,0.0028364263803502,23.8530923238603,2240.05673326236
2,0,0,3,0.0054068535179986,43.5061164161892,707.280594956272
2,0,0,3,0.0,0.0,0.0
2,0,0,3,0.0,0.0,0.0
2,0,0,3,0.0078031591079764,55.5673031052643,2213.20607894016
2,0,0,3,0.00335914039188,38.9874144014668,3022.96806314754
2,0,0,3,0.0,0.0,0.0
2,0,0,3,0.0,0.0,0.0
2,0,0,3,0.0,0.0,0.0
2,0,0,3,0.0,0.0,0.0
2,0,0,3,0.0071320893097274,53.7534721294914,538.752045131004
2,0,0,3,0.0,0.0,0.0
2,0,0,3,0.0021923804343209,47.8074291921144,124.580555112882
2,0,0,3,0.0037490925110207,40.0701359929301,326.752631172089
2,0,0,3,0.0,0.0,0.0
2,0,0,3,0.0074947689221278,50.9974645131579,891.676015861424
2,0,0,3,0.0,0.0,0.0
2,0,0,3,0.0050494746431861,32.1111395929294,77.9721343759101
