cost_model,startup,shutdown,n_coefficients,coeff_n,coeff1,coeff0
2,0,0,3,0.0,0.0,0.0
2,0,0,3,0.0,0.0,0.0
2,0,0,3,0.0027019139952611,56.6266648461952,2144.76578003407
2,0,0,3,0.0075364628642496,52.1546545770227,380.75782813988
2,0,0,3,0.0,0.0,0.0
2,0,0,3,0.006162964774363,32.6011679903458,251.740337548729
2,0,0,3,0.0043434362260607,36.8334203606094,2992.01563644592
2,0,0,3,0.0,0.0,0.0
2,0,0,3,0.0,0.0,0.0
2,0,0,3,0.0,0.0,0.0
2,0,0,3,0.0,0.0,0.0
2,0,0,3,0.0071171162974784,42.7635479216593,2299.71468720355
2,0,0,3,0.0027986962963244,29.7299995595901,61.5260743511153
2,0,0,3,0.0,0.0,0.0
2,0,0,3,0.0056872975442686,47.7054652064653,2009.99611731374
2,0,0,3,0.0,0.0,0.0
2,0,0,3,0.0,0.0,0.0
2,0,0,3,0.0072433672505946,34.8192157344141,2227.4160725055
2,0,0,3,0.0063695450911789,38.6432213189301,3713.54129428171
2,0,0,3,0.0,0.0,0.0
2,0,0,3,0.0,0.0,0.0
2,0,0,3,0.0,0.0,0.0
2,0,0,3,0.0,0.0,0.0
2,0,0,3,0.0026460743888796,54.5569914735763,579.214513864873
2,0,0,3,0.0050191648245059,52.176491804328,356.15313507659
2,0,0,3,0.0,0.0,0.0
2,0,0,3,0.0,0.0,0.0
2,0,0,3,0.0,0.0,0.0
