bus_number,P_output,Q_output,voltage_mag,gen_status,P_max,P_min
9,166.917266832887,0,1,1,523.257109508569,0
13,0.0,0,1,0,156.6707754776,0
15,0.0,0,1,0,62.1698171999657,0
16,730.437737879123,0,1,1,1227.36158327218,0
17,188.006162834329,0,1,1,235.766329953773,0
21,231.995569657547,0,1,1,328.924048567374,0
22,211.462212823052,0,1,1,349.783749544254,0
27,1064.16452653596,0,1,1,1147.22054966409,0
28,144.035454597928,0,1,1,144.035454597929,0
30,3.01819296743062e-15,0,1,1,537.558365710832,0
32,3.49886547307809e-13,0,1,1,124.457617679313,0
39,271.575693855709,0,1,1,327.429559594364,0
41,18.9392376752023,0,1,1,18.9392376752026,0
44,0.0,0,1,0,28.478411391265,0
45,742.345221330155,0,1,1,804.965663552423,0
48,191.028894256726,0,1,1,191.028894256727,0
53,828.68255778382,0,1,1,926.385750270078,0
55,1.17620110215573e-14,0,1,1,79.3003576674237,0
63,0.0,0,1,0,253.927115485013,0
65,354.002711625265,0,1,1,354.002711625265,0
66,747.26305868843,0,1,1,747.26305868843,0
72,0.0,0,1,0,432.705610076434,0
76,380.882619422684,0,1,1,695.474846633687,0
89,209.301715615376,0,1,1,209.301715615376,0
94,0.0,0,1,0,103.338723214456,0
103,80.2635979972324,0,1,1,300.188663738943,0
106,24.5629321036026,0,1,1,24.5629321036027,0
109,2.42049890347024e-13,0,1,1,218.46702306125,0
113,78.9365509459906,0,1,1,78.9365509459906,0
