bus_number,P_output,Q_output,voltage_mag,gen_status,P_max,P_min
3,190.932108882131,0,1,1,190.932108882131,0
5,1826.30854313535,0,1,1,2276.37768726033,0
8,0.0,0,1,0,905.388723920082,0
10,0.0,0,1,0,690.785186694792,0
13,148.187500452539,0,1,1,148.187500452539,0
15,559.932845534404,0,1,1,559.932845534404,0
17,189.765059298542,0,1,1,189.765059298542,0
23,42.0018063431962,0,1,1,42.0018063431962,0
25,454.90286122262,0,1,1,454.90286122262,0
27,295.855582025923,0,1,1,295.855582025923,0
31,127.226994099278,0,1,1,142.063949234129,0
36,0.0,0,1,0,757.277961913886,0
37,194.083169993461,0,1,1,194.083169993461,0
39,14.3141693189688,0,1,1,14.3141693189688,0
42,0.0,0,1,0,238.441278368079,0
43,152.026940439488,0,1,1,152.026940439488,0
51,465.357930667345,0,1,1,787.225767234465,0
63,20.3561316684204,0,1,1,20.3561316684204,0
73,262.103846886093,0,1,1,262.103846886093,0
77,0.0,0,1,0,671.8839367904,0
80,455.999072196322,0,1,1,584.285852667792,0
87,322.832929488335,0,1,1,322.832929488335,0
95,111.696283684264,0,1,1,111.696283684264,0
99,359.074145902825,0,1,1,419.297754842877,0
101,76.7336340196784,0,1,1,76.7336340196784,0
109,395.112167201838,0,1,1,395.112167201838,0
