cost_model,startup,shutdown,n_coefficients,coeff_n,coeff1,coeff0
2,0,0,3,0.0,0.0,0.0
2,0,0,3,0.0,0.0,0.0
2,0,0,3,0.0022349065094849,52.2432398344461,2175.9559695635
2,0,0,3,0.0058572859848103,54.8263975352236,1714.88574403667
2,0,0,3,0.0,0.0,0.0
2,0,0,3,0.0039418644351993,39.8331388861828,2693.11064802709
2,0,0,3,0.0,0.0,0.0
2,0,0,3,0.0045780893810888,52.8442752094192,189.537289859272
2,0,0,3,0.0,0.0,0.0
2,0,0,3,0.0,0.0,0.0
2,0,0,3,0.0028424836649352,36.0466981548805,421.162495838519
2,0,0,3,0.0,0.0,0.0
2,0,0,3,0.0,0.0,0.0
2,0,0,3,0.0,0.0,0.0
2,0,0,3,0.0,0.0,0.0
2,0,0,3,0.0,0.0,0.0
2,0,0,3,0.0,0.0,0.0
2,0,0,3,0.0047623836980273,31.6713692993932,562.780150015837
2,0,0,3,0.0031641494909164,43.8265212329525,506.833456801113
2,0,0,3,0.0052379474110847,36.469571417112,177.932584853269
2,0,0,3,0.0058137245117617,39.8018819915637,2566.76763024744
2,0,0,3,0.002093755626227,54.5956772634095,297.586224304923
2,0,0,3,0.0,0.0,0.0
2,0,0,3,0.0,0.0,0.0
2,0,0,3,0.0048687592326648,45.5941866435095,3338.05078595907
2,0,0,3,0.0,0.0,0.0
2,0,0,3,0.0,0.0,0.0
