cost_model,startup,shutdown,n_coefficients,coeff_n,coeff1,coeff0
2,0,0,3,0.0070043978991638,30.2228924516704,179.786134806693
2,0,0,3,0.0033484421615298,39.9113267843163,1187.11376323105
2,0,0,3,0.0050087099854676,29.2541217849561,2986.27193885242
2,0,0,3,0.0,0.0,0.0
2,0,0,3,0.0,0.0,0.0
2,0,0,3,0.0035035488698309,42.6063825521655,286.673015552853
2,0,0,3,0.0062347870267005,34.4744077934701,55.0099021040789
2,0,0,3,0.0,0.0,0.0
2,0,0,3,0.0,0.0,0.0
2,0,0,3,0.0,0.0,0.0
2,0,0,3,0.0074953840430332,40.2283952639443,593.009517156141
2,0,0,3,0.0,0.0,0.0
2,0,0,3,0.0045362287676935,45.948024746105,195.039068266248
2,0,0,3,0.0,0.0,0.0
2,0,0,3,0.0047646193706082,27.9579485598534,3605.77772113817
2,0,0,3,0.0051883635969152,45.1766821259452,130.714093857663
2,0,0,3,0.0,0.0,0.0
2,0,0,3,0.0,0.0,0.0
2,0,0,3,0.0,0.0,0.0
2,0,0,3,0.0,0.0,0.0
2,0,0,3,0.0,0.0,0.0
2,0,0,3,0.0,0.0,0.0
2,0,0,3,0.0026729622140394,25.2042249459601,364.810416760579
2,0,0,3,0.0,0.0,0.0
2,0,0,3,0.0,0.0,0.0
2,0,0,3,0.0,0.0,0.0
2,0,0,3,0.006082606294483,32.1331334045036,3427.3644197739
2,0,0,3,0.0056811859579089,54.6589128120341,3696.08483207954
2,0,0,3,0.0,0.0,0.0
2,0,0,3,0.0,0.0,0.0
2,0,0,3,0.0,0.0,0.0
2,0,0,3,0.0,0.0,0.0
2,0,0,3,0.0062814520368138,48.6973544778643,249.378412707915
2,0,0,3,0.0,0.0,0.0
2,0,0,3,0.0047653628662447,50.4821736538601,434.775213919815
