bus_number,P_output,Q_output,voltage_mag,gen_status,P_max,P_min
4,904.873006808066,0,1,1,1373.59246394007,0
5,590.751777884028,0,1,1,590.751777884028,0
6,1271.06301288706,0,1,1,1271.06301288706,0
18,78.1203565812439,0,1,1,78.1203565812439,0
19,0.0,0,1,0,1112.79253234542,0
27,307.835410210648,0,1,1,307.835410210648,0
33,1195.34262892424,0,1,1,1264.94974165408,0
34,0.0,0,1,0,281.394238152525,0
42,0.0,0,1,0,323.131871038884,0
43,0.0,0,1,0,211.923939672104,0
48,156.408232682065,0,1,1,156.408232682065,0
50,98.2892146794982,0,1,1,98.2892146794982,0
58,31.0259922551371,0,1,1,31.0259922551371,0
59,1198.17030142488,0,1,1,1198.17030142488,0
62,0.0,0,1,0,157.790932236953,0
66,8.28727173872198e-16,0,1,1,99.7449941622371,0
67,70.1360851561915,0,1,1,70.1360851561915,0
68,0.0,0,1,0,497.090943818411,0
75,98.5919080468417,0,1,1,98.5919080468417,0
79,148.412679903994,0,1,1,148.412679903994,0
83,0.0,0,1,0,481.690954467079,0
85,-1.5012663593505301e-15,0,1,1,31.3685997779688,0
86,46.0583094271701,0,1,1,46.0583094271701,0
88,12.9115223919891,0,1,1,12.9115223919891,0
96,126.617470134922,0,1,1,126.617470134922,0
97,7.529751845515869e-16,0,1,1,3.57431392643908,0
103,0.0,0,1,0,228.268614850919,0
109,330.195813063058,0,1,1,330.195813063058,0
