cost_model,startup,shutdown,n_coefficients,coeff_n,coeff1,coeff0
2,0,0,3,0.0037818509733953,54.6520370295956,2358.92506313207
2,0,0,3,0.0,0.0,0.0
2,0,0,3,0.0,0.0,0.0
2,0,0,3,0.0037551053068286,56.9530645198484,748.725300282955
2,0,0,3,0.0052746587825887,27.0689127003374,131.301539763878
2,0,0,3,0.0,0.0,0.0
2,0,0,3,0.0072473343688449,54.2251436427818,162.63466026262
2,0,0,3,0.0,0.0,0.0
2,0,0,3,0.0,0.0,0.0
2,0,0,3,0.0055728289693759,35.3188896231318,517.624848503479
2,0,0,3,0.0,0.0,0.0
2,0,0,3,0.0025834105356111,32.3228883309086,508.226958138595
2,0,0,3,0.004690283327991,53.8892112191375,218.623542868902
2,0,0,3,0.0076275880201711,41.7616903666797,883.805908310775
2,0,0,3,0.0,0.0,0.0
2,0,0,3,0.0,0.0,0.0
2,0,0,3,0.0,0.0,0.0
2,0,0,3,0.0,0.0,0.0
2,0,0,3,0.0046688806147791,50.9901848330314,1252.0204031424
2,0,0,3,0.0,0.0,0.0
2,0,0,3,0.0,0.0,0.0
2,0,0,3,0.0,0.0,0.0
2,0,0,3,0.0027690636739633,51.0282690495228,2409.77272894636
2,0,0,3,0.0,0.0,0.0
2,0,0,3,0.0,0.0,0.0
2,0,0,3,0.0044003887101502,40.3089189379725,1878.94659345164
2,0,0,3,0.0,0.0,0.0
