cost_model,startup,shutdown,n_coefficients,coeff_n,coeff1,coeff0
2,0,0,3,0.0059243686037036,26.1022254599653,339.760946851376
2,0,0,3,0.0079494004590191,49.5037596447925,3370.68750550314
2,0,0,3,0.0,0.0,0.0
2,0,0,3,0.0030318666437875,24.3412179061228,218.06024478086
2,0,0,3,0.0,0.0,0.0
2,0,0,3,0.0,0.0,0.0
2,0,0,3,0.005419557127313,38.4812781945649,128.409862647573
2,0,0,3,0.0025057687814963,44.4804196249913,2051.51253532963
2,0,0,3,0.0025229786179308,56.4191129359222,2335.47041921609
2,0,0,3,0.0,0.0,0.0
2,0,0,3,0.0,0.0,0.0
2,0,0,3,0.0,0.0,0.0
2,0,0,3,0.0,0.0,0.0
2,0,0,3,0.0,0.0,0.0
2,0,0,3,0.0,0.0,0.0
2,0,0,3,0.0070817001508537,38.9847870814003,396.932156199036
2,0,0,3,0.0053252444343545,54.6866159692819,334.990701757216
2,0,0,3,0.0,0.0,0.0
2,0,0,3,0.0076857889977915,31.1546303791501,2810.59185914123
2,0,0,3,0.0,0.0,0.0
2,0,0,3,0.0,0.0,0.0
2,0,0,3,0.0,0.0,0.0
2,0,0,3,0.0,0.0,0.0
2,0,0,3,0.0033670300158861,56.9938609078018,1749.41014609932
2,0,0,3,0.0025861830689349,40.9712082934849,412.295551043847
2,0,0,3,0.0,0.0,0.0
2,0,0,3,0.0,0.0,0.0
