cost_model,startup,shutdown,n_coefficients,coeff_n,coeff1,coeff0
2,0,0,3,0.0055532835360238,29.6264279247553,2666.02558365901
2,0,0,3,0.0,0.0,0.0
2,0,0,3,0.0044088015399405,28.2299175984462,128.901007289792
2,0,0,3,0.0,0.0,0.0
2,0,0,3,0.0066229322605732,31.6406783964296,1303.51486951594
2,0,0,3,0.0,0.0,0.0
2,0,0,3,0.0,0.0,0.0
2,0,0,3,0.0,0.0,0.0
2,0,0,3,0.0068376617801651,48.5616120638577,2814.48517300145
2,0,0,3,0.0056353987661605,43.2596141747193,639.81172204345
2,0,0,3,0.0,0.0,0.0
2,0,0,3,0.0066833916532977,25.6625503036481,621.179028578149
2,0,0,3,0.0056134366545903,52.4808953055507,400.889024504053
2,0,0,3,0.0,0.0,0.0
2,0,0,3,0.0065163623794811,31.1642165634724,588.446044711516
2,0,0,3,0.0,0.0,0.0
2,0,0,3,0.0,0.0,0.0
2,0,0,3,0.0,0.0,0.0
2,0,0,3,0.0,0.0,0.0
2,0,0,3,0.0059815761515491,53.9924875267206,2339.3251567508
2,0,0,3,0.0,0.0,0.0
2,0,0,3,0.0023738478304642,50.5345305917951,29.4387783208855
2,0,0,3,0.0,0.0,0.0
2,0,0,3,0.0,0.0,0.0
2,0,0,3,0.0,0.0,0.0
