bus_number,P_output,Q_output,voltage_mag,gen_status,P_max,P_min
1,159.546007712417,0,1,1,159.546007712417,0
8,809.186277791195,0,1,1,809.186277791195,0
9,-8.97004558390198e-17,0,1,1,14.3118636738435,0
10,652.861631512781,0,1,1,767.0946650419,0
14,11.6771742585687,0,1,1,24.9045505261911,0
15,144.112724441166,0,1,1,144.112724441166,0
18,259.701549185569,0,1,1,259.701549185569,0
21,95.5913722450848,0,1,1,95.5913722450848,0
29,0.0,0,1,0,505.996329116952,0
32,118.608207138385,0,1,1,118.608207138385,0
35,160.29998558952,0,1,1,160.29998558952,0
39,1044.03992511793,0,1,1,1159.00522519083,0
42,143.556328582921,0,1,1,485.407158254755,0
54,0.0,0,1,0,240.183389362435,0
63,-2.49310978668363e-16,0,1,1,429.373609072007,0
64,65.8355626140567,0,1,1,86.4176105352007,0
70,210.175837046469,0,1,1,210.175837046469,0
72,55.1820954923139,0,1,1,125.481108536305,0
78,262.681861156684,0,1,1,262.681861156684,0
86,919.94376566859,0,1,1,919.94376566859,0
87,232.671376543342,0,1,1,381.877363221712,0
89,12.98340934049,0,1,1,12.98340934049,0
98,52.5667938916945,0,1,1,52.5667938916945,0
101,26.4684616359401,0,1,1,26.4684616359402,0
105,342.81017045437,0,1,1,342.81017045437,0
109,152.696925262992,0,1,1,152.696925262992,0
111,731.60627977855,0,1,1,731.60627977855,0
112,0.0,0,1,0,462.575441441664,0
113,7.701881877819509e-16,0,1,1,161.358818074266,0
114,0.0,0,1,0,313.449735791023,0
