cost_model,startup,shutdown,n_coefficients,coeff_n,coeff1,coeff0
2,0,0,3,0.0037724160973823,32.3552703912193,2546.46218059805
2,0,0,3,0.0,0.0,0.0
2,0,0,3,0.0075547932685835,33.9924290197003,1076.41223086688
2,0,0,3,0.0052983691713898,33.0125969141895,495.41425007585
2,0,0,3,0.0,0.0,0.0
2,0,0,3,0.0,0.0,0.0
2,0,0,3,0.0067950118181556,40.1228675613992,152.311378752673
2,0,0,3,0.0,0.0,0.0
2,0,0,3,0.0,0.0,0.0
2,0,0,3,0.0,0.0,0.0
2,0,0,3,0.0042023853992054,42.4181127378953,352.63884701656
2,0,0,3,0.0069140076579699,49.0321367961903,248.832981605317
2,0,0,3,0.0044633773866166,53.130497411716,1556.1384974251
2,0,0,3,0.0,0.0,0.0
2,0,0,3,0.0,0.0,0.0
2,0,0,3,0.0,0.0,0.0
2,0,0,3,0.0,0.0,0.0
2,0,0,3,0.0069034830334451,39.6097619097833,418.073516759967
2,0,0,3,0.0,0.0,0.0
2,0,0,3,0.0,0.0,0.0
2,0,0,3,0.0,0.0,0.0
2,0,0,3,0.0062015009470518,36.2224293793778,1573.11999501801
2,0,0,3,0.0,0.0,0.0
2,0,0,3,0.0068482159822597,55.7381298233444,3608.02567119418
2,0,0,3,0.0,0.0,0.0
2,0,0,3,0.0051935941326775,45.209095510707,391.19264933361
2,0,0,3,0.0,0.0,0.0
2,0,0,3,0.0,0.0,0.0
