cost_model,startup,shutdown,n_coefficients,coeff_n,coeff1,coeff0
2,0,0,3,0.0055356376583394,33.8064797239996,1506.43950444787
2,0,0,3,0.0,0.0,0.0
2,0,0,3,0.0046602298210584,49.0933318550894,931.264631499407
2,0,0,3,0.0041702788768645,54.1008021224868,3250.85455698792
2,0,0,3,0.0061973850714062,49.4320316346712,1184.58030693415
2,0,0,3,0.0,0.0,0.0
2,0,0,3,0.0,0.0,0.0
2,0,0,3,0.0,0.0,0.0
2,0,0,3,0.0,0.0,0.0
2,0,0,3,0.0,0.0,0.0
2,0,0,3,0.0,0.0,0.0
2,0,0,3,0.0,0.0,0.0
2,0,0,3,0.0,0.0,0.0
2,0,0,3,0.005749620703915,50.2641665043134,8.59148165988111
2,0,0,3,0.0071772455264419,55.4802120976708,216.455270122051
2,0,0,3,0.0,0.0,0.0
2,0,0,3,0.0050142937218887,31.9930289832803,309.436972254611
2,0,0,3,0.0,0.0,0.0
2,0,0,3,0.0050672728470808,23.9362420477482,178.482108847101
2,0,0,3,0.0076063651757561,49.7160881805054,3067.61567358603
2,0,0,3,0.0,0.0,0.0
2,0,0,3,0.0074485237921836,32.5186585407664,404.567294103885
2,0,0,3,0.0,0.0,0.0
2,0,0,3,0.0,0.0,0.0
2,0,0,3,0.0,0.0,0.0
2,0,0,3,0.0,0.0,0.0
2,0,0,3,0.0,0.0,0.0
2,0,0,3,0.0045627031824263,27.7166380293115,172.890253051006
2,0,0,3,0.0063537619808844,53.2060629839961,532.723762412067
2,0,0,3,0.0,0.0,0.0
