cost_model,startup,shutdown,n_coefficients,coeff_n,coeff1,coeff0
2,0,0,3,0.0,0.0,0.0
2,0,0,3,0.0039200817953164,34.3828450128728,780.983313144308
2,0,0,3,0.0,0.0,0.0
2,0,0,3,0.0,0.0,0.0
2,0,0,3,0.0,0.0,0.0
2,0,0,3,0.0061382665397742,29.6121225229112,1304.69693642643
2,0,0,3,0.0,0.0,0.0
2,0,0,3,0.0,0.0,0.0
2,0,0,3,0.0,0.0,0.0
2,0,0,3,0.002946390875144,41.0966160202338,3208.61662458862
2,0,0,3,0.0,0.0,0.0
2,0,0,3,0.0069246744423124,56.5425698056961,398.942925138327
2,0,0,3,0.0,0.0,0.0
2,0,0,3,0.0,0.0,0.0
2,0,0,3,0.0021899606927092,27.0351061385987,2192.52598509297
2,0,0,3,0.0041054207256688,37.0344165437934,268.324244989275
2,0,0,3,0.0079699573558097,29.8784542826432,548.553168842711
2,0,0,3,0.0,0.0,0.0
2,0,0,3,0.0065427122467722,44.5838361519229,3114.18181874543
2,0,0,3,0.0043992178082373,27.2199502128166,103.235754203567
2,0,0,3,0.0,0.0,0.0
2,0,0,3,0.0,0.0,0.0
2,0,0,3,0.0,0.0,0.0
2,0,0,3,0.0,0.0,0.0
2,0,0,3,0.0021673848077421,27.8658152168075,126.195725754514
2,0,0,3,0.0,0.0,0.0
