bus_number,P_output,Q_output,voltage_mag,gen_status,P_max,P_min
3,0.0,0,1,0,385.162047284262,0
10,28.3330655381763,0,1,1,28.3330655381703,0
11,1531.08713288109,0,1,1,1531.08713288109,0
16,0.0,0,1,0,437.715034377971,0
22,0.0,0,1,0,187.381559013093,0
34,395.09187414641,0,1,1,544.200008097097,0
36,0.0,0,1,0,122.936379817437,0
43,444.89156845212,0,1,1,444.891568452121,0
45,437.228415783209,0,1,1,1194.69807164534,0
47,790.190369061147,0,1,1,790.190369061148,0
49,7.2602042785679,0,1,1,7.26020427857098,0
55,32.8222787905667,0,1,1,32.8222787910216,0
59,120.426328252517,0,1,1,120.426328252516,0
60,0.0,0,1,0,575.621152022332,0
62,3.0836754264599595e-11,0,1,1,34.0307890604277,0
67,160.69247576867,0,1,1,160.692475768668,0
68,814.838418665331,0,1,1,814.838418665343,0
72,0.0,0,1,0,83.1630279088669,0
74,0.0,0,1,0,239.46824745709,0
75,871.63299406248,0,1,1,871.632994062479,0
76,0.0,0,1,0,197.943853604802,0
81,0.0,0,1,0,739.714060820913,0
85,68.029095431934,0,1,1,118.281727586609,0
89,347.822144600957,0,1,1,347.822144600956,0
106,110.265708949447,0,1,1,110.265708949448,0
107,406.147388118997,0,1,1,406.147388118997,0
113,0.0,0,1,0,400.800628174218,0
114,98.0442596793542,0,1,1,98.044259679352,0
