bus_number,P_output,Q_output,voltage_mag,gen_status,P_max,P_min
3,850.911389917383,0,1,1,905.413665802382,0
7,0.0,0,1,0,698.853092356852,0
13,175.985495093489,0,1,1,175.985495099935,0
14,142.990283210571,0,1,1,666.431887552232,0
19,55.482230174016,0,1,1,55.4822301709224,0
22,36.0878619391762,0,1,1,36.0878619273258,0
23,34.4301921151862,0,1,1,34.4301920979734,0
25,12.5684281342277,0,1,1,12.568428123213,0
26,590.057350077872,0,1,1,590.057350076808,0
27,1345.97815244467,0,1,1,1345.97815247192,0
28,558.332451209842,0,1,1,558.332451405432,0
33,0.0,0,1,0,267.535731680494,0
36,60.9936740147747,0,1,1,60.993674000085,0
42,79.6049699710336,0,1,1,267.461253976642,0
43,235.038079576624,0,1,1,235.038079614329,0
45,0.0,0,1,0,511.043458712913,0
48,554.030779768555,0,1,1,554.030779769157,0
52,1313.80295906238,0,1,1,1313.80295906272,0
59,19.7299055839806,0,1,1,19.7299055698999,0
60,0.0,0,1,0,49.4597902901946,0
62,0.0,0,1,0,789.919839040418,0
67,0.0,0,1,0,296.868092870407,0
80,0.0,0,1,0,514.332951103487,0
83,0.0,0,1,0,73.2853616474815,0
95,235.501548438216,0,1,1,235.501548431658,0
97,186.466673206133,0,1,1,186.466673194194,0
112,176.811298484342,0,1,1,176.811320722726,0
