cost_model,startup,shutdown,n_coefficients,coeff_n,coeff1,coeff0
2,0,0,3,0.0,0.0,0.0
2,0,0,3,0.0075612784707948,40.1330095220386,3341.71188517317
2,0,0,3,0.0055405939037162,50.201919188814,1192.14447937529
2,0,0,3,0.0051221453230816,28.2329691350542,28.8368205994129
2,0,0,3,0.0,0.0,0.0
2,0,0,3,0.0062835979035421,54.5228147272222,275.966392593433
2,0,0,3,0.0036603907383428,56.0611954883536,947.532186141984
2,0,0,3,0.0,0.0,0.0
2,0,0,3,0.006066410841604,55.9977142869018,1743.86046009177
2,0,0,3,0.0,0.0,0.0
2,0,0,3,0.0,0.0,0.0
2,0,0,3,0.0,0.0,0.0
2,0,0,3,0.0,0.0,0.0
2,0,0,3,0.0,0.0,0.0
2,0,0,3,0.0071999328835446,28.1735777439235,111.625361812624
2,0,0,3,0.0068766019836117,39.2458943515081,693.085130760953
2,0,0,3,0.0071650851864896,42.5125990894832,8.08382665063607
2,0,0,3,0.0,0.0,0.0
2,0,0,3,0.0069685048328,30.6767551960111,567.062468573055
2,0,0,3,0.0,0.0,0.0
2,0,0,3,0.0,0.0,0.0
2,0,0,3,0.0,0.0,0.0
2,0,0,3,0.0,0.0,0.0
2,0,0,3,0.0,0.0,0.0
2,0,0,3,0.0,0.0,0.0
2,0,0,3,0.0,0.0,0.0
2,0,0,3,0.00640277342704,52.3631912974033,509.586997459991
