bus_number,P_output,Q_output,voltage_mag,gen_status,P_max,P_min
1,794.736684250805,0,1,1,949.802211993999,0
2,0.0,0,1,0,358.961577789569,0
4,225.978611834223,0,1,1,225.978611834223,0
6,0.0,0,1,0,570.620398444163,0
13,941.632968257768,0,1,1,941.632968257768,0
15,0.0,0,1,0,187.480068534486,0
21,0.0,0,1,0,371.318803970782,0
24,0.0,0,1,0,396.068107800869,0
26,0.0,0,1,0,361.730544203109,0
30,0.0,0,1,0,363.020099672704,0
37,0.0,0,1,0,197.232370828875,0
39,75.3351405555212,0,1,1,75.3351405555212,0
41,0.0,0,1,0,376.694071057174,0
42,693.145470471812,0,1,1,812.573534872772,0
43,334.615833124309,0,1,1,336.366524639454,0
47,0.0,0,1,0,278.486267836007,0
56,73.4739336819229,0,1,1,73.4739336819229,0
71,210.009715229438,0,1,1,210.009715229438,0
73,44.6135422146963,0,1,1,44.6135422146963,0
81,802.896926268423,0,1,1,802.896926268423,0
84,3.94832457253589e-21,0,1,1,71.9420841750402,0
87,1.92194861947095e-20,0,1,1,1.71835127145061,0
91,617.9347144365,0,1,1,642.042813612109,0
94,263.567945221604,0,1,1,353.337107868909,0
98,242.520378548862,0,1,1,242.520378548862,0
99,365.872234830385,0,1,1,370.786066909617,0
110,222.021611838307,0,1,1,615.697805305577,0
115,247.774823896416,0,1,1,247.774823896416,0
