bus_number,P_output,Q_output,voltage_mag,gen_status,P_max,P_min
1,272.892847160077,0,1,1,272.892847160077,0
2,81.3277774091837,0,1,1,183.370398380867,0
6,1987.04078993327,0,1,1,2376.51523738466,0
8,276.012699709454,0,1,1,276.012699709454,0
10,29.071096292359,0,1,1,29.071096292359,0
11,0.0,0,1,0,1383.39788663614,0
17,134.506785436975,0,1,1,134.506785436975,0
22,57.4807922154965,0,1,1,57.4807922154965,0
23,190.307360060609,0,1,1,190.307360060609,0
24,137.826993127098,0,1,1,137.826993127098,0
26,103.645403554187,0,1,1,103.645403554187,0
28,452.274290418264,0,1,1,672.113473585274,0
30,621.216768698236,0,1,1,1142.79941983249,0
37,0.0,0,1,0,777.14086354969,0
39,252.529060704299,0,1,1,375.941553341476,0
40,0.0,0,1,0,118.700812859929,0
42,273.899031706317,0,1,1,273.899031706317,0
43,111.953082961301,0,1,1,111.953082961301,0
44,142.846471966734,0,1,1,251.424919496182,0
45,123.535254071644,0,1,1,123.535254071644,0
52,4.24028852639399,0,1,1,4.24028852639399,0
54,72.7710819626329,0,1,1,72.7710819626329,0
58,0.0,0,1,0,22.7798145732497,0
60,95.8149576341112,0,1,1,95.8149576341112,0
67,8.09576415150232,0,1,1,8.09576415150232,0
76,146.458066769599,0,1,1,146.458066769599,0
90,79.9504035769292,0,1,1,79.9504035769292,0
96,560.190492806352,0,1,1,560.190492806352,0
101,196.033397938594,0,1,1,386.127108775177,0
108,185.83353879382,0,1,1,195.889111758054,0
117,67.0492248755801,0,1,1,67.0492248755801,0
