cost_model,startup,shutdown,n_coefficients,coeff_n,coeff1,coeff0
2,0,0,3,0.0051920568455682,42.6379771487224,1383.09305907454
2,0,0,3,0.0,0.0,0.0
2,0,0,3,0.0070746745474542,27.3592978018254,168.483667800065
2,0,0,3,0.0030415213944194,54.4276306845513,541.801451719084
2,0,0,3,0.0023597601748426,31.9973161966759,41.9767638524576
2,0,0,3,0.0,0.0,0.0
2,0,0,3,0.0,0.0,0.0
2,0,0,3,0.0,0.0,0.0
2,0,0,3,0.0,0.0,0.0
2,0,0,3,0.0052986586330107,48.3504796243575,2142.76771025436
2,0,0,3,0.0,0.0,0.0
2,0,0,3,0.0040299566884733,41.4602521479041,1923.77063265941
2,0,0,3,0.0,0.0,0.0
2,0,0,3,0.0,0.0,0.0
2,0,0,3,0.0039745924334102,23.3511623567038,2489.11988822648
2,0,0,3,0.0072788373128122,39.8460436869292,279.712679658991
2,0,0,3,0.0,0.0,0.0
2,0,0,3,0.0,0.0,0.0
2,0,0,3,0.0,0.0,0.0
2,0,0,3,0.0050438715895097,47.3554380341076,2821.71465604418
2,0,0,3,0.0,0.0,0.0
2,0,0,3,0.0,0.0,0.0
2,0,0,3,0.0,0.0,0.0
2,0,0,3,0.0,0.0,0.0
2,0,0,3,0.0054545413789467,33.3171281139544,349.100226179902
2,0,0,3,0.0,0.0,0.0
2,0,0,3,0.0022201168940121,23.7182549747648,22.6668407046372
