bus_number,P_output,Q_output,voltage_mag,gen_status,P_max,P_min
3,186.082760253347,0,1,1,186.082760253361,0
6,0.0,0,1,0,258.80375161827,0
18,815.171431535528,0,1,1,815.171431535708,0
25,791.299010003038,0,1,1,874.840157224861,0
41,0.0,0,1,0,376.916421581118,0
42,0.0,0,1,0,396.875393949377,0
45,0.0,0,1,0,280.363425827159,0
50,859.801074015033,0,1,1,859.801074015097,0
52,0.360628454958428,0,1,1,0.360628455447212,0
55,76.069658942561,0,1,1,76.0696589426088,0
61,80.3959280544277,0,1,1,80.395928054415,0
70,0.0,0,1,0,440.624084688103,0
71,0.0,0,1,0,420.004725141778,0
75,79.9772239935689,0,1,1,326.38988011351,0
77,848.919668845421,0,1,1,848.91966884544,0
79,322.368880577154,0,1,1,322.368880577096,0
83,30.4300169345142,0,1,1,30.430016934519,0
89,232.365202102298,0,1,1,232.365202102301,0
90,0.0,0,1,0,485.466737855101,0
91,151.536858320809,0,1,1,151.536858321045,0
92,64.6257081181678,0,1,1,64.6257081183539,0
93,22.9317261249291,0,1,1,22.9317261249062,0
96,682.458359030545,0,1,1,682.458359030623,0
100,615.8397251983,0,1,1,615.839725199131,0
108,59.0733191933295,0,1,1,59.0733191933735,0
110,0.0,0,1,0,254.420074194039,0
111,502.764367939969,0,1,1,502.764367940586,0
115,184.962042158854,0,1,1,696.679568384692,0
116,57.370132664073,0,1,1,57.3701326640676,0
