cost_model,startup,shutdown,n_coefficients,coeff_n,coeff1,coeff0
2,0,0,3,0.0059223029933751,35.5833707581161,2665.76907022179
2,0,0,3,0.005194091632632,48.4744928693699,2808.65714240858
2,0,0,3,0.0029210591448069,28.2074330205133,190.404235274428
2,0,0,3,0.0,0.0,0.0
2,0,0,3,0.0,0.0,0.0
2,0,0,3,0.0074328927897018,34.8013095204024,1115.30863351133
2,0,0,3,0.0,0.0,0.0
2,0,0,3,0.0,0.0,0.0
2,0,0,3,0.0046472935537934,47.7607270726928,1604.42828938263
2,0,0,3,0.0,0.0,0.0
2,0,0,3,0.0,0.0,0.0
2,0,0,3,0.0,0.0,0.0
2,0,0,3,0.0,0.0,0.0
2,0,0,3,0.0,0.0,0.0
2,0,0,3,0.0057666741628399,54.1876007892143,187.156893351212
2,0,0,3,0.0,0.0,0.0
2,0,0,3,0.0,0.0,0.0
2,0,0,3,0.0063879594809748,43.5040602452421,3383.1488625427
2,0,0,3,0.0076988273339516,52.6717751786447,91.5828643670578
2,0,0,3,0.0043622577592328,47.9841289750673,2261.91704561018
2,0,0,3,0.0055257149766893,31.8844097991737,302.990109366755
2,0,0,3,0.0,0.0,0.0
2,0,0,3,0.0,0.0,0.0
2,0,0,3,0.0,0.0,0.0
2,0,0,3,0.0,0.0,0.0
2,0,0,3,0.0040839516550533,46.3450472685714,411.553761469331
2,0,0,3,0.0,0.0,0.0
