bus_number,P_output,Q_output,voltage_mag,gen_status,P_max,P_min
10,99.6094684361331,0,1,1,99.6094684361168,0
17,632.997784468707,0,1,1,832.038618313822,0
25,207.691188560507,0,1,1,226.938007489782,0
27,1142.06863270565,0,1,1,1343.27729657556,0
28,0.0,0,1,0,656.502072810874,0
29,74.359794142269,0,1,1,74.359794142229,0
40,0.0,0,1,0,472.955289858655,0
45,389.583904737358,0,1,1,389.58390473733,0
46,948.775544170013,0,1,1,948.77554417017,0
48,40.0306726107429,0,1,1,40.0306726107172,0
55,258.794334322294,0,1,1,258.794334322256,0
62,0.0,0,1,0,808.36850843798,0
63,832.748226449051,0,1,1,832.74822644906,0
70,369.051601107492,0,1,1,369.051601107496,0
78,0.0,0,1,0,399.219065906308,0
79,55.6874378476499,0,1,1,55.6874378476464,0
80,57.9936329071533,0,1,1,57.9936329071441,0
81,0.0,0,1,0,241.649734827826,0
83,48.6481523103131,0,1,1,48.6481523103007,0
89,388.072335985623,0,1,1,388.072335986147,0
95,89.8373907311403,0,1,1,328.266890661349,0
104,20.662208170962,0,1,1,94.4958298181066,0
105,911.237282821592,0,1,1,911.237282821567,0
110,60.2732680485206,0,1,1,60.2732680484952,0
111,14.4412838471596,0,1,1,18.3383067870988,0
112,-4.2246283619401e-11,0,1,1,25.6614977522644,0
115,22.2395780806955,0,1,1,22.2395780806958,0
