bus_number,P_output,Q_output,voltage_mag,gen_status,P_max,P_min
2,216.49443989818,0,1,1,330.241606634126,0
3,1493.15008939622,0,1,1,1859.5188979661,0
9,132.120973488637,0,1,1,132.120973488711,0
13,611.233903434616,0,1,1,1052.33995359887,0
14,0.0,0,1,0,609.639046835779,0
27,181.822151862528,0,1,1,352.263647240048,0
29,549.438750530749,0,1,1,598.579133618157,0
35,324.622090798569,0,1,1,324.622090798576,0
40,0.0,0,1,0,344.098225545529,0
43,24.9633218447087,0,1,1,24.9633218447134,0
46,682.609169003769,0,1,1,682.609169003775,0
55,140.208602314245,0,1,1,140.208602314266,0
59,99.5880173680353,0,1,1,99.5880173680414,0
60,24.3476808513137,0,1,1,25.9482977220455,0
64,0.0,0,1,0,8.19575415793129,0
66,0.0,0,1,0,200.560843279887,0
69,311.931649902668,0,1,1,311.931649902668,0
72,312.120576946881,0,1,1,312.120576946892,0
80,0.0,0,1,0,177.332104999524,0
81,154.854811420999,0,1,1,154.854811421096,0
82,0.0,0,1,0,456.934326375706,0
85,0.0,0,1,0,446.665667215099,0
87,562.602418100564,0,1,1,562.602418100608,0
90,159.768397219122,0,1,1,159.768397219503,0
109,0.0,0,1,0,483.661660199617,0
110,538.703463851778,0,1,1,547.239306449832,0
114,144.223214227447,0,1,1,144.223214227453,0
