bus_number,P_output,Q_output,voltage_mag,gen_status,P_max,P_min
5,902.862787807197,0,1,1,1463.83648990209,0
8,0.0,0,1,0,539.72797551188,0
11,178.767022535725,0,1,1,178.767022535725,0
13,1181.26924801774,0,1,1,1181.26924801774,0
17,6.69072437189825e-13,0,1,1,3.37778979038076,0
29,202.637537903582,0,1,1,202.637537903582,0
31,283.440144908317,0,1,1,283.440144908317,0
35,0.0,0,1,0,288.475984870134,0
36,165.939475693805,0,1,1,165.939475693805,0
40,0.0,0,1,0,496.705741115985,0
52,498.480726640663,0,1,1,498.480726640663,0
65,664.645778066412,0,1,1,664.645778066412,0
66,115.242604692257,0,1,1,133.780273597362,0
70,336.957044342875,0,1,1,336.957044342875,0
73,0.0,0,1,0,721.806008317644,0
77,1104.52171819082,0,1,1,1104.52171819082,0
82,51.1863815808314,0,1,1,51.1863815808314,0
83,463.347754076334,0,1,1,624.968145005649,0
86,0.0,0,1,0,285.037965521487,0
92,104.366123301742,0,1,1,104.366123301742,0
98,40.0622595135735,0,1,1,40.0622595135735,0
105,436.594543383096,0,1,1,436.594543383096,0
106,0.0,0,1,0,30.9947475061694,0
107,34.2046259425645,0,1,1,34.2046259425645,0
108,0.0,0,1,0,541.666607859538,0
117,0.0,0,1,0,334.277369949362,0
118,8.94618879232864e-15,0,1,1,227.20434629855,0
