cost_model,startup,shutdown,n_coefficients,coeff_n,coeff1,coeff0
2,0,0,3,0.0032237637653572,53.742620084548,3338.77890478044
2,0,0,3,0.007327328863705,44.5210776490733,1739.60238266709
2,0,0,3,0.0047058142629903,31.8981152596028,71.7116914639756
2,0,0,3,0.0,0.0,0.0
2,0,0,3,0.0035960896534084,30.3080404254115,380.743202004417
2,0,0,3,0.0062567744868976,31.2829785137935,146.68072534662
2,0,0,3,0.0,0.0,0.0
2,0,0,3,0.0043505001266388,48.2647079438168,2218.62753066518
2,0,0,3,0.0023582928291786,40.033410715558,119.9630930267
2,0,0,3,0.0,0.0,0.0
2,0,0,3,0.0,0.0,0.0
2,0,0,3,0.004473195230029,27.7633128589141,534.137664957243
2,0,0,3,0.0,0.0,0.0
2,0,0,3,0.0,0.0,0.0
2,0,0,3,0.0,0.0,0.0
2,0,0,3,0.0,0.0,0.0
2,0,0,3,0.0059875301581024,56.588184342164,3514.05761456216
2,0,0,3,0.0,0.0,0.0
2,0,0,3,0.0,0.0,0.0
2,0,0,3,0.0,0.0,0.0
2,0,0,3,0.0059629896072544,30.2863218987235,1656.45746383986
2,0,0,3,0.0039400791330201,49.3010962706149,521.939985832222
2,0,0,3,0.0,0.0,0.0
2,0,0,3,0.0,0.0,0.0
2,0,0,3,0.0,0.0,0.0
2,0,0,3,0.0,0.0,0.0
2,0,0,3,0.0,0.0,0.0
