cost_model,startup,shutdown,n_coefficients,coeff_n,coeff1,coeff0
2,0,0,3,0.0,0.0,0.0
2,0,0,3,0.0,0.0,0.0
2,0,0,3,0.002543927741301,53.3561043138048,121.605006186373
2,0,0,3,0.0072341965075324,44.1836017461553,3255.92393863469
2,0,0,3,0.0070733354703099,24.1876632602562,3560.72422458462
2,0,0,3,0.0053663714204718,28.1500272849996,1134.59491281882
2,0,0,3,0.0,0.0,0.0
2,0,0,3,0.0,0.0,0.0
2,0,0,3,0.0,0.0,0.0
2,0,0,3,0.0,0.0,0.0
2,0,0,3,0.0,0.0,0.0
2,0,0,3,0.0,0.0,0.0
2,0,0,3,0.0077979181974263,53.4114424777861,474.089177996786
2,0,0,3,0.0,0.0,0.0
2,0,0,3,0.0023035320633793,48.7900324409951,39.2696830630057
2,0,0,3,0.0051112720350901,36.5675976930142,3238.70286484806
2,0,0,3,0.0050877202472303,40.7935019538262,2664.46847519779
2,0,0,3,0.0,0.0,0.0
2,0,0,3,0.0,0.0,0.0
2,0,0,3,0.0071969515563276,23.8605783506257,275.751689412969
2,0,0,3,0.0,0.0,0.0
2,0,0,3,0.0,0.0,0.0
2,0,0,3,0.0,0.0,0.0
2,0,0,3,0.0,0.0,0.0
2,0,0,3,0.005195005221634,53.6755181663631,1892.34440565376
2,0,0,3,0.0079616770054816,56.1934475116196,417.895045740483
2,0,0,3,0.0,0.0,0.0
2,0,0,3,0.0,0.0,0.0
2,0,0,3,0.0,0.0,0.0
2,0,0,3,0.0026703139341275,49.1349575406233,905.993880895921
2,0,0,3,0.0062815981437723,47.188342272387,1788.85023608046
