cost_model,startup,shutdown,n_coefficients,coeff_n,coeff1,coeff0
2,0,0,3,0.0,0.0,0.0
2,0,0,3,0.0,0.0,0.0
2,0,0,3,0.0044870484816859,29.0714425199087,3238.5519762098
2,0,0,3,0.0027203776696051,40.196252709737,1767.56420044506
2,0,0,3,0.0,0.0,0.0
2,0,0,3,0.0,0.0,0.0
2,0,0,3,0.0030367156212196,44.6679793411754,3477.58509827299
2,0,0,3,0.0,0.0,0.0
2,0,0,3,0.0,0.0,0.0
2,0,0,3,0.004947699939114,25.2183090476724,11.4175867002785
2,0,0,3,0.0023817618985927,42.4619392504431,528.08421755477
2,0,0,3,0.0,0.0,0.0
2,0,0,3,0.0,0.0,0.0
2,0,0,3,0.0,0.0,0.0
2,0,0,3,0.0,0.0,0.0
2,0,0,3,0.0042619754806297,53.1027540657047,1717.24441426952
2,0,0,3,0.0074599909503214,45.7329760825236,1481.22155017946
2,0,0,3,0.0,0.0,0.0
2,0,0,3,0.0,0.0,0.0
2,0,0,3,0.0040134021496308,56.2772238288748,201.232339716134
2,0,0,3,0.0027668279463842,38.7402476369897,2459.07799855954
2,0,0,3,0.0,0.0,0.0
2,0,0,3,0.0,0.0,0.0
2,0,0,3,0.0,0.0,0.0
2,0,0,3,0.0050710893212663,46.0382599998564,229.705247726265
2,0,0,3,0.0078373976485107,50.0868354089283,338.436615323597
2,0,0,3,0.0,0.0,0.0
2,0,0,3,0.0,0.0,0.0
