bus_number,P_output,Q_output,voltage_mag,gen_status,P_max,P_min
13,0.0,0,1,0,200.095429128678,0
17,30.2022604992026,0,1,1,188.023047718139,0
18,133.974025213897,0,1,1,133.974025216101,0
19,0.0,0,1,0,312.294146198062,0
21,0.0,0,1,0,324.354243330136,0
28,0.0,0,1,0,204.746772283968,0
32,347.080698986206,0,1,1,347.080699010793,0
36,1862.95014029816,0,1,1,2298.76485206401,0
39,113.736207733093,0,1,1,113.736207737039,0
41,119.132404493829,0,1,1,119.132404498174,0
43,0.0,0,1,0,377.088397046395,0
48,160.97509565234,0,1,1,160.975095678504,0
69,199.363736068836,0,1,1,199.363736085742,0
75,1383.47715805702,0,1,1,1383.47715806395,0
80,0.0,0,1,0,505.386283869157,0
83,0.0,0,1,0,202.64941770665,0
85,136.385846236068,0,1,1,136.3858462409,0
88,94.9682446098788,0,1,1,94.9682446145472,0
92,0.0,0,1,0,225.93048208245,0
95,159.792026923146,0,1,1,159.792026927634,0
97,348.260896886717,0,1,1,348.260896893759,0
102,1346.66382304301,0,1,1,1346.66382305063,0
103,0.0,0,1,0,953.879854724052,0
109,61.2139574269142,0,1,1,61.2139574318166,0
110,9.0805911491001,0,1,1,9.08059124041533,0
114,131.42870202393,0,1,1,131.428702029201,0
116,26.1179071526075,0,1,1,93.1558859008927,0
