cost_model,startup,shutdown,n_coefficients,coeff_n,coeff1,coeff0
2,0,0,3,0.0056810617025586,50.6571961209652,3670.9866575913
2,0,0,3,0.0,0.0,0.0
2,0,0,3,0.0037926145487053,27.5123133147688,2093.32494377822
2,0,0,3,0.0,0.0,0.0
2,0,0,3,0.0,0.0,0.0
2,0,0,3,0.0,0.0,0.0
2,0,0,3,0.0046732108771058,44.2377993304218,3151.98187998871
2,0,0,3,0.0043551799020642,49.6053549158857,547.309581698898
2,0,0,3,0.0060157663356102,35.4978270588436,1987.52838613426
2,0,0,3,0.0,0.0,0.0
2,0,0,3,0.0022758148480828,51.9310213857506,519.355379963259
2,0,0,3,0.0,0.0,0.0
2,0,0,3,0.0066712762877144,49.4921008337706,3081.19631152686
2,0,0,3,0.0,0.0,0.0
2,0,0,3,0.0056022210530168,30.7374354711217,581.117465206233
2,0,0,3,0.0,0.0,0.0
2,0,0,3,0.0,0.0,0.0
2,0,0,3,0.0022404436784417,23.408624562177,585.353353694055
2,0,0,3,0.0041912719568262,41.8525832878178,3718.87112556041
2,0,0,3,0.0,0.0,0.0
2,0,0,3,0.0,0.0,0.0
2,0,0,3,0.0,0.0,0.0
2,0,0,3,0.0,0.0,0.0
2,0,0,3,0.0,0.0,0.0
2,0,0,3,0.0,0.0,0.0
2,0,0,3,0.0,0.0,0.0
2,0,0,3,0.0033081110209903,28.6464354509184,263.967277051123
