cost_model,startup,shutdown,n_coefficients,coeff_n,coeff1,coeff0
2,0,0,3,0.0051178656011938,37.3012622795014,2638.57501432873
2,0,0,3,0.002001089453212,27.8958395258434,561.670478594236
2,0,0,3,0.0,0.0,0.0
2,0,0,3,0.0023559422848022,45.2124447460393,1317.3959000336
2,0,0,3,0.0041457711174141,54.7737809157298,3244.03362824879
2,0,0,3,0.0025708827952977,30.4290945028247,137.080513705002
2,0,0,3,0.0,0.0,0.0
2,0,0,3,0.0072270580882226,55.0604823594221,293.270907295339
2,0,0,3,0.0,0.0,0.0
2,0,0,3,0.0,0.0,0.0
2,0,0,3,0.0,0.0,0.0
2,0,0,3,0.0,0.0,0.0
2,0,0,3,0.0,0.0,0.0
2,0,0,3,0.0,0.0,0.0
2,0,0,3,0.0,0.0,0.0
2,0,0,3,0.0,0.0,0.0
2,0,0,3,0.0045058989917217,43.3414981765033,461.940823992908
2,0,0,3,0.0,0.0,0.0
2,0,0,3,0.0,0.0,0.0
2,0,0,3,0.0,0.0,0.0
2,0,0,3,0.0,0.0,0.0
2,0,0,3,0.0062333527237754,33.7037818315757,2855.9991982648
2,0,0,3,0.0,0.0,0.0
2,0,0,3,0.0053779843524857,48.3887168563558,3684.02073629645
2,0,0,3,0.003730729601236,26.4501658827397,428.811962456061
2,0,0,3,0.0,0.0,0.0
2,0,0,3,0.0035725843921876,38.7967858519435,2490.73839687781
