cost_model,startup,shutdown,n_coefficients,coeff_n,coeff1,coeff0
2,0,0,3,0.0037754941544402,42.0005486726402,185.973268123232
2,0,0,3,0.002279115609182,29.3516990377386,3392.03384698796
2,0,0,3,0.0021457192989509,41.8863283342321,1566.29182978371
2,0,0,3,0.0051104175949424,49.8032449430376,475.583013895402
2,0,0,3,0.0,0.0,0.0
2,0,0,3,0.0,0.0,0.0
2,0,0,3,0.0,0.0,0.0
2,0,0,3,0.0,0.0,0.0
2,0,0,3,0.0,0.0,0.0
2,0,0,3,0.0031566796166682,49.3134370573335,1134.48621429882
2,0,0,3,0.0049794699953246,32.3152115581103,50.8683154537641
2,0,0,3,0.0,0.0,0.0
2,0,0,3,0.0,0.0,0.0
2,0,0,3,0.0071587761929985,56.408513675193,140.858693701914
2,0,0,3,0.0,0.0,0.0
2,0,0,3,0.0073331410704922,26.4025010357769,2473.69633932328
2,0,0,3,0.0,0.0,0.0
2,0,0,3,0.0,0.0,0.0
2,0,0,3,0.0,0.0,0.0
2,0,0,3,0.0035155643181436,28.629891778885,422.417248339975
2,0,0,3,0.0,0.0,0.0
2,0,0,3,0.0025389467546516,40.1507859451737,1285.5542890888
2,0,0,3,0.0,0.0,0.0
2,0,0,3,0.0,0.0,0.0
2,0,0,3,0.0,0.0,0.0
2,0,0,3,0.0,0.0,0.0
2,0,0,3,0.0,0.0,0.0
2,0,0,3,0.0073942620985919,47.4030227233939,411.81285197057
2,0,0,3,0.0,0.0,0.0
