bus_number,P_output,Q_output,voltage_mag,gen_status,P_max,P_min
6,101.792463494376,0,1,1,101.792463497928,0
8,458.148625785884,0,1,1,541.36235508389,0
9,1827.39099156617,0,1,1,2353.99255639744,0
10,825.668507814423,0,1,1,825.668507815908,0
17,52.3163139099438,0,1,1,52.31631391049,0
19,1.63008527095331,0,1,1,1.63008527136571,0
28,0.0,0,1,0,668.98729914561,0
33,36.4316102376639,0,1,1,36.4316102441474,0
34,71.3216280648235,0,1,1,71.321628065232,0
40,123.661840528889,0,1,1,123.66184052926,0
41,0.0,0,1,0,228.789797905166,0
42,0.0,0,1,0,813.095523530531,0
51,164.226710317595,0,1,1,164.226710318082,0
56,140.896763136719,0,1,1,140.896763137131,0
57,26.2429546037815,0,1,1,26.2429546042697,0
60,360.902275435075,0,1,1,360.902275435699,0
65,103.267919037934,0,1,1,103.267919038756,0
67,55.7432052337193,0,1,1,55.743205234086,0
76,0.0,0,1,0,570.464222264622,0
82,369.605386849126,0,1,1,540.448834206896,0
87,307.913713190177,0,1,1,307.913713190519,0
89,342.352823528905,0,1,1,342.352823530957,0
94,161.695688284666,0,1,1,161.695688285178,0
96,533.637147014631,0,1,1,533.637147017706,0
98,49.2781766206949,0,1,1,49.278176621237,0
101,79.691788747195,0,1,1,106.04156234078,0
102,418.405081280157,0,1,1,418.405081282809,0
112,35.5256031881917,0,1,1,35.5256031886065,0
118,17.0564193193411,0,1,1,17.0564193201221,0
