bus_number,P_output,Q_output,voltage_mag,gen_status,P_max,P_min
2,0.0,0,1,0,529.985686982308,0
8,1219.00315996558,0,1,1,2050.07100246274,0
11,456.522005001723,0,1,1,456.522005001723,0
12,59.4980540705231,0,1,1,59.4980540705231,0
14,260.762553947311,0,1,1,260.762553947311,0
30,64.8511367008013,0,1,1,64.8511367008013,0
31,1718.9056228284,0,1,1,1718.9056228284,0
46,285.102279238735,0,1,1,285.102279238735,0
58,0.0,0,1,0,986.151370273227,0
65,0.0,0,1,0,1113.24041603132,0
66,127.186152167412,0,1,1,127.186152167412,0
76,0.0,0,1,0,831.413349545548,0
81,55.5087709253938,0,1,1,55.5087709253937,0
83,72.2676174158137,0,1,1,72.2676174158137,0
85,337.75807044031,0,1,1,337.75807044031,0
87,134.122632520804,0,1,1,134.122632520804,0
90,231.458210025154,0,1,1,231.458210025155,0
92,113.010056384294,0,1,1,113.010056384294,0
96,291.884377266057,0,1,1,291.884377266057,0
97,41.3379339335962,0,1,1,41.3379339335963,0
99,100.372674230993,0,1,1,100.372674230994,0
100,42.695336911961,0,1,1,42.695336911961,0
103,369.820408240266,0,1,1,369.820408240266,0
106,215.232941038248,0,1,1,215.232941038248,0
107,307.243044777932,0,1,1,369.246005744492,0
112,44.9784058707631,0,1,1,44.9784058707631,0
116,115.282278557151,0,1,1,115.282278557151,0
