cost_model,startup,shutdown,n_coefficients,coeff_n,coeff1,coeff0
2,0,0,3,0.00493160199389,28.0388134071487,254.136623076095
2,0,0,3,0.0,0.0,0.0
2,0,0,3,0.0057213522471212,33.9712483982361,2533.57692728082
2,0,0,3,0.0,0.0,0.0
2,0,0,3,0.0,0.0,0.0
2,0,0,3,0.0035075711046756,47.033036167299,3031.82626967062
2,0,0,3,0.0035817987546144,25.8307653004768,1147.54659301119
2,0,0,3,0.0,0.0,0.0
2,0,0,3,0.0,0.0,0.0
2,0,0,3,0.0052610891460298,27.5004903344764,22.0167686130496
2,0,0,3,0.0,0.0,0.0
2,0,0,3,0.0,0.0,0.0
2,0,0,3,0.0,0.0,0.0
2,0,0,3,0.0,0.0,0.0
2,0,0,3,0.0,0.0,0.0
2,0,0,3,0.0,0.0,0.0
2,0,0,3,0.0,0.0,0.0
2,0,0,3,0.0042307694736773,26.4568684247987,339.4890705748
2,0,0,3,0.0074259261964288,44.4364171033719,1161.04290967947
2,0,0,3,0.0,0.0,0.0
2,0,0,3,0.0047944240758357,53.3842090694774,2026.87473321081
2,0,0,3,0.0,0.0,0.0
2,0,0,3,0.0,0.0,0.0
2,0,0,3,0.0074321863391025,31.5370677886312,431.053663040458
2,0,0,3,0.0,0.0,0.0
2,0,0,3,0.0079010084319848,30.5268396944957,1868.7868550902
