bus_number,P_output,Q_output,voltage_mag,gen_status,P_max,P_min
2,0.0,0,1,0,584.747754217611,0
4,277.352477970973,0,1,1,277.352477971236,0
7,1471.73690470276,0,1,1,1762.89455977927,0
8,12.4077179495277,0,1,1,12.4077179496174,0
11,0.0,0,1,0,226.44047522065,0
12,0.0,0,1,0,480.289673100156,0
19,30.9254884702688,0,1,1,147.200332391977,0
25,0.0,0,1,0,629.683606701518,0
28,1096.09342518328,0,1,1,1096.09342518357,0
33,588.188164330754,0,1,1,588.188164330879,0
35,654.526413778964,0,1,1,654.526413779034,0
40,0.0,0,1,0,518.649072515793,0
42,123.792150188552,0,1,1,123.792150188622,0
45,144.843218306885,0,1,1,144.843218306955,0
46,0.0,0,1,0,226.004380847633,0
47,194.341164221209,0,1,1,194.341164221287,0
51,97.7781414134766,0,1,1,97.7781414135456,0
60,72.8177352689875,0,1,1,72.81773526908,0
65,63.233540361815,0,1,1,63.233540361894,0
78,0.0,0,1,0,468.801852368044,0
83,13.2511208621212,0,1,1,13.2511208622451,0
87,290.334095627956,0,1,1,290.334095628082,0
88,130.808888038804,0,1,1,149.209467471868,0
96,0.0,0,1,0,108.644031805873,0
100,27.7014114556455,0,1,1,27.7014114556875,0
105,786.759011038933,0,1,1,786.75901103918,0
117,0.0,0,1,0,885.917232390502,0
