cost_model,startup,shutdown,n_coefficients,coeff_n,coeff1,coeff0
2,0,0,3,0.0025966272142281,55.6681505457153,3026.04559339934
2,0,0,3,0.0048895529559148,25.8396677106743,2549.12557262836
2,0,0,3,0.0035962182724874,52.7365615024263,34.2916308879872
2,0,0,3,0.0,0.0,0.0
2,0,0,3,0.0,0.0,0.0
2,0,0,3,0.0,0.0,0.0
2,0,0,3,0.0,0.0,0.0
2,0,0,3,0.0,0.0,0.0
2,0,0,3,0.0,0.0,0.0
2,0,0,3,0.0078122088199381,43.5588555259033,425.499272568249
2,0,0,3,0.0,0.0,0.0
2,0,0,3,0.0,0.0,0.0
2,0,0,3,0.0,0.0,0.0
2,0,0,3,0.0,0.0,0.0
2,0,0,3,0.0,0.0,0.0
2,0,0,3,0.0028967895332253,44.0313111812613,1754.88347762184
2,0,0,3,0.0,0.0,0.0
2,0,0,3,0.007572956369674,38.1134781222914,206.807970271627
2,0,0,3,0.0,0.0,0.0
2,0,0,3,0.0,0.0,0.0
2,0,0,3,0.0068627651603998,31.3566182922603,643.734666104655
2,0,0,3,0.0073228074695301,24.6126589196373,8.47946711153811
2,0,0,3,0.0040608211566028,23.7490339676627,752.836749687698
2,0,0,3,0.0,0.0,0.0
2,0,0,3,0.0069651274470136,51.9814020254149,297.353608680352
2,0,0,3,0.0,0.0,0.0
2,0,0,3,0.0040039265267413,51.572120306065,596.258744476922
2,0,0,3,0.0,0.0,0.0
