cost_model,startup,shutdown,n_coefficients,coeff_n,coeff1,coeff0
2,0,0,3,0.0063648456521773,28.5039216591806,1161.68193864445
2,0,0,3,0.0,0.0,0.0
2,0,0,3,0.0,0.0,0.0
2,0,0,3,0.006027810091137,25.4876134327924,526.68239505507
2,0,0,3,0.0,0.0,0.0
2,0,0,3,0.0,0.0,0.0
2,0,0,3,0.0072755216754152,51.7722098727746,289.683872564748
2,0,0,3,0.0066557660788892,35.8687794351702,575.157678426547
2,0,0,3,0.0,0.0,0.0
2,0,0,3,0.0041156408100954,47.7059683851883,2095.93592836393
2,0,0,3,0.0074047759581898,23.9308151718391,2448.41471959694
2,0,0,3,0.0055502665522651,41.6082437437617,281.878988242682
2,0,0,3,0.0045381499760824,37.5679776458594,703.168172495428
2,0,0,3,0.0,0.0,0.0
2,0,0,3,0.004263398931875,52.0431242597203,1231.42579946968
2,0,0,3,0.0,0.0,0.0
2,0,0,3,0.0,0.0,0.0
2,0,0,3,0.0,0.0,0.0
2,0,0,3,0.0,0.0,0.0
2,0,0,3,0.003804263743484,55.9505280867803,2584.5602412039
2,0,0,3,0.0,0.0,0.0
2,0,0,3,0.0,0.0,0.0
2,0,0,3,0.0,0.0,0.0
2,0,0,3,0.0050287141568285,28.510941794219,21.7548988156689
2,0,0,3,0.0,0.0,0.0
2,0,0,3,0.0,0.0,0.0
2,0,0,3,0.0,0.0,0.0
2,0,0,3,0.0,0.0,0.0
