cost_model,startup,shutdown,n_coefficients,coeff_n,coeff1,coeff0
2,0,0,3,0.0021439482646328,24.3118982765776,3707.56473800938
2,0,0,3,0.0,0.0,0.0
2,0,0,3,0.0021650933288925,29.4424370579191,2180.36148928389
2,0,0,3,0.0,0.0,0.0
2,0,0,3,0.0023498720531837,52.9630901241101,717.814114936387
2,0,0,3,0.0,0.0,0.0
2,0,0,3,0.0,0.0,0.0
2,0,0,3,0.0021446022623556,40.8236908048743,146.505921445287
2,0,0,3,0.0079341852814624,48.7700633352633,755.173371057503
2,0,0,3,0.0,0.0,0.0
2,0,0,3,0.00228889102207,48.1309090102261,3449.77129406103
2,0,0,3,0.0035806066821893,47.521585222272,190.822279207219
2,0,0,3,0.0,0.0,0.0
2,0,0,3,0.0,0.0,0.0
2,0,0,3,0.0,0.0,0.0
2,0,0,3,0.0,0.0,0.0
2,0,0,3,0.0,0.0,0.0
2,0,0,3,0.0,0.0,0.0
2,0,0,3,0.0029920577160716,38.9301438507016,409.522311491201
2,0,0,3,0.0,0.0,0.0
2,0,0,3,0.0,0.0,0.0
2,0,0,3,0.0,0.0,0.0
2,0,0,3,0.0060403206110031,29.1379582506679,511.569727171137
2,0,0,3,0.0,0.0,0.0
2,0,0,3,0.0068786184963888,37.150732585819,22.5893920316151
2,0,0,3,0.0,0.0,0.0
2,0,0,3,0.0046376970971074,36.8252596379624,196.602138676613
