cost_model,startup,shutdown,n_coefficients,coeff_n,coeff1,coeff0
2,0,0,3,0.0030088621147209,50.5851451331907,936.683909039264
2,0,0,3,0.0,0.0,0.0
2,0,0,3,0.0,0.0,0.0
2,0,0,3,0.0063707057954409,47.1843154535997,108.935765980238
2,0,0,3,0.006274603668473,24.2859696789466,452.114563736429
2,0,0,3,0.0,0.0,0.0
2,0,0,3,0.0,0.0,0.0
2,0,0,3,0.0070760935509828,51.2727597102838,3503.17506710005
2,0,0,3,0.0,0.0,0.0
2,0,0,3,0.0,0.0,0.0
2,0,0,3,0.0,0.0,0.0
2,0,0,3,0.0,0.0,0.0
2,0,0,3,0.0048829075520328,51.9557850585028,961.330000513764
2,0,0,3,0.0,0.0,0.0
2,0,0,3,0.0056556681851078,50.9204316899049,1135.97230940859
2,0,0,3,0.0056344262281569,53.153672811048,1429.29567031611
2,0,0,3,0.0035355035796913,30.704157988942,1126.09631575471
2,0,0,3,0.0,0.0,0.0
2,0,0,3,0.0027131217483765,34.5160100071707,109.811085774964
2,0,0,3,0.0,0.0,0.0
2,0,0,3,0.0,0.0,0.0
2,0,0,3,0.0,0.0,0.0
2,0,0,3,0.0025338802687843,43.8622301846653,308.468347306501
2,0,0,3,0.0,0.0,0.0
2,0,0,3,0.0,0.0,0.0
2,0,0,3,0.0,0.0,0.0
