bus_number,P_output,Q_output,voltage_mag,gen_status,P_max,P_min
6,146.863092826379,0,1,1,146.863092826379,0
9,0.0,0,1,0,378.408106952501,0
12,0.0,0,1,0,226.161063481723,0
13,1030.91154097017,0,1,1,1030.91154097017,0
14,57.1909118856531,0,1,1,57.1909118856531,0
17,0.0,0,1,0,121.055797929789,0
24,1012.70746728479,0,1,1,1021.86584646729,0
31,707.96737916988,0,1,1,707.96737916988,0
32,384.821783857606,0,1,1,384.821783857606,0
37,761.090210193443,0,1,1,761.090210193443,0
39,592.899391303503,0,1,1,815.6581838474,0
41,0.0,0,1,0,272.320862637701,0
49,0.0,0,1,0,690.257223494627,0
51,144.460613539427,0,1,1,144.460613539427,0
58,438.541417576943,0,1,1,438.541417576943,0
59,32.0826737800302,0,1,1,32.0826737800302,0
64,0.0,0,1,0,457.658920659402,0
71,75.8705842503657,0,1,1,75.8705842503657,0
72,90.1275986953258,0,1,1,244.322464823338,0
73,0.0,0,1,0,299.922242764121,0
75,25.6963123459169,0,1,1,25.6963123459169,0
77,367.522708198646,0,1,1,495.827388404496,0
78,85.5927664320534,0,1,1,85.5927664320534,0
80,0.0,0,1,0,287.617977090784,0
85,85.8952986036938,0,1,1,85.8952986036938,0
91,3.7769974189280395e-18,0,1,1,27.1169579661836,0
97,51.2673111262532,0,1,1,159.04180900094,0
101,0.0,0,1,0,431.126882474495,0
104,439.37958754571,0,1,1,439.37958754571,0
108,0.0,0,1,0,153.261252924511,0
113,120.33086816377,0,1,1,120.33086816377,0
115,13.5842047114596,0,1,1,13.5842047114596,0
