bus_number,P_output,Q_output,voltage_mag,gen_status,P_max,P_min
2,0.0,0,1,0,269.946326560347,0
3,458.633585272384,0,1,1,458.633585272387,0
8,48.4377259596893,0,1,1,48.437725959689,0
11,0.0,0,1,0,582.892060835741,0
12,67.2682463549043,0,1,1,67.2682463549054,0
20,840.533976856255,0,1,1,958.646210635165,0
25,418.825158104166,0,1,1,418.825158104179,0
27,0.0,0,1,0,161.428894516736,0
32,0.0,0,1,0,106.470644862968,0
52,0.0,0,1,0,282.2965260301,0
53,24.5758988060982,0,1,1,24.5758988060993,0
58,57.6999214244756,0,1,1,57.6999214244747,0
59,775.974412216773,0,1,1,872.570675292792,0
60,440.386288671593,0,1,1,848.485099929592,0
62,64.2565489488805,0,1,1,64.2565489488815,0
69,13.9498976216813,0,1,1,13.9498976216841,0
71,752.323499870541,0,1,1,752.323499870588,0
78,0.0,0,1,0,332.542057138034,0
80,25.0870554775982,0,1,1,25.0870554776127,0
82,481.706877623138,0,1,1,481.706877623143,0
86,832.472170406361,0,1,1,832.472170406364,0
92,26.1556724078723,0,1,1,26.1556724078948,0
96,158.93758980553,0,1,1,158.937589805541,0
102,0.0,0,1,0,394.075828971453,0
103,0.0,0,1,0,152.366552222715,0
104,740.021695658544,0,1,1,740.021695658548,0
109,217.033079878104,0,1,1,217.033079878688,0
110,72.2635159841025,0,1,1,72.2635159841038,0
111,0.0,0,1,0,177.417631165592,0
112,0.0,0,1,0,93.6489805328721,0
114,104.080320862762,0,1,1,104.080320862765,0
117,44.1805842495655,0,1,1,44.1805842495675,0
