bus_number,P_output,Q_output,voltage_mag,gen_status,P_max,P_min
3,179.190606359707,0,1,1,179.190606362195,0
10,1381.17990383246,0,1,1,1778.42857084672,0
11,0.0,0,1,0,778.636907084399,0
14,66.8054795938345,0,1,1,66.8054795944699,0
19,0.0,0,1,0,362.397117470237,0
27,0.0,0,1,0,646.393030444351,0
28,0.0,0,1,0,113.708601253757,0
30,1443.21417527967,0,1,1,1443.21417528153,0
39,136.624727979009,0,1,1,136.624727978934,0
47,63.7285993390307,0,1,1,270.983798946684,0
48,0.0,0,1,0,313.499621493915,0
53,925.792948526262,0,1,1,925.792948527804,0
63,0.0,0,1,0,597.675196945852,0
67,813.576992140212,0,1,1,813.576992139103,0
76,127.221702689484,0,1,1,499.089375898825,0
77,65.6296991874761,0,1,1,65.6296991858861,0
88,44.4246383262271,0,1,1,44.4246383262779,0
93,37.7537236207211,0,1,1,37.7537236204793,0
98,30.1668118094132,0,1,1,30.1668118083165,0
101,80.8801471153602,0,1,1,80.8801471160451,0
104,0.0,0,1,0,178.41648978752,0
105,282.854625079377,0,1,1,282.854625079426,0
109,985.758941577575,0,1,1,985.75894157908,0
