cost_model,startup,shutdown,n_coefficients,coeff_n,coeff1,coeff0
2,0,0,3,0.0,0.0,0.0
2,0,0,3,0.0045575201350248,41.549668538652,56.6511863255176
2,0,0,3,0.0,0.0,0.0
2,0,0,3,0.0065277031674166,34.5420109171636,3804.1754613801
2,0,0,3,0.0037012310533533,44.3101670480592,3132.56359250434
2,0,0,3,0.0025160763524547,29.4681647506043,598.043042593938
2,0,0,3,0.0,0.0,0.0
2,0,0,3,0.0,0.0,0.0
2,0,0,3,0.0,0.0,0.0
2,0,0,3,0.0068027947687227,43.084526506904,3339.98797436324
2,0,0,3,0.0041087471741114,37.5059647058147,97.1873299126639
2,0,0,3,0.0,0.0,0.0
2,0,0,3,0.0058397853446898,51.9466575887465,523.037279709438
2,0,0,3,0.0,0.0,0.0
2,0,0,3,0.0,0.0,0.0
2,0,0,3,0.0025879376607723,56.8839589302716,503.323880893841
2,0,0,3,0.0040225174768645,25.4025880729473,531.662523607334
2,0,0,3,0.0040455465283935,54.7139221004535,580.684353668392
2,0,0,3,0.0045374909023732,56.1876628055229,1977.30754642302
2,0,0,3,0.0053753133814195,43.8716793552115,381.212780248522
2,0,0,3,0.0,0.0,0.0
2,0,0,3,0.0,0.0,0.0
2,0,0,3,0.0,0.0,0.0
2,0,0,3,0.0,0.0,0.0
2,0,0,3,0.0,0.0,0.0
2,0,0,3,0.0,0.0,0.0
2,0,0,3,0.0,0.0,0.0
2,0,0,3,0.0,0.0,0.0
2,0,0,3,0.0,0.0,0.0
2,0,0,3,0.0,0.0,0.0
2,0,0,3,0.0061480239317954,36.9953491745317,3182.15826560388
2,0,0,3,0.0049060723606279,30.5674724712927,90.8081384932172
2,0,0,3,0.0,0.0,0.0
