bus_number,P_output,Q_output,voltage_mag,gen_status,P_max,P_min
2,87.5678313834315,0,1,1,87.5678313834599,0
6,1582.83796045904,0,1,1,2042.56318386287,0
20,0.0,0,1,0,432.827407609446,0
25,134.758427760425,0,1,1,134.758427760456,0
26,1432.94821900746,0,1,1,1432.94821900749,0
27,477.04303413806,0,1,1,477.043034138092,0
28,0.0,0,1,0,151.185588588692,0
33,272.129775615739,0,1,1,761.035369342346,0
37,31.3692168985279,0,1,1,31.3692168985571,0
40,395.660883579694,0,1,1,395.660883579725,0
43,367.632055598069,0,1,1,367.632055598099,0
57,18.3858403742329,0,1,1,18.3858403742623,0
60,0.0,0,1,0,149.418884914266,0
63,346.787727435385,0,1,1,349.754969426836,0
65,0.0,0,1,0,881.857479747864,0
69,290.230983963223,0,1,1,290.230983963342,0
72,38.1234130208969,0,1,1,38.1234130209889,0
74,0.0,0,1,0,871.708720792844,0
77,72.4197281966028,0,1,1,72.4197281966356,0
80,0.0,0,1,0,216.744338808745,0
81,0.0,0,1,0,712.899855262091,0
87,64.2520091918215,0,1,1,64.2520091918568,0
89,178.607237919099,0,1,1,178.607237920079,0
92,227.870971825518,0,1,1,227.87097182555,0
105,32.3723665560051,0,1,1,32.3723665560428,0
116,182.390419279641,0,1,1,182.390419279671,0
118,30.273789721464,0,1,1,30.2737897214947,0
