bus_number,P_output,Q_output,voltage_mag,gen_status,P_max,P_min
4,150.482333749886,0,1,1,150.482333749886,0
11,1109.21606178036,0,1,1,1656.97152114328,0
12,190.327945858021,0,1,1,310.618410258497,0
17,1340.22627991854,0,1,1,1340.22627991854,0
19,421.719388238149,0,1,1,421.719388238149,0
31,671.277977828627,0,1,1,671.277977828627,0
37,191.040406590479,0,1,1,191.040406590479,0
38,90.2937113005523,0,1,1,90.2937113005528,0
39,0.0,0,1,0,707.002488284901,0
40,0.0,0,1,0,194.169355314415,0
41,50.5925542447131,0,1,1,347.792505658318,0
52,0.0,0,1,0,288.653604972694,0
57,0.0,0,1,0,145.881963778201,0
58,47.7183251891951,0,1,1,47.7183251891953,0
63,0.0,0,1,0,573.491375661701,0
64,1220.52658214691,0,1,1,1220.52658214691,0
67,0.0,0,1,0,514.709115108048,0
68,0.0,0,1,0,199.042326097272,0
77,329.924943956084,0,1,1,329.924943956084,0
79,62.6992210018398,0,1,1,73.2821472830254,0
82,216.641241470737,0,1,1,216.641241470737,0
93,0.0,0,1,0,270.893686434558,0
102,309.246211354469,0,1,1,406.671998555302,0
103,3.13069306253778,0,1,1,3.13069306253793,0
106,192.859076117283,0,1,1,192.859076117283,0
116,1.16121104015755,0,1,1,1.16121104015782,0
118,65.7195576124426,0,1,1,65.7195576124428,0
