bus_number,P_output,Q_output,voltage_mag,gen_status,P_max,P_min
9,317.822492493282,0,1,1,540.463393828653,0
12,134.427742459238,0,1,1,134.427742459238,0
22,86.9443913707805,0,1,1,86.9443913707806,0
28,-2.17240681437951e-14,0,1,1,73.1519752787256,0
30,353.400479815242,0,1,1,353.400479815242,0
32,513.004706530269,0,1,1,513.004706530269,0
33,37.8837580588509,0,1,1,37.8837580588509,0
39,135.448010420518,0,1,1,135.448010420518,0
43,231.08861084334,0,1,1,231.08861084334,0
46,489.139704369113,0,1,1,489.139704369113,0
48,426.729165677073,0,1,1,426.729165677073,0
50,1397.52619380531,0,1,1,1397.52619433213,0
53,24.2845083154643,0,1,1,24.2845083154644,0
60,1087.88592196646,0,1,1,1087.88592196646,0
61,25.9875219755647,0,1,1,25.9875219755647,0
62,246.274846468366,0,1,1,246.274846468367,0
74,253.434900292155,0,1,1,253.434900292155,0
81,194.416870119443,0,1,1,194.416870119444,0
87,0.0,0,1,0,699.875740479503,0
88,1.1463492586479601e-14,0,1,1,402.103744089608,0
103,0.0,0,1,0,467.270901706771,0
105,0.0,0,1,0,719.322521802956,0
109,268.274200130834,0,1,1,351.154530293688,0
113,210.882259493286,0,1,1,315.377880025252,0
116,6.98183208859767e-14,0,1,1,219.034750599586,0
117,229.94743785644,0,1,1,229.94743785644,0
118,0.0,0,1,0,888.422259600913,0
