cost_model,startup,shutdown,n_coefficients,coeff_n,coeff1,coeff0
2,0,0,3,0.0047255123184924,52.209491484974,1458.61861761624
2,0,0,3,0.0030517854938875,30.7202778474655,34.084749461667
2,0,0,3,0.0070417715270727,27.43331146838,680.626249112735
2,0,0,3,0.0,0.0,0.0
2,0,0,3,0.0,0.0,0.0
2,0,0,3,0.0,0.0,0.0
2,0,0,3,0.0,0.0,0.0
2,0,0,3,0.0,0.0,0.0
2,0,0,3,0.0047530250031306,40.6058817802397,170.507138470585
2,0,0,3,0.0062162098126112,47.9259012540517,1248.44088723887
2,0,0,3,0.0,0.0,0.0
2,0,0,3,0.0,0.0,0.0
2,0,0,3,0.0,0.0,0.0
2,0,0,3,0.0,0.0,0.0
2,0,0,3,0.0,0.0,0.0
2,0,0,3,0.0,0.0,0.0
2,0,0,3,0.0067556644533855,49.0005415910731,337.213986149555
2,0,0,3,0.0031914060390133,32.9329394236975,331.145488288065
2,0,0,3,0.0069411030402793,40.5828892075267,187.413781387768
2,0,0,3,0.0,0.0,0.0
2,0,0,3,0.007524479565564,48.5061987661091,118.314611485505
2,0,0,3,0.0,0.0,0.0
2,0,0,3,0.0035940793297099,25.7397143651544,644.714662299793
2,0,0,3,0.0,0.0,0.0
2,0,0,3,0.0,0.0,0.0
2,0,0,3,0.0,0.0,0.0
2,0,0,3,0.0,0.0,0.0
2,0,0,3,0.0,0.0,0.0
2,0,0,3,0.0033500149222564,29.6125936262425,3270.59073536104
2,0,0,3,0.0044995513303964,38.4208367524512,540.816793070021
