bus_number,P_output,Q_output,voltage_mag,gen_status,P_max,P_min
8,612.791077245226,0,1,1,1074.87567115154,0
14,0.0,0,1,0,497.990002069131,0
27,784.173098611149,0,1,1,784.173098611149,0
30,0.0,0,1,0,395.885811733098,0
32,2.96136350024808e-16,0,1,1,110.172338275556,0
33,238.708879382806,0,1,1,238.708879382806,0
37,689.051312597979,0,1,1,689.051312597979,0
39,0.0,0,1,0,438.127639363602,0
52,205.273822359665,0,1,1,205.273822359665,0
56,0.0,0,1,0,184.909558547458,0
68,152.744314257074,0,1,1,152.744314257074,0
71,87.1510561914646,0,1,1,343.459416795074,0
73,583.018173977355,0,1,1,583.018173977355,0
79,586.12394802059,0,1,1,586.12394802059,0
81,540.194645536465,0,1,1,540.194645536465,0
93,0.0,0,1,0,446.288715316282,0
96,72.3316906940691,0,1,1,72.3316906940691,0
97,219.628075039183,0,1,1,352.817786588608,0
101,179.820027640242,0,1,1,179.820027640242,0
103,0.0,0,1,0,52.4457103273847,0
105,0.0,0,1,0,445.399504868346,0
106,696.084765690509,0,1,1,696.084765690509,0
108,0.0,0,1,0,267.721054091654,0
110,582.815774926523,0,1,1,582.815774926523,0
112,2.6707886733053e-17,0,1,1,273.182811504472,0
114,226.857597787748,0,1,1,230.250289942204,0
115,208.035462502966,0,1,1,208.035462502966,0
