cost_model,startup,shutdown,n_coefficients,coeff_n,coeff1,coeff0
2,0,0,3,0.004917372700719,34.2487392667004,353.374991265378
2,0,0,3,0.0,0.0,0.0
2,0,0,3,0.0068151841675119,23.9526691198015,1560.06809850173
2,0,0,3,0.0,0.0,0.0
2,0,0,3,0.0,0.0,0.0
2,0,0,3,0.0022923494996813,23.4213910505165,1157.0136441003
2,0,0,3,0.0,0.0,0.0
2,0,0,3,0.0,0.0,0.0
2,0,0,3,0.0,0.0,0.0
2,0,0,3,0.0,0.0,0.0
2,0,0,3,0.0057302989547766,47.021015547652,403.381979217705
2,0,0,3,0.0,0.0,0.0
2,0,0,3,0.0066028938483415,26.0746646731405,3293.8979074298
2,0,0,3,0.006585743996451,56.6523557350776,327.900992736503
2,0,0,3,0.0067773784838133,49.1864117049632,209.441164835125
2,0,0,3,0.0079259429554704,56.8222997789433,574.201887653215
2,0,0,3,0.0,0.0,0.0
2,0,0,3,0.0,0.0,0.0
2,0,0,3,0.0,0.0,0.0
2,0,0,3,0.0,0.0,0.0
2,0,0,3,0.0039539899718347,38.5559487209488,3525.37094239227
2,0,0,3,0.0,0.0,0.0
2,0,0,3,0.0061892241965594,55.8036446601525,2205.81645915532
2,0,0,3,0.0,0.0,0.0
2,0,0,3,0.0,0.0,0.0
2,0,0,3,0.0,0.0,0.0
