cost_model,startup,shutdown,n_coefficients,coeff_n,coeff1,coeff0
2,0,0,3,0.0,0.0,0.0
2,0,0,3,0.0,0.0,0.0
2,0,0,3,0.0040730504335558,40.3862813318107,1143.39375651456
2,0,0,3,0.0,0.0,0.0
2,0,0,3,0.0027252692160762,26.6100483312798,190.643763116654
2,0,0,3,0.0,0.0,0.0
2,0,0,3,0.0,0.0,0.0
2,0,0,3,0.0073598608187027,33.1783343263883,2507.04123271806
2,0,0,3,0.0068413848222978,37.233104589028,1621.804653813
2,0,0,3,0.0,0.0,0.0
2,0,0,3,0.0056231408894474,24.1574097720965,62.8168509645989
2,0,0,3,0.0059013205065278,36.8156153925057,192.206425831278
2,0,0,3,0.0054967212181482,49.9116144882018,3253.54347897447
2,0,0,3,0.0,0.0,0.0
2,0,0,3,0.0071910745839599,34.4285123432894,1804.70209398007
2,0,0,3,0.0,0.0,0.0
2,0,0,3,0.0075696189655806,24.4617870569752,213.239987406483
2,0,0,3,0.0,0.0,0.0
2,0,0,3,0.0,0.0,0.0
2,0,0,3,0.0,0.0,0.0
2,0,0,3,0.0,0.0,0.0
2,0,0,3,0.0,0.0,0.0
2,0,0,3,0.0,0.0,0.0
2,0,0,3,0.0,0.0,0.0
2,0,0,3,0.0032975625065219,40.074770750637,535.16321479
2,0,0,3,0.0044765783447945,56.9947859669337,2972.53479862273
2,0,0,3,0.0051734475453873,47.6060352758326,282.30822552972
2,0,0,3,0.0050862664871189,41.927075290226,209.601654686641
2,0,0,3,0.0,0.0,0.0
2,0,0,3,0.0048465599872463,43.4074246191723,152.321173192969
2,0,0,3,0.0,0.0,0.0
2,0,0,3,0.0,0.0,0.0
2,0,0,3,0.0,0.0,0.0
