bus_number,P_output,Q_output,voltage_mag,gen_status,P_max,P_min
3,533.37348609151,0,1,1,533.37348609151,0
9,0.0,0,1,0,451.981353055765,0
22,739.680001801314,0,1,1,1107.7452144144,0
27,928.662558111069,0,1,1,1012.4985382032,0
28,846.175195482262,0,1,1,846.175195482262,0
30,99.0155231368174,0,1,1,99.0155231368175,0
33,840.689510185112,0,1,1,840.689510185112,0
36,0.0,0,1,0,78.447573219152,0
39,0.0,0,1,0,615.772220395586,0
48,875.250535251706,0,1,1,875.250535251706,0
53,211.898010319455,0,1,1,211.898010319455,0
57,0.0,0,1,0,192.190409533148,0
58,61.794140030846,0,1,1,61.794140030846,0
59,0.0,0,1,0,162.167228028713,0
60,794.98778932576,0,1,1,794.98778932576,0
61,2.66673633163913,0,1,1,2.66673633163914,0
64,0.0,0,1,0,302.346216756206,0
65,0.0,0,1,0,427.466709644675,0
75,102.026751350499,0,1,1,102.026751350499,0
77,99.8860443905327,0,1,1,99.8860443905327,0
78,159.449238153283,0,1,1,159.449238153284,0
81,0.0,0,1,0,575.499350141544,0
87,0.0,0,1,0,360.366904739418,0
92,119.144395837908,0,1,1,263.607576997691,0
95,7.09527614221964e-14,0,1,1,35.8870689354778,0
98,16.8478681445442,0,1,1,16.8478681445443,0
101,26.0024648862153,0,1,1,26.0024648862154,0
104,0.0,0,1,0,168.609095996124,0
115,140.506506889378,0,1,1,140.506506889378,0
117,66.7469667411436,0,1,1,66.7469667411436,0
