bus_number,P_output,Q_output,voltage_mag,gen_status,P_max,P_min
2,531.520834287026,0,1,1,903.478818351961,0
10,747.006368616154,0,1,1,747.006368616154,0
13,719.455049961441,0,1,1,719.455049961441,0
16,604.545086284081,0,1,1,604.545086284081,0
22,27.3649455948402,0,1,1,27.3649455948402,0
25,0.0,0,1,0,520.817419242327,0
26,200.431305079159,0,1,1,200.431305079159,0
29,0.0,0,1,0,304.524150851796,0
33,0.0,0,1,0,317.301810551651,0
34,226.159585954186,0,1,1,226.159585954186,0
37,256.634676885412,0,1,1,256.634676885412,0
47,786.706314600349,0,1,1,790.897974129493,0
49,213.926327067153,0,1,1,213.926327067153,0
53,0.0,0,1,0,473.316875331393,0
59,88.8549171051179,0,1,1,88.8549171051179,0
61,154.897085840665,0,1,1,154.897085840665,0
72,190.287288607973,0,1,1,190.287288607973,0
74,324.374149493425,0,1,1,403.282090175433,0
76,717.406246199661,0,1,1,717.406246199661,0
80,77.4838201463786,0,1,1,77.4838201463786,0
81,124.775595056108,0,1,1,124.775595056108,0
91,652.723421431057,0,1,1,652.723421431057,0
95,0.0,0,1,0,536.806831406906,0
100,20.2507042508384,0,1,1,20.2507042508384,0
102,0.0,0,1,0,409.306960290999,0
104,0.0,0,1,0,498.01667371249,0
113,0.0,0,1,0,451.950198647131,0
