bus_number,P_output,Q_output,voltage_mag,gen_status,P_max,P_min
1,0.0,0,1,0,619.476574797359,0
3,159.346468549053,0,1,1,159.346468549053,0
5,1393.65764288976,0,1,1,1720.04016738137,0
6,398.14809275093,0,1,1,532.272522468241,0
10,241.309429922164,0,1,1,241.309429922164,0
13,1.65749902920336,0,1,1,1.65749902920336,0
15,0.0,0,1,0,329.134632243759,0
22,1598.24591982895,0,1,1,1598.24591982895,0
31,153.580725109503,0,1,1,153.580725109503,0
34,1135.17591179652,0,1,1,1173.45234070928,0
43,125.591621540149,0,1,1,125.591621540149,0
46,9.65411702217812,0,1,1,9.65411702217812,0
48,64.5703083058715,0,1,1,64.5703083058715,0
54,356.611411049963,0,1,1,400.022099369312,0
68,184.819758311277,0,1,1,184.819758311277,0
77,575.464262335086,0,1,1,645.983364981752,0
78,1.79968613249107e-21,0,1,1,79.2532500451683,0
86,5.89054371922835,0,1,1,5.89054371922835,0
87,0.0,0,1,0,256.386277468713,0
102,0.0,0,1,0,691.078634299394,0
103,0.0,0,1,0,633.173788266135,0
106,0.0,0,1,0,570.587898373594,0
108,244.104901772298,0,1,1,244.104901772298,0
117,16.9751085288872,0,1,1,16.9751085288872,0
