cost_model,startup,shutdown,n_coefficients,coeff_n,coeff1,coeff0
2,0,0,3,0.0,0.0,0.0
2,0,0,3,0.0078464820949832,45.0060794012931,2018.17827989742
2,0,0,3,0.0,0.0,0.0
2,0,0,3,0.0,0.0,0.0
2,0,0,3,0.0,0.0,0.0
2,0,0,3,0.0,0.0,0.0
2,0,0,3,0.0,0.0,0.0
2,0,0,3,0.0,0.0,0.0
2,0,0,3,0.0073583061960468,52.6378073807827,246.064338833419
2,0,0,3,0.0035237998838876,33.9027843606897,102.852021180955
2,0,0,3,0.007953450968648,53.9187096335741,2327.04516654572
2,0,0,3,0.0049139927861004,56.6864686897066,307.804857429335
2,0,0,3,0.0040855169037971,36.4801969097876,1634.19493713756
2,0,0,3,0.0033982440572468,45.3372525067661,2763.32900447482
2,0,0,3,0.0047625657451864,28.696325047343,2566.76597840513
2,0,0,3,0.0,0.0,0.0
2,0,0,3,0.0071421645719499,45.2292730046339,615.855584998729
2,0,0,3,0.0,0.0,0.0
2,0,0,3,0.0,0.0,0.0
2,0,0,3,0.0,0.0,0.0
2,0,0,3,0.0,0.0,0.0
2,0,0,3,0.0076114654499894,37.6973806332239,125.022199873257
2,0,0,3,0.0,0.0,0.0
2,0,0,3,0.0,0.0,0.0
2,0,0,3,0.0,0.0,0.0
2,0,0,3,0.0062056906891929,34.7486472517717,571.047610134954
2,0,0,3,0.0,0.0,0.0
