cost_model,startup,shutdown,n_coefficients,coeff_n,coeff1,coeff0
2,0,0,3,0.007633920362012,35.1041550937655,1256.29963917221
2,0,0,3,0.006273633477265,39.7970860555743,448.223995659013
2,0,0,3,0.0076177058807333,31.7884407391804,333.835247634535
2,0,0,3,0.0077548652884746,46.4441485839153,535.806411578592
2,0,0,3,0.0070108150212018,52.6734710094354,181.437238078044
2,0,0,3,0.0,0.0,0.0
2,0,0,3,0.0054332111842835,33.7122838255683,2097.41735004209
2,0,0,3,0.0,0.0,0.0
2,0,0,3,0.0,0.0,0.0
2,0,0,3,0.0023844361124235,30.5801482465987,129.208450358832
2,0,0,3,0.0069514264651877,47.1811722963043,340.433535784974
2,0,0,3,0.0,0.0,0.0
2,0,0,3,0.0,0.0,0.0
2,0,0,3,0.0075370698851325,32.4697990507717,1330.55768330247
2,0,0,3,0.0,0.0,0.0
2,0,0,3,0.0,0.0,0.0
2,0,0,3,0.0046020915552988,47.6015136638301,284.134316163332
2,0,0,3,0.0,0.0,0.0
2,0,0,3,0.0,0.0,0.0
2,0,0,3,0.0,0.0,0.0
2,0,0,3,0.0,0.0,0.0
2,0,0,3,0.0066090765179383,29.4612831940894,1654.06328646726
2,0,0,3,0.0064635035154611,50.7490387207289,16.3315947367554
2,0,0,3,0.0,0.0,0.0
2,0,0,3,0.0,0.0,0.0
2,0,0,3,0.0,0.0,0.0
2,0,0,3,0.0,0.0,0.0
2,0,0,3,0.0,0.0,0.0
2,0,0,3,0.0,0.0,0.0
2,0,0,3,0.0,0.0,0.0
