cost_model,startup,shutdown,n_coefficients,coeff_n,coeff1,coeff0
2,0,0,3,0.0035777080243689,27.6566363708952,3731.06274186977
2,0,0,3,0.0,0.0,0.0
2,0,0,3,0.0073775019452031,48.2283722220123,3844.26984789194
2,0,0,3,0.0021934689338701,43.2179711545262,3656.36817636852
2,0,0,3,0.0,0.0,0.0
2,0,0,3,0.0,0.0,0.0
2,0,0,3,0.0,0.0,0.0
2,0,0,3,0.0,0.0,0.0
2,0,0,3,0.0,0.0,0.0
2,0,0,3,0.0063421866665921,55.3580274109368,255.945207465966
2,0,0,3,0.0,0.0,0.0
2,0,0,3,0.0,0.0,0.0
2,0,0,3,0.0061975655885042,49.515395904238,3.21155232448813
2,0,0,3,0.0,0.0,0.0
2,0,0,3,0.0026050628110154,35.5857173019466,1845.14800455026
2,0,0,3,0.0,0.0,0.0
2,0,0,3,0.0,0.0,0.0
2,0,0,3,0.002823969057113,26.2406551818279,553.993941556054
2,0,0,3,0.003108260390267,41.1682578630834,332.110565452429
2,0,0,3,0.0,0.0,0.0
2,0,0,3,0.0,0.0,0.0
2,0,0,3,0.0,0.0,0.0
2,0,0,3,0.0,0.0,0.0
2,0,0,3,0.0069252107165633,55.9132732177398,419.61032683388
2,0,0,3,0.0040394495870844,56.8112617226176,564.620925493806
2,0,0,3,0.0029749750181681,29.4192073828674,2817.33236824767
2,0,0,3,0.0,0.0,0.0
