bus_number,P_output,Q_output,voltage_mag,gen_status,P_max,P_min
4,174.577481635952,0,1,1,174.577481635952,0
5,1007.57775936901,0,1,1,1475.44711382267,0
12,128.903124135078,0,1,1,128.903124135078,0
25,129.867849613766,0,1,1,129.867849613766,0
26,896.468745964855,0,1,1,1001.89236225439,0
34,124.973200340298,0,1,1,124.973200340298,0
39,833.629143847501,0,1,1,833.629143847501,0
42,235.187691256962,0,1,1,235.187691256962,0
44,124.71395370322,0,1,1,124.71395370322,0
45,1314.85361876814,0,1,1,1314.85361876814,0
46,70.6798572436585,0,1,1,70.6798572436585,0
47,23.1526132059441,0,1,1,23.1526132059441,0
50,1150.29336926452,0,1,1,1150.29336926452,0
51,0.0,0,1,0,382.671643540338,0
53,37.844053971251,0,1,1,37.844053971251,0
63,0.0,0,1,0,634.216797965877,0
66,0.0,0,1,0,244.655630196159,0
71,0.0,0,1,0,221.084696899159,0
73,34.363601930808,0,1,1,34.363601930808,0
77,32.7527991251494,0,1,1,32.7527991251494,0
81,0.0,0,1,0,546.423063857663,0
92,0.0,0,1,0,638.188980548115,0
100,0.0,0,1,0,264.194145123682,0
103,0.693398768998903,0,1,1,0.693398768998903,0
105,341.936307614391,0,1,1,341.936307614391,0
106,2.33515270154405,0,1,1,2.33515270154405,0
116,0.0,0,1,0,462.370575436568,0
