cost_model,startup,shutdown,n_coefficients,coeff_n,coeff1,coeff0
2,0,0,3,0.0,0.0,0.0
2,0,0,3,0.0056750789779788,29.4932626863219,1900.42353097296
2,0,0,3,0.0069694946803059,55.740348083204,532.700338721462
2,0,0,3,0.0,0.0,0.0
2,0,0,3,0.0,0.0,0.0
2,0,0,3,0.0,0.0,0.0
2,0,0,3,0.0,0.0,0.0
2,0,0,3,0.0,0.0,0.0
2,0,0,3,0.0,0.0,0.0
2,0,0,3,0.0,0.0,0.0
2,0,0,3,0.0022120014810696,36.5918715050347,3352.7662619163
2,0,0,3,0.0020816345340269,47.6815586947616,384.023848582514
2,0,0,3,0.0,0.0,0.0
2,0,0,3,0.0053754009508242,53.703407861709,552.720415614136
2,0,0,3,0.0,0.0,0.0
2,0,0,3,0.0,0.0,0.0
2,0,0,3,0.0,0.0,0.0
2,0,0,3,0.0070640285415908,39.0179171268664,1828.79277208593
2,0,0,3,0.004732570099153,56.9939054353527,2427.62743457241
2,0,0,3,0.005511915316991,39.60213905951,2962.39059241266
2,0,0,3,0.0062834552674552,50.3612371556311,2982.74165485043
2,0,0,3,0.0061863991959591,40.5815167378078,589.603315803074
2,0,0,3,0.0,0.0,0.0
2,0,0,3,0.0,0.0,0.0
2,0,0,3,0.0,0.0,0.0
2,0,0,3,0.0,0.0,0.0
2,0,0,3,0.0020926743628982,39.0544331515226,438.956087024939
2,0,0,3,0.0075003225926514,34.7098553051655,379.068680764054
2,0,0,3,0.0027978788407622,53.6692720998551,376.790816524686
2,0,0,3,0.0046852359104301,38.0456974146327,221.457735851977
2,0,0,3,0.0,0.0,0.0
2,0,0,3,0.0,0.0,0.0
