bus_number,P_output,Q_output,voltage_mag,gen_status,P_max,P_min
6,139.696897420792,0,1,1,337.972284475872,0
10,0.0,0,1,0,132.555868857,0
12,1877.68277114769,0,1,1,2021.33954812761,0
19,889.910392220227,0,1,1,889.910392220227,0
25,2.1319004545114e-13,0,1,1,90.3324741830009,0
26,0.0,0,1,0,22.6706533095732,0
27,832.492543740924,0,1,1,1136.00375158127,0
31,872.157750580614,0,1,1,872.157750580614,0
34,992.308935748328,0,1,1,1021.91852212907,0
40,98.0809991568139,0,1,1,98.0809991568141,0
45,0.0,0,1,0,800.577182241152,0
47,0.0,0,1,0,2.44688530104471,0
56,172.935063678641,0,1,1,172.935063678641,0
58,66.9462390844884,0,1,1,66.9462390844885,0
60,0.0,0,1,0,762.608365165764,0
61,0.0,0,1,0,412.756852062745,0
63,0.0,0,1,0,287.926139412872,0
90,21.488980581964,0,1,1,21.4889805819644,0
91,1.14618364381208e-13,0,1,1,33.4563463250795,0
93,0.0,0,1,0,182.296633903995,0
95,0.0,0,1,0,447.28682804251,0
97,211.252716855365,0,1,1,211.252716855366,0
99,47.0385792882319,0,1,1,47.038579288232,0
102,0.0,0,1,0,232.920375337386,0
103,176.151945866503,0,1,1,333.3562824484,0
105,225.130572679295,0,1,1,225.130572679295,0
111,0.0,0,1,0,26.0993210524884,0
113,41.5293344111333,0,1,1,41.5293344111333,0
