cost_model,startup,shutdown,n_coefficients,coeff_n,coeff1,coeff0
2,0,0,3,0.0076275358035652,48.9629080885837,2097.29921164809
2,0,0,3,0.0,0.0,0.0
2,0,0,3,0.0042653572719901,24.1986218921029,317.211564253715
2,0,0,3,0.0,0.0,0.0
2,0,0,3,0.0062596248525029,56.7906169275257,2666.83803730553
2,0,0,3,0.0,0.0,0.0
2,0,0,3,0.0068973770800942,31.2180682929412,3073.60383435991
2,0,0,3,0.0045292223660215,48.6593352274261,305.003479645116
2,0,0,3,0.0027450748906001,37.0212495607759,1761.88914881099
2,0,0,3,0.0062898956532874,30.1837668222798,2148.35791017192
2,0,0,3,0.0,0.0,0.0
2,0,0,3,0.0,0.0,0.0
2,0,0,3,0.0030883415545692,27.401601351881,294.68048109748
2,0,0,3,0.0,0.0,0.0
2,0,0,3,0.0,0.0,0.0
2,0,0,3,0.0,0.0,0.0
2,0,0,3,0.004302086018935,33.3788416989503,510.694253871446
2,0,0,3,0.0,0.0,0.0
2,0,0,3,0.0,0.0,0.0
2,0,0,3,0.003416822923141,47.2413671352013,21.1898364999329
2,0,0,3,0.0031425408688196,39.4845091717539,1165.64545360015
2,0,0,3,0.0,0.0,0.0
2,0,0,3,0.0,0.0,0.0
2,0,0,3,0.0,0.0,0.0
2,0,0,3,0.0,0.0,0.0
2,0,0,3,0.0,0.0,0.0
2,0,0,3,0.0,0.0,0.0
