cost_model,startup,shutdown,n_coefficients,coeff_n,coeff1,coeff0
2,0,0,3,0.004059940129855,38.7275000280524,1208.30289767989
2,0,0,3,0.0,0.0,0.0
2,0,0,3,0.0035973319442558,53.7965137904046,2104.96621190715
2,0,0,3,0.004631376121168,26.656511888865,1764.86719174724
2,0,0,3,0.006807610462874,31.9268551914599,210.152228864828
2,0,0,3,0.0,0.0,0.0
2,0,0,3,0.0024088483182022,36.8618256434664,11.1461605400623
2,0,0,3,0.0,0.0,0.0
2,0,0,3,0.0025331862645799,40.3619061695867,911.526014373555
2,0,0,3,0.0028695311247855,55.1495294706981,539.415130939117
2,0,0,3,0.0,0.0,0.0
2,0,0,3,0.0045102808445708,39.1537250067747,1897.75088889153
2,0,0,3,0.0,0.0,0.0
2,0,0,3,0.0,0.0,0.0
2,0,0,3,0.0,0.0,0.0
2,0,0,3,0.004148667532267,36.8144118768553,206.820942397629
2,0,0,3,0.0,0.0,0.0
2,0,0,3,0.0,0.0,0.0
2,0,0,3,0.0,0.0,0.0
2,0,0,3,0.0,0.0,0.0
2,0,0,3,0.0,0.0,0.0
2,0,0,3,0.0043445533376419,53.1292488020225,856.555631048017
2,0,0,3,0.0047087190422139,36.018523447117,352.016318774522
2,0,0,3,0.0,0.0,0.0
2,0,0,3,0.0,0.0,0.0
2,0,0,3,0.0,0.0,0.0
2,0,0,3,0.0,0.0,0.0
