cost_model,startup,shutdown,n_coefficients,coeff_n,coeff1,coeff0
2,0,0,3,0.0041739887355507,48.8284153238733,176.676094624663
2,0,0,3,0.0,0.0,0.0
2,0,0,3,0.0044284766172022,35.2130767631691,1104.48231071997
2,0,0,3,0.0,0.0,0.0
2,0,0,3,0.003514037694972,36.8737570792228,546.490003783287
2,0,0,3,0.0,0.0,0.0
2,0,0,3,0.0,0.0,0.0
2,0,0,3,0.0,0.0,0.0
2,0,0,3,0.0,0.0,0.0
2,0,0,3,0.0024767353641998,46.1328929102312,2947.19787961698
2,0,0,3,0.0,0.0,0.0
2,0,0,3,0.0,0.0,0.0
2,0,0,3,0.0,0.0,0.0
2,0,0,3,0.0,0.0,0.0
2,0,0,3,0.0,0.0,0.0
2,0,0,3,0.0,0.0,0.0
2,0,0,3,0.0,0.0,0.0
2,0,0,3,0.0,0.0,0.0
2,0,0,3,0.0020652907238832,34.0075608716023,1268.86927533139
2,0,0,3,0.0,0.0,0.0
2,0,0,3,0.0047835693728757,34.9462228604434,1843.2306019742
2,0,0,3,0.0059875237278367,41.0466927031445,3284.78424054922
2,0,0,3,0.0,0.0,0.0
2,0,0,3,0.0061419922807203,38.9162217757534,1815.46681198609
2,0,0,3,0.0057994839836603,26.4807744910096,38.3242099993853
2,0,0,3,0.003665259636695,40.948276311429,518.044040382881
2,0,0,3,0.0027066547880144,35.7674725216962,17.8514602231911
