cost_model,startup,shutdown,n_coefficients,coeff_n,coeff1,coeff0
2,0,0,3,0.0,0.0,0.0
2,0,0,3,0.0027548395481217,30.2343856183679,1230.66050887072
2,0,0,3,0.0,0.0,0.0
2,0,0,3,0.0032279481179382,54.9408994095602,1238.79292988881
2,0,0,3,0.0,0.0,0.0
2,0,0,3,0.00299794576555,52.8469442727752,459.63234965685
2,0,0,3,0.0,0.0,0.0
2,0,0,3,0.0078285637121235,38.3056858314146,2758.80391128941
2,0,0,3,0.0036405773398569,55.6968621749124,40.4610485615398
2,0,0,3,0.0,0.0,0.0
2,0,0,3,0.0063654975011049,34.4252574271814,1187.7540969973
2,0,0,3,0.0070436977907582,28.4184059406046,18.8884301688759
2,0,0,3,0.0,0.0,0.0
2,0,0,3,0.0,0.0,0.0
2,0,0,3,0.0,0.0,0.0
2,0,0,3,0.0,0.0,0.0
2,0,0,3,0.0,0.0,0.0
2,0,0,3,0.0,0.0,0.0
2,0,0,3,0.0,0.0,0.0
2,0,0,3,0.0,0.0,0.0
2,0,0,3,0.0,0.0,0.0
2,0,0,3,0.0,0.0,0.0
2,0,0,3,0.0043109909935707,53.9546249783431,502.040122302369
2,0,0,3,0.0,0.0,0.0
2,0,0,3,0.0052591380806629,31.5888092108611,257.090689786326
2,0,0,3,0.0,0.0,0.0
2,0,0,3,0.0064411254558221,32.6466131069879,888.145769280327
2,0,0,3,0.0020245103558706,36.9593043384227,852.515196105761
2,0,0,3,0.0,0.0,0.0
