cost_model,startup,shutdown,n_coefficients,coeff_n,coeff1,coeff0
2,0,0,3,0.0,0.0,0.0
2,0,0,3,0.0045845119629327,49.3525215490558,555.037227907779
2,0,0,3,0.0,0.0,0.0
2,0,0,3,0.0,0.0,0.0
2,0,0,3,0.0030349664479739,49.4433831711798,3777.94520562805
2,0,0,3,0.0,0.0,0.0
2,0,0,3,0.0034257478379161,39.3581234169379,3251.54721170652
2,0,0,3,0.0,0.0,0.0
2,0,0,3,0.0043434836049552,45.9457195452447,208.94347956007
2,0,0,3,0.0046099299198941,38.5374806886187,25.3266775471366
2,0,0,3,0.0,0.0,0.0
2,0,0,3,0.0064487949866228,44.573596164006,2365.35538524769
2,0,0,3,0.0056504655609054,27.7821485534017,237.005891760892
2,0,0,3,0.0,0.0,0.0
2,0,0,3,0.0,0.0,0.0
2,0,0,3,0.0,0.0,0.0
2,0,0,3,0.0,0.0,0.0
2,0,0,3,0.0,0.0,0.0
2,0,0,3,0.0075209098190791,49.1718046920739,671.208409035296
2,0,0,3,0.0,0.0,0.0
2,0,0,3,0.0,0.0,0.0
2,0,0,3,0.0052075523797318,28.5002320726431,3429.81692141974
2,0,0,3,0.0,0.0,0.0
2,0,0,3,0.0032986349470884,40.9489261950493,46.9221422479335
2,0,0,3,0.0,0.0,0.0
2,0,0,3,0.00215379439651,56.0333867303242,559.794824097923
2,0,0,3,0.0,0.0,0.0
2,0,0,3,0.0,0.0,0.0
2,0,0,3,0.0,0.0,0.0
