cost_model,startup,shutdown,n_coefficients,coeff_n,coeff1,coeff0
2,0,0,3,0.0064703899472935,52.9426985322067,464.692512299944
2,0,0,3,0.0065674923687286,25.5686019810011,327.192875080473
2,0,0,3,0.0064759625777743,41.8392458958597,870.902794531719
2,0,0,3,0.0,0.0,0.0
2,0,0,3,0.004194988824609,30.5585350073853,3393.48203013577
2,0,0,3,0.0,0.0,0.0
2,0,0,3,0.0,0.0,0.0
2,0,0,3,0.0,0.0,0.0
2,0,0,3,0.0052130147571547,46.4534957455749,476.135159558667
2,0,0,3,0.0,0.0,0.0
2,0,0,3,0.0,0.0,0.0
2,0,0,3,0.0,0.0,0.0
2,0,0,3,0.0073479244413724,46.7920907861282,1399.7152600282
2,0,0,3,0.0057400534379743,24.360118076795,3604.88652878847
2,0,0,3,0.0,0.0,0.0
2,0,0,3,0.0,0.0,0.0
2,0,0,3,0.0,0.0,0.0
2,0,0,3,0.007979174820312,26.7012377348471,529.968116054633
2,0,0,3,0.0,0.0,0.0
2,0,0,3,0.0,0.0,0.0
2,0,0,3,0.0,0.0,0.0
2,0,0,3,0.0035693461633206,27.0153104010543,61.7705734500181
2,0,0,3,0.0,0.0,0.0
2,0,0,3,0.0,0.0,0.0
2,0,0,3,0.0,0.0,0.0
2,0,0,3,0.0045853837679504,56.8714128369194,25.4493681976162
2,0,0,3,0.0050087679488862,52.1196241595616,446.820873490248
