cost_model,startup,shutdown,n_coefficients,coeff_n,coeff1,coeff0
2,0,0,3,0.0,0.0,0.0
2,0,0,3,0.0068286275413993,26.3532628683418,1740.42886713513
2,0,0,3,0.0,0.0,0.0
2,0,0,3,0.0,0.0,0.0
2,0,0,3,0.0,0.0,0.0
2,0,0,3,0.0044803945242694,51.9422397166926,279.926085318837
2,0,0,3,0.00405688437531,32.6067070780449,1953.8223930842
2,0,0,3,0.0032200708202812,37.3367906388571,990.247236212735
2,0,0,3,0.0,0.0,0.0
2,0,0,3,0.0,0.0,0.0
2,0,0,3,0.0067653606958528,49.7366875870446,2485.89343801429
2,0,0,3,0.0,0.0,0.0
2,0,0,3,0.0040128014158541,34.5796434184969,367.293111400949
2,0,0,3,0.0,0.0,0.0
2,0,0,3,0.005792342739676,56.7504538693265,577.897286921029
2,0,0,3,0.0,0.0,0.0
2,0,0,3,0.0,0.0,0.0
2,0,0,3,0.0063421125082583,50.8768902749937,23.4569162946955
2,0,0,3,0.0051138605820216,23.2077777651938,464.612294005985
2,0,0,3,0.0,0.0,0.0
2,0,0,3,0.0,0.0,0.0
2,0,0,3,0.0,0.0,0.0
2,0,0,3,0.0053643968019178,40.542432739688,560.254141852955
2,0,0,3,0.0,0.0,0.0
2,0,0,3,0.0021370748756026,30.5460906418088,552.358495059202
2,0,0,3,0.0,0.0,0.0
2,0,0,3,0.0,0.0,0.0
2,0,0,3,0.0,0.0,0.0
