cost_model,startup,shutdown,n_coefficients,coeff_n,coeff1,coeff0
2,0,0,3,0.0,0.0,0.0
2,0,0,3,0.0049691009350388,33.1006491140462,2486.22347653553
2,0,0,3,0.0,0.0,0.0
2,0,0,3,0.0029018662999257,50.1738521765238,3126.21802366336
2,0,0,3,0.0,0.0,0.0
2,0,0,3,0.0,0.0,0.0
2,0,0,3,0.0047201461814447,53.1159084235364,197.010818531399
2,0,0,3,0.0067084541019244,55.0393267441063,2218.21035508202
2,0,0,3,0.0068136143048443,53.807853102191,421.771658214919
2,0,0,3,0.007329079013667,52.0900281907819,36.5459538176661
2,0,0,3,0.0,0.0,0.0
2,0,0,3,0.0048218885749974,34.8332625198265,716.073218073838
2,0,0,3,0.0063642016559626,28.9385107163977,460.296217959358
2,0,0,3,0.0,0.0,0.0
2,0,0,3,0.0,0.0,0.0
2,0,0,3,0.0,0.0,0.0
2,0,0,3,0.0,0.0,0.0
2,0,0,3,0.0,0.0,0.0
2,0,0,3,0.0,0.0,0.0
2,0,0,3,0.004221086261443,44.9449993229687,2483.27663374151
2,0,0,3,0.0,0.0,0.0
2,0,0,3,0.0,0.0,0.0
2,0,0,3,0.0062380416289919,31.8680540326185,3854.58869555221
2,0,0,3,0.0,0.0,0.0
2,0,0,3,0.0,0.0,0.0
2,0,0,3,0.0076637215688417,54.6802449989439,332.098162267638
2,0,0,3,0.0,0.0,0.0
