bus_number,P_output,Q_output,voltage_mag,gen_status,P_max,P_min
3,2323.25198982138,0,1,1,2323.25198982436,0
5,0.0,0,1,0,1231.60517724831,0
10,195.578540131132,0,1,1,195.578540151021,0
17,0.0,0,1,0,260.584485762635,0
23,252.434230079015,0,1,1,252.434230129825,0
32,123.351725946794,0,1,1,123.351725956083,0
35,633.128795769657,0,1,1,820.487774138491,0
36,1.37841616124616e-08,0,1,1,199.960646319663,0
37,216.443865202213,0,1,1,216.443865208707,0
40,177.88066389706,0,1,1,177.88066390248,0
42,411.932381881337,0,1,1,729.227819778295,0
51,247.818792282686,0,1,1,247.818792287418,0
58,23.8630130979743,0,1,1,23.8630131028379,0
61,58.7280218998711,0,1,1,103.847483641938,0
63,0.0,0,1,0,776.343394919543,0
68,18.3420257757662,0,1,1,18.3420257824091,0
70,0.0,0,1,0,520.199699401157,0
82,65.8116515347722,0,1,1,459.632599989186,0
84,406.837223924523,0,1,1,406.837223941893,0
86,3.14042182573954,0,1,1,3.14042183405223,0
92,529.726123753529,0,1,1,529.726123757902,0
98,8.37278623654749,0,1,1,8.37278623654934,0
100,116.437870493707,0,1,1,151.248144549095,0
104,712.522239833712,0,1,1,712.522239839293,0
115,139.20135906313,0,1,1,139.20135906866,0
