bus_number,P_output,Q_output,voltage_mag,gen_status,P_max,P_min
1,0.0,0,1,0,684.311412655884,0
2,0.0,0,1,0,378.166999718112,0
3,435.268761913926,0,1,1,435.268761919858,0
11,0.0,0,1,0,364.814455031298,0
12,0.0,0,1,0,360.61205297509,0
15,335.690667078953,0,1,1,1067.2941850539,0
18,890.524234154146,0,1,1,1050.19024762129,0
20,148.179628591323,0,1,1,148.179628597394,0
27,154.881882728582,0,1,1,154.881882740961,0
36,927.583072151973,0,1,1,927.58307216913,0
47,977.361153993923,0,1,1,977.361153999757,0
53,6.67763817406921e-09,0,1,1,346.248408372207,0
54,138.226484238286,0,1,1,138.22648444535,0
65,984.583811684701,0,1,1,984.583811690084,0
67,0.0,0,1,0,298.286352619909,0
69,131.891680307611,0,1,1,131.891680312905,0
74,170.672070911068,0,1,1,227.550556020881,0
79,35.7216124185034,0,1,1,35.7216315577379,0
81,0.0,0,1,0,471.358899480273,0
83,328.423679927468,0,1,1,328.42367993261,0
84,198.194440935751,0,1,1,198.194440940936,0
87,189.864945926932,0,1,1,189.864945932653,0
97,444.304981345962,0,1,1,444.304981351657,0
108,45.2364939746539,0,1,1,60.8260061974967,0
113,128.194120170582,0,1,1,173.82901429572,0
115,0.0,0,1,0,53.9274811387031,0
