cost_model,startup,shutdown,n_coefficients,coeff_n,coeff1,coeff0
2,0,0,3,0.0061435043996762,28.0183452597596,3343.43491385731
2,0,0,3,0.0027626413207297,50.20554628623,2122.84609798635
2,0,0,3,0.00680587787732,30.065478885212,114.260947071299
2,0,0,3,0.0,0.0,0.0
2,0,0,3,0.0,0.0,0.0
2,0,0,3,0.0,0.0,0.0
2,0,0,3,0.0,0.0,0.0
2,0,0,3,0.0030489372301828,30.0418441933236,364.470389424822
2,0,0,3,0.0,0.0,0.0
2,0,0,3,0.0,0.0,0.0
2,0,0,3,0.0,0.0,0.0
2,0,0,3,0.0,0.0,0.0
2,0,0,3,0.0,0.0,0.0
2,0,0,3,0.0044626556381118,26.4177434667377,145.823802584935
2,0,0,3,0.0,0.0,0.0
2,0,0,3,0.0,0.0,0.0
2,0,0,3,0.0,0.0,0.0
2,0,0,3,0.0033227362802322,43.6352678050256,573.71761781039
2,0,0,3,0.0,0.0,0.0
2,0,0,3,0.0,0.0,0.0
2,0,0,3,0.0068075637521268,40.2553486980901,3091.76539302682
2,0,0,3,0.0069048047880783,41.7230759336626,2.97780485277654
2,0,0,3,0.0072141351415028,56.8628856727435,2683.35319662216
2,0,0,3,0.0024067841548853,48.385462680478,195.428694636417
2,0,0,3,0.0,0.0,0.0
2,0,0,3,0.0071854281419619,44.9175238898341,520.802170708674
2,0,0,3,0.0,0.0,0.0
2,0,0,3,0.0,0.0,0.0
