cost_model,startup,shutdown,n_coefficients,coeff_n,coeff1,coeff0
2,0,0,3,0.0,0.0,0.0
2,0,0,3,0.0,0.0,0.0
2,0,0,3,0.0,0.0,0.0
2,0,0,3,0.0,0.0,0.0
2,0,0,3,0.0,0.0,0.0
2,0,0,3,0.0,0.0,0.0
2,0,0,3,0.0,0.0,0.0
2,0,0,3,0.0,0.0,0.0
2,0,0,3,0.0036574055200095,53.7647901077225,1079.56061911018
2,0,0,3,0.0,0.0,0.0
2,0,0,3,0.0,0.0,0.0
2,0,0,3,0.004742279343274,28.1150701166769,410.223340861148
2,0,0,3,0.0076330422193732,33.2389293533607,2104.05147502332
2,0,0,3,0.0,0.0,0.0
2,0,0,3,0.0076215390110873,55.5042390180081,535.322366322155
2,0,0,3,0.0,0.0,0.0
2,0,0,3,0.0079443449631826,39.4386855120531,1183.65688504104
2,0,0,3,0.0054782012372366,23.5141815379632,2348.22065718138
2,0,0,3,0.0,0.0,0.0
2,0,0,3,0.0,0.0,0.0
2,0,0,3,0.0,0.0,0.0
2,0,0,3,0.0049300706187381,43.3600209104795,3849.52423102664
2,0,0,3,0.0064310236254198,32.8620479211322,329.884833876018
2,0,0,3,0.0,0.0,0.0
2,0,0,3,0.0030089961641385,54.2619708987109,2425.27620701117
2,0,0,3,0.0032409794967759,24.0371295320384,72.2597453197306
2,0,0,3,0.0057563292771557,54.0559621627076,148.580565946758
2,0,0,3,0.0,0.0,0.0
2,0,0,3,0.0,0.0,0.0
