cost_model,startup,shutdown,n_coefficients,coeff_n,coeff1,coeff0
2,0,0,3,0.0030162808997943,49.7643323918773,2320.89859637184
2,0,0,3,0.0,0.0,0.0
2,0,0,3,0.0,0.0,0.0
2,0,0,3,0.0043511349203806,41.7317683985553,276.784513784585
2,0,0,3,0.0,0.0,0.0
2,0,0,3,0.0064733935866285,23.2599164312408,264.447443019674
2,0,0,3,0.0,0.0,0.0
2,0,0,3,0.0,0.0,0.0
2,0,0,3,0.0048485398509238,34.5324074451848,2525.68938221482
2,0,0,3,0.0,0.0,0.0
2,0,0,3,0.0073090099869823,49.9328537429081,1010.38674737678
2,0,0,3,0.0055829029629655,29.3419557136008,180.679164128232
2,0,0,3,0.0071090942876251,47.9666738303076,304.262095941588
2,0,0,3,0.0034027462474481,30.5529354212016,2706.0758749141
2,0,0,3,0.0,0.0,0.0
2,0,0,3,0.0,0.0,0.0
2,0,0,3,0.0,0.0,0.0
2,0,0,3,0.0046854878161301,49.539146335909,2814.7065503097
2,0,0,3,0.0,0.0,0.0
2,0,0,3,0.0,0.0,0.0
2,0,0,3,0.0,0.0,0.0
2,0,0,3,0.0021324126876339,37.6262416225689,2285.73971848651
2,0,0,3,0.0,0.0,0.0
2,0,0,3,0.0,0.0,0.0
2,0,0,3,0.0072230082147651,30.1393406403537,538.027936660834
2,0,0,3,0.0,0.0,0.0
2,0,0,3,0.0,0.0,0.0
2,0,0,3,0.0,0.0,0.0
