bus_number,P_output,Q_output,voltage_mag,gen_status,P_max,P_min
2,581.941738056594,0,1,1,1014.30411365663,0
7,901.388674711311,0,1,1,901.388674711311,0
9,238.816008279677,0,1,1,238.816008279677,0
10,102.960068026916,0,1,1,102.960068026916,0
11,658.824103199878,0,1,1,990.089214312285,0
25,246.620055483306,0,1,1,246.620055483306,0
29,839.188003978088,0,1,1,839.188003978088,0
30,791.026391560054,0,1,1,791.026391560054,0
36,132.402364956103,0,1,1,132.402364956103,0
43,35.7842103949393,0,1,1,35.7842103949393,0
44,0.0,0,1,0,497.070317612585,0
45,0.0,0,1,0,488.127667530788,0
55,780.122861895367,0,1,1,780.122861895367,0
59,0.0,0,1,0,313.05572671675,0
62,0.0,0,1,0,329.188541189789,0
65,0.0,0,1,0,638.497019572224,0
77,10.7289293322738,0,1,1,10.7289293322738,0
82,245.674074174677,0,1,1,245.674074174677,0
86,0.0,0,1,0,295.636452696055,0
90,59.8156606284862,0,1,1,59.8156606284862,0
92,217.370438419243,0,1,1,217.370438419243,0
93,0.0,0,1,0,365.904192621993,0
96,89.0670525789809,0,1,1,89.0670525789809,0
97,106.794700232848,0,1,1,192.394063992057,0
102,274.070240429058,0,1,1,276.450208956921,0
104,0.0,0,1,0,33.9519125953637,0
107,143.969177297334,0,1,1,143.969177297334,0
110,0.0,0,1,0,154.059854775729,0
117,208.238968825881,0,1,1,208.238968825881,0
