cost_model,startup,shutdown,n_coefficients,coeff_n,coeff1,coeff0
2,0,0,3,0.0,0.0,0.0
2,0,0,3,0.0028000230373725,33.4680501899328,1109.03272161638
2,0,0,3,0.0,0.0,0.0
2,0,0,3,0.0050583985420419,37.428292630626,428.409000594768
2,0,0,3,0.0,0.0,0.0
2,0,0,3,0.0,0.0,0.0
2,0,0,3,0.0068378320748058,23.9901746181763,1448.17335236228
2,0,0,3,0.0,0.0,0.0
2,0,0,3,0.0,0.0,0.0
2,0,0,3,0.0,0.0,0.0
2,0,0,3,0.0048183167946946,37.2532950296868,31.1127495807543
2,0,0,3,0.0,0.0,0.0
2,0,0,3,0.0035704160923999,29.4437775228538,1320.1779879691
2,0,0,3,0.0,0.0,0.0
2,0,0,3,0.0,0.0,0.0
2,0,0,3,0.0,0.0,0.0
2,0,0,3,0.007847837941994,27.8273989201385,1811.7261505179
2,0,0,3,0.006739536702744,45.4041171928452,2133.09923386947
2,0,0,3,0.0041352516119868,31.8101863235272,599.221670053599
2,0,0,3,0.0,0.0,0.0
2,0,0,3,0.0,0.0,0.0
2,0,0,3,0.0024436912622155,38.8255147729098,247.448467421765
2,0,0,3,0.0,0.0,0.0
2,0,0,3,0.0059299992412544,52.314786132143,421.453724738405
2,0,0,3,0.007966483084566,25.9455038540925,369.23117518746
2,0,0,3,0.0,0.0,0.0
2,0,0,3,0.0,0.0,0.0
