bus_number,P_output,Q_output,voltage_mag,gen_status,P_max,P_min
2,164.986643854588,0,1,1,164.98664390421,0
3,4.55432620930573,0,1,1,4.55432625723188,0
7,0.0,0,1,0,156.042669912773,0
9,217.110096033174,0,1,1,217.110096087733,0
10,1010.24040761341,0,1,1,1214.20054760656,0
13,0.0,0,1,0,306.0598408255,0
15,68.7278021445942,0,1,1,68.7278021789083,0
16,272.352959796674,0,1,1,272.35295984893,0
20,1016.79592860702,0,1,1,1047.70737644572,0
26,827.768153962369,0,1,1,827.768154140908,0
28,0.0,0,1,0,131.073048782472,0
34,88.0870090184338,0,1,1,88.0870090715341,0
44,25.7199571492129,0,1,1,90.5729587723176,0
46,763.611666473079,0,1,1,763.6116665272,0
50,6.52152316399499,0,1,1,6.52152320406446,0
62,0.0,0,1,0,178.726583170725,0
65,300.458307107947,0,1,1,849.700887536576,0
67,344.750473321263,0,1,1,562.89103665291,0
71,0.0,0,1,0,543.680739837976,0
78,0.0,0,1,0,388.789251373945,0
82,0.0,0,1,0,298.713590469253,0
88,184.385201068932,0,1,1,333.565526416526,0
90,97.2649751069615,0,1,1,97.2649751426268,0
92,320.463761291326,0,1,1,320.463761496928,0
95,0.0,0,1,0,287.283761713487,0
98,716.716465780682,0,1,1,716.716465876646,0
100,157.593575279812,0,1,1,157.593575316892,0
103,0.0,0,1,0,296.039859409094,0
107,9.85102396916977e-08,0,1,1,6.88373160960903,0
111,17.2520225604714,0,1,1,17.2520226073779,0
114,59.4424668192601,0,1,1,59.4424668557804,0
116,0.0,0,1,0,157.517367719386,0
