bus_number,P_output,Q_output,voltage_mag,gen_status,P_max,P_min
3,827.564161996771,0,1,1,827.564161996771,0
7,134.909336046235,0,1,1,134.909336046235,0
13,142.013248120349,0,1,1,142.01324812035,0
14,0.0,0,1,0,420.400813561481,0
22,790.164055948344,0,1,1,1078.6087126637,0
23,1051.48772808671,0,1,1,1051.48772808671,0
24,100.028975451179,0,1,1,100.02897545118,0
28,119.273350702222,0,1,1,119.273350702222,0
29,0.0,0,1,0,36.1142075283752,0
30,0.0,0,1,0,45.9506067757953,0
32,911.367228129528,0,1,1,911.367228129528,0
40,862.414664616046,0,1,1,862.414664616046,0
48,894.029225552204,0,1,1,894.029225552204,0
55,134.015868988179,0,1,1,134.01586898818,0
64,234.712115359315,0,1,1,371.702198993753,0
69,0.0,0,1,0,22.2478031444221,0
76,0.0,0,1,0,726.764500536127,0
85,0.0,0,1,0,709.857869785899,0
86,61.3474259005166,0,1,1,61.3474259005169,0
88,3.31315289712667e-05,0,1,1,317.123361765534,0
96,0.0,0,1,0,309.31822186196,0
101,108.708128271471,0,1,1,108.708128271471,0
105,0.0,0,1,0,330.802653768514,0
107,134.861781621586,0,1,1,134.861781621587,0
109,0.0,0,1,0,623.083758364415,0
110,80.5180508349038,0,1,1,80.5180508349042,0
116,77.388343703918,0,1,1,77.3883437039183,0
