bus_number,P_output,Q_output,voltage_mag,gen_status,P_max,P_min
3,211.347476024187,0,1,1,293.058090550466,0
4,1204.20955474508,0,1,1,1348.49569207867,0
5,0.0,0,1,0,659.134341914038,0
10,375.256693672024,0,1,1,536.748000388065,0
15,131.947495619775,0,1,1,131.947495619779,0
18,668.548852075314,0,1,1,668.548852075315,0
26,1114.38016073198,0,1,1,1182.20138241318,0
29,127.107801030471,0,1,1,127.107801030471,0
35,0.0,0,1,0,349.129932389598,0
49,463.712301692848,0,1,1,471.102109255583,0
55,1.71371141060905e-13,0,1,1,635.19562293408,0
59,3.9215029418614897e-13,0,1,1,62.6027656858548,0
61,327.128102015988,0,1,1,327.128102015988,0
62,0.0,0,1,0,790.80706395099,0
64,6.20808588277933,0,1,1,6.20808588277939,0
73,247.139360610216,0,1,1,294.795702871853,0
75,0.269928482747435,0,1,1,0.269928482747447,0
85,125.301130227381,0,1,1,125.301130227381,0
86,2.35802457334904e-14,0,1,1,83.8853021968166,0
88,194.168405214919,0,1,1,194.168405214919,0
90,203.971953096759,0,1,1,203.971953096759,0
94,771.375098445945,0,1,1,771.375098445945,0
100,0.0,0,1,0,714.653383924208,0
102,0.0,0,1,0,161.334661233707,0
103,7.74879246981406,0,1,1,7.74879246981411,0
104,57.7506515242763,0,1,1,57.7506515242764,0
112,427.231878898519,0,1,1,427.231878898519,0
