cost_model,startup,shutdown,n_coefficients,coeff_n,coeff1,coeff0
2,0,0,3,0.0056750081736428,30.2449480306795,3036.98301899438
2,0,0,3,0.00381491742167,25.7353360127864,996.105077391585
2,0,0,3,0.0063657544177756,50.9797643483102,445.081265396978
2,0,0,3,0.0023056770033768,44.1821947873613,3296.95255433192
2,0,0,3,0.0,0.0,0.0
2,0,0,3,0.0,0.0,0.0
2,0,0,3,0.0,0.0,0.0
2,0,0,3,0.0,0.0,0.0
2,0,0,3,0.0,0.0,0.0
2,0,0,3,0.0,0.0,0.0
2,0,0,3,0.0,0.0,0.0
2,0,0,3,0.0,0.0,0.0
2,0,0,3,0.0051886053024669,38.0781451959761,258.179205719545
2,0,0,3,0.0,0.0,0.0
2,0,0,3,0.007745476687174,28.4007777543436,396.609606262972
2,0,0,3,0.0069683030703104,40.4848918966217,2911.73994901574
2,0,0,3,0.0,0.0,0.0
2,0,0,3,0.0,0.0,0.0
2,0,0,3,0.0040050999729006,47.4203171263886,3659.3640620726
2,0,0,3,0.0053380798140934,42.4289627959613,166.392878998998
2,0,0,3,0.0,0.0,0.0
2,0,0,3,0.0020122620275304,55.0804879908807,546.715038855639
2,0,0,3,0.0,0.0,0.0
2,0,0,3,0.0,0.0,0.0
2,0,0,3,0.0,0.0,0.0
2,0,0,3,0.0,0.0,0.0
