cost_model,startup,shutdown,n_coefficients,coeff_n,coeff1,coeff0
2,0,0,3,0.0069592893966616,42.5971478874412,1210.44100943575
2,0,0,3,0.0,0.0,0.0
2,0,0,3,0.0027914700470477,41.9468782788604,1893.08609280638
2,0,0,3,0.0,0.0,0.0
2,0,0,3,0.0,0.0,0.0
2,0,0,3,0.0,0.0,0.0
2,0,0,3,0.0,0.0,0.0
2,0,0,3,0.0,0.0,0.0
2,0,0,3,0.0048538725985157,24.6880763529719,952.413866409277
2,0,0,3,0.0038108011949316,39.5305139202226,456.580790647865
2,0,0,3,0.0,0.0,0.0
2,0,0,3,0.0076872724433298,26.3614319667144,3366.36070257898
2,0,0,3,0.0,0.0,0.0
2,0,0,3,0.006914986262368,56.0135188281043,828.205223457011
2,0,0,3,0.0045938143754045,51.3883350514716,2708.29432175883
2,0,0,3,0.0,0.0,0.0
2,0,0,3,0.0,0.0,0.0
2,0,0,3,0.0,0.0,0.0
2,0,0,3,0.0079142377930591,27.4873026772566,242.912022565765
2,0,0,3,0.0,0.0,0.0
2,0,0,3,0.0046690457037097,33.1010754296651,279.478114480839
2,0,0,3,0.0044075751841767,52.6776488120544,533.105671273822
2,0,0,3,0.0,0.0,0.0
2,0,0,3,0.0,0.0,0.0
2,0,0,3,0.0029185595314956,36.1310654293975,168.555252197431
2,0,0,3,0.0,0.0,0.0
2,0,0,3,0.0,0.0,0.0
