cost_model,startup,shutdown,n_coefficients,coeff_n,coeff1,coeff0
2,0,0,3,0.0051269804347401,25.9815310914425,2571.20197893709
2,0,0,3,0.0,0.0,0.0
2,0,0,3,0.0,0.0,0.0
2,0,0,3,0.0068856352352517,31.0547789669445,444.349419368869
2,0,0,3,0.0041514183301253,33.1606408329516,953.008100007512
2,0,0,3,0.0041626306728187,50.2934350312584,94.1707135424796
2,0,0,3,0.0,0.0,0.0
2,0,0,3,0.0,0.0,0.0
2,0,0,3,0.0,0.0,0.0
2,0,0,3,0.0,0.0,0.0
2,0,0,3,0.0,0.0,0.0
2,0,0,3,0.0,0.0,0.0
2,0,0,3,0.0078202420255474,39.6288195726284,413.925297360376
2,0,0,3,0.0,0.0,0.0
2,0,0,3,0.0,0.0,0.0
2,0,0,3,0.0,0.0,0.0
2,0,0,3,0.0,0.0,0.0
2,0,0,3,0.0,0.0,0.0
2,0,0,3,0.0050530601049971,40.1624126282272,2843.59348426849
2,0,0,3,0.0,0.0,0.0
2,0,0,3,0.0064757490156393,36.82217371116,1881.19371371519
2,0,0,3,0.0,0.0,0.0
2,0,0,3,0.0066475530421746,25.2321285862683,420.000937901969
2,0,0,3,0.0,0.0,0.0
2,0,0,3,0.0044073599607843,23.957397116695,345.36221656232
2,0,0,3,0.0058351958567034,52.0657795361614,48.8385614300452
2,0,0,3,0.0049929184673716,35.3198140929335,2101.60813949594
