cost_model,startup,shutdown,n_coefficients,coeff_n,coeff1,coeff0
2,0,0,3,0.0052633413768948,51.6102241844608,1298.6199387572
2,0,0,3,0.0,0.0,0.0
2,0,0,3,0.0,0.0,0.0
2,0,0,3,0.0,0.0,0.0
2,0,0,3,0.002698287941608,35.2656230635684,1131.10546498323
2,0,0,3,0.0,0.0,0.0
2,0,0,3,0.0,0.0,0.0
2,0,0,3,0.0022253854606812,23.5755358963292,950.795537276765
2,0,0,3,0.0,0.0,0.0
2,0,0,3,0.0,0.0,0.0
2,0,0,3,0.0,0.0,0.0
2,0,0,3,0.0,0.0,0.0
2,0,0,3,0.0020120697588521,49.8835818496191,370.210854519892
2,0,0,3,0.0042321980435547,44.6365456218974,1169.18265497621
2,0,0,3,0.0077553206345498,50.017349024513,3818.03919163687
2,0,0,3,0.0,0.0,0.0
2,0,0,3,0.0,0.0,0.0
2,0,0,3,0.0079318011487912,42.7212955525536,977.251317710896
2,0,0,3,0.0,0.0,0.0
2,0,0,3,0.00655887444608,44.6100556579157,145.487869062305
2,0,0,3,0.0,0.0,0.0
2,0,0,3,0.004528728124162,55.8179542132235,432.775968365258
2,0,0,3,0.0,0.0,0.0
2,0,0,3,0.0044242913675645,28.0710076486376,2173.13259439007
2,0,0,3,0.0037768366530658,28.6434248093555,413.633972273611
2,0,0,3,0.0,0.0,0.0
2,0,0,3,0.0,0.0,0.0
