bus_number,P_output,Q_output,voltage_mag,gen_status,P_max,P_min
2,102.621207578849,0,1,1,102.621207578849,0
9,1173.43393390805,0,1,1,1173.43393390805,0
17,0.0,0,1,0,487.118941043374,0
19,196.215091386161,0,1,1,196.215091386161,0
22,0.0,0,1,0,157.540225761842,0
23,1116.85159804167,0,1,1,1147.85603709593,0
24,50.4613053655845,0,1,1,50.4613053655845,0
25,0.0,0,1,0,459.798327335048,0
29,205.931271434696,0,1,1,205.931271434696,0
35,567.021646236376,0,1,1,567.021646236376,0
38,0.0,0,1,0,505.926208617283,0
42,72.4266013996973,0,1,1,72.4266013996973,0
50,82.191815549569,0,1,1,376.205570642749,0
53,1011.81600498103,0,1,1,1011.81600498103,0
62,396.977033235788,0,1,1,625.568235424609,0
72,0.0,0,1,0,365.46809058514,0
74,0.0,0,1,0,379.903567702518,0
76,55.8478634888075,0,1,1,67.7707653098558,0
80,20.9670103275338,0,1,1,23.8407665752359,0
82,8.33945047283416,0,1,1,8.33945047283418,0
84,336.140218380537,0,1,1,336.140218380537,0
92,153.092199679449,0,1,1,187.687755790563,0
97,95.8651574104821,0,1,1,95.8651574104821,0
103,9.82709638199175e-14,0,1,1,49.0807486928423,0
112,0.0,0,1,0,341.054128062187,0
113,985.7989539596,0,1,1,985.7989539596,0
118,32.8053596243085,0,1,1,32.8053596243085,0
