bus_number,P_output,Q_output,voltage_mag,gen_status,P_max,P_min
5,16.7935979879029,0,1,1,16.7935979878427,0
7,473.542476150302,0,1,1,857.363815019503,0
11,5.86117865728415,0,1,1,5.8611786572552,0
17,113.625543502398,0,1,1,113.625543502313,0
21,0.0,0,1,0,604.432087316592,0
32,340.44098912599,0,1,1,340.440989126016,0
39,900.025495933272,0,1,1,900.025495933374,0
46,84.4193408108848,0,1,1,84.4193408116694,0
47,0.0,0,1,0,672.950062603775,0
48,42.3637594018474,0,1,1,42.3637594018177,0
51,70.2469451236517,0,1,1,70.2469451236542,0
52,1393.70999835223,0,1,1,1393.70999835222,0
56,13.7761867950521,0,1,1,13.7761867949856,0
69,346.982714750138,0,1,1,346.982714750101,0
72,739.222949117516,0,1,1,739.222949117526,0
73,1133.35782026183,0,1,1,1133.35782026184,0
75,73.5806768069861,0,1,1,73.5806768067376,0
77,1.3010639378622,0,1,1,1.30106393760071,0
83,0.0,0,1,0,623.080660940527,0
87,0.0,0,1,0,337.849780790248,0
92,0.0,0,1,0,461.012192216903,0
93,749.288748573895,0,1,1,749.288748573933,0
95,0.0,0,1,0,102.549303347038,0
104,0.0,0,1,0,423.089623640786,0
110,161.088445898229,0,1,1,161.088445897942,0
115,5.1757912732375,0,1,1,5.17579127301855,0
116,0.0,0,1,0,358.313454586585,0
