cost_model,startup,shutdown,n_coefficients,coeff_n,coeff1,coeff0
2,0,0,3,0.0067063632951959,36.658576557435,119.963904078078
2,0,0,3,0.0076622359679288,56.2086575922271,2659.87553375096
2,0,0,3,0.0,0.0,0.0
2,0,0,3,0.0,0.0,0.0
2,0,0,3,0.0,0.0,0.0
2,0,0,3,0.0,0.0,0.0
2,0,0,3,0.0070680846260935,53.1983964898231,933.402327721313
2,0,0,3,0.0058206416422725,40.798311374948,271.026972693694
2,0,0,3,0.0,0.0,0.0
2,0,0,3,0.0,0.0,0.0
2,0,0,3,0.0,0.0,0.0
2,0,0,3,0.0049043479868197,39.9347086505498,1641.13607375661
2,0,0,3,0.0063610045700958,37.6679320222509,288.815593748457
2,0,0,3,0.0,0.0,0.0
2,0,0,3,0.0072998376849634,54.083826641204,296.574056293735
2,0,0,3,0.005536858739978,47.6777874567625,2065.4767158447
2,0,0,3,0.0,0.0,0.0
2,0,0,3,0.0,0.0,0.0
2,0,0,3,0.0,0.0,0.0
2,0,0,3,0.0072004512238966,56.6858059190217,104.283102904351
2,0,0,3,0.0,0.0,0.0
2,0,0,3,0.002676380554395,51.6221811763073,132.03967009988
2,0,0,3,0.0,0.0,0.0
2,0,0,3,0.0,0.0,0.0
2,0,0,3,0.0,0.0,0.0
2,0,0,3,0.0041908991061733,35.9592313212083,67.2578030345024
2,0,0,3,0.0,0.0,0.0
