cost_model,startup,shutdown,n_coefficients,coeff_n,coeff1,coeff0
2,0,0,3,0.0079456116802449,31.2991239779542,2250.1864160204
2,0,0,3,0.0,0.0,0.0
2,0,0,3,0.0057033927747279,38.2963273944368,3700.93023807397
2,0,0,3,0.0,0.0,0.0
2,0,0,3,0.0,0.0,0.0
2,0,0,3,0.0047259342376363,50.4896865589989,139.800396020924
2,0,0,3,0.0,0.0,0.0
2,0,0,3,0.004744386150947,54.7643925767346,305.320583893721
2,0,0,3,0.0066777348232301,28.1242442519651,1665.98402259885
2,0,0,3,0.003821056251966,55.5234767231472,350.698419156313
2,0,0,3,0.0,0.0,0.0
2,0,0,3,0.0,0.0,0.0
2,0,0,3,0.0,0.0,0.0
2,0,0,3,0.0,0.0,0.0
2,0,0,3,0.0048886302144806,30.3287474977398,411.340970536515
2,0,0,3,0.0,0.0,0.0
2,0,0,3,0.0,0.0,0.0
2,0,0,3,0.0072874594950149,55.1631077262694,311.001126166221
2,0,0,3,0.0,0.0,0.0
2,0,0,3,0.0,0.0,0.0
2,0,0,3,0.0022843931727975,45.8137028344874,510.267073898809
2,0,0,3,0.0,0.0,0.0
2,0,0,3,0.0024953430287596,55.2099405389386,70.5731736861517
2,0,0,3,0.0,0.0,0.0
2,0,0,3,0.0,0.0,0.0
2,0,0,3,0.0,0.0,0.0
2,0,0,3,0.0063789103287529,46.798853459224,3749.86783059887
