cost_model,startup,shutdown,n_coefficients,coeff_n,coeff1,coeff0
2,0,0,3,0.0,0.0,0.0
2,0,0,3,0.0,0.0,0.0
2,0,0,3,0.0072256618680927,51.9859820042806,2324.04300810131
2,0,0,3,0.0041312144649588,50.4739552637705,394.236632015002
2,0,0,3,0.0079064373225036,45.319280024059,567.056750580557
2,0,0,3,0.0,0.0,0.0
2,0,0,3,0.0058349394603536,44.6111359598383,492.270064989885
2,0,0,3,0.0,0.0,0.0
2,0,0,3,0.0,0.0,0.0
2,0,0,3,0.0,0.0,0.0
2,0,0,3,0.0,0.0,0.0
2,0,0,3,0.0,0.0,0.0
2,0,0,3,0.0,0.0,0.0
2,0,0,3,0.0049689205837445,56.2097131865828,2322.46826411486
2,0,0,3,0.0,0.0,0.0
2,0,0,3,0.0023733151778437,25.6987164835147,1653.26974428079
2,0,0,3,0.0,0.0,0.0
2,0,0,3,0.0055587206261822,48.2934270366915,1296.55071101406
2,0,0,3,0.0060636607857282,40.1065350311813,2831.65914725656
2,0,0,3,0.0038254116800068,32.3039383311496,114.569544032566
2,0,0,3,0.0,0.0,0.0
2,0,0,3,0.0035560577546913,26.4196074249602,551.088842883696
2,0,0,3,0.0,0.0,0.0
2,0,0,3,0.0,0.0,0.0
2,0,0,3,0.0,0.0,0.0
2,0,0,3,0.0,0.0,0.0
2,0,0,3,0.0,0.0,0.0
2,0,0,3,0.0,0.0,0.0
2,0,0,3,0.0042407226150903,27.904542669942,280.658865833848
