bus_number,P_output,Q_output,voltage_mag,gen_status,P_max,P_min
1,0.0,0,1,0,406.380323040489,0
5,1205.10852742193,0,1,1,1223.18384982707,0
6,83.1766455307738,0,1,1,83.1766455307758,0
7,0.0,0,1,0,622.034277358771,0
18,970.388280452927,0,1,1,970.38828045293,0
21,211.736528303122,0,1,1,211.736528303126,0
30,0.0,0,1,0,346.081413176969,0
36,568.560500141061,0,1,1,568.560500141067,0
37,15.8413100453366,0,1,1,15.8413100453427,0
38,124.658911115465,0,1,1,124.658911115467,0
46,910.255735597971,0,1,1,910.255735597974,0
47,210.709268758938,0,1,1,210.70926875894,0
49,77.986260986994,0,1,1,77.9862609869966,0
50,53.3790545536432,0,1,1,206.528479950836,0
64,0.0,0,1,0,396.362223106478,0
68,1.17671593971967e-09,0,1,1,94.1918524461418,0
70,33.1524191982393,0,1,1,33.1524191982424,0
71,0.0,0,1,0,87.7504180728603,0
72,0.0,0,1,0,677.249164237536,0
73,924.383596101084,0,1,1,924.383596102533,0
78,255.302181626352,0,1,1,255.302181626355,0
84,9.14091794140672e-12,0,1,1,329.478816573364,0
85,0.0,0,1,0,335.184381590405,0
90,37.3429288642658,0,1,1,37.3429288642695,0
91,21.3310254964371,0,1,1,21.3310254964417,0
93,0.0,0,1,0,123.348970505956,0
112,0.0,0,1,0,377.811916399173,0
115,540.838287231265,0,1,1,540.838287231267,0
118,420.65226103401,0,1,1,420.652261034024,0
