cost_model,startup,shutdown,n_coefficients,coeff_n,coeff1,coeff0
2,0,0,3,0.0026956325085031,29.9752531017282,17.8915446041148
2,0,0,3,0.0077073301834846,40.1437841378026,3527.13678776844
2,0,0,3,0.0,0.0,0.0
2,0,0,3,0.002084153454523,39.1339018497528,3824.90432281779
2,0,0,3,0.0065390382821758,49.265273914099,510.512694400814
2,0,0,3,0.0047198036183215,34.8110626036085,1215.6970951722
2,0,0,3,0.0,0.0,0.0
2,0,0,3,0.0,0.0,0.0
2,0,0,3,0.0,0.0,0.0
2,0,0,3,0.0,0.0,0.0
2,0,0,3,0.0,0.0,0.0
2,0,0,3,0.0056363633937837,28.2613990620528,419.808065856742
2,0,0,3,0.0051710013369094,24.7060017719218,2705.1422638623
2,0,0,3,0.0,0.0,0.0
2,0,0,3,0.006683591487684,28.0247208326136,44.8116410438982
2,0,0,3,0.0,0.0,0.0
2,0,0,3,0.0,0.0,0.0
2,0,0,3,0.0,0.0,0.0
2,0,0,3,0.0070558625715023,49.4422865508453,1218.57407841827
2,0,0,3,0.0065293433645868,51.3905161150459,195.303274879137
2,0,0,3,0.0,0.0,0.0
2,0,0,3,0.0,0.0,0.0
2,0,0,3,0.0,0.0,0.0
2,0,0,3,0.0065542330041317,55.0464354504389,1736.16289593873
2,0,0,3,0.0,0.0,0.0
2,0,0,3,0.0,0.0,0.0
2,0,0,3,0.0,0.0,0.0
