cost_model,startup,shutdown,n_coefficients,coeff_n,coeff1,coeff0
2,0,0,3,0.0,0.0,0.0
2,0,0,3,0.0057743115336792,32.5919447244581,1472.01904226477
2,0,0,3,0.0,0.0,0.0
2,0,0,3,0.0,0.0,0.0
2,0,0,3,0.0,0.0,0.0
2,0,0,3,0.0022901599010714,39.2530180776309,315.535672115069
2,0,0,3,0.0052105574481152,49.3227077297714,1137.65390886508
2,0,0,3,0.0058456831342624,44.2335565795282,38.3889067468677
2,0,0,3,0.0054438887179502,38.4121251548488,3199.29227672142
2,0,0,3,0.0062464154506304,47.9575061270604,390.176658155819
2,0,0,3,0.0,0.0,0.0
2,0,0,3,0.0,0.0,0.0
2,0,0,3,0.0,0.0,0.0
2,0,0,3,0.0,0.0,0.0
2,0,0,3,0.0,0.0,0.0
2,0,0,3,0.0059933620374393,27.2342701709143,422.125650696177
2,0,0,3,0.005286343535705,45.9685420981588,142.839839665743
2,0,0,3,0.0,0.0,0.0
2,0,0,3,0.0,0.0,0.0
2,0,0,3,0.0,0.0,0.0
2,0,0,3,0.0055168823433859,40.6869271581,1995.2522588112
2,0,0,3,0.0,0.0,0.0
2,0,0,3,0.0,0.0,0.0
2,0,0,3,0.0,0.0,0.0
2,0,0,3,0.0,0.0,0.0
2,0,0,3,0.0022722231393718,52.0919278612634,430.872075982909
2,0,0,3,0.005861927840384,49.9420297202901,3203.62971785615
2,0,0,3,0.0,0.0,0.0
