bus_number,P_output,Q_output,voltage_mag,gen_status,P_max,P_min
2,74.6602067071184,0,1,1,74.6602067073,0
6,0.0,0,1,0,314.928055539541,0
7,176.671670627592,0,1,1,176.671670627619,0
9,463.154700476745,0,1,1,529.783747419816,0
11,667.79002286155,0,1,1,843.812517756732,0
13,0.0,0,1,0,257.232880885816,0
32,0.0,0,1,0,497.453033037637,0
36,788.354773681381,0,1,1,788.354773681409,0
37,126.032795950517,0,1,1,126.032795950546,0
40,0.0,0,1,0,108.130615173088,0
41,0.0,0,1,0,375.604026970892,0
44,726.385062777949,0,1,1,726.38506277798,0
45,608.660423923256,0,1,1,608.66042392329,0
47,383.470473368302,0,1,1,383.470473368333,0
50,195.76804445816,0,1,1,195.768044458195,0
55,0.0,0,1,0,66.7745066129584,0
56,0.0,0,1,0,370.00007055554,0
64,0.0,0,1,0,341.763085016691,0
66,44.8493726339604,0,1,1,126.779665872881,0
70,157.354472329507,0,1,1,157.354472329536,0
76,741.174660831302,0,1,1,741.174660831353,0
79,29.2067613406931,0,1,1,29.2067613407659,0
82,167.92324126023,0,1,1,167.923241260258,0
96,8.55907183218829,0,1,1,8.55907183221176,0
97,0.0,0,1,0,151.271257939598,0
100,161.93108459064,0,1,1,161.931084590667,0
101,178.884720939002,0,1,1,178.88472093903,0
102,54.0251221012222,0,1,1,54.0251221012474,0
107,635.184583962416,0,1,1,635.184583962576,0
110,53.5493408461347,0,1,1,53.5493408461603,0
113,97.0659540229188,0,1,1,584.053416409277,0
115,124.147160938237,0,1,1,124.147160938251,0
