cost_model,startup,shutdown,n_coefficients,coeff_n,coeff1,coeff0
2,0,0,3,0.0046079517881153,33.6953442777902,287.906203345239
2,0,0,3,0.0041620046467824,51.1351135378371,435.793035933691
2,0,0,3,0.0,0.0,0.0
2,0,0,3,0.0,0.0,0.0
2,0,0,3,0.0,0.0,0.0
2,0,0,3,0.0,0.0,0.0
2,0,0,3,0.0040734024417421,38.0277695090897,228.759141870585
2,0,0,3,0.0,0.0,0.0
2,0,0,3,0.0,0.0,0.0
2,0,0,3,0.0024840355673174,29.3219282805569,2482.46050573735
2,0,0,3,0.0036854324951062,53.4080282972855,279.180781292529
2,0,0,3,0.0072805317449917,40.2458062110409,579.811510225764
2,0,0,3,0.0,0.0,0.0
2,0,0,3,0.0,0.0,0.0
2,0,0,3,0.0,0.0,0.0
2,0,0,3,0.0,0.0,0.0
2,0,0,3,0.0026599610723415,39.55380132681,3240.93344229021
2,0,0,3,0.0,0.0,0.0
2,0,0,3,0.0070345777974337,27.3090207760575,3848.54735958673
2,0,0,3,0.0,0.0,0.0
2,0,0,3,0.0,0.0,0.0
2,0,0,3,0.0031624741779662,33.2948978886169,689.350200105845
2,0,0,3,0.003257294522286,47.320409647515,2421.52462690137
2,0,0,3,0.0055440557115777,27.2466754152231,1442.13700606264
2,0,0,3,0.0,0.0,0.0
2,0,0,3,0.0,0.0,0.0
2,0,0,3,0.0,0.0,0.0
