cost_model,startup,shutdown,n_coefficients,coeff_n,coeff1,coeff0
2,0,0,3,0.0032563773940475,41.6474961700028,1798.54970310518
2,0,0,3,0.0,0.0,0.0
2,0,0,3,0.007223548418526,23.3115527296793,1335.04032067434
2,0,0,3,0.0,0.0,0.0
2,0,0,3,0.0040013591206675,36.2488271689631,1317.55972615602
2,0,0,3,0.006549242423042,53.0103090785912,585.270891867259
2,0,0,3,0.0,0.0,0.0
2,0,0,3,0.0035374095030725,47.6807822755033,279.356305496129
2,0,0,3,0.0,0.0,0.0
2,0,0,3,0.0056052627809269,27.7976390974431,733.823377002513
2,0,0,3,0.0,0.0,0.0
2,0,0,3,0.0,0.0,0.0
2,0,0,3,0.0,0.0,0.0
2,0,0,3,0.0,0.0,0.0
2,0,0,3,0.0,0.0,0.0
2,0,0,3,0.0,0.0,0.0
2,0,0,3,0.0,0.0,0.0
2,0,0,3,0.0045480721895687,51.8374061330557,344.588699405843
2,0,0,3,0.0,0.0,0.0
2,0,0,3,0.0,0.0,0.0
2,0,0,3,0.0,0.0,0.0
2,0,0,3,0.0062120625084375,23.4340021878707,2691.90646783238
2,0,0,3,0.0,0.0,0.0
2,0,0,3,0.0,0.0,0.0
2,0,0,3,0.0,0.0,0.0
2,0,0,3,0.0060564525094857,45.1785380651905,45.8732024506711
2,0,0,3,0.0,0.0,0.0
2,0,0,3,0.0066999414175219,47.5843311402003,356.579327015247
2,0,0,3,0.0056487697804346,51.946053892278,212.762818508578
