cost_model,startup,shutdown,n_coefficients,coeff_n,coeff1,coeff0
2,0,0,3,0.0,0.0,0.0
2,0,0,3,0.0045260532375163,50.7943391944545,2170.43634339434
2,0,0,3,0.0040442279391515,43.3513676531931,2482.72084583795
2,0,0,3,0.0,0.0,0.0
2,0,0,3,0.0042057996446615,48.2023935751678,493.051822804873
2,0,0,3,0.0,0.0,0.0
2,0,0,3,0.0026450040543405,24.7464820505916,187.264575036466
2,0,0,3,0.0,0.0,0.0
2,0,0,3,0.0,0.0,0.0
2,0,0,3,0.0,0.0,0.0
2,0,0,3,0.0049587058784837,27.1366770106629,1795.26301840697
2,0,0,3,0.0,0.0,0.0
2,0,0,3,0.0065892051025713,26.4583166932354,353.378063143573
2,0,0,3,0.0034288003510333,42.7760319172563,849.355285224358
2,0,0,3,0.0,0.0,0.0
2,0,0,3,0.0,0.0,0.0
2,0,0,3,0.0,0.0,0.0
2,0,0,3,0.0,0.0,0.0
2,0,0,3,0.0,0.0,0.0
2,0,0,3,0.0,0.0,0.0
2,0,0,3,0.0,0.0,0.0
2,0,0,3,0.0,0.0,0.0
2,0,0,3,0.0028758357334654,31.625664683612,3227.26408114862
2,0,0,3,0.0069140399997897,39.5825321968333,578.122153462093
2,0,0,3,0.0045115510499057,23.1332204383089,185.151797355719
