bus_number,P_output,Q_output,voltage_mag,gen_status,P_max,P_min
3,208.700818111979,0,1,1,208.700818111979,0
10,237.033411625284,0,1,1,341.102969450036,0
17,943.230413839182,0,1,1,1412.98577349854,0
27,732.612190766157,0,1,1,1192.83194244533,0
28,363.831001129324,0,1,1,363.831001129324,0
29,38.6734724025692,0,1,1,38.6734724025692,0
30,0.0,0,1,0,725.202922986181,0
37,1.1441728849804699e-16,0,1,1,187.572642488953,0
39,3.9538965647413303e-20,0,1,1,19.2086735926704,0
43,298.333034192643,0,1,1,309.97079447584,0
48,637.523005360966,0,1,1,637.523005360966,0
61,0.0,0,1,0,430.83920954915,0
68,322.832249876245,0,1,1,322.832249876245,0
74,139.163166417761,0,1,1,139.163166417761,0
77,687.741913697983,0,1,1,687.741913697983,0
80,0.0,0,1,0,701.342115794162,0
82,345.810182093524,0,1,1,408.253131354639,0
84,0.0,0,1,0,421.258131139133,0
92,455.283313452058,0,1,1,579.191858090166,0
97,2.92795461207279e-16,0,1,1,139.151742876564,0
99,358.680792992956,0,1,1,358.680792992956,0
102,413.220235788168,0,1,1,413.220235788168,0
103,62.4148499926866,0,1,1,121.053624811245,0
104,7.737626663660381e-15,0,1,1,412.308406991065,0
105,352.377823236719,0,1,1,352.377823236719,0
111,22.2629275881084,0,1,1,22.2629275881084,0
112,45.0789198967153,0,1,1,68.9371780630972,0
