cost_model,startup,shutdown,n_coefficients,coeff_n,coeff1,coeff0
2,0,0,3,0.0,0.0,0.0
2,0,0,3,0.0041677874156619,50.163991984678,2815.01760673199
2,0,0,3,0.0067756925831064,28.341124075054,3552.96200455619
2,0,0,3,0.0,0.0,0.0
2,0,0,3,0.0,0.0,0.0
2,0,0,3,0.0071791918518797,45.0475648164209,13.7203607274962
2,0,0,3,0.0074836693177102,50.1007265254611,571.674578892062
2,0,0,3,0.0,0.0,0.0
2,0,0,3,0.0068483863726231,26.898346161679,304.804330914367
2,0,0,3,0.0,0.0,0.0
2,0,0,3,0.0,0.0,0.0
2,0,0,3,0.0070757923981531,43.5096585782763,2489.25994556453
2,0,0,3,0.0,0.0,0.0
2,0,0,3,0.0,0.0,0.0
2,0,0,3,0.0,0.0,0.0
2,0,0,3,0.0,0.0,0.0
2,0,0,3,0.0,0.0,0.0
2,0,0,3,0.0,0.0,0.0
2,0,0,3,0.0079789323923649,36.237443676077,3330.35379216431
2,0,0,3,0.0049601381043099,23.6134906654065,440.998099547595
2,0,0,3,0.0046726513895264,34.9674746826887,3489.09317621721
2,0,0,3,0.0,0.0,0.0
2,0,0,3,0.0068274116755213,52.2399144991023,63.4030017663173
2,0,0,3,0.0031023735851489,50.4883453284953,241.287224773157
2,0,0,3,0.0,0.0,0.0
2,0,0,3,0.0,0.0,0.0
2,0,0,3,0.0,0.0,0.0
