bus_number,P_output,Q_output,voltage_mag,gen_status,P_max,P_min
2,301.912815310748,0,1,1,301.912815318182,0
4,26.2080552567706,0,1,1,26.2080552573223,0
14,1110.0791019347,0,1,1,1110.07910195098,0
15,42.0781309470195,0,1,1,42.078130923605,0
26,1.59244178578313e-06,0,1,1,2.89102828278671,0
27,0.0,0,1,0,481.741315718626,0
29,0.0,0,1,0,81.93562089754,0
36,81.6219652902691,0,1,1,81.6219738393137,0
39,66.251108432861,0,1,1,66.2511084503869,0
41,58.15540985446,0,1,1,133.16262553788,0
43,137.414518244759,0,1,1,137.414518289986,0
50,1362.29659726654,0,1,1,1422.62541784811,0
51,680.267787491585,0,1,1,680.267787502789,0
56,0.0,0,1,0,656.348931566714,0
68,1074.64865990725,0,1,1,1214.50730690995,0
72,86.7896886370422,0,1,1,86.7896886293996,0
75,0.0,0,1,0,618.41055065141,0
78,73.8997602125269,0,1,1,73.899760203528,0
83,20.0682954522829,0,1,1,20.0682954482091,0
87,0.0,0,1,0,201.916390427416,0
95,37.786358849759,0,1,1,37.7863588445227,0
98,827.850583043673,0,1,1,827.850583054028,0
99,0.0,0,1,0,609.054721704759,0
103,0.0,0,1,0,371.361157192928,0
106,0.0,0,1,0,668.244097523214,0
117,677.474884691489,0,1,1,677.474884798214,0
