cost_model,startup,shutdown,n_coefficients,coeff_n,coeff1,coeff0
2,0,0,3,0.0,0.0,0.0
2,0,0,3,0.0023440565414606,24.0605511401839,2583.84137072476
2,0,0,3,0.0,0.0,0.0
2,0,0,3,0.0,0.0,0.0
2,0,0,3,0.0064443623705916,48.0386412529067,2716.81655753299
2,0,0,3,0.0041014916945637,36.6327735435261,3046.2179426568
2,0,0,3,0.0071005985610876,44.6094466203741,385.971594966561
2,0,0,3,0.004995986870983,34.7490527060064,443.825518265465
2,0,0,3,0.0,0.0,0.0
2,0,0,3,0.0028309267345263,40.8446785653009,512.808581387005
2,0,0,3,0.0,0.0,0.0
2,0,0,3,0.0,0.0,0.0
2,0,0,3,0.0,0.0,0.0
2,0,0,3,0.0,0.0,0.0
2,0,0,3,0.0,0.0,0.0
2,0,0,3,0.0,0.0,0.0
2,0,0,3,0.0036210049237312,33.4021750903155,77.4980208493295
2,0,0,3,0.0,0.0,0.0
2,0,0,3,0.0,0.0,0.0
2,0,0,3,0.0038931214549391,52.3637779882744,1640.84398245974
2,0,0,3,0.0,0.0,0.0
2,0,0,3,0.0,0.0,0.0
2,0,0,3,0.0,0.0,0.0
2,0,0,3,0.0054385267764664,35.6842200759898,3076.74458703834
2,0,0,3,0.0,0.0,0.0
2,0,0,3,0.00793788437951,46.6544887607983,245.650647497244
2,0,0,3,0.0075788278873485,43.8686532279791,3818.35287242561
