cost_model,startup,shutdown,n_coefficients,coeff_n,coeff1,coeff0
2,0,0,3,0.0,0.0,0.0
2,0,0,3,0.0073719544316405,48.971966467775,2564.59378823072
2,0,0,3,0.0057770972881545,42.0610804577457,457.64820725462
2,0,0,3,0.0,0.0,0.0
2,0,0,3,0.0072551826197385,30.9940228258124,1683.70303999749
2,0,0,3,0.0043320297197364,28.9032976137586,1479.3038556979
2,0,0,3,0.0046805677053282,48.0896216743652,1475.89766270632
2,0,0,3,0.0051389388136968,55.9163961491725,5.32425574487805
2,0,0,3,0.0065276860481961,42.7611933724975,499.847102657213
2,0,0,3,0.0,0.0,0.0
2,0,0,3,0.0,0.0,0.0
2,0,0,3,0.0,0.0,0.0
2,0,0,3,0.0,0.0,0.0
2,0,0,3,0.0,0.0,0.0
2,0,0,3,0.0051158167957574,41.6629894715875,305.56111014205
2,0,0,3,0.0,0.0,0.0
2,0,0,3,0.0,0.0,0.0
2,0,0,3,0.0,0.0,0.0
2,0,0,3,0.0,0.0,0.0
2,0,0,3,0.0,0.0,0.0
2,0,0,3,0.0,0.0,0.0
2,0,0,3,0.0,0.0,0.0
2,0,0,3,0.0,0.0,0.0
2,0,0,3,0.0078210988270398,29.6200187549286,291.495098177953
2,0,0,3,0.004036400029607,45.9408611581793,404.084805395757
2,0,0,3,0.0,0.0,0.0
2,0,0,3,0.0065081237555344,37.4743651893845,97.8608385080515
