bus_number,P_output,Q_output,voltage_mag,gen_status,P_max,P_min
8,0.0,0,1,0,385.574615948548,0
9,0.0,0,1,0,460.71072349127,0
19,0.0,0,1,0,356.600535301832,0
28,28.2315634214648,0,1,1,28.2315634224005,0
32,200.475855285664,0,1,1,200.475855285659,0
33,88.1464086242591,0,1,1,88.1464086242553,0
34,189.266057568682,0,1,1,189.266057568647,0
35,31.1380185377359,0,1,1,31.138018537777,0
42,1491.98298108022,0,1,1,2333.74706109929,0
45,1796.83783392025,0,1,1,1796.83783392057,0
47,7.14086397059932,0,1,1,7.14086397063069,0
52,0.0,0,1,0,172.296861209834,0
59,0.0,0,1,0,759.806420720877,0
60,142.977676271971,0,1,1,142.977676272027,0
72,1252.01184958528,0,1,1,1267.94496329636,0
84,88.0748503059409,0,1,1,88.0748503059378,0
86,0.0,0,1,0,211.935982972801,0
90,26.0646621704468,0,1,1,26.0646621704503,0
91,8.89408522240681,0,1,1,8.8940852224724,0
96,656.704949324367,0,1,1,656.704949324412,0
100,114.828694144304,0,1,1,114.828694144326,0
104,247.204386093575,0,1,1,247.204386093629,0
106,27.7030793409446,0,1,1,27.7030793409054,0
107,216.989142834911,0,1,1,249.294966523684,0
108,0.0,0,1,0,320.254977013672,0
115,0.0,0,1,0,409.915370230532,0
117,50.1307647578857,0,1,1,50.1307647590073,0
