cost_model,startup,shutdown,n_coefficients,coeff_n,coeff1,coeff0
2,0,0,3,0.0061568275499145,28.6040185618794,254.331845448368
2,0,0,3,0.0,0.0,0.0
2,0,0,3,0.0057755923711188,25.7971839773918,3363.27729107627
2,0,0,3,0.0,0.0,0.0
2,0,0,3,0.0060160684165124,31.8678120910528,362.123301352178
2,0,0,3,0.0,0.0,0.0
2,0,0,3,0.0070793586973267,54.1799923852207,3492.92912512114
2,0,0,3,0.0,0.0,0.0
2,0,0,3,0.0072856727415122,38.3710959922709,428.237734952353
2,0,0,3,0.0033643995087187,25.4137294770146,3657.77035059486
2,0,0,3,0.0,0.0,0.0
2,0,0,3,0.0,0.0,0.0
2,0,0,3,0.0,0.0,0.0
2,0,0,3,0.0,0.0,0.0
2,0,0,3,0.0,0.0,0.0
2,0,0,3,0.0054842455039417,37.8231003501708,405.240343885607
2,0,0,3,0.0,0.0,0.0
2,0,0,3,0.0070539022330158,47.6144899592467,3478.2878026063
2,0,0,3,0.0,0.0,0.0
2,0,0,3,0.0,0.0,0.0
2,0,0,3,0.0,0.0,0.0
2,0,0,3,0.0,0.0,0.0
2,0,0,3,0.0,0.0,0.0
2,0,0,3,0.0078726390976697,50.8714121359026,278.92157175009
2,0,0,3,0.0060060432475894,43.9986121974363,410.220346843316
2,0,0,3,0.0031018436488182,40.5195523103337,563.333801491943
2,0,0,3,0.0,0.0,0.0
