bus_number,P_output,Q_output,voltage_mag,gen_status,P_max,P_min
1,21.6343733184914,0,1,1,21.6343733185956,0
2,0.0,0,1,0,456.414736793903,0
4,0.0,0,1,0,274.412768619954,0
9,494.030427556698,0,1,1,494.030427557088,0
11,260.32701275945,0,1,1,260.32701275955,0
12,0.0,0,1,0,385.611447102563,0
14,513.216744409364,0,1,1,513.216744409748,0
15,872.346095802098,0,1,1,1171.47388747098,0
19,427.116792018357,0,1,1,427.116792018742,0
28,1091.91287910355,0,1,1,1091.91287910361,0
33,89.0567550511382,0,1,1,89.0567550512048,0
36,0.0,0,1,0,357.862196261402,0
38,763.799017265908,0,1,1,993.039259676751,0
39,0.0,0,1,0,290.231837379413,0
50,0.0,0,1,0,285.332696904214,0
57,39.9319190981865,0,1,1,80.7189994203019,0
61,599.330491656065,0,1,1,599.330491657943,0
65,125.716450015887,0,1,1,125.716450015888,0
66,1.98952394140195e-10,0,1,1,264.846579437436,0
70,0.0,0,1,0,291.782842737666,0
81,0.0,0,1,0,133.57137303768,0
85,186.619391838289,0,1,1,186.619391838637,0
91,0.0,0,1,0,455.116785674022,0
96,1046.11722582488,0,1,1,1046.1172258252,0
106,83.2227959543234,0,1,1,259.469201443143,0
114,2.92418047298621e-11,0,1,1,26.513720467102,0
117,50.4253507881077,0,1,1,50.425350789063,0
