cost_model,startup,shutdown,n_coefficients,coeff_n,coeff1,coeff0
2,0,0,3,0.0028741818982059,33.2145897707582,3220.51054360746
2,0,0,3,0.0048047851555462,49.6016800405362,1971.08932344014
2,0,0,3,0.0043262344536133,50.8262115886489,280.16793508949
2,0,0,3,0.0,0.0,0.0
2,0,0,3,0.0,0.0,0.0
2,0,0,3,0.0,0.0,0.0
2,0,0,3,0.0059622022375793,24.8701934177944,1622.89518000361
2,0,0,3,0.0,0.0,0.0
2,0,0,3,0.0,0.0,0.0
2,0,0,3,0.0057482134156111,39.5803239023232,421.682640040944
2,0,0,3,0.0029464023649553,34.7321466254294,235.647669243797
2,0,0,3,0.0,0.0,0.0
2,0,0,3,0.0034369200788626,30.1504562273307,2084.6393541493
2,0,0,3,0.0,0.0,0.0
2,0,0,3,0.0,0.0,0.0
2,0,0,3,0.0,0.0,0.0
2,0,0,3,0.0,0.0,0.0
2,0,0,3,0.0,0.0,0.0
2,0,0,3,0.0,0.0,0.0
2,0,0,3,0.0058723075910173,55.6758121446976,3079.8849276023
2,0,0,3,0.004857250960975,46.4444088549313,521.429099140051
2,0,0,3,0.0,0.0,0.0
2,0,0,3,0.0043622756916959,34.2245698294458,414.645590103388
2,0,0,3,0.0,0.0,0.0
2,0,0,3,0.0,0.0,0.0
2,0,0,3,0.0039905264179172,55.3449765090297,52.134265913423
2,0,0,3,0.0044892993577987,51.558085874434,340.266071580952
2,0,0,3,0.0,0.0,0.0
2,0,0,3,0.0,0.0,0.0
2,0,0,3,0.0,0.0,0.0
