bus_number,P_output,Q_output,voltage_mag,gen_status,P_max,P_min
5,46.9724500112828,0,1,1,46.9724500112828,0
12,1332.23371765092,0,1,1,1387.33507313546,0
14,685.25631658978,0,1,1,685.25631658978,0
19,433.194561330962,0,1,1,950.992625996015,0
21,188.754184777632,0,1,1,285.319928003136,0
22,0.0,0,1,0,377.460686830312,0
24,1260.85723515108,0,1,1,1260.85723515108,0
30,0.0,0,1,0,112.360867684037,0
32,0.0,0,1,0,394.59010236345,0
39,81.3313893150852,0,1,1,81.3313893150852,0
50,263.675879029947,0,1,1,263.675879029947,0
53,143.14832714285,0,1,1,143.14832714285,0
61,0.0,0,1,0,561.509402104922,0
68,137.820771128928,0,1,1,137.820771128928,0
70,107.833094227002,0,1,1,107.833094227002,0
81,93.7750850179419,0,1,1,93.7750850179419,0
85,87.8235477288321,0,1,1,87.8235477288321,0
86,105.764968286019,0,1,1,105.764968286019,0
87,630.523856525855,0,1,1,634.357519933823,0
88,49.2450858728668,0,1,1,49.2450858728668,0
89,36.4084936279099,0,1,1,36.4084936279099,0
98,0.0,0,1,0,626.276190556597,0
99,135.338778840425,0,1,1,294.905463307075,0
100,0.0,0,1,0,382.995632864216,0
103,0.0,0,1,0,427.415705704016,0
104,696.338374359173,0,1,1,696.338374359173,0
106,148.507605846543,0,1,1,148.507605846543,0
107,0.0,0,1,0,220.414380613579,0
112,0.0,0,1,0,31.2100243399317,0
