cost_model,startup,shutdown,n_coefficients,coeff_n,coeff1,coeff0
2,0,0,3,0.0035537921546707,41.6422380817842,3072.88685523065
2,0,0,3,0.0,0.0,0.0
2,0,0,3,0.0,0.0,0.0
2,0,0,3,0.0059784445336543,36.1959100405957,3124.33718683556
2,0,0,3,0.0073670971522364,31.0662266588899,524.745660142609
2,0,0,3,0.0,0.0,0.0
2,0,0,3,0.0034706976871908,40.8445589449602,476.120702650152
2,0,0,3,0.0056809295996074,33.0033077154663,3351.46853787521
2,0,0,3,0.0,0.0,0.0
2,0,0,3,0.0038176580325572,48.8254798526186,350.601221764211
2,0,0,3,0.0071608101541732,42.4093331570914,1446.57029537687
2,0,0,3,0.0,0.0,0.0
2,0,0,3,0.0,0.0,0.0
2,0,0,3,0.0,0.0,0.0
2,0,0,3,0.0043414694728107,31.6557159663886,462.023271154469
2,0,0,3,0.0,0.0,0.0
2,0,0,3,0.0,0.0,0.0
2,0,0,3,0.0,0.0,0.0
2,0,0,3,0.0,0.0,0.0
2,0,0,3,0.0,0.0,0.0
2,0,0,3,0.0,0.0,0.0
2,0,0,3,0.0056348864811179,33.3034511162039,2850.08782551751
2,0,0,3,0.0,0.0,0.0
2,0,0,3,0.0,0.0,0.0
2,0,0,3,0.0023152230253847,25.3724018685018,314.600921488424
2,0,0,3,0.0,0.0,0.0
2,0,0,3,0.0059878784500481,25.4868372528231,264.103467525709
