bus_number,P_output,Q_output,voltage_mag,gen_status,P_max,P_min
4,1583.82233723889,0,1,1,1583.82233723975,0
6,59.3785350463531,0,1,1,59.3785350465341,0
10,402.08890783102,0,1,1,402.0889078315,0
25,0.0,0,1,0,525.704826481972,0
31,180.095516179714,0,1,1,231.071240809231,0
32,139.810174357533,0,1,1,189.780666618727,0
41,165.722578241022,0,1,1,165.722578241394,0
55,86.3450813617775,0,1,1,86.3450813619043,0
59,0.161341155308475,0,1,1,36.2222117332562,0
61,27.4218892053909,0,1,1,167.36534640837,0
62,1318.85511272679,0,1,1,1318.85511272698,0
64,0.0,0,1,0,160.236340087554,0
69,598.452432730809,0,1,1,1062.86094241824,0
70,379.165161419376,0,1,1,379.165161419932,0
76,14.5743842380461,0,1,1,14.5743842382361,0
78,0.0,0,1,0,569.035661996524,0
84,1117.27400372175,0,1,1,1117.27400372236,0
86,0.0,0,1,0,344.74962142008,0
96,18.1176134495382,0,1,1,127.399259848345,0
100,100.585698929393,0,1,1,100.585698929874,0
104,0.730202024879573,0,1,1,0.730202025042163,0
107,265.105686875435,0,1,1,265.105686875675,0
110,8.89986068093371e-10,0,1,1,521.495111985056,0
111,458.0147019801,0,1,1,458.014701980366,0
