cost_model,startup,shutdown,n_coefficients,coeff_n,coeff1,coeff0
2,0,0,3,0.0032896212325673,51.9509662892589,3628.68097796402
2,0,0,3,0.0058612526216495,37.4516177897037,1287.82361508302
2,0,0,3,0.0,0.0,0.0
2,0,0,3,0.0053524722243107,51.6523420416647,878.565328936896
2,0,0,3,0.0,0.0,0.0
2,0,0,3,0.0,0.0,0.0
2,0,0,3,0.0,0.0,0.0
2,0,0,3,0.0,0.0,0.0
2,0,0,3,0.0,0.0,0.0
2,0,0,3,0.0,0.0,0.0
2,0,0,3,0.0,0.0,0.0
2,0,0,3,0.0,0.0,0.0
2,0,0,3,0.0,0.0,0.0
2,0,0,3,0.0,0.0,0.0
2,0,0,3,0.0070176422051004,54.1183750011659,3376.98482167338
2,0,0,3,0.0,0.0,0.0
2,0,0,3,0.0,0.0,0.0
2,0,0,3,0.0064571803846828,37.0625167270055,63.2970205015605
2,0,0,3,0.0071854222485375,28.2811576940512,35.7356495158014
2,0,0,3,0.0062815272825183,37.8985492681774,2471.79930103198
2,0,0,3,0.0068239565331188,36.9143079493622,434.056018859514
2,0,0,3,0.0064216833250934,29.0475537162542,373.607988840371
2,0,0,3,0.0046891465576263,46.2504426897247,3652.75952736752
2,0,0,3,0.0,0.0,0.0
2,0,0,3,0.0,0.0,0.0
2,0,0,3,0.0,0.0,0.0
2,0,0,3,0.0,0.0,0.0
2,0,0,3,0.0,0.0,0.0
2,0,0,3,0.0067523837227159,37.7694380821517,599.402405939788
