cost_model,startup,shutdown,n_coefficients,coeff_n,coeff1,coeff0
2,0,0,3,0.00459127884255,23.4371028270015,3385.99992366885
2,0,0,3,0.0,0.0,0.0
2,0,0,3,0.0,0.0,0.0
2,0,0,3,0.0,0.0,0.0
2,0,0,3,0.0022640110226437,30.611231574975,2230.78562340389
2,0,0,3,0.0077947152113648,36.0623846644635,503.180405129245
2,0,0,3,0.0036449161227885,23.5908358239242,589.800102504162
2,0,0,3,0.0020036290491721,29.0054964439336,528.474202090114
2,0,0,3,0.0,0.0,0.0
2,0,0,3,0.0,0.0,0.0
2,0,0,3,0.0055239222823253,41.7710509393773,64.3383076365548
2,0,0,3,0.0031206954506083,49.9861620955538,1078.5689507249
2,0,0,3,0.0,0.0,0.0
2,0,0,3,0.0,0.0,0.0
2,0,0,3,0.0,0.0,0.0
2,0,0,3,0.0,0.0,0.0
2,0,0,3,0.0072300576851409,29.447232564261,2042.80048341444
2,0,0,3,0.0052775204247817,29.9226170011772,582.920883931171
2,0,0,3,0.0,0.0,0.0
2,0,0,3,0.0073850702250205,25.9510365593619,3507.18838146279
2,0,0,3,0.0,0.0,0.0
2,0,0,3,0.0,0.0,0.0
2,0,0,3,0.0,0.0,0.0
2,0,0,3,0.0,0.0,0.0
2,0,0,3,0.0,0.0,0.0
2,0,0,3,0.0,0.0,0.0
2,0,0,3,0.0033115750521081,27.4356527092699,508.377701247698
2,0,0,3,0.0,0.0,0.0
