cost_model,startup,shutdown,n_coefficients,coeff_n,coeff1,coeff0
2,0,0,3,0.0052700716209956,30.8040098331193,511.998002087573
2,0,0,3,0.0072263796795928,23.3520346359599,2101.65297132557
2,0,0,3,0.0,0.0,0.0
2,0,0,3,0.0,0.0,0.0
2,0,0,3,0.0044131246563373,51.2318831965589,296.878686571554
2,0,0,3,0.0,0.0,0.0
2,0,0,3,0.0,0.0,0.0
2,0,0,3,0.0,0.0,0.0
2,0,0,3,0.0047995604461141,36.7886739576229,439.95416113563
2,0,0,3,0.0,0.0,0.0
2,0,0,3,0.0,0.0,0.0
2,0,0,3,0.0070457048793682,27.9511384499802,3548.04613040208
2,0,0,3,0.0,0.0,0.0
2,0,0,3,0.0063381397601832,50.4374217802927,389.642289396058
2,0,0,3,0.0,0.0,0.0
2,0,0,3,0.0,0.0,0.0
2,0,0,3,0.007043299449066,45.2396885399607,279.128681680466
2,0,0,3,0.0034663825009405,31.0752829728402,1640.58214543573
2,0,0,3,0.0,0.0,0.0
2,0,0,3,0.0,0.0,0.0
2,0,0,3,0.0062466396744404,27.2772625224875,1623.59103925345
2,0,0,3,0.0044310348438805,42.9128345396648,3391.34485487694
2,0,0,3,0.0,0.0,0.0
2,0,0,3,0.0,0.0,0.0
2,0,0,3,0.0072769017502881,47.9935214222421,219.160574518869
2,0,0,3,0.0,0.0,0.0
2,0,0,3,0.0,0.0,0.0
