cost_model,startup,shutdown,n_coefficients,coeff_n,coeff1,coeff0
2,0,0,3,0.0042783012046351,43.7551919546877,2219.13607858325
2,0,0,3,0.0,0.0,0.0
2,0,0,3,0.0,0.0,0.0
2,0,0,3,0.0,0.0,0.0
2,0,0,3,0.005189700401013,33.2289043006938,2046.59292307327
2,0,0,3,0.0,0.0,0.0
2,0,0,3,0.0,0.0,0.0
2,0,0,3,0.0,0.0,0.0
2,0,0,3,0.0,0.0,0.0
2,0,0,3,0.0023415068716535,51.757694195264,23.0653098918672
2,0,0,3,0.0,0.0,0.0
2,0,0,3,0.0,0.0,0.0
2,0,0,3,0.0056460147900241,27.2150185099865,3622.33424805511
2,0,0,3,0.0,0.0,0.0
2,0,0,3,0.0,0.0,0.0
2,0,0,3,0.0,0.0,0.0
2,0,0,3,0.0075289815464179,29.5824190056953,1828.54126519351
2,0,0,3,0.0028805098918283,25.2262397559896,9.75838435181822
2,0,0,3,0.0055973209442263,53.267385732383,825.286621605644
2,0,0,3,0.0,0.0,0.0
2,0,0,3,0.0024561010753413,29.5577447303168,96.9985036589344
2,0,0,3,0.0067825790044813,24.523193747743,3548.69335703609
2,0,0,3,0.0055968074012646,31.1515542609182,256.38996136482
2,0,0,3,0.0,0.0,0.0
2,0,0,3,0.0,0.0,0.0
2,0,0,3,0.0,0.0,0.0
2,0,0,3,0.0071201159015762,48.7038493593079,100.118812204139
2,0,0,3,0.0,0.0,0.0
