cost_model,startup,shutdown,n_coefficients,coeff_n,coeff1,coeff0
2,0,0,3,0.0039825206466126,26.3281830598554,3586.84338925181
2,0,0,3,0.0,0.0,0.0
2,0,0,3,0.0058851438628685,29.9450765367639,1567.10565338152
2,0,0,3,0.0,0.0,0.0
2,0,0,3,0.0,0.0,0.0
2,0,0,3,0.0047518137135019,38.9386314657901,152.6211522823
2,0,0,3,0.0067969769021758,49.7251721760776,3725.24126884566
2,0,0,3,0.0022802609307724,52.4581419787454,375.291492398959
2,0,0,3,0.0,0.0,0.0
2,0,0,3,0.0,0.0,0.0
2,0,0,3,0.0,0.0,0.0
2,0,0,3,0.0,0.0,0.0
2,0,0,3,0.0044402583427887,35.3194918086526,201.499916137264
2,0,0,3,0.0053399090676557,56.3651308096266,2402.47792418941
2,0,0,3,0.0039394994220141,50.0613768856163,495.199758751553
2,0,0,3,0.0,0.0,0.0
2,0,0,3,0.0,0.0,0.0
2,0,0,3,0.0,0.0,0.0
2,0,0,3,0.0029331021876432,53.3325450842705,3714.78250412572
2,0,0,3,0.0,0.0,0.0
2,0,0,3,0.0034801478167886,46.1611731347675,337.786349636269
2,0,0,3,0.0,0.0,0.0
2,0,0,3,0.0,0.0,0.0
2,0,0,3,0.0,0.0,0.0
2,0,0,3,0.0,0.0,0.0
2,0,0,3,0.0,0.0,0.0
2,0,0,3,0.0054669821282164,32.1604237613318,325.094043481853
