bus_number,P_output,Q_output,voltage_mag,gen_status,P_max,P_min
3,478.086344753865,0,1,1,478.086344753871,0
4,9.71837827393501,0,1,1,9.71837827398341,0
7,741.747313762895,0,1,1,1961.01423111599,0
9,1407.44279672638,0,1,1,1407.44279672638,0
13,783.862678919679,0,1,1,783.862678919705,0
14,370.295025048553,0,1,1,370.295025048566,0
22,364.854743221668,0,1,1,364.854743221668,0
29,508.135280749345,0,1,1,508.135280749348,0
32,223.339978076457,0,1,1,223.339978076464,0
34,0.0,0,1,0,509.910524549856,0
35,0.0,0,1,0,93.8870397913017,0
43,67.0664808499984,0,1,1,67.0664808499958,0
44,207.874823616539,0,1,1,207.874823616537,0
49,264.84833198257,0,1,1,264.848331982589,0
56,248.508031802908,0,1,1,248.508031802905,0
60,177.725018985021,0,1,1,177.725018985014,0
63,0.0,0,1,0,405.354561297822,0
65,0.0,0,1,0,872.696349532,0
67,68.0904861197051,0,1,1,68.0904861197032,0
71,0.0,0,1,0,719.388065672704,0
73,41.2744919685653,0,1,1,41.2744919685639,0
96,86.616293014455,0,1,1,86.6162930145303,0
97,6.70825102636198,0,1,1,153.303297140186,0
103,148.222160160459,0,1,1,148.222160160457,0
111,214.237879680513,0,1,1,214.237879680515,0
112,201.14903529687,0,1,1,201.149035296878,0
118,44.9998984242687,0,1,1,44.9998984242701,0
