cost_model,startup,shutdown,n_coefficients,coeff_n,coeff1,coeff0
2,0,0,3,0.0029285580018173,29.3039855312442,1424.05375405512
2,0,0,3,0.0060175278516819,31.2934469401592,742.424161124055
2,0,0,3,0.0035535136110304,30.4141183681937,540.301014775654
2,0,0,3,0.0,0.0,0.0
2,0,0,3,0.0045323760851711,41.7255745865102,230.289111670747
2,0,0,3,0.0,0.0,0.0
2,0,0,3,0.0,0.0,0.0
2,0,0,3,0.0056786762959543,26.5241515812673,494.616999242267
2,0,0,3,0.0,0.0,0.0
2,0,0,3,0.0049887712616232,48.7115766304045,1592.47403300615
2,0,0,3,0.0077882875011764,27.118233383393,40.18344596105
2,0,0,3,0.0070088928663892,52.2109035298417,171.496384833851
2,0,0,3,0.0,0.0,0.0
2,0,0,3,0.0,0.0,0.0
2,0,0,3,0.0,0.0,0.0
2,0,0,3,0.004898679386332,49.2556267382655,551.572608081751
2,0,0,3,0.0,0.0,0.0
2,0,0,3,0.0,0.0,0.0
2,0,0,3,0.0,0.0,0.0
2,0,0,3,0.0059304227142532,29.8362490433663,2776.27643601588
2,0,0,3,0.0064236742378014,46.9974223730802,1064.69544170908
2,0,0,3,0.0,0.0,0.0
2,0,0,3,0.0,0.0,0.0
2,0,0,3,0.0,0.0,0.0
2,0,0,3,0.0,0.0,0.0
2,0,0,3,0.0,0.0,0.0
2,0,0,3,0.0073256833815008,26.4146072619233,274.009834807139
2,0,0,3,0.0,0.0,0.0
2,0,0,3,0.0053254066486648,39.150503285295,3491.27923566904
2,0,0,3,0.0,0.0,0.0
2,0,0,3,0.0,0.0,0.0
