cost_model,startup,shutdown,n_coefficients,coeff_n,coeff1,coeff0
2,0,0,3,0.0,0.0,0.0
2,0,0,3,0.0,0.0,0.0
2,0,0,3,0.0035578513188142,33.0882425935859,304.436455638649
2,0,0,3,0.0060915959847234,24.9545794950267,903.540995595333
2,0,0,3,0.0056319855321499,25.6410632642361,1353.56943379373
2,0,0,3,0.002709400394259,39.1102718700223,3139.81901236725
2,0,0,3,0.0,0.0,0.0
2,0,0,3,0.0,0.0,0.0
2,0,0,3,0.0,0.0,0.0
2,0,0,3,0.0,0.0,0.0
2,0,0,3,0.0,0.0,0.0
2,0,0,3,0.0,0.0,0.0
2,0,0,3,0.0034183500789122,45.4932580356326,3546.03262565381
2,0,0,3,0.0,0.0,0.0
2,0,0,3,0.0071527829112033,35.1009158828214,55.7376674136534
2,0,0,3,0.0,0.0,0.0
2,0,0,3,0.0,0.0,0.0
2,0,0,3,0.0,0.0,0.0
2,0,0,3,0.0053954929804551,45.8603558977062,1594.05161519758
2,0,0,3,0.0,0.0,0.0
2,0,0,3,0.0,0.0,0.0
2,0,0,3,0.007354536941801,56.050463740329,1486.01358873882
2,0,0,3,0.0,0.0,0.0
2,0,0,3,0.0,0.0,0.0
2,0,0,3,0.0062079457843385,56.4094373039346,516.229857994837
2,0,0,3,0.0035199123785723,27.1448176251082,106.322764118837
2,0,0,3,0.0,0.0,0.0
2,0,0,3,0.0047721451954606,52.0361984677821,574.898647877297
2,0,0,3,0.0,0.0,0.0
