bus_number,P_output,Q_output,voltage_mag,gen_status,P_max,P_min
1,943.686470162011,0,1,1,1045.12594958925,0
7,0.0,0,1,0,588.742145836047,0
8,0.0,0,1,0,209.002184026582,0
9,337.645503653006,0,1,1,337.645503653006,0
11,50.4118595815739,0,1,1,50.4118595815739,0
12,176.230350996619,0,1,1,176.230350996619,0
14,925.145604362225,0,1,1,925.145604362225,0
18,-1.93459162133707e-17,0,1,1,296.593989383339,0
19,530.706644213434,0,1,1,530.706644213434,0
25,0.0,0,1,0,263.900984573152,0
34,135.935070501942,0,1,1,200.309688537131,0
35,94.6629829242331,0,1,1,94.6629829242331,0
41,98.0591340898868,0,1,1,98.0591340898868,0
42,0.0,0,1,0,276.890645777727,0
46,0.0,0,1,0,606.78963787145,0
48,226.139769789354,0,1,1,226.139769789354,0
49,0.0,0,1,0,295.738836705774,0
50,713.007691870852,0,1,1,713.007691870852,0
51,3.5620827532673494e-18,0,1,1,147.779856514443,0
55,0.0,0,1,0,255.911935636531,0
59,109.385879219456,0,1,1,130.498703978466,0
61,901.287462069764,0,1,1,901.287462069764,0
65,49.6870816636329,0,1,1,49.6870816636329,0
69,0.0,0,1,0,80.3303669383359,0
71,0.0,0,1,0,4.27072636193586,0
72,18.0473847366028,0,1,1,155.360192586105,0
82,794.256034478143,0,1,1,806.066074767694,0
89,26.3456710342684,0,1,1,188.081782958263,0
95,23.1530334258576,0,1,1,23.1530334258576,0
99,405.801734083976,0,1,1,405.801734083976,0
101,9.35358052486202e-16,0,1,1,193.382150026456,0
108,0.0,0,1,0,249.979162374516,0
113,54.1642042102848,0,1,1,54.1642042102848,0
114,51.0441553939025,0,1,1,51.0441553939025,0
