cost_model,startup,shutdown,n_coefficients,coeff_n,coeff1,coeff0
2,0,0,3,0.0079513654086771,37.1905442917346,687.904926043084
2,0,0,3,0.0,0.0,0.0
2,0,0,3,0.0058347314042233,27.7878721130723,309.169408668822
2,0,0,3,0.0,0.0,0.0
2,0,0,3,0.0,0.0,0.0
2,0,0,3,0.0,0.0,0.0
2,0,0,3,0.0044243474220436,27.9675779260689,2402.71157422591
2,0,0,3,0.0,0.0,0.0
2,0,0,3,0.0,0.0,0.0
2,0,0,3,0.0,0.0,0.0
2,0,0,3,0.0065956373738543,41.1449559205008,544.920238908897
2,0,0,3,0.0,0.0,0.0
2,0,0,3,0.0,0.0,0.0
2,0,0,3,0.0069972187334238,38.2544874446995,2038.13488723229
2,0,0,3,0.0047579363454982,39.1408191012776,2292.99494901471
2,0,0,3,0.0031970118684221,47.373954810735,346.062235014651
2,0,0,3,0.0,0.0,0.0
2,0,0,3,0.0,0.0,0.0
2,0,0,3,0.0032871249915169,44.0471901547879,1961.73781391688
2,0,0,3,0.0,0.0,0.0
2,0,0,3,0.0045195576446279,54.2472661986025,321.44493752483
2,0,0,3,0.0,0.0,0.0
2,0,0,3,0.0037624817300955,48.5020899423442,2698.14171576043
2,0,0,3,0.0,0.0,0.0
2,0,0,3,0.0,0.0,0.0
2,0,0,3,0.0,0.0,0.0
2,0,0,3,0.007433029616095,49.1028717523799,299.92187543381
2,0,0,3,0.0,0.0,0.0
2,0,0,3,0.0038474670907207,56.7906862318048,231.388591187769
2,0,0,3,0.0,0.0,0.0
2,0,0,3,0.0032392152349902,28.9387060226981,2837.94925988537
2,0,0,3,0.0023452514319533,56.6805051821379,477.819790421748
2,0,0,3,0.0,0.0,0.0
