cost_model,startup,shutdown,n_coefficients,coeff_n,coeff1,coeff0
2,0,0,3,0.0,0.0,0.0
2,0,0,3,0.0064465671871861,32.3447368380006,460.720236361759
2,0,0,3,0.0,0.0,0.0
2,0,0,3,0.0,0.0,0.0
2,0,0,3,0.0038162636101785,46.0723643354378,3692.19787292026
2,0,0,3,0.0074389595593209,45.3263702466633,1551.68183033625
2,0,0,3,0.0030059937949872,25.8951408916494,3736.38752624832
2,0,0,3,0.0036035674870693,51.7775028203171,2130.45801159768
2,0,0,3,0.0,0.0,0.0
2,0,0,3,0.0,0.0,0.0
2,0,0,3,0.0063363669645534,45.4549547389755,1991.60896904426
2,0,0,3,0.0028499072414411,52.7054210942123,505.960888150394
2,0,0,3,0.0,0.0,0.0
2,0,0,3,0.0,0.0,0.0
2,0,0,3,0.0047582350284093,37.3482909401977,2539.24149987328
2,0,0,3,0.0,0.0,0.0
2,0,0,3,0.0,0.0,0.0
2,0,0,3,0.0,0.0,0.0
2,0,0,3,0.0,0.0,0.0
2,0,0,3,0.0,0.0,0.0
2,0,0,3,0.0,0.0,0.0
2,0,0,3,0.0,0.0,0.0
2,0,0,3,0.0,0.0,0.0
2,0,0,3,0.0060162974085834,30.4777013781368,1600.95581241724
