bus_number,P_output,Q_output,voltage_mag,gen_status,P_max,P_min
3,308.131641759603,0,1,1,699.839248715327,0
5,318.439774059229,0,1,1,318.439774059229,0
16,1724.85882590754,0,1,1,1724.85882590754,0
19,1003.26476382927,0,1,1,1003.26476382927,0
25,713.961410683587,0,1,1,713.961410683587,0
34,0.0,0,1,0,686.690797584376,0
47,24.0208913589971,0,1,1,24.0208913589971,0
50,0.0,0,1,0,380.846002944774,0
55,0.0,0,1,0,432.906564893759,0
58,146.091154519447,0,1,1,146.091154519447,0
59,0.0,0,1,0,647.750092758076,0
62,17.911140157572,0,1,1,225.802170564438,0
66,0.0,0,1,0,729.49304747213,0
68,716.479695269845,0,1,1,716.479695269845,0
73,88.9677251681712,0,1,1,88.9677251681712,0
74,697.04242925382,0,1,1,697.04242925382,0
76,276.823915077089,0,1,1,276.823915077089,0
81,90.9330502779373,0,1,1,90.9330502779373,0
91,0.0,0,1,0,332.246828844021,0
95,236.465327401999,0,1,1,236.465327401999,0
98,14.1562291814159,0,1,1,14.1562291814159,0
99,6.02892684651593,0,1,1,6.02892684651593,0
102,169.51210526468,0,1,1,306.122893575887,0
103,34.921007200418,0,1,1,34.921007200418,0
106,0.0,0,1,0,20.9557441398767,0
107,36.8893942055536,0,1,1,36.8893942055536,0
116,8.7610798988157,0,1,1,8.7610798988157,0
118,31.1432351394941,0,1,1,31.1432351394941,0
