cost_model,startup,shutdown,n_coefficients,coeff_n,coeff1,coeff0
2,0,0,3,0.0049020628497108,32.4195222251768,2489.90437607872
2,0,0,3,0.0058685683065494,39.4675479622083,1939.33366437369
2,0,0,3,0.0,0.0,0.0
2,0,0,3,0.0,0.0,0.0
2,0,0,3,0.0079990532027215,47.6356955117376,2704.78623765387
2,0,0,3,0.0026525975111436,24.6102270657386,2200.38863594606
2,0,0,3,0.0039961176483907,50.7661338410352,325.326707306376
2,0,0,3,0.0,0.0,0.0
2,0,0,3,0.0,0.0,0.0
2,0,0,3,0.0057509985709601,36.9056493709793,996.57438328806
2,0,0,3,0.0,0.0,0.0
2,0,0,3,0.0,0.0,0.0
2,0,0,3,0.0,0.0,0.0
2,0,0,3,0.0046019619283742,33.9561429218936,469.834800786945
2,0,0,3,0.0,0.0,0.0
2,0,0,3,0.0,0.0,0.0
2,0,0,3,0.0020811153102582,28.9645504385635,1646.02581015827
2,0,0,3,0.0,0.0,0.0
2,0,0,3,0.0,0.0,0.0
2,0,0,3,0.0,0.0,0.0
2,0,0,3,0.0073786562703619,56.1909567059618,217.557999434736
2,0,0,3,0.0034954339473987,38.5624194891235,373.571504186303
2,0,0,3,0.003843007591503,25.3563180481156,1022.54655312762
2,0,0,3,0.0,0.0,0.0
2,0,0,3,0.0,0.0,0.0
2,0,0,3,0.0,0.0,0.0
2,0,0,3,0.0,0.0,0.0
