cost_model,startup,shutdown,n_coefficients,coeff_n,coeff1,coeff0
2,0,0,3,0.0,0.0,0.0
2,0,0,3,0.0063760683464188,39.1611705676626,536.682811829809
2,0,0,3,0.0036777975238131,24.2292913684531,1050.88767639926
2,0,0,3,0.0042984439064835,39.6779307801261,2405.68070006447
2,0,0,3,0.0040315150989481,54.912474008156,1761.32206206322
2,0,0,3,0.0,0.0,0.0
2,0,0,3,0.0030178831804888,30.4604394437717,403.938218049392
2,0,0,3,0.0,0.0,0.0
2,0,0,3,0.0,0.0,0.0
2,0,0,3,0.0033548346410012,36.1081667065011,1394.30509453192
2,0,0,3,0.0057732974210065,38.4667834843323,896.758853457384
2,0,0,3,0.0032319744937938,34.7220033632689,3286.85450907653
2,0,0,3,0.0,0.0,0.0
2,0,0,3,0.0,0.0,0.0
2,0,0,3,0.0,0.0,0.0
2,0,0,3,0.0,0.0,0.0
2,0,0,3,0.0,0.0,0.0
2,0,0,3,0.0,0.0,0.0
2,0,0,3,0.0,0.0,0.0
2,0,0,3,0.0044541500722336,28.0730606652937,431.034433178486
2,0,0,3,0.0022494880678116,25.9315482693361,147.144246843777
2,0,0,3,0.0,0.0,0.0
2,0,0,3,0.0,0.0,0.0
2,0,0,3,0.0033023264525381,27.2185584089393,127.735569742841
2,0,0,3,0.0,0.0,0.0
2,0,0,3,0.0,0.0,0.0
2,0,0,3,0.00693201134994,28.2915922561369,133.55034291608
2,0,0,3,0.0,0.0,0.0
2,0,0,3,0.0,0.0,0.0
2,0,0,3,0.0,0.0,0.0
