bus_number,P_output,Q_output,voltage_mag,gen_status,P_max,P_min
2,275.081273401406,0,1,1,275.081273401388,0
7,285.970616208204,0,1,1,285.970616208276,0
8,31.7519061368654,0,1,1,31.7519061369278,0
9,1335.36594609972,0,1,1,1492.16136429068,0
12,1060.37173676358,0,1,1,1060.37173676358,0
13,163.351200056799,0,1,1,163.351200056743,0
17,0.0,0,1,0,264.101379158143,0
18,104.14306873313,0,1,1,104.143068733088,0
25,645.450517639153,0,1,1,645.450517639188,0
28,74.6587367390103,0,1,1,74.6587367389819,0
29,233.214843514602,0,1,1,233.214843514587,0
34,237.066013183882,0,1,1,497.8127179229,0
37,38.5732561769486,0,1,1,38.573256176916,0
38,0.0,0,1,0,697.216185786162,0
39,155.377739467177,0,1,1,354.533267121258,0
51,541.19602466261,0,1,1,541.196024662627,0
64,375.980073691075,0,1,1,675.179556740649,0
65,120.035227614083,0,1,1,120.035227613995,0
69,175.72385053703,0,1,1,218.528627423397,0
73,207.24272487687,0,1,1,306.679203814779,0
82,0.0,0,1,0,832.562769040953,0
91,104.205227871652,0,1,1,104.205227871707,0
96,456.695387072533,0,1,1,456.695387072531,0
97,41.3930562417829,0,1,1,41.3930562418014,0
104,1.95529577279182,0,1,1,1.95529577352371,0
107,0.0,0,1,0,31.3229922161823,0
114,0.0,0,1,0,242.730435214448,0
