cost_model,startup,shutdown,n_coefficients,coeff_n,coeff1,coeff0
2,0,0,3,0.0,0.0,0.0
2,0,0,3,0.0027676624304401,27.7832483012096,1233.96818574137
2,0,0,3,0.0,0.0,0.0
2,0,0,3,0.0073011829467688,52.9024233113878,2564.98072059156
2,0,0,3,0.0,0.0,0.0
2,0,0,3,0.0078687075183,29.568152870446,531.87996978043
2,0,0,3,0.0,0.0,0.0
2,0,0,3,0.0068370809962843,43.4486465170465,47.8490499081539
2,0,0,3,0.0,0.0,0.0
2,0,0,3,0.0065400264824891,45.3958655659208,40.9782317930406
2,0,0,3,0.0,0.0,0.0
2,0,0,3,0.0067133628470027,32.5924734071305,1935.04375904285
2,0,0,3,0.0,0.0,0.0
2,0,0,3,0.0071298132747453,46.0903209259328,562.64046699193
2,0,0,3,0.0,0.0,0.0
2,0,0,3,0.0028993296405468,51.7895219141767,3834.09155032172
2,0,0,3,0.0,0.0,0.0
2,0,0,3,0.0,0.0,0.0
2,0,0,3,0.0035210526558022,39.9962002218907,414.222979862694
2,0,0,3,0.0,0.0,0.0
2,0,0,3,0.0,0.0,0.0
2,0,0,3,0.0,0.0,0.0
2,0,0,3,0.0027968711848827,28.2115486314981,2145.50770614944
2,0,0,3,0.0,0.0,0.0
2,0,0,3,0.0,0.0,0.0
2,0,0,3,0.0,0.0,0.0
