cost_model,startup,shutdown,n_coefficients,coeff_n,coeff1,coeff0
2,0,0,3,0.0048873880306322,35.1676770451819,493.05297780477
2,0,0,3,0.0,0.0,0.0
2,0,0,3,0.0061763980136712,34.3346295009683,1960.52070227374
2,0,0,3,0.0,0.0,0.0
2,0,0,3,0.0,0.0,0.0
2,0,0,3,0.0071156461978047,50.9259637255578,513.216749433695
2,0,0,3,0.0,0.0,0.0
2,0,0,3,0.0,0.0,0.0
2,0,0,3,0.0,0.0,0.0
2,0,0,3,0.0,0.0,0.0
2,0,0,3,0.004362849225035,28.941094653915,399.672642031056
2,0,0,3,0.0074429148398066,56.394462541476,484.933185253956
2,0,0,3,0.0,0.0,0.0
2,0,0,3,0.0,0.0,0.0
2,0,0,3,0.0074161763420669,33.5572928967099,179.35950817701
2,0,0,3,0.0,0.0,0.0
2,0,0,3,0.0053035848807667,36.0566284472744,1604.09593835594
2,0,0,3,0.0045933650518875,26.1424660945718,959.986159164574
2,0,0,3,0.0,0.0,0.0
2,0,0,3,0.0036442064089279,44.3993358495557,2867.46340823194
2,0,0,3,0.0,0.0,0.0
2,0,0,3,0.0,0.0,0.0
2,0,0,3,0.0044839600016929,41.7664752036053,294.125010294193
2,0,0,3,0.0,0.0,0.0
2,0,0,3,0.0,0.0,0.0
2,0,0,3,0.0071624543286967,44.0892582548892,315.001357904558
2,0,0,3,0.0,0.0,0.0
2,0,0,3,0.0,0.0,0.0
