bus_number,P_output,Q_output,voltage_mag,gen_status,P_max,P_min
1,0.0,0,1,0,686.604647019468,0
4,741.658968646835,0,1,1,1216.06229807063,0
22,676.022401316086,0,1,1,676.02240131631,0
25,218.205801250428,0,1,1,218.205801250747,0
27,92.625505314532,0,1,1,92.6255053161446,0
31,266.722777883839,0,1,1,266.722777884145,0
35,1039.03369114428,0,1,1,1039.03369114452,0
36,39.9699743169956,0,1,1,39.9699743172602,0
37,1009.92238218349,0,1,1,1009.92238218686,0
43,87.160297092979,0,1,1,87.1602970933228,0
46,53.1711077851845,0,1,1,53.1711077859969,0
51,0.0,0,1,0,345.686469683186,0
53,0.0,0,1,0,350.370130366982,0
63,0.689648301751242,0,1,1,59.9279005257528,0
67,0.0,0,1,0,467.154795396845,0
70,0.0,0,1,0,524.570414876892,0
78,537.436008503682,0,1,1,732.949332923696,0
85,709.400929856847,0,1,1,726.484148702967,0
86,59.3894127049706,0,1,1,59.389412705652,0
87,0.0,0,1,0,242.877918513356,0
90,0.0,0,1,0,334.639465633222,0
94,914.814734976326,0,1,1,914.8147349776,0
99,0.0,0,1,0,225.918767560039,0
103,217.775434315416,0,1,1,217.775434316224,0
106,0.804646866762262,0,1,1,0.804646867729545,0
116,6.23246410027581e-10,0,1,1,43.0377703362666,0
