cost_model,startup,shutdown,n_coefficients,coeff_n,coeff1,coeff0
2,0,0,3,0.0079731410991955,48.7658691251319,2888.23175542064
2,0,0,3,0.0,0.0,0.0
2,0,0,3,0.0,0.0,0.0
2,0,0,3,0.0,0.0,0.0
2,0,0,3,0.0057959528332911,35.3469413772668,296.466611483607
2,0,0,3,0.005274579201966,38.5746734951576,1437.65394831936
2,0,0,3,0.0,0.0,0.0
2,0,0,3,0.0,0.0,0.0
2,0,0,3,0.0,0.0,0.0
2,0,0,3,0.0,0.0,0.0
2,0,0,3,0.0,0.0,0.0
2,0,0,3,0.0072951255656248,45.5779459315687,1009.07890345818
2,0,0,3,0.0,0.0,0.0
2,0,0,3,0.0040751329696806,26.4154384418829,588.580697777773
2,0,0,3,0.0,0.0,0.0
2,0,0,3,0.003848924781268,25.8127265921046,3399.8260923556
2,0,0,3,0.0,0.0,0.0
2,0,0,3,0.0022519987620986,28.4256061142389,2390.65295206432
2,0,0,3,0.0043825558676638,38.1568023723794,429.96581209867
2,0,0,3,0.0038064097271743,24.6192176882553,231.439649370554
2,0,0,3,0.0,0.0,0.0
2,0,0,3,0.0,0.0,0.0
2,0,0,3,0.0065309360923132,23.890884961601,388.494398867577
2,0,0,3,0.0,0.0,0.0
2,0,0,3,0.0,0.0,0.0
2,0,0,3,0.0,0.0,0.0
2,0,0,3,0.0,0.0,0.0
2,0,0,3,0.005414842875723,48.692253166981,377.469235884573
