bus_number,P_output,Q_output,voltage_mag,gen_status,P_max,P_min
15,105.106130626332,0,1,1,105.106130626407,0
22,106.773808244291,0,1,1,106.773809061582,0
25,0.0,0,1,0,386.25746326878,0
30,850.171983452205,0,1,1,1015.84847456379,0
35,543.82350536447,0,1,1,877.165274050266,0
41,0.0,0,1,0,516.975608934603,0
43,138.349273824824,0,1,1,138.349273824809,0
46,124.595725402038,0,1,1,124.595725402042,0
47,0.0,0,1,0,294.713913117218,0
49,117.578950000446,0,1,1,117.578950000439,0
51,461.821361928904,0,1,1,548.739517721637,0
52,323.756417109682,0,1,1,323.756417109684,0
64,313.916753161658,0,1,1,313.916753161661,0
68,-5.0155910355504296e-11,0,1,1,155.999772062155,0
71,154.823265324218,0,1,1,154.823265324216,0
73,109.740543360155,0,1,1,109.740543360404,0
78,232.420131572612,0,1,1,232.420131572614,0
80,716.992220591981,0,1,1,716.992220591988,0
81,0.0,0,1,0,554.634989923596,0
85,693.462533427112,0,1,1,693.462533427121,0
86,690.521595739098,0,1,1,690.521595740626,0
92,0.0,0,1,0,488.73344262472,0
95,121.831458174721,0,1,1,121.831458174722,0
98,746.76296344767,0,1,1,746.762963447666,0
103,0.0,0,1,0,363.177726651648,0
106,18.9199467940188,0,1,1,18.9199467940171,0
114,0.0,0,1,0,376.49811132369,0
115,0.0,0,1,0,244.171059995128,0
116,93.4351549145727,0,1,1,93.4351549145746,0
