bus_number,P_output,Q_output,voltage_mag,gen_status,P_max,P_min
5,329.412382468674,0,1,1,329.412382468674,0
8,853.152409628626,0,1,1,1121.94867236245,0
10,0.0,0,1,0,264.493448307387,0
16,946.38978673311,0,1,1,946.389786733145,0
17,87.195409383087,0,1,1,106.016012684376,0
25,632.656545911748,0,1,1,632.656545911748,0
31,113.250229990957,0,1,1,113.250229990957,0
32,217.4005292913,0,1,1,217.4005292913,0
37,137.779277513571,0,1,1,137.779277513571,0
40,749.731580915767,0,1,1,749.731580915767,0
43,0.0,0,1,0,511.462134786289,0
44,0.0,0,1,0,479.563174719984,0
60,12.3081189324053,0,1,1,12.3081189324053,0
61,912.285210441113,0,1,1,912.285210441113,0
65,0.0,0,1,0,624.870830659999,0
66,80.3950381928615,0,1,1,80.3950381928615,0
67,773.557653927477,0,1,1,773.557653927477,0
74,-3.974407311138461e-15,0,1,1,37.1779528609943,0
80,165.088219369918,0,1,1,176.675753462009,0
82,42.222780072267,0,1,1,42.222780072267,0
86,0.0,0,1,0,595.666615393533,0
92,538.922463265219,0,1,1,646.011567402655,0
93,35.1983093072505,0,1,1,35.1983093072505,0
97,0.0,0,1,0,434.902608491486,0
102,0.0,0,1,0,545.168891810603,0
107,0.0,0,1,0,67.4993430158705,0
111,37.8577771156281,0,1,1,37.8577771156281,0
