bus_number,P_output,Q_output,voltage_mag,gen_status,P_max,P_min
7,490.371963901258,0,1,1,490.371963901407,0
17,0.0,0,1,0,441.962666055024,0
18,1458.8629302335,0,1,1,1458.86293023388,0
24,402.04835880188,0,1,1,510.212559614534,0
25,379.191616790346,0,1,1,379.191616791394,0
28,256.119887212762,0,1,1,256.11988721276,0
31,198.040353252316,0,1,1,198.040353252217,0
33,3.7382177879603896e-11,0,1,1,27.239007307549,0
38,0.0,0,1,0,357.965104868157,0
40,62.4295998694216,0,1,1,62.4295998693299,0
42,826.168302800341,0,1,1,1097.5267045861,0
52,146.519897397087,0,1,1,146.519897397038,0
54,131.370451553203,0,1,1,131.370451553113,0
55,168.733233665129,0,1,1,168.733233665094,0
56,140.070259275977,0,1,1,140.070259276302,0
59,51.8611864387595,0,1,1,51.8611864387696,0
62,327.613303624078,0,1,1,327.613303624109,0
77,63.2663959306031,0,1,1,63.2663959305913,0
79,352.216667256233,0,1,1,352.216667257794,0
89,245.255192574877,0,1,1,263.171869478188,0
91,127.30171104397,0,1,1,127.301711043963,0
93,0.0,0,1,0,564.981660039027,0
94,109.3716640964,0,1,1,109.371664096847,0
98,0.0,0,1,0,909.54040266841,0
104,124.336703261199,0,1,1,124.33670850735,0
105,0.0,0,1,0,616.663381472707,0
106,0.0,0,1,0,651.306997148748,0
108,28.9694024310725,0,1,1,28.9694024310664,0
112,5.19497944081355,0,1,1,5.19497944078763,0
114,272.831011674151,0,1,1,272.831011674179,0
115,296.658649935332,0,1,1,296.658649935369,0
