bus_number,P_output,Q_output,voltage_mag,gen_status,P_max,P_min
2,753.508738365173,0,1,1,753.50873836517,0
3,25.6032144395157,0,1,1,25.6032144395059,0
5,0.0,0,1,0,352.643881739527,0
7,954.857549088707,0,1,1,1022.53802952281,0
9,0.0,0,1,0,202.990827858201,0
14,0.0,0,1,0,489.01144466543,0
15,0.0,0,1,0,405.385176624004,0
27,0.0,0,1,0,385.514785588469,0
28,319.937493085525,0,1,1,319.937493085525,0
32,0.0,0,1,0,391.824994516288,0
35,545.33043252291,0,1,1,545.330432522911,0
38,798.179471486182,0,1,1,798.179471486183,0
41,414.911059634461,0,1,1,414.911059634464,0
42,114.978413004426,0,1,1,114.978413004426,0
46,1.2949219503182e-09,0,1,1,223.671501598155,0
54,0.0,0,1,0,568.737866369767,0
56,73.4809005585761,0,1,1,73.4809005585888,0
67,541.042137557186,0,1,1,541.042137557188,0
80,67.6210097554009,0,1,1,568.027562396729,0
82,131.109340798571,0,1,1,131.109340798571,0
83,479.981442327432,0,1,1,479.981442327435,0
85,0.0,0,1,0,323.902756268867,0
89,26.4287699669833,0,1,1,26.4287699669831,0
104,315.477250491892,0,1,1,315.477250491893,0
105,53.5670556636904,0,1,1,53.5670556636847,0
107,301.313269919022,0,1,1,301.313269919023,0
110,215.151121466157,0,1,1,215.151121466157,0
114,360.716655168552,0,1,1,416.044891176495,0
116,171.608397159351,0,1,1,171.60839715935,0
