bus_number,P_output,Q_output,voltage_mag,gen_status,P_max,P_min
6,1555.17720390137,0,1,1,1822.99877037866,0
8,557.819894687017,0,1,1,557.819894687017,0
16,189.650776591962,0,1,1,189.650776591962,0
17,0.0,0,1,0,149.346994389227,0
22,101.121674754706,0,1,1,256.566246166998,0
24,290.246897766513,0,1,1,290.246897766513,0
26,58.9755765967444,0,1,1,58.9755765967444,0
29,0.0,0,1,0,610.803259221208,0
35,0.0,0,1,0,318.439622018833,0
37,0.0,0,1,0,1024.25708602887,0
42,47.4635263291966,0,1,1,100.469567390168,0
54,3.34866864027677e-15,0,1,1,39.4517284720138,0
58,61.0386904464676,0,1,1,61.0386904464676,0
62,42.0321023216289,0,1,1,268.097027554705,0
63,177.418037994076,0,1,1,241.22570347233,0
76,397.166405798195,0,1,1,397.166405798195,0
86,384.890158115863,0,1,1,384.890158115863,0
87,231.052787157312,0,1,1,231.052787157312,0
89,97.7117005800213,0,1,1,97.7117005800213,0
90,32.0998270479079,0,1,1,204.117492622205,0
91,477.770016705509,0,1,1,477.770016705509,0
94,659.315630928746,0,1,1,659.315630928746,0
97,218.631685303855,0,1,1,218.631685303855,0
99,336.794352170642,0,1,1,336.794352170642,0
100,340.746326192594,0,1,1,340.746326192594,0
104,0.0,0,1,0,886.63737894449,0
107,173.627494794545,0,1,1,173.627494794545,0
116,234.052956276107,0,1,1,234.052956276107,0
