cost_model,startup,shutdown,n_coefficients,coeff_n,coeff1,coeff0
2,0,0,3,0.0,0.0,0.0
2,0,0,3,0.0,0.0,0.0
2,0,0,3,0.0049974758795632,30.251439852471,459.226894490608
2,0,0,3,0.0029570314678773,25.2185565176858,76.4846539883038
2,0,0,3,0.0,0.0,0.0
2,0,0,3,0.0043946771184331,30.2855637449554,1868.69898608918
2,0,0,3,0.0079755645541097,49.411696276344,33.961283593063
2,0,0,3,0.0,0.0,0.0
2,0,0,3,0.0,0.0,0.0
2,0,0,3,0.0,0.0,0.0
2,0,0,3,0.0076993483621744,50.575332682114,278.38740123025
2,0,0,3,0.0,0.0,0.0
2,0,0,3,0.0054251926797039,25.4787509125274,2048.51285325551
2,0,0,3,0.0,0.0,0.0
2,0,0,3,0.0,0.0,0.0
2,0,0,3,0.0021626311953809,50.1339186170793,2155.08437676564
2,0,0,3,0.0,0.0,0.0
2,0,0,3,0.0,0.0,0.0
2,0,0,3,0.0,0.0,0.0
2,0,0,3,0.0,0.0,0.0
2,0,0,3,0.0,0.0,0.0
2,0,0,3,0.0076054748772001,46.4631303527857,3219.24073479393
2,0,0,3,0.0030798478458881,41.2450445032115,3507.03398679547
2,0,0,3,0.002108932593775,46.1750431655851,1481.32202031068
2,0,0,3,0.0,0.0,0.0
2,0,0,3,0.0,0.0,0.0
2,0,0,3,0.0,0.0,0.0
2,0,0,3,0.004875104007502,40.6480903641549,368.815819245371
