cost_model,startup,shutdown,n_coefficients,coeff_n,coeff1,coeff0
2,0,0,3,0.0,0.0,0.0
2,0,0,3,0.0,0.0,0.0
2,0,0,3,0.006317308253415,33.3502313142805,167.036686432547
2,0,0,3,0.0077371606439262,54.4952274212183,3017.6249697202
2,0,0,3,0.0056314233278026,29.3443340734062,1387.30316293324
2,0,0,3,0.0,0.0,0.0
2,0,0,3,0.0076529965485085,51.8399314481195,490.428330487091
2,0,0,3,0.0,0.0,0.0
2,0,0,3,0.0,0.0,0.0
2,0,0,3,0.0070790601624028,48.0854780572738,1796.03531216363
2,0,0,3,0.0055550819042658,39.6631463447422,1981.75912010301
2,0,0,3,0.0,0.0,0.0
2,0,0,3,0.0,0.0,0.0
2,0,0,3,0.0,0.0,0.0
2,0,0,3,0.0,0.0,0.0
2,0,0,3,0.0,0.0,0.0
2,0,0,3,0.0,0.0,0.0
2,0,0,3,0.0053125607327353,23.6002381774604,2391.84730916938
2,0,0,3,0.0,0.0,0.0
2,0,0,3,0.0,0.0,0.0
2,0,0,3,0.0,0.0,0.0
2,0,0,3,0.006861071482033,24.6049687134345,410.33398189142
2,0,0,3,0.002376057090789,46.1922650917412,94.0461318815863
2,0,0,3,0.0028904981850377,46.0918913876932,210.78515869024
2,0,0,3,0.0033419855278755,42.8489718843467,371.362656800704
2,0,0,3,0.0,0.0,0.0
2,0,0,3,0.0,0.0,0.0
