bus_number,P_output,Q_output,voltage_mag,gen_status,P_max,P_min
11,243.433061049355,0,1,1,243.433061049354,0
13,83.4280076872108,0,1,1,83.4280076872025,0
15,57.2626963348442,0,1,1,57.2626963348393,0
27,0.0,0,1,0,634.886666637171,0
30,0.0,0,1,0,587.762099027272,0
32,1169.20258575644,0,1,1,1622.15363575907,0
36,295.530810627927,0,1,1,295.530810627967,0
37,80.4404759768382,0,1,1,80.4404759768389,0
40,1621.54221284449,0,1,1,1621.5422128445,0
46,0.0,0,1,0,492.414835021072,0
47,567.838039701626,0,1,1,567.838039701653,0
52,512.619995973275,0,1,1,512.619995973268,0
58,31.1259068295936,0,1,1,31.1259068295809,0
59,33.635823320466,0,1,1,33.635823320464,0
60,89.661677603784,0,1,1,580.998874839771,0
75,221.875459552733,0,1,1,221.875459552729,0
77,140.77345025305,0,1,1,152.351791953751,0
79,735.938153036327,0,1,1,735.938153036343,0
81,7.21954305493835,0,1,1,27.071852146973,0
83,268.339733144892,0,1,1,268.339733144889,0
88,250.957697119651,0,1,1,395.971072382099,0
90,110.117951859176,0,1,1,110.117951859174,0
100,0.0,0,1,0,780.833518733831,0
105,106.934303263064,0,1,1,106.934303263064,0
107,1.09531944812879e-10,0,1,1,44.2363268693259,0
108,2.8470895404241898e-11,0,1,1,244.787348559086,0
117,36.9261374711799,0,1,1,98.3715736405148,0
