cost_model,startup,shutdown,n_coefficients,coeff_n,coeff1,coeff0
2,0,0,3,0.0072356308056484,37.4629231786113,1555.65861053883
2,0,0,3,0.0054203966909717,29.0272815783318,3075.48362159074
2,0,0,3,0.0,0.0,0.0
2,0,0,3,0.0,0.0,0.0
2,0,0,3,0.0059285561583941,54.8310682914009,2630.69097986561
2,0,0,3,0.0024139836594868,44.4949181237054,326.513261651099
2,0,0,3,0.0,0.0,0.0
2,0,0,3,0.0,0.0,0.0
2,0,0,3,0.0034806929587097,44.3205693312687,1857.08243338008
2,0,0,3,0.0,0.0,0.0
2,0,0,3,0.0,0.0,0.0
2,0,0,3,0.0022760950982596,24.4244562018766,638.274968832614
2,0,0,3,0.0,0.0,0.0
2,0,0,3,0.0048680733288156,28.6085606233156,525.081119048808
2,0,0,3,0.0,0.0,0.0
2,0,0,3,0.0,0.0,0.0
2,0,0,3,0.0067702724422009,51.829953726215,221.246428140066
2,0,0,3,0.0,0.0,0.0
2,0,0,3,0.0,0.0,0.0
2,0,0,3,0.0035669520807759,37.568197740095,101.915525650809
2,0,0,3,0.0027071323801292,51.3021010825073,559.593952841593
2,0,0,3,0.0072896655476891,47.3578232788749,1.72422536845946
2,0,0,3,0.0,0.0,0.0
2,0,0,3,0.0,0.0,0.0
2,0,0,3,0.0035452941096371,48.1639428249752,106.931952506407
2,0,0,3,0.0,0.0,0.0
2,0,0,3,0.0020893846644387,45.1411366152744,465.82422319401
2,0,0,3,0.0,0.0,0.0
2,0,0,3,0.0,0.0,0.0
2,0,0,3,0.0070917541234616,46.3568955754512,122.675714981819
2,0,0,3,0.0,0.0,0.0
2,0,0,3,0.0,0.0,0.0
