bus_number,P_output,Q_output,voltage_mag,gen_status,P_max,P_min
2,1013.49135796975,0,1,1,1284.96342933676,0
3,1117.39610351521,0,1,1,1117.39610351521,0
7,21.2683487147851,0,1,1,21.2683487147851,0
14,666.760615668567,0,1,1,774.553483436403,0
16,259.26149228942,0,1,1,259.26149228942,0
18,0.0,0,1,0,559.568376968673,0
20,486.591690821431,0,1,1,486.591690821431,0
24,138.707889248316,0,1,1,138.707889248316,0
25,172.304318404763,0,1,1,172.304318404763,0
29,8.09803348038052,0,1,1,8.09803348038052,0
32,0.0,0,1,0,52.6611498123434,0
33,630.82340798544,0,1,1,630.82340798544,0
34,91.5473961608069,0,1,1,91.5473961608069,0
39,0.0,0,1,0,486.276580062052,0
41,167.690779534744,0,1,1,318.305756203811,0
43,653.144526777632,0,1,1,653.144526777632,0
55,0.0,0,1,0,124.643106524984,0
67,502.093801235386,0,1,1,502.093801235386,0
75,133.672254605528,0,1,1,133.672254605528,0
79,324.70711252554,0,1,1,324.70711252554,0
82,0.0,0,1,0,412.541507367251,0
94,0.0,0,1,0,578.050223271876,0
99,0.0,0,1,0,398.096376741914,0
102,21.4312995043736,0,1,1,21.4312995043736,0
105,18.8385483946584,0,1,1,18.8385483946584,0
107,80.3118943687171,0,1,1,80.3118943687171,0
109,0.0,0,1,0,407.558334637305,0
114,156.66285125558,0,1,1,156.66285125558,0
116,0.0,0,1,0,417.822933120462,0
