bus_number,P_output,Q_output,voltage_mag,gen_status,P_max,P_min
5,859.749405453156,0,1,1,859.749405456881,0
11,0.0,0,1,0,584.727009189157,0
12,604.671782850239,0,1,1,708.715670567633,0
16,0.0,0,1,0,657.997277500794,0
18,1182.38672433666,0,1,1,1468.34323552721,0
31,64.2873270889425,0,1,1,64.2873271089659,0
36,49.9784479439861,0,1,1,49.978447944748,0
37,47.2232535429568,0,1,1,47.2232535456412,0
40,269.830050967307,0,1,1,269.830050970286,0
41,1133.30136393769,0,1,1,1133.30136394017,0
47,0.0,0,1,0,173.248022597263,0
50,298.477687348254,0,1,1,298.477687353125,0
51,24.6427838373865,0,1,1,24.6427838412086,0
54,887.942785024261,0,1,1,887.942785056666,0
56,0.0,0,1,0,332.630517874461,0
63,735.116069281019,0,1,1,735.116069288234,0
73,57.8203212725495,0,1,1,57.8203212737988,0
80,0.0,0,1,0,340.686036691887,0
85,0.0,0,1,0,509.820531929628,0
86,0.0,0,1,0,465.903460441166,0
87,150.641377797709,0,1,1,172.706324297125,0
107,136.318651286093,0,1,1,136.318651285369,0
110,8.47798566717987,0,1,1,8.47798566809541,0
111,118.474138674424,0,1,1,118.474138675706,0
114,35.4635661499473,0,1,1,35.4635661494947,0
115,0.0,0,1,0,363.100834435329,0
118,0.0,0,1,0,126.919468161759,0
