cost_model,startup,shutdown,n_coefficients,coeff_n,coeff1,coeff0
2,0,0,3,0.0076719374116825,50.257048956681,1550.99102455269
2,0,0,3,0.0021435701624517,26.9547722883596,2600.50222342555
2,0,0,3,0.002531729393796,34.4392476846118,677.571406529656
2,0,0,3,0.0039519287718922,51.9224494769815,509.171227696919
2,0,0,3,0.0,0.0,0.0
2,0,0,3,0.0045189155658142,26.1238698564136,122.857314152966
2,0,0,3,0.0,0.0,0.0
2,0,0,3,0.0,0.0,0.0
2,0,0,3,0.0,0.0,0.0
2,0,0,3,0.0041942757477162,38.3697327425494,115.58785011294
2,0,0,3,0.0,0.0,0.0
2,0,0,3,0.0,0.0,0.0
2,0,0,3,0.0024055844664592,26.4455000398427,222.928267627499
2,0,0,3,0.0070625754692983,30.4995449414306,168.194899692971
2,0,0,3,0.0036874659246457,54.5734484762903,464.413052344979
2,0,0,3,0.0,0.0,0.0
2,0,0,3,0.0,0.0,0.0
2,0,0,3,0.0,0.0,0.0
2,0,0,3,0.0030883194295401,25.6066503040022,1200.84918050596
2,0,0,3,0.0,0.0,0.0
2,0,0,3,0.0,0.0,0.0
2,0,0,3,0.0,0.0,0.0
2,0,0,3,0.0,0.0,0.0
2,0,0,3,0.0,0.0,0.0
2,0,0,3,0.0,0.0,0.0
