cost_model,startup,shutdown,n_coefficients,coeff_n,coeff1,coeff0
2,0,0,3,0.0,0.0,0.0
2,0,0,3,0.0037656946015825,34.6941464048478,1219.05400653766
2,0,0,3,0.0078358065540392,40.7322979070397,470.077381474843
2,0,0,3,0.0074369164487702,30.8302718835874,1514.22340197468
2,0,0,3,0.0,0.0,0.0
2,0,0,3,0.0,0.0,0.0
2,0,0,3,0.0052938851654996,23.3264740194768,776.981513252727
2,0,0,3,0.003090015683832,55.6959645910279,19.7160795467537
2,0,0,3,0.0,0.0,0.0
2,0,0,3,0.0052937740216139,53.4703965567402,1659.57588561867
2,0,0,3,0.0,0.0,0.0
2,0,0,3,0.0074825144429232,47.2508339050288,31.921860415795
2,0,0,3,0.005717159352547,55.9721817766246,592.327288566201
2,0,0,3,0.0,0.0,0.0
2,0,0,3,0.0,0.0,0.0
2,0,0,3,0.0,0.0,0.0
2,0,0,3,0.0,0.0,0.0
2,0,0,3,0.0,0.0,0.0
2,0,0,3,0.0,0.0,0.0
2,0,0,3,0.0,0.0,0.0
2,0,0,3,0.0,0.0,0.0
2,0,0,3,0.0,0.0,0.0
2,0,0,3,0.0053012869122316,33.3099262716205,35.2163406322427
2,0,0,3,0.0,0.0,0.0
2,0,0,3,0.0,0.0,0.0
2,0,0,3,0.0,0.0,0.0
2,0,0,3,0.0041019431155019,34.5460811314817,172.15863392185
2,0,0,3,0.0040036828906491,39.8688349452767,290.877940922072
2,0,0,3,0.0055244668143951,25.7197607230003,206.075524233786
2,0,0,3,0.0072628471075148,46.6558697846249,240.700135727698
2,0,0,3,0.0,0.0,0.0
2,0,0,3,0.0062428899434432,23.1703460610427,571.917218570255
2,0,0,3,0.0,0.0,0.0
2,0,0,3,0.0,0.0,0.0
2,0,0,3,0.0,0.0,0.0
2,0,0,3,0.0,0.0,0.0
