cost_model,startup,shutdown,n_coefficients,coeff_n,coeff1,coeff0
2,0,0,3,0.0,0.0,0.0
2,0,0,3,0.0,0.0,0.0
2,0,0,3,0.0,0.0,0.0
2,0,0,3,0.0043103370605155,51.5071340242985,552.361925739657
2,0,0,3,0.0077721677003117,45.4919009398322,2824.5329660821
2,0,0,3,0.0,0.0,0.0
2,0,0,3,0.0,0.0,0.0
2,0,0,3,0.0,0.0,0.0
2,0,0,3,0.0076006617818301,48.4514639099523,2897.3862329536
2,0,0,3,0.0042607547636828,39.8189739976036,1172.80067808861
2,0,0,3,0.0,0.0,0.0
2,0,0,3,0.0,0.0,0.0
2,0,0,3,0.0,0.0,0.0
2,0,0,3,0.0026891300758328,42.4741307250996,387.620465448611
2,0,0,3,0.0026186704805863,42.6770463056827,19.0866161715333
2,0,0,3,0.0,0.0,0.0
2,0,0,3,0.0076232106533598,44.4556651478715,616.3907584552
2,0,0,3,0.0,0.0,0.0
2,0,0,3,0.005143123039428,33.4612870880691,585.027917056062
2,0,0,3,0.0,0.0,0.0
2,0,0,3,0.0,0.0,0.0
2,0,0,3,0.0,0.0,0.0
2,0,0,3,0.0,0.0,0.0
2,0,0,3,0.0062915861720073,50.3420218158534,959.900399089614
2,0,0,3,0.0,0.0,0.0
2,0,0,3,0.0068143709430602,51.9086838309532,121.347631555567
2,0,0,3,0.0,0.0,0.0
2,0,0,3,0.0063042396070718,38.0185990672493,189.397949096312
