cost_model,startup,shutdown,n_coefficients,coeff_n,coeff1,coeff0
2,0,0,3,0.0058164252004677,32.0234917239456,2611.43031539895
2,0,0,3,0.0073454731887332,33.9715924949398,1097.90536191464
2,0,0,3,0.0,0.0,0.0
2,0,0,3,0.0,0.0,0.0
2,0,0,3,0.0,0.0,0.0
2,0,0,3,0.0,0.0,0.0
2,0,0,3,0.0042956452876568,34.6274170665371,3679.10039117642
2,0,0,3,0.0060344113134948,43.5878371376248,97.4855523045812
2,0,0,3,0.0072109290832265,26.7376743990982,2223.29951938977
2,0,0,3,0.0033221560077892,23.7182124158589,362.924181557886
2,0,0,3,0.0,0.0,0.0
2,0,0,3,0.0066504770031025,40.4258494897328,3322.24128922136
2,0,0,3,0.0,0.0,0.0
2,0,0,3,0.0,0.0,0.0
2,0,0,3,0.0,0.0,0.0
2,0,0,3,0.0,0.0,0.0
2,0,0,3,0.0071372724488205,45.1594827800503,86.2610921873679
2,0,0,3,0.0053760351392938,45.0994727865585,33.2374212684316
2,0,0,3,0.0053192505116711,26.2520763677184,475.057871248335
2,0,0,3,0.0,0.0,0.0
2,0,0,3,0.0,0.0,0.0
2,0,0,3,0.0,0.0,0.0
2,0,0,3,0.0,0.0,0.0
2,0,0,3,0.0,0.0,0.0
2,0,0,3,0.0,0.0,0.0
