cost_model,startup,shutdown,n_coefficients,coeff_n,coeff1,coeff0
2,0,0,3,0.0036130702303081,41.9010668330565,441.357354334733
2,0,0,3,0.007662001688621,53.0321337995282,3851.88002628789
2,0,0,3,0.0,0.0,0.0
2,0,0,3,0.0,0.0,0.0
2,0,0,3,0.0049122876498925,44.9615331072893,492.82728833528
2,0,0,3,0.0,0.0,0.0
2,0,0,3,0.002247576713046,55.1080968697172,2175.87697182261
2,0,0,3,0.0,0.0,0.0
2,0,0,3,0.0,0.0,0.0
2,0,0,3,0.0,0.0,0.0
2,0,0,3,0.0,0.0,0.0
2,0,0,3,0.0,0.0,0.0
2,0,0,3,0.0,0.0,0.0
2,0,0,3,0.0,0.0,0.0
2,0,0,3,0.0,0.0,0.0
2,0,0,3,0.0031570527949392,45.9494026140292,104.436705909022
2,0,0,3,0.0,0.0,0.0
2,0,0,3,0.003491054420973,42.055847813549,3734.55605198577
2,0,0,3,0.0,0.0,0.0
2,0,0,3,0.002389627012049,37.9969097931571,1382.56233667988
2,0,0,3,0.0051840739843483,48.4058521940889,115.763083299089
2,0,0,3,0.0038855536734851,56.0809547443327,242.512342317622
2,0,0,3,0.0034442641970008,53.5185584412906,1103.2240510759
2,0,0,3,0.0,0.0,0.0
2,0,0,3,0.0,0.0,0.0
2,0,0,3,0.007272437683523,26.0040407610731,1638.9496358339
2,0,0,3,0.0,0.0,0.0
