bus_number,P_output,Q_output,voltage_mag,gen_status,P_max,P_min
2,0.0,0,1,0,304.145602814836,0
7,171.267774399128,0,1,1,356.18158495935,0
9,566.933542027015,0,1,1,566.933542027076,0
10,0.0,0,1,0,447.522819218552,0
21,905.257284281772,0,1,1,1253.5632834453,0
24,0.0,0,1,0,407.21412919454,0
26,0.0,0,1,0,635.319839640568,0
34,393.695625231494,0,1,1,393.695625231902,0
37,198.441180380408,0,1,1,198.441180380497,0
41,123.705940476087,0,1,1,123.705940476174,0
42,666.31160835561,0,1,1,666.311608355774,0
46,0.0,0,1,0,290.299142171293,0
51,989.191999505272,0,1,1,989.19199950532,0
54,199.3203729533,0,1,1,199.32037295337,0
65,0.0,0,1,0,664.669471746717,0
82,29.6185750271856,0,1,1,29.6185750275237,0
91,31.6704682046501,0,1,1,45.0780635658248,0
93,24.2836471739303,0,1,1,24.28364717397,0
96,41.1088982789132,0,1,1,41.1088982789485,0
97,156.503712660961,0,1,1,156.503712661536,0
102,956.280259777452,0,1,1,956.28025977754,0
103,160.123309570175,0,1,1,160.123309570213,0
106,0.0,0,1,0,515.736997948897,0
108,956.950745789443,0,1,1,956.950745789443,0
110,0.0,0,1,0,155.563096488257,0
113,94.138778368336,0,1,1,94.1387783683801,0
