cost_model,startup,shutdown,n_coefficients,coeff_n,coeff1,coeff0
2,0,0,3,0.0068754995692049,25.0808849634822,2001.61202120276
2,0,0,3,0.0,0.0,0.0
2,0,0,3,0.0035924748190207,47.2824103114124,3098.52047416232
2,0,0,3,0.0057746350462708,31.3812530879159,3672.55183588194
2,0,0,3,0.0064027194541862,52.0509001792577,343.673613813201
2,0,0,3,0.0,0.0,0.0
2,0,0,3,0.0,0.0,0.0
2,0,0,3,0.0,0.0,0.0
2,0,0,3,0.0,0.0,0.0
2,0,0,3,0.0077943236033426,43.5416740009818,839.452784079035
2,0,0,3,0.0,0.0,0.0
2,0,0,3,0.0,0.0,0.0
2,0,0,3,0.0054147733710208,48.0336985768697,150.719828505845
2,0,0,3,0.0,0.0,0.0
2,0,0,3,0.0,0.0,0.0
2,0,0,3,0.0078012602902642,25.1104586429015,57.4968649920937
2,0,0,3,0.0068054050839344,23.9075326577135,3585.51427236788
2,0,0,3,0.0,0.0,0.0
2,0,0,3,0.0070572470068774,25.2442417526545,579.130979488374
2,0,0,3,0.0062722591573707,47.6560636190264,485.794571975576
2,0,0,3,0.0,0.0,0.0
2,0,0,3,0.0,0.0,0.0
2,0,0,3,0.0,0.0,0.0
2,0,0,3,0.0,0.0,0.0
2,0,0,3,0.0,0.0,0.0
2,0,0,3,0.0,0.0,0.0
2,0,0,3,0.0060674445017736,26.9345975408097,138.506845493758
