cost_model,startup,shutdown,n_coefficients,coeff_n,coeff1,coeff0
2,0,0,3,0.0034041192529267,50.1385536679522,3739.0173551887
2,0,0,3,0.0060066177965674,30.425207431721,1094.19666359136
2,0,0,3,0.0031196313973494,53.9879477211719,1083.27545972031
2,0,0,3,0.0,0.0,0.0
2,0,0,3,0.0071653638398641,48.941850120034,1848.12269407678
2,0,0,3,0.0,0.0,0.0
2,0,0,3,0.0030692713233266,39.3465022957397,359.012511607092
2,0,0,3,0.0,0.0,0.0
2,0,0,3,0.0,0.0,0.0
2,0,0,3,0.0,0.0,0.0
2,0,0,3,0.0,0.0,0.0
2,0,0,3,0.0044372603488478,31.6880803061008,3249.38504429975
2,0,0,3,0.0,0.0,0.0
2,0,0,3,0.0024065510956671,56.6115574430985,1416.06331470028
2,0,0,3,0.0,0.0,0.0
2,0,0,3,0.0,0.0,0.0
2,0,0,3,0.0,0.0,0.0
2,0,0,3,0.0023877781345281,41.2535079790249,162.828039270676
2,0,0,3,0.0,0.0,0.0
2,0,0,3,0.0,0.0,0.0
2,0,0,3,0.0,0.0,0.0
2,0,0,3,0.0,0.0,0.0
2,0,0,3,0.0027485957422437,28.9873773567672,546.98502440059
2,0,0,3,0.0,0.0,0.0
2,0,0,3,0.0,0.0,0.0
2,0,0,3,0.0023591967114098,38.693447622973,583.453802923144
2,0,0,3,0.0022322082997127,50.0058085378528,3839.89930473447
