bus_number,P_output,Q_output,voltage_mag,gen_status,P_max,P_min
7,0.0,0,1,0,331.445037938752,0
14,0.0,0,1,0,240.345417567445,0
18,0.0,0,1,0,179.342091464588,0
19,3.14129569740677e-19,0,1,1,203.484218706639,0
25,1172.37139405921,0,1,1,1224.225620493,0
26,62.2971039260484,0,1,1,62.2971039260484,0
30,998.055484707899,0,1,1,998.055484707899,0
34,691.724070617935,0,1,1,773.13661392911,0
35,191.427246611398,0,1,1,191.427246611398,0
40,568.52085661669,0,1,1,568.52085661669,0
41,880.783306518786,0,1,1,880.783306518786,0
42,40.7416132346777,0,1,1,40.7416132346777,0
44,67.2431677686414,0,1,1,67.2431677686414,0
47,174.672340951336,0,1,1,174.672340951336,0
50,1.2156766719703e-19,0,1,1,78.39241621777,0
51,0.0,0,1,0,548.24048927117,0
62,97.9740363824889,0,1,1,97.9740363824889,0
66,0.0,0,1,0,314.185837285222,0
74,65.4434256603185,0,1,1,65.4434256603185,0
83,0.0,0,1,0,211.933494548496,0
84,132.271238326811,0,1,1,143.551058289486,0
88,0.0,0,1,0,605.503503195882,0
90,0.0,0,1,0,233.351999401302,0
95,483.420257157768,0,1,1,483.420257157768,0
99,13.1966295533482,0,1,1,13.1966295533482,0
102,0.0,0,1,0,466.698142671634,0
105,0.0,0,1,0,204.853386438082,0
106,0.0,0,1,0,204.775879896161,0
110,125.239131686644,0,1,1,125.239131686644,0
114,899.422418681018,0,1,1,899.422418681018,0
