cost_model,startup,shutdown,n_coefficients,coeff_n,coeff1,coeff0
2,0,0,3,0.0,0.0,0.0
2,0,0,3,0.0,0.0,0.0
2,0,0,3,0.0073322025093786,39.7669161189036,3033.04154776044
2,0,0,3,0.0,0.0,0.0
2,0,0,3,0.0,0.0,0.0
2,0,0,3,0.0,0.0,0.0
2,0,0,3,0.0073828434528794,27.4250216648935,337.853730548882
2,0,0,3,0.0079346516786039,56.7299974597573,516.424353443902
2,0,0,3,0.0050245478456567,37.4549224439717,288.475046102194
2,0,0,3,0.0,0.0,0.0
2,0,0,3,0.0039121520423707,54.4194926974129,915.497323495625
2,0,0,3,0.0,0.0,0.0
2,0,0,3,0.0075443996887028,47.0660453187112,1536.03331171465
2,0,0,3,0.0,0.0,0.0
2,0,0,3,0.0035110761844849,55.890832497869,436.05136324519
2,0,0,3,0.0,0.0,0.0
2,0,0,3,0.0,0.0,0.0
2,0,0,3,0.0071670530771743,23.4539928273261,3223.58009654087
2,0,0,3,0.0,0.0,0.0
2,0,0,3,0.0,0.0,0.0
2,0,0,3,0.0,0.0,0.0
2,0,0,3,0.0,0.0,0.0
2,0,0,3,0.0054983857582068,44.0708163055545,29.5077651305743
2,0,0,3,0.0066549477695522,49.4258456823865,1491.03236299697
2,0,0,3,0.0077703830848677,40.518907328107,536.490982686267
2,0,0,3,0.0074647842738571,31.1900801071801,2981.46307174349
2,0,0,3,0.0045686214677693,52.0427749642586,577.642681678204
2,0,0,3,0.0,0.0,0.0
2,0,0,3,0.0028334535985754,31.7835716827481,144.799405725118
2,0,0,3,0.0,0.0,0.0
2,0,0,3,0.0,0.0,0.0
2,0,0,3,0.0,0.0,0.0
