bus_number,P_output,Q_output,voltage_mag,gen_status,P_max,P_min
2,390.805209316519,0,1,1,870.360690176456,0
3,797.302331348898,0,1,1,1064.39107288628,0
7,121.205184033841,0,1,1,121.205184033844,0
11,319.495902344116,0,1,1,319.495902344123,0
15,296.598746541762,0,1,1,296.598746541768,0
17,67.4209900155127,0,1,1,67.4209900155275,0
18,728.811072859944,0,1,1,728.811072859953,0
21,9.54669782255109,0,1,1,9.54669782254367,0
23,0.0,0,1,0,128.856753066798,0
33,26.1934402408285,0,1,1,26.1934402408463,0
35,327.019719841998,0,1,1,327.019719842006,0
36,101.779371554736,0,1,1,101.779371554738,0
40,497.820158382019,0,1,1,497.820158382544,0
49,89.5272419037502,0,1,1,103.073731956358,0
55,484.009519552355,0,1,1,509.749040332217,0
60,0.0,0,1,0,617.400059458531,0
61,0.0,0,1,0,370.652465974509,0
63,933.311628780968,0,1,1,933.311628780978,0
64,222.209962954526,0,1,1,339.743919608229,0
69,0.0,0,1,0,418.279034624781,0
83,39.48611653903,0,1,1,113.157608516842,0
84,0.0,0,1,0,635.704036696662,0
87,862.83628386413,0,1,1,862.83628386414,0
92,338.735959995155,0,1,1,338.735959995164,0
100,0.0,0,1,0,414.483076655189,0
113,0.0,0,1,0,404.587395971684,0
115,10.6881845683618,0,1,1,10.6881845690938,0
