bus_number,P_output,Q_output,voltage_mag,gen_status,P_max,P_min
4,245.375264183872,0,1,1,245.375264183872,0
10,1562.7463455566,0,1,1,1825.75229082884,0
13,1300.84758678161,0,1,1,1519.21129108322,0
21,0.0,0,1,0,110.150133593552,0
23,0.0,0,1,0,285.909259356805,0
32,647.653987528499,0,1,1,647.653987528499,0
36,463.881370464234,0,1,1,463.881370464234,0
45,70.1004957223084,0,1,1,70.1004957223084,0
52,0.0,0,1,0,390.342873466925,0
55,701.444882076838,0,1,1,701.444882076838,0
59,51.1252449066302,0,1,1,51.1252449066302,0
63,475.704090167136,0,1,1,475.704090167136,0
65,32.5528328623109,0,1,1,48.0336223861983,0
78,0.0,0,1,0,122.694740991976,0
81,0.0,0,1,0,718.34776250804,0
84,241.408681264478,0,1,1,241.408681264478,0
87,25.8803178446486,0,1,1,25.8803178446486,0
88,89.1154929540672,0,1,1,89.1154929540672,0
89,0.0,0,1,0,455.707653537158,0
90,103.45990792303,0,1,1,219.338361888364,0
92,0.0,0,1,0,866.473454576672,0
95,267.704765918083,0,1,1,267.704765918083,0
101,8.49257712529827,0,1,1,8.49257712529827,0
102,42.977803893517,0,1,1,42.977803893517,0
107,0.0,0,1,0,198.022362959206,0
111,83.8744994530974,0,1,1,192.278589048364,0
114,250.457575834763,0,1,1,348.774856496867,0
