cost_model,startup,shutdown,n_coefficients,coeff_n,coeff1,coeff0
2,0,0,3,0.0039812920635062,48.2112713503689,1818.11920927432
2,0,0,3,0.0,0.0,0.0
2,0,0,3,0.0067510262785977,33.9299916837092,33.5405184699227
2,0,0,3,0.0,0.0,0.0
2,0,0,3,0.0,0.0,0.0
2,0,0,3,0.0075470263097612,29.4734900653361,2823.39097177986
2,0,0,3,0.0,0.0,0.0
2,0,0,3,0.0,0.0,0.0
2,0,0,3,0.0,0.0,0.0
2,0,0,3,0.0,0.0,0.0
2,0,0,3,0.0,0.0,0.0
2,0,0,3,0.0,0.0,0.0
2,0,0,3,0.0,0.0,0.0
2,0,0,3,0.0049195332969503,35.1706671166584,524.235434684474
2,0,0,3,0.0028033269721308,49.2845515520063,130.138988748627
2,0,0,3,0.0,0.0,0.0
2,0,0,3,0.0,0.0,0.0
2,0,0,3,0.003185219285842,24.1012250868228,2286.5967796236
2,0,0,3,0.0,0.0,0.0
2,0,0,3,0.0063890566317406,55.5163951427884,141.297233300451
2,0,0,3,0.0,0.0,0.0
2,0,0,3,0.0,0.0,0.0
2,0,0,3,0.0076601241623815,25.8479822413428,359.733858128639
2,0,0,3,0.0079260584941842,33.4437124614377,982.754415521397
2,0,0,3,0.0,0.0,0.0
2,0,0,3,0.0056215228125238,37.5773530648757,5.20737905736217
2,0,0,3,0.0038371752706157,45.8923426424941,249.729017291521
