bus_number,P_output,Q_output,voltage_mag,gen_status,P_max,P_min
8,178.224052717317,0,1,1,178.224052717388,0
9,0.0,0,1,0,188.313240419089,0
10,65.7097116158168,0,1,1,65.7097116158506,0
12,0.0,0,1,0,224.166029101076,0
17,0.0,0,1,0,405.574296263834,0
24,0.0,0,1,0,117.070815525719,0
26,316.900758542531,0,1,1,316.900758542565,0
30,0.0,0,1,0,289.82541431778,0
32,164.182989751899,0,1,1,164.182989751934,0
34,0.0,0,1,0,227.511273928817,0
40,70.5991000939738,0,1,1,70.5991000940075,0
44,849.521078152727,0,1,1,1112.06641261694,0
48,122.129094996182,0,1,1,122.129094996306,0
56,0.0,0,1,0,742.685943976112,0
58,49.8457039903599,0,1,1,49.8457039903932,0
68,1079.14168093575,0,1,1,1079.14168093578,0
69,1.68834967346028,0,1,1,1.68834967349211,0
74,130.405298663252,0,1,1,130.405298663375,0
75,0.0,0,1,0,143.370163371232,0
80,98.6595095643178,0,1,1,98.6595095643514,0
84,918.827752146278,0,1,1,973.108949824993,0
86,816.389219215937,0,1,1,816.389219216199,0
87,4.37918701644689,0,1,1,4.37918701647994,0
98,0.0,0,1,0,653.663440384576,0
99,44.263682791524,0,1,1,44.2636827915577,0
104,0.0,0,1,0,658.091354878551,0
107,920.219046228771,0,1,1,920.219046228805,0
114,38.9791520156918,0,1,1,38.9791520157253,0
117,794.738354348781,0,1,1,794.738354348875,0
