cost_model,startup,shutdown,n_coefficients,coeff_n,coeff1,coeff0
2,0,0,3,0.0,0.0,0.0
2,0,0,3,0.0,0.0,0.0
2,0,0,3,0.0,0.0,0.0
2,0,0,3,0.0050743037487271,43.2816223093355,76.6674675025309
2,0,0,3,0.0021850400175908,43.3833509803708,1082.09519483493
2,0,0,3,0.0,0.0,0.0
2,0,0,3,0.0,0.0,0.0
2,0,0,3,0.0,0.0,0.0
2,0,0,3,0.0,0.0,0.0
2,0,0,3,0.0042603278036978,50.8806911707604,1206.428959851
2,0,0,3,0.0,0.0,0.0
2,0,0,3,0.0,0.0,0.0
2,0,0,3,0.0,0.0,0.0
2,0,0,3,0.0,0.0,0.0
2,0,0,3,0.0,0.0,0.0
2,0,0,3,0.002198752640421,27.1695253123256,3518.28960956592
2,0,0,3,0.0,0.0,0.0
2,0,0,3,0.0042823053440469,46.5339766227126,3685.88807500228
2,0,0,3,0.0,0.0,0.0
2,0,0,3,0.0062726263176978,32.1767477890574,540.710869812996
2,0,0,3,0.0047755777542924,36.8424576470454,80.0067348019368
2,0,0,3,0.0051408106461235,49.2058546532075,169.187921818142
2,0,0,3,0.0076010023479302,50.7067397688104,23.9636688391011
2,0,0,3,0.0,0.0,0.0
2,0,0,3,0.0022619003569686,24.8040871450631,1341.80718603999
2,0,0,3,0.0,0.0,0.0
2,0,0,3,0.0049225784175035,47.2090854904234,514.535462616632
