cost_model,startup,shutdown,n_coefficients,coeff_n,coeff1,coeff0
2,0,0,3,0.0056611784044666,42.9728691509838,1104.83432052928
2,0,0,3,0.0042538370328952,46.4528635994624,1570.65316800559
2,0,0,3,0.0,0.0,0.0
2,0,0,3,0.0064568341607834,24.2696498006874,67.1188128203522
2,0,0,3,0.0,0.0,0.0
2,0,0,3,0.0,0.0,0.0
2,0,0,3,0.0,0.0,0.0
2,0,0,3,0.0,0.0,0.0
2,0,0,3,0.0,0.0,0.0
2,0,0,3,0.0,0.0,0.0
2,0,0,3,0.0065252546679936,43.925289462825,3379.17847946444
2,0,0,3,0.0,0.0,0.0
2,0,0,3,0.0030253613906657,32.6207584103485,1649.50840898842
2,0,0,3,0.0026238199618028,37.813835456561,174.397326454006
2,0,0,3,0.0,0.0,0.0
2,0,0,3,0.0,0.0,0.0
2,0,0,3,0.0048072907732933,44.883196056913,47.8456529188786
2,0,0,3,0.0,0.0,0.0
2,0,0,3,0.0,0.0,0.0
2,0,0,3,0.0,0.0,0.0
2,0,0,3,0.0038816138953834,23.7916424741658,177.58560435394
2,0,0,3,0.0,0.0,0.0
2,0,0,3,0.0027095897210529,27.8019136480243,224.642036359736
2,0,0,3,0.0,0.0,0.0
2,0,0,3,0.0,0.0,0.0
2,0,0,3,0.0,0.0,0.0
2,0,0,3,0.0,0.0,0.0
2,0,0,3,0.004451741433098,55.0557071765579,142.343300013517
2,0,0,3,0.0062832600861286,52.0191760297383,110.577250626159
