cost_model,startup,shutdown,n_coefficients,coeff_n,coeff1,coeff0
2,0,0,3,0.0040689225854985,33.0031698163089,614.739243330991
2,0,0,3,0.0,0.0,0.0
2,0,0,3,0.0067669714788136,26.5143419724879,1267.46402561036
2,0,0,3,0.0,0.0,0.0
2,0,0,3,0.0064691249534479,39.6734982748489,2416.87574852121
2,0,0,3,0.0,0.0,0.0
2,0,0,3,0.0050684957896387,41.2463453423126,432.126056003062
2,0,0,3,0.0,0.0,0.0
2,0,0,3,0.0,0.0,0.0
2,0,0,3,0.0,0.0,0.0
2,0,0,3,0.0,0.0,0.0
2,0,0,3,0.0075349159062303,52.5470318192325,1937.15622959433
2,0,0,3,0.0,0.0,0.0
2,0,0,3,0.0022018623322233,46.2411569496486,91.2848458842843
2,0,0,3,0.0,0.0,0.0
2,0,0,3,0.0039725721546707,36.6712259323508,3092.74388872493
2,0,0,3,0.0,0.0,0.0
2,0,0,3,0.0062898387490888,34.8460488587225,1741.84216499634
2,0,0,3,0.0,0.0,0.0
2,0,0,3,0.0,0.0,0.0
2,0,0,3,0.0054099715633289,30.2476540639857,796.814272800773
2,0,0,3,0.0,0.0,0.0
2,0,0,3,0.0,0.0,0.0
2,0,0,3,0.0,0.0,0.0
2,0,0,3,0.0,0.0,0.0
2,0,0,3,0.0,0.0,0.0
2,0,0,3,0.0062157092306516,52.7890611832066,228.887100673285
2,0,0,3,0.0077914324301022,53.6977151874355,298.618077516412
