bus_number,P_output,Q_output,voltage_mag,gen_status,P_max,P_min
1,12.0205121675401,0,1,1,75.7508566863984,0
3,1249.11356465208,0,1,1,1763.74546071831,0
8,419.65561141342,0,1,1,419.65561141342,0
9,189.263691149074,0,1,1,363.578492625632,0
21,1088.40658056286,0,1,1,1088.40658056286,0
22,216.8865147847,0,1,1,216.8865147847,0
30,227.646760501597,0,1,1,374.079865208151,0
31,451.290443355753,0,1,1,451.290443355753,0
33,0.0,0,1,0,92.3393894238675,0
34,0.0,0,1,0,137.913179110104,0
40,572.989816056722,0,1,1,572.989816056722,0
43,0.0,0,1,0,1053.15157831883,0
52,23.0099435644948,0,1,1,23.0099435644948,0
58,1.55161708188038e-12,0,1,1,296.4887227446,0
74,518.700535918257,0,1,1,518.700535918257,0
81,585.171528565729,0,1,1,585.171528565729,0
87,41.7278492225026,0,1,1,41.7278492225026,0
88,136.422423878256,0,1,1,338.363341229063,0
89,154.465562508322,0,1,1,154.465562508322,0
90,0.0,0,1,0,859.60250779717,0
91,0.0,0,1,0,172.644259220104,0
92,23.7619829591511,0,1,1,23.7619829591511,0
106,525.644836804433,0,1,1,525.644836804433,0
109,17.3892066362554,0,1,1,271.297010213352,0
110,154.467016850591,0,1,1,154.467016850591,0
114,56.7693409092816,0,1,1,56.7693409092816,0
