bus_number,P_output,Q_output,voltage_mag,gen_status,P_max,P_min
3,0.0,0,1,0,284.918996913471,0
5,233.130160593994,0,1,1,233.130160594028,0
6,887.231664355413,0,1,1,887.231664355961,0
10,526.37468872487,0,1,1,526.374688724901,0
11,422.992114666121,0,1,1,422.992114666215,0
12,1065.6006292008,0,1,1,1416.39201247533,0
13,179.61103110892,0,1,1,179.611031108923,0
17,0.0,0,1,0,454.381642283186,0
29,133.403908349452,0,1,1,245.203457111108,0
31,120.213594313392,0,1,1,255.127514307105,0
32,61.9384214658134,0,1,1,61.9384214658042,0
37,0.0,0,1,0,278.73824423462,0
42,381.831683599695,0,1,1,381.831683599707,0
45,0.0,0,1,0,258.606816335062,0
54,0.0,0,1,0,379.70879909217,0
59,91.3894106982314,0,1,1,91.3894106982303,0
62,1416.32818852024,0,1,1,1416.32818852026,0
63,0.0,0,1,0,369.740658042841,0
67,79.8321050233351,0,1,1,79.8321050233384,0
69,0.0,0,1,0,154.704766991124,0
70,47.831909670458,0,1,1,210.651338560135,0
78,200.313320650724,0,1,1,200.313320650731,0
91,79.9963050915563,0,1,1,79.9963050915574,0
95,-1.8520078416911e-11,0,1,1,71.575002034923,0
98,0.0,0,1,0,638.666167701684,0
110,736.784586427979,0,1,1,736.784586427995,0
112,0.0,0,1,0,62.0374875035202,0
