cost_model,startup,shutdown,n_coefficients,coeff_n,coeff1,coeff0
2,0,0,3,0.0030893081029199,36.0282654122441,909.883632249442
2,0,0,3,0.0,0.0,0.0
2,0,0,3,0.0,0.0,0.0
2,0,0,3,0.0,0.0,0.0
2,0,0,3,0.0,0.0,0.0
2,0,0,3,0.0043994867560642,50.1827842996876,1687.6570251023
2,0,0,3,0.0077352617332066,34.2998544288936,282.016854070882
2,0,0,3,0.0,0.0,0.0
2,0,0,3,0.0041585344411894,43.6028653641886,208.121363926655
2,0,0,3,0.0025920962552239,27.0976344817862,2962.38604764299
2,0,0,3,0.0,0.0,0.0
2,0,0,3,0.0,0.0,0.0
2,0,0,3,0.003470021880931,45.187350151211,576.420522065515
2,0,0,3,0.0,0.0,0.0
2,0,0,3,0.0065318783065935,52.3581770436802,212.923239743387
2,0,0,3,0.0027717228005791,45.9137371461586,418.057911870676
2,0,0,3,0.0,0.0,0.0
2,0,0,3,0.0,0.0,0.0
2,0,0,3,0.0,0.0,0.0
2,0,0,3,0.0,0.0,0.0
2,0,0,3,0.0034165426393883,40.9339863801462,846.908329101338
2,0,0,3,0.0065366862900696,29.0092447981161,503.078922108196
2,0,0,3,0.0,0.0,0.0
2,0,0,3,0.0,0.0,0.0
2,0,0,3,0.0,0.0,0.0
2,0,0,3,0.0,0.0,0.0
2,0,0,3,0.0061853470573237,50.5766083919964,3232.05577249939
