bus_number,P_output,Q_output,voltage_mag,gen_status,P_max,P_min
2,1312.63854411576,0,1,1,1712.41757949433,0
4,1084.80282977643,0,1,1,1084.80282977643,0
5,25.7847171700898,0,1,1,25.7847171700904,0
15,7.73051889540183,0,1,1,7.73051889540275,0
17,111.504851490984,0,1,1,146.221316259144,0
18,40.7819244610542,0,1,1,40.7819244610548,0
31,0.0,0,1,0,9.34790119168012,0
36,0.0,0,1,0,499.091013295771,0
37,20.0626266525917,0,1,1,20.0626266525927,0
38,0.0,0,1,0,696.91554410774,0
56,167.549641706296,0,1,1,167.549641706298,0
57,0.0,0,1,0,528.007954478767,0
58,1514.36650276718,0,1,1,1514.36650276718,0
62,160.351117114878,0,1,1,160.35111711488,0
63,380.635944297728,0,1,1,380.635944297728,0
66,282.538620964752,0,1,1,372.702252495564,0
67,0.0,0,1,0,77.6140926766637,0
69,978.162004892142,0,1,1,978.162004892143,0
71,278.988640023453,0,1,1,278.988640023455,0
74,0.0,0,1,0,278.776576570231,0
80,92.8503739035542,0,1,1,92.8503739035553,0
92,0.0,0,1,0,194.063494935729,0
96,0.0,0,1,0,243.765306364418,0
108,142.044047216538,0,1,1,142.044047216539,0
115,0.0,0,1,0,33.026682044041,0
117,64.0108170121939,0,1,1,64.010817012195,0
118,0.0,0,1,0,881.830806968183,0
