cost_model,startup,shutdown,n_coefficients,coeff_n,coeff1,coeff0
2,0,0,3,0.0,0.0,0.0
2,0,0,3,0.0,0.0,0.0
2,0,0,3,0.0072979056094134,42.2064896083101,2810.29784008307
2,0,0,3,0.0074080844739783,40.171648893246,2038.46427753462
2,0,0,3,0.0,0.0,0.0
2,0,0,3,0.0,0.0,0.0
2,0,0,3,0.0076533611793582,54.1613657215221,1582.71542733101
2,0,0,3,0.0,0.0,0.0
2,0,0,3,0.0,0.0,0.0
2,0,0,3,0.0,0.0,0.0
2,0,0,3,0.0065960042408358,32.693136804011,1119.51965795014
2,0,0,3,0.0,0.0,0.0
2,0,0,3,0.0,0.0,0.0
2,0,0,3,0.0,0.0,0.0
2,0,0,3,0.0074726906153629,33.1150989361423,185.578426957776
2,0,0,3,0.0,0.0,0.0
2,0,0,3,0.0022863733387856,36.4523204397975,449.821046071926
2,0,0,3,0.0,0.0,0.0
2,0,0,3,0.0023047425968281,50.0387428084509,192.952447721042
2,0,0,3,0.0,0.0,0.0
2,0,0,3,0.0068854667276443,31.0548177858232,368.963402808627
2,0,0,3,0.0,0.0,0.0
2,0,0,3,0.0046979163266042,41.2917763321707,106.005902477312
2,0,0,3,0.0027010886309552,27.6853783125006,311.477828242585
2,0,0,3,0.0053752113995038,50.6014616974337,214.101354269234
2,0,0,3,0.0,0.0,0.0
2,0,0,3,0.0,0.0,0.0
