cost_model,startup,shutdown,n_coefficients,coeff_n,coeff1,coeff0
2,0,0,3,0.0,0.0,0.0
2,0,0,3,0.002165264709099,47.6468482438665,206.9486575184
2,0,0,3,0.0036290637884694,33.8893052399478,1943.14798657453
2,0,0,3,0.0,0.0,0.0
2,0,0,3,0.0045730669964945,45.5135708879359,911.769483305175
2,0,0,3,0.0051897094221124,54.7678543887504,3329.23268667749
2,0,0,3,0.0,0.0,0.0
2,0,0,3,0.0,0.0,0.0
2,0,0,3,0.002977172527674,51.7037968799993,365.246827118132
2,0,0,3,0.0,0.0,0.0
2,0,0,3,0.0,0.0,0.0
2,0,0,3,0.0,0.0,0.0
2,0,0,3,0.0035376235723638,38.3341162052694,333.803840443927
2,0,0,3,0.0,0.0,0.0
2,0,0,3,0.0052069311793123,49.729069136989,375.956971415241
2,0,0,3,0.0053945514775746,39.9050567005167,3439.72081802648
2,0,0,3,0.0,0.0,0.0
2,0,0,3,0.0,0.0,0.0
2,0,0,3,0.0,0.0,0.0
2,0,0,3,0.0,0.0,0.0
2,0,0,3,0.0041768941485549,50.55058645766,3408.52068125376
2,0,0,3,0.0,0.0,0.0
2,0,0,3,0.0,0.0,0.0
2,0,0,3,0.0032772209044237,40.5704063797755,815.4436552262
2,0,0,3,0.0,0.0,0.0
2,0,0,3,0.0,0.0,0.0
2,0,0,3,0.0036675473165426,43.0047398377352,542.239433981792
