cost_model,startup,shutdown,n_coefficients,coeff_n,coeff1,coeff0
2,0,0,3,0.0,0.0,0.0
2,0,0,3,0.0024834013515013,56.4735368642892,1415.63874295685
2,0,0,3,0.0026780375818093,46.2277072444328,153.196002776582
2,0,0,3,0.0,0.0,0.0
2,0,0,3,0.0,0.0,0.0
2,0,0,3,0.0051048211152941,44.1129050953337,1925.19143241762
2,0,0,3,0.0,0.0,0.0
2,0,0,3,0.0033559248242339,40.7721300402679,2574.00515362175
2,0,0,3,0.0030308079201801,25.8039071103971,1395.79165401704
2,0,0,3,0.0,0.0,0.0
2,0,0,3,0.0022489018258539,43.0916668219282,330.102715773862
2,0,0,3,0.0062185457683704,48.0549932397187,1269.04400703314
2,0,0,3,0.0,0.0,0.0
2,0,0,3,0.0,0.0,0.0
2,0,0,3,0.0,0.0,0.0
2,0,0,3,0.0039446884552844,34.2329016103243,951.44191975445
2,0,0,3,0.0061771863751388,44.0775457617882,232.875861528983
2,0,0,3,0.0,0.0,0.0
2,0,0,3,0.0,0.0,0.0
2,0,0,3,0.0,0.0,0.0
2,0,0,3,0.0,0.0,0.0
2,0,0,3,0.0,0.0,0.0
2,0,0,3,0.0067180737655359,41.6230080059757,84.8134395803858
2,0,0,3,0.0,0.0,0.0
2,0,0,3,0.002267439116858,40.0155849889901,383.21287276825
2,0,0,3,0.0,0.0,0.0
2,0,0,3,0.0039993483391128,56.9294621026929,25.6651075006207
2,0,0,3,0.007704410224238,26.5796340897308,81.0316192308338
2,0,0,3,0.0,0.0,0.0
2,0,0,3,0.0,0.0,0.0
2,0,0,3,0.0,0.0,0.0
