cost_model,startup,shutdown,n_coefficients,coeff_n,coeff1,coeff0
2,0,0,3,0.0046707488922213,24.036574373967,2371.31404335336
2,0,0,3,0.0,0.0,0.0
2,0,0,3,0.0069964758461003,46.9124152826345,299.64638485322
2,0,0,3,0.0,0.0,0.0
2,0,0,3,0.0,0.0,0.0
2,0,0,3,0.0067481205160981,35.5333836282206,194.523338490999
2,0,0,3,0.0,0.0,0.0
2,0,0,3,0.0067804436932269,39.7613205906913,1379.61224186653
2,0,0,3,0.0046375420373944,36.2636574945555,294.032556841254
2,0,0,3,0.0072506095995675,47.1885552134468,128.777676495885
2,0,0,3,0.0,0.0,0.0
2,0,0,3,0.0,0.0,0.0
2,0,0,3,0.0,0.0,0.0
2,0,0,3,0.0,0.0,0.0
2,0,0,3,0.0,0.0,0.0
2,0,0,3,0.0022670664814014,38.2470371751945,2575.15910387429
2,0,0,3,0.0,0.0,0.0
2,0,0,3,0.0,0.0,0.0
2,0,0,3,0.0052625306863505,38.3866328784301,2343.34304474222
2,0,0,3,0.0,0.0,0.0
2,0,0,3,0.0,0.0,0.0
2,0,0,3,0.0,0.0,0.0
2,0,0,3,0.0,0.0,0.0
2,0,0,3,0.0075887733277173,40.1703071353029,2229.9226051787
2,0,0,3,0.0076650930357822,42.8774874111446,1278.43660221254
2,0,0,3,0.0,0.0,0.0
2,0,0,3,0.0,0.0,0.0
2,0,0,3,0.0,0.0,0.0
2,0,0,3,0.00662464934988,36.6065313160768,252.492359195527
