bus_number,P_output,Q_output,voltage_mag,gen_status,P_max,P_min
3,516.082225081011,0,1,1,516.082225081011,0
8,687.476278423604,0,1,1,1267.9959810056,0
14,0.0,0,1,0,291.432520224857,0
27,232.920036716266,0,1,1,232.920036716266,0
32,149.481739878351,0,1,1,149.481739878351,0
36,0.0,0,1,0,62.1152743601481,0
37,0.0,0,1,0,474.386680969226,0
52,203.853094122835,0,1,1,203.853094122834,0
56,167.074345589028,0,1,1,167.074345589028,0
58,1165.71964470844,0,1,1,1183.96287855327,0
63,1132.5196534169,0,1,1,1132.5196534169,0
66,91.3489191888617,0,1,1,117.109994456825,0
69,817.614965489328,0,1,1,817.614965489328,0
71,0.0,0,1,0,703.257628897241,0
81,42.3763732229045,0,1,1,42.3763732229045,0
83,0.0,0,1,0,292.577956606428,0
88,284.247304679627,0,1,1,446.500014458468,0
91,114.373693129802,0,1,1,146.99434917273,0
92,407.902633703767,0,1,1,643.155648122502,0
96,188.196867244108,0,1,1,188.196867244108,0
99,88.9128147779812,0,1,1,88.9128147779812,0
100,159.90223787495,0,1,1,361.118740728547,0
106,0.0,0,1,0,492.406861028649,0
107,0.0,0,1,0,69.3969002945096,0
117,214.800895213298,0,1,1,249.859858388884,0
