cost_model,startup,shutdown,n_coefficients,coeff_n,coeff1,coeff0
2,0,0,3,0.0,0.0,0.0
2,0,0,3,0.0049632448501,53.5661514137699,752.825261372342
2,0,0,3,0.0,0.0,0.0
2,0,0,3,0.0054807929365703,49.5987695874169,8.80487830791818
2,0,0,3,0.0026261247502868,41.5060522092118,2195.6567850522
2,0,0,3,0.0057210114211888,43.2968089933359,191.328364923137
2,0,0,3,0.0,0.0,0.0
2,0,0,3,0.0,0.0,0.0
2,0,0,3,0.0025163242120528,52.6236863996364,131.853601551969
2,0,0,3,0.0041573220469858,51.062486482723,33.2734039911464
2,0,0,3,0.0,0.0,0.0
2,0,0,3,0.0,0.0,0.0
2,0,0,3,0.0,0.0,0.0
2,0,0,3,0.0058546552883139,41.7580727505158,539.554984663706
2,0,0,3,0.0078442738161485,34.7668817807043,95.0058092678432
2,0,0,3,0.0,0.0,0.0
2,0,0,3,0.0,0.0,0.0
2,0,0,3,0.0,0.0,0.0
2,0,0,3,0.0044611914169636,56.6178012047092,1658.78681245747
2,0,0,3,0.0,0.0,0.0
2,0,0,3,0.0066268190489006,40.0412899305467,2431.71925238936
2,0,0,3,0.0027000559679782,48.6767616210275,2738.65129236153
2,0,0,3,0.0,0.0,0.0
2,0,0,3,0.0,0.0,0.0
2,0,0,3,0.0,0.0,0.0
2,0,0,3,0.0,0.0,0.0
2,0,0,3,0.0,0.0,0.0
