bus_number,P_output,Q_output,voltage_mag,gen_status,P_max,P_min
2,1424.44291333429,0,1,1,1439.68324948237,0
8,1254.22209395035,0,1,1,1254.22209395035,0
9,0.0,0,1,0,208.825122246079,0
12,231.858505675877,0,1,1,231.858505675882,0
14,0.0,0,1,0,219.413582420069,0
17,161.338259654764,0,1,1,183.444977875771,0
18,142.856803559288,0,1,1,142.856803559293,0
20,0.0,0,1,0,810.198924866852,0
23,175.101176553087,0,1,1,175.101176553091,0
25,123.334603035856,0,1,1,123.334603035861,0
29,10.0049528775823,0,1,1,10.0049528775917,0
30,57.2260452689563,0,1,1,57.226045268987,0
36,51.2661972131576,0,1,1,51.2661972131674,0
40,0.0,0,1,0,224.931287395412,0
42,0.0,0,1,0,394.356348568673,0
49,94.2488803599012,0,1,1,94.2488803599061,0
52,190.964229485408,0,1,1,1102.07526631073,0
57,57.7982873489488,0,1,1,57.7982873489538,0
59,0.0,0,1,0,219.956168094529,0
61,50.3466271695032,0,1,1,50.3466271695081,0
69,1155.06232375604,0,1,1,1155.06232375604,0
73,0.0,0,1,0,454.067692943812,0
74,396.37464707758,0,1,1,396.374647077585,0
86,52.8835551903159,0,1,1,52.883555190321,0
88,0.0,0,1,0,279.694336377034,0
90,32.1586197054216,0,1,1,32.1586197054267,0
91,513.199074754396,0,1,1,513.199074754401,0
94,0.0,0,1,0,207.196950203784,0
107,490.115926490301,0,1,1,490.115926490318,0
