cost_model,startup,shutdown,n_coefficients,coeff_n,coeff1,coeff0
2,0,0,3,0.0077959973633092,28.551988211181,274.245200628822
2,0,0,3,0.0056860370121321,41.910540771718,141.808773245843
2,0,0,3,0.0053419803973277,42.7250859902579,1047.53759923244
2,0,0,3,0.0,0.0,0.0
2,0,0,3,0.0,0.0,0.0
2,0,0,3,0.0029797771594634,34.1010960541145,1594.55558282439
2,0,0,3,0.0,0.0,0.0
2,0,0,3,0.0076164379620301,55.8683374241248,712.497438215638
2,0,0,3,0.0,0.0,0.0
2,0,0,3,0.004963600804112,39.5476147772176,74.5937739313137
2,0,0,3,0.0,0.0,0.0
2,0,0,3,0.0045618045807848,55.6627588759662,2115.06416345348
2,0,0,3,0.0,0.0,0.0
2,0,0,3,0.0076432389099387,52.2544930206985,2546.8651625713
2,0,0,3,0.0,0.0,0.0
2,0,0,3,0.0,0.0,0.0
2,0,0,3,0.0,0.0,0.0
2,0,0,3,0.0,0.0,0.0
2,0,0,3,0.0,0.0,0.0
2,0,0,3,0.0,0.0,0.0
2,0,0,3,0.0,0.0,0.0
2,0,0,3,0.0032982517889748,56.650352238586,1324.47765647686
2,0,0,3,0.0,0.0,0.0
2,0,0,3,0.0021684296287094,55.7303201742737,558.789760657904
2,0,0,3,0.0,0.0,0.0
2,0,0,3,0.0020576804336972,28.9677060870831,320.136033943952
2,0,0,3,0.0,0.0,0.0
