cost_model,startup,shutdown,n_coefficients,coeff_n,coeff1,coeff0
2,0,0,3,0.0,0.0,0.0
2,0,0,3,0.0044978936236623,33.0806692797534,3468.33169493909
2,0,0,3,0.0,0.0,0.0
2,0,0,3,0.0054386389170787,29.5749242890676,3500.29587606658
2,0,0,3,0.0023947282533945,39.321525484959,347.171777956114
2,0,0,3,0.0,0.0,0.0
2,0,0,3,0.004871029312445,54.2619469571756,434.012280906511
2,0,0,3,0.0,0.0,0.0
2,0,0,3,0.0038377775424228,33.4443223341326,262.841071757861
2,0,0,3,0.0039960934703259,30.4544555542904,178.165083181388
2,0,0,3,0.0077070925752865,44.833705490081,280.061310343137
2,0,0,3,0.0044973174821114,46.2983738839656,1352.4531954294
2,0,0,3,0.0,0.0,0.0
2,0,0,3,0.0076264987275832,30.2831140113095,786.459322134372
2,0,0,3,0.0049352518819635,29.152706462895,2263.60335590649
2,0,0,3,0.0033755188147252,32.2228152487345,132.991397015332
2,0,0,3,0.0,0.0,0.0
2,0,0,3,0.0,0.0,0.0
2,0,0,3,0.0,0.0,0.0
2,0,0,3,0.0,0.0,0.0
2,0,0,3,0.0,0.0,0.0
2,0,0,3,0.0,0.0,0.0
2,0,0,3,0.0,0.0,0.0
2,0,0,3,0.0,0.0,0.0
2,0,0,3,0.0,0.0,0.0
2,0,0,3,0.0,0.0,0.0
2,0,0,3,0.0,0.0,0.0
