cost_model,startup,shutdown,n_coefficients,coeff_n,coeff1,coeff0
2,0,0,3,0.0078424188104633,43.1945627219907,2120.05611147384
2,0,0,3,0.0022820092555891,53.5043945637078,1114.18896453999
2,0,0,3,0.0053527248609054,54.4606477138253,41.0041941393552
2,0,0,3,0.0,0.0,0.0
2,0,0,3,0.0,0.0,0.0
2,0,0,3,0.0040494515555854,52.5208605825198,2068.42652076963
2,0,0,3,0.0,0.0,0.0
2,0,0,3,0.0027211235904704,27.285038962266,217.045015037472
2,0,0,3,0.0,0.0,0.0
2,0,0,3,0.0064071547601732,25.4762549713698,330.639734634169
2,0,0,3,0.0,0.0,0.0
2,0,0,3,0.0,0.0,0.0
2,0,0,3,0.0,0.0,0.0
2,0,0,3,0.0,0.0,0.0
2,0,0,3,0.0,0.0,0.0
2,0,0,3,0.0027940033087062,32.1722157871723,308.00798228885
2,0,0,3,0.0,0.0,0.0
2,0,0,3,0.0,0.0,0.0
2,0,0,3,0.0074380674073527,48.5840230584564,413.016147049495
2,0,0,3,0.0,0.0,0.0
2,0,0,3,0.0039117292548823,48.433531320422,525.142197141789
2,0,0,3,0.0024109272119653,38.5123847592953,1919.17562691167
2,0,0,3,0.0,0.0,0.0
2,0,0,3,0.0,0.0,0.0
2,0,0,3,0.0039603041400301,41.4205064471594,2647.38874788581
2,0,0,3,0.0,0.0,0.0
2,0,0,3,0.0,0.0,0.0
