cost_model,startup,shutdown,n_coefficients,coeff_n,coeff1,coeff0
2,0,0,3,0.0,0.0,0.0
2,0,0,3,0.0031499114192925,50.5422437189441,2384.34788213956
2,0,0,3,0.0062337082528484,28.5412353060409,3060.37215938854
2,0,0,3,0.0031588881822706,35.122042486638,3771.24814299945
2,0,0,3,0.0039230475180466,47.2208473147292,465.205802276868
2,0,0,3,0.0,0.0,0.0
2,0,0,3,0.0,0.0,0.0
2,0,0,3,0.0,0.0,0.0
2,0,0,3,0.0,0.0,0.0
2,0,0,3,0.0,0.0,0.0
2,0,0,3,0.0057420776189052,43.2834122628689,413.341131868987
2,0,0,3,0.0,0.0,0.0
2,0,0,3,0.0,0.0,0.0
2,0,0,3,0.0067117709261389,26.692376120781,272.992074231468
2,0,0,3,0.0050152007586805,38.6624759657666,3031.89774259997
2,0,0,3,0.0048399163893391,27.5056123758729,456.238199992913
2,0,0,3,0.0,0.0,0.0
2,0,0,3,0.0,0.0,0.0
2,0,0,3,0.0,0.0,0.0
2,0,0,3,0.0069157124669492,56.5569522779053,359.910138278828
2,0,0,3,0.0,0.0,0.0
2,0,0,3,0.0,0.0,0.0
2,0,0,3,0.0,0.0,0.0
2,0,0,3,0.0021570728819327,37.7618371883463,323.823230739989
2,0,0,3,0.0,0.0,0.0
2,0,0,3,0.0029353927796067,40.2013777992733,1545.84590994328
2,0,0,3,0.0,0.0,0.0
2,0,0,3,0.0071024037288826,53.3658816125347,511.082530124936
2,0,0,3,0.0,0.0,0.0
2,0,0,3,0.0021327110877236,33.3625269480562,404.833086651967
2,0,0,3,0.0,0.0,0.0
2,0,0,3,0.0077857759524576,25.1556509399403,97.3590599979949
2,0,0,3,0.0,0.0,0.0
