cost_model,startup,shutdown,n_coefficients,coeff_n,coeff1,coeff0
2,0,0,3,0.0,0.0,0.0
2,0,0,3,0.0063195481730724,30.8700330166629,335.826995338038
2,0,0,3,0.0,0.0,0.0
2,0,0,3,0.0043962949725211,52.0368113103041,2671.60006835697
2,0,0,3,0.0,0.0,0.0
2,0,0,3,0.0,0.0,0.0
2,0,0,3,0.0,0.0,0.0
2,0,0,3,0.003195600832999,56.5729649082277,2739.89269935607
2,0,0,3,0.0033308538764886,44.0294236221149,1377.72404476057
2,0,0,3,0.0,0.0,0.0
2,0,0,3,0.0,0.0,0.0
2,0,0,3,0.0047857956414194,36.8615496710455,1937.99946407782
2,0,0,3,0.0,0.0,0.0
2,0,0,3,0.0079780600842741,34.3039830255852,122.760549557019
2,0,0,3,0.0,0.0,0.0
2,0,0,3,0.0,0.0,0.0
2,0,0,3,0.0079507510697858,41.0008441509303,610.367611033171
2,0,0,3,0.0,0.0,0.0
2,0,0,3,0.0,0.0,0.0
2,0,0,3,0.0066194979881299,33.067372472291,7.04732962089778
2,0,0,3,0.0,0.0,0.0
2,0,0,3,0.0023396777568368,45.4460161720365,331.910579911167
2,0,0,3,0.0,0.0,0.0
2,0,0,3,0.0059279815792005,51.9895435342778,463.456973877431
2,0,0,3,0.0,0.0,0.0
2,0,0,3,0.0067779670202006,38.5286666457223,358.616636808178
2,0,0,3,0.0,0.0,0.0
2,0,0,3,0.0033657170834909,43.2034723261001,428.050834543427
2,0,0,3,0.0045234033399572,46.3120220286094,177.646623447492
2,0,0,3,0.0,0.0,0.0
2,0,0,3,0.0037139513276098,34.3126962470846,3411.73977147929
2,0,0,3,0.0,0.0,0.0
2,0,0,3,0.0,0.0,0.0
