bus_number,P_output,Q_output,voltage_mag,gen_status,P_max,P_min
1,982.963995045934,0,1,1,982.963995045485,0
3,241.528816037362,0,1,1,241.528816037505,0
4,923.671049343944,0,1,1,929.641827215824,0
7,645.988027691802,0,1,1,645.988027694272,0
12,0.0,0,1,0,462.324592741284,0
14,415.848661833926,0,1,1,797.656966199866,0
15,0.0,0,1,0,145.770044960501,0
16,0.0,0,1,0,203.403509899198,0
17,47.9695476722531,0,1,1,47.9695476756153,0
19,620.220232658765,0,1,1,620.220232658941,0
20,38.1676810592534,0,1,1,38.1676810591765,0
25,0.0,0,1,0,158.549519254555,0
27,15.0692774447898,0,1,1,15.0692774574661,0
31,644.786825907749,0,1,1,644.786825907901,0
37,0.0,0,1,0,488.690086587605,0
44,0.0,0,1,0,542.250706514196,0
58,250.615134449331,0,1,1,342.384578725982,0
59,498.006805155709,0,1,1,498.006805156265,0
60,120.414249192346,0,1,1,145.506491789737,0
61,44.5367982672674,0,1,1,44.5367982676608,0
64,125.490638314227,0,1,1,125.490638314401,0
67,0.0,0,1,0,451.756578148187,0
71,142.787844393799,0,1,1,142.787844394005,0
89,26.0386822656032,0,1,1,26.0386822643586,0
90,0.0,0,1,0,225.540481933603,0
92,203.213066229327,0,1,1,203.21306622877,0
98,503.412142514048,0,1,1,503.412142515111,0
102,0.0,0,1,0,170.105296709571,0
103,15.5747821993148,0,1,1,15.5747821998471,0
104,0.0,0,1,0,313.796491448624,0
105,0.0,0,1,0,201.205159892842,0
107,108.530758733261,0,1,1,108.530758733493,0
111,0.0,0,1,0,99.0652670906276,0
114,49.9687060491846,0,1,1,49.968706049325,0
