cost_model,startup,shutdown,n_coefficients,coeff_n,coeff1,coeff0
2,0,0,3,0.0074972765883176,28.8555162392965,2618.70962260541
2,0,0,3,0.0036149208942139,33.4862114622795,2526.98492956897
2,0,0,3,0.0079925430455399,53.4990474559572,2603.61585956394
2,0,0,3,0.0057971340100794,53.5448469799947,201.359225424328
2,0,0,3,0.0,0.0,0.0
2,0,0,3,0.0,0.0,0.0
2,0,0,3,0.0039413363446367,47.4934591943114,413.15429185188
2,0,0,3,0.0,0.0,0.0
2,0,0,3,0.0,0.0,0.0
2,0,0,3,0.0,0.0,0.0
2,0,0,3,0.0023905646230228,47.2279421057863,3542.19892337008
2,0,0,3,0.0020691389689418,33.2696468644915,320.711999808465
2,0,0,3,0.0,0.0,0.0
2,0,0,3,0.0021275803039825,35.7735371490348,2501.73418633181
2,0,0,3,0.0031829245648315,42.4906909682074,309.350624449699
2,0,0,3,0.0,0.0,0.0
2,0,0,3,0.0,0.0,0.0
2,0,0,3,0.0,0.0,0.0
2,0,0,3,0.0,0.0,0.0
2,0,0,3,0.0,0.0,0.0
2,0,0,3,0.0,0.0,0.0
2,0,0,3,0.0049146078037476,37.0931140793908,506.256724655172
2,0,0,3,0.0,0.0,0.0
2,0,0,3,0.0041799970304289,38.4738432216307,416.425120553249
2,0,0,3,0.0,0.0,0.0
2,0,0,3,0.0025658594036089,56.3590165292629,71.0174846477699
2,0,0,3,0.0,0.0,0.0
2,0,0,3,0.0,0.0,0.0
2,0,0,3,0.0,0.0,0.0
2,0,0,3,0.0,0.0,0.0
