bus_number,P_output,Q_output,voltage_mag,gen_status,P_max,P_min
4,294.472875707569,0,1,1,294.472875707569,0
10,311.611772486369,0,1,1,311.611772486369,0
13,89.6755248741306,0,1,1,89.6755248741306,0
21,0.0,0,1,0,652.11940103508,0
26,39.0212446542979,0,1,1,39.0212446542979,0
28,0.0,0,1,0,335.467161187605,0
29,0.0,0,1,0,152.995249199931,0
31,147.050131874485,0,1,1,147.050131874485,0
40,0.0,0,1,0,630.438278145567,0
44,0.0,0,1,0,534.787728796307,0
46,235.320409824142,0,1,1,235.320409824142,0
49,1054.94570748804,0,1,1,1364.63210674729,0
59,60.4812948219858,0,1,1,132.779676990628,0
60,0.0,0,1,0,365.124226692334,0
65,1.29386938905751e-13,0,1,1,122.63151998376,0
66,1070.25155312599,0,1,1,1070.25155312599,0
68,744.365788258207,0,1,1,744.365790784709,0
69,687.893358961262,0,1,1,743.294947100391,0
74,0.0,0,1,0,324.093192944543,0
78,763.009412038358,0,1,1,763.009412038358,0
80,0.0,0,1,0,434.795016192126,0
85,113.100623593367,0,1,1,113.100623593367,0
96,106.236773953162,0,1,1,106.236773953162,0
101,8.83160780147654,0,1,1,123.553058732086,0
106,110.051209475634,0,1,1,110.051209475634,0
110,621.729555018466,0,1,1,621.729555018466,0
114,69.2937856134718,0,1,1,69.2937856134718,0
