bus_number,P_output,Q_output,voltage_mag,gen_status,P_max,P_min
16,859.836020271011,0,1,1,1014.97151480864,0
19,157.652914271467,0,1,1,157.652914271468,0
21,688.25190008509,0,1,1,688.251900085094,0
22,718.461556761718,0,1,1,718.46155676172,0
25,697.332352969654,0,1,1,697.332352969657,0
26,65.0809811470061,0,1,1,143.480721530186,0
28,0.0,0,1,0,539.085726245034,0
32,282.177277836599,0,1,1,282.177277836601,0
35,427.626482716206,0,1,1,427.626482716207,0
36,0.0,0,1,0,221.013553602576,0
43,486.593836690403,0,1,1,486.593836690406,0
44,492.49126609311,0,1,1,508.864389190554,0
57,0.0,0,1,0,639.854473391668,0
58,11.7126100480478,0,1,1,11.7126100480656,0
68,150.55517981254,0,1,1,275.729532644078,0
71,44.2971245593207,0,1,1,44.2971245593229,0
72,27.4995750307388,0,1,1,264.88429841238,0
78,253.697103063938,0,1,1,253.69710306394,0
85,480.598206061313,0,1,1,480.598206061387,0
86,0.0,0,1,0,399.336859191874,0
88,18.3525441054236,0,1,1,18.3525441054255,0
92,239.402465932353,0,1,1,683.566455672492,0
94,65.3200711358366,0,1,1,65.3200711358386,0
98,288.05991064039,0,1,1,288.059910640393,0
100,0.0,0,1,0,396.552979323991,0
102,92.4357123490848,0,1,1,92.435712349087,0
103,113.620011739976,0,1,1,113.620011739978,0
111,3.74861913979459,0,1,1,13.3679278326389,0
117,0.0,0,1,0,325.812688044544,0
