bus_number,P_output,Q_output,voltage_mag,gen_status,P_max,P_min
2,56.4836527150855,0,1,1,56.4836527150855,0
9,0.0,0,1,0,270.962268306154,0
13,685.626541297944,0,1,1,685.626541297944,0
18,1556.50040426498,0,1,1,1743.43656670212,0
22,44.9107175659876,0,1,1,44.9107175659876,0
23,0.0,0,1,0,624.44380265373,0
28,0.0,0,1,0,29.0632201707244,0
33,1387.69555442344,0,1,1,1562.10235648349,0
37,907.121014851993,0,1,1,907.121014851994,0
39,0.0,0,1,0,514.53532578181,0
42,414.293023475274,0,1,1,583.40124300216,0
46,0.0,0,1,0,350.953332580221,0
50,23.9515649668473,0,1,1,23.9515649668473,0
56,0.0,0,1,0,616.520227335174,0
62,887.323473384219,0,1,1,887.323473384219,0
71,40.3746585413559,0,1,1,40.3746585413559,0
80,0.0,0,1,0,366.515134477327,0
82,0.0,0,1,0,83.3932059773173,0
89,23.5771632217964,0,1,1,23.5771632217964,0
91,131.375496992596,0,1,1,131.375496992596,0
98,161.495335044963,0,1,1,161.495335044963,0
99,277.615676828675,0,1,1,277.615676828675,0
102,0.0,0,1,0,511.381245536594,0
106,0.0,0,1,0,7.13930537698937,0
111,22.7260412572116,0,1,1,22.7260412572116,0
116,0.0,0,1,0,6.52446171118501,0
117,43.7334036286447,0,1,1,43.7334036286447,0
