bus_number,P_output,Q_output,voltage_mag,gen_status,P_max,P_min
2,1123.42661089231,0,1,1,1788.05428688157,0
8,404.138343036513,0,1,1,404.138343036513,0
10,824.449028534343,0,1,1,861.021109151753,0
12,167.128684806383,0,1,1,167.128684806383,0
18,27.7639283808881,0,1,1,27.7639283808881,0
22,723.861418628451,0,1,1,723.861418628451,0
23,471.998710520034,0,1,1,471.998710520034,0
29,299.866282253316,0,1,1,299.866282253316,0
32,384.557009546761,0,1,1,384.557009546761,0
33,198.222100992732,0,1,1,198.222100992732,0
37,505.808285863475,0,1,1,656.359254737199,0
39,124.922928168869,0,1,1,124.922928168869,0
44,9.09748945753809,0,1,1,9.09748945753809,0
45,283.867584353708,0,1,1,283.867584353708,0
52,0.0,0,1,0,740.783728579834,0
64,52.109182120566,0,1,1,207.155149907596,0
65,0.0,0,1,0,607.686833895408,0
69,0.0,0,1,0,596.865399827266,0
71,9.31685439177974,0,1,1,601.207537488475,0
74,13.2643576946523,0,1,1,105.636533923628,0
82,113.388081133577,0,1,1,113.388081133577,0
85,1.0482486735648,0,1,1,17.0095105266858,0
87,369.249091449584,0,1,1,449.465667697104,0
91,231.283985464208,0,1,1,258.494259467621,0
94,0.0,0,1,0,70.1308377113651,0
101,297.524145497643,0,1,1,297.524145497643,0
114,28.5113706001275,0,1,1,165.695410199884,0
