bus_number,P_output,Q_output,voltage_mag,gen_status,P_max,P_min
1,486.484771146572,0,1,1,486.484771146572,0
2,0.0,0,1,0,21.7700302326566,0
8,159.490154819199,0,1,1,565.100996226399,0
16,797.829532054926,0,1,1,1053.85273932628,0
27,988.685062066175,0,1,1,988.685062066175,0
29,0.0,0,1,0,451.808663963167,0
43,214.085774057212,0,1,1,214.085774057212,0
46,901.92526521867,0,1,1,901.92526521867,0
49,207.220572050584,0,1,1,207.220572050584,0
50,125.64493536989,0,1,1,125.64493536989,0
54,132.533239757303,0,1,1,132.533239757303,0
55,716.28837321686,0,1,1,716.28837321686,0
59,647.519484829496,0,1,1,647.519484829496,0
65,176.12520709565,0,1,1,176.12520709565,0
68,0.0,0,1,0,323.207755036344,0
69,229.709246637392,0,1,1,229.709246637392,0
71,0.0,0,1,0,428.417497907084,0
79,0.0,0,1,0,95.7582951837727,0
86,0.0,0,1,0,294.146046868859,0
89,0.0,0,1,0,605.297955391236,0
91,187.713757607809,0,1,1,187.713757607809,0
94,73.6183060886874,0,1,1,73.6183060886874,0
95,41.8034566181548,0,1,1,41.8034566181548,0
104,0.0,0,1,0,429.75716033536,0
105,136.798802126005,0,1,1,259.414962630122,0
106,49.9925620347817,0,1,1,49.9925620347817,0
107,187.037836166636,0,1,1,311.699445591804,0
109,0.0,0,1,0,408.023280784456,0
114,204.297383499021,0,1,1,204.297383499021,0
