cost_model,startup,shutdown,n_coefficients,coeff_n,coeff1,coeff0
2,0,0,3,0.0052854136104392,29.7888828850718,2303.25812559989
2,0,0,3,0.0076231406565265,26.3001810586198,2969.82126346967
2,0,0,3,0.0,0.0,0.0
2,0,0,3,0.0030960752347653,26.4715270180503,314.080652212301
2,0,0,3,0.0,0.0,0.0
2,0,0,3,0.0,0.0,0.0
2,0,0,3,0.0,0.0,0.0
2,0,0,3,0.0,0.0,0.0
2,0,0,3,0.0070761189491756,55.9557977245289,3526.33721610165
2,0,0,3,0.0,0.0,0.0
2,0,0,3,0.0,0.0,0.0
2,0,0,3,0.0,0.0,0.0
2,0,0,3,0.0046565157675168,49.3879858498637,2951.51662285804
2,0,0,3,0.0,0.0,0.0
2,0,0,3,0.0,0.0,0.0
2,0,0,3,0.0074221672783173,36.7222090458716,54.800233611302
2,0,0,3,0.0,0.0,0.0
2,0,0,3,0.0,0.0,0.0
2,0,0,3,0.0,0.0,0.0
2,0,0,3,0.007466821121947,50.8770721224365,833.260223365967
2,0,0,3,0.0050095232158975,52.5586539601125,86.6974469101735
2,0,0,3,0.0066083487191329,51.5533811237998,431.855219798922
2,0,0,3,0.0,0.0,0.0
2,0,0,3,0.0,0.0,0.0
2,0,0,3,0.0,0.0,0.0
2,0,0,3,0.0030534173583459,25.1331324131988,574.631587980478
2,0,0,3,0.005690914889202,31.6911017545504,2017.02987233929
