bus_number,P_output,Q_output,voltage_mag,gen_status,P_max,P_min
1,1079.35542387389,0,1,1,1165.2219608168,0
3,25.1265244569102,0,1,1,25.1265244569102,0
4,65.7854210701427,0,1,1,65.7854210701427,0
9,1156.14504756661,0,1,1,1156.14504756661,0
10,378.361001710594,0,1,1,378.361001710594,0
11,0.0,0,1,0,725.991205178899,0
17,0.0,0,1,0,281.042581230345,0
18,178.300676985373,0,1,1,178.300676985373,0
20,0.0,0,1,0,221.707814253933,0
23,88.3183319138342,0,1,1,88.3183319138342,0
27,192.137024758386,0,1,1,192.137024758386,0
28,0.0,0,1,0,243.184212863154,0
29,427.527320439286,0,1,1,1009.24665395208,0
32,1042.58845119169,0,1,1,1042.58845119169,0
47,162.962988808671,0,1,1,162.962988808671,0
48,639.570671555198,0,1,1,734.482852541872,0
60,614.167488752687,0,1,1,614.167488752687,0
76,0.0,0,1,0,295.787919195045,0
77,0.0,0,1,0,297.27239433128,0
78,0.0,0,1,0,642.8085250494,0
80,0.0,0,1,0,273.114922726482,0
84,7.08192907355282,0,1,1,196.920346743486,0
87,186.769857032845,0,1,1,192.826300873889,0
93,98.4106239970227,0,1,1,98.4106239970227,0
104,0.0,0,1,0,277.606955697581,0
107,170.99636399875,0,1,1,170.99636399875,0
114,0.0,0,1,0,177.18530429104,0
115,87.1799778151688,0,1,1,87.1799778151688,0
118,64.0185974604033,0,1,1,64.0185974604033,0
