bus_number,P_output,Q_output,voltage_mag,gen_status,P_max,P_min
6,150.466560576199,0,1,1,150.4665605762,0
8,824.056518683528,0,1,1,896.729670728226,0
13,0.0,0,1,0,352.672650394767,0
24,0.0,0,1,0,89.7336827629932,0
26,719.806782410366,0,1,1,719.806782410367,0
29,0.0,0,1,0,151.963885786331,0
32,409.54238864315,0,1,1,483.400479980216,0
39,0.0,0,1,0,463.674781323786,0
40,783.959888665163,0,1,1,783.959888665166,0
42,130.553618626029,0,1,1,130.55361862603,0
46,0.0,0,1,0,468.318649528357,0
52,128.304797124288,0,1,1,128.304797124288,0
53,499.62011546938,0,1,1,544.297816009061,0
58,49.5299440690019,0,1,1,49.5299440690017,0
61,0.0,0,1,0,249.376497301937,0
63,429.945505677424,0,1,1,750.844964652013,0
64,39.4057512294238,0,1,1,39.4057512294243,0
67,0.430593430822374,0,1,1,0.430593430829722,0
68,0.0,0,1,0,212.346096812957,0
70,0.0,0,1,0,411.609594746348,0
71,0.0,0,1,0,151.402014040071,0
73,136.003849936553,0,1,1,136.003849936553,0
75,13.4046942349347,0,1,1,22.8066116294409,0
76,126.917052994963,0,1,1,126.917052994964,0
81,52.1233437984611,0,1,1,52.1233437984611,0
83,60.0346060503228,0,1,1,185.812057215142,0
84,114.410534827102,0,1,1,114.410534827102,0
87,4.45425703018236,0,1,1,119.937323555872,0
88,498.091068828905,0,1,1,498.091068828906,0
89,637.056786081606,0,1,1,637.056786081624,0
90,0.0,0,1,0,456.517296621207,0
101,610.329016494318,0,1,1,610.329016494318,0
110,0.0,0,1,0,196.712517010952,0
111,138.744401785335,0,1,1,138.744401785336,0
116,107.611645793555,0,1,1,107.611645793555,0
