cost_model,startup,shutdown,n_coefficients,coeff_n,coeff1,coeff0
2,0,0,3,0.0,0.0,0.0
2,0,0,3,0.0,0.0,0.0
2,0,0,3,0.0028922547654344,24.5986777739495,1712.19864888087
2,0,0,3,0.0,0.0,0.0
2,0,0,3,0.0,0.0,0.0
2,0,0,3,0.005563780547986,44.6277169410817,3505.02865448627
2,0,0,3,0.0031534592993474,31.7414013554536,2785.08641644676
2,0,0,3,0.0,0.0,0.0
2,0,0,3,0.0023347393659798,46.8298351780429,96.1111592690846
2,0,0,3,0.0055180659792835,35.1938708389343,191.582395103205
2,0,0,3,0.0,0.0,0.0
2,0,0,3,0.0,0.0,0.0
2,0,0,3,0.0,0.0,0.0
2,0,0,3,0.0,0.0,0.0
2,0,0,3,0.005755369188079,43.7025220100596,410.751192372511
2,0,0,3,0.0023824477858733,45.9413978292788,105.593014051392
2,0,0,3,0.0,0.0,0.0
2,0,0,3,0.0037222076856621,38.2798066008585,540.113206813226
2,0,0,3,0.0060721951774902,29.145806972206,2893.59446376126
2,0,0,3,0.0,0.0,0.0
2,0,0,3,0.0,0.0,0.0
2,0,0,3,0.0,0.0,0.0
2,0,0,3,0.002459607895639,40.0138871010535,3086.5406787712
2,0,0,3,0.0,0.0,0.0
2,0,0,3,0.0069636085262189,25.5695447935988,247.764734825295
2,0,0,3,0.0,0.0,0.0
2,0,0,3,0.0,0.0,0.0
