cost_model,startup,shutdown,n_coefficients,coeff_n,coeff1,coeff0
2,0,0,3,0.0,0.0,0.0
2,0,0,3,0.0,0.0,0.0
2,0,0,3,0.0069949845260884,39.4313115629396,3390.3827168951
2,0,0,3,0.0079273877920248,35.2894538738593,3683.2723484759
2,0,0,3,0.0058967023003339,55.6640731719427,1881.68414478138
2,0,0,3,0.007481356285882,28.6853984043568,218.54428809997
2,0,0,3,0.0039952738842224,39.533867778813,221.231601606224
2,0,0,3,0.0078580098826972,48.8181460671414,214.318402763191
2,0,0,3,0.0,0.0,0.0
2,0,0,3,0.0055200605047665,33.1849253585488,1521.75857984675
2,0,0,3,0.0,0.0,0.0
2,0,0,3,0.0,0.0,0.0
2,0,0,3,0.0047036516110931,28.3988054324033,136.293300617304
2,0,0,3,0.0,0.0,0.0
2,0,0,3,0.0041828306399818,29.3303733031553,589.583784598872
2,0,0,3,0.0,0.0,0.0
2,0,0,3,0.0028750297150194,45.7752385971897,575.62084951446
2,0,0,3,0.0,0.0,0.0
2,0,0,3,0.0060177427673736,29.3644512917158,1782.14788293422
2,0,0,3,0.0043944284680821,31.0160108564878,597.863963847187
2,0,0,3,0.0,0.0,0.0
2,0,0,3,0.0,0.0,0.0
2,0,0,3,0.0,0.0,0.0
2,0,0,3,0.0,0.0,0.0
2,0,0,3,0.0,0.0,0.0
2,0,0,3,0.0,0.0,0.0
2,0,0,3,0.0,0.0,0.0
2,0,0,3,0.0,0.0,0.0
2,0,0,3,0.0,0.0,0.0
2,0,0,3,0.0032397207617369,38.216473955677,139.779902343757
2,0,0,3,0.0,0.0,0.0
