cost_model,startup,shutdown,n_coefficients,coeff_n,coeff1,coeff0
2,0,0,3,0.0063093450508388,38.8444612142087,855.071158270234
2,0,0,3,0.0,0.0,0.0
2,0,0,3,0.0,0.0,0.0
2,0,0,3,0.0,0.0,0.0
2,0,0,3,0.0062218845401242,27.1536104476595,1204.53451851223
2,0,0,3,0.006533349565062,30.1787747580361,398.182194711787
2,0,0,3,0.0,0.0,0.0
2,0,0,3,0.0,0.0,0.0
2,0,0,3,0.0,0.0,0.0
2,0,0,3,0.0,0.0,0.0
2,0,0,3,0.0028221711050015,33.8492966531847,2095.56061877553
2,0,0,3,0.0046498624745924,30.606373437213,1852.04268186367
2,0,0,3,0.0,0.0,0.0
2,0,0,3,0.0032182472301946,33.8190641033779,243.859494520599
2,0,0,3,0.0,0.0,0.0
2,0,0,3,0.0,0.0,0.0
2,0,0,3,0.0,0.0,0.0
2,0,0,3,0.003312341881348,32.0141033490411,3362.88668418625
2,0,0,3,0.0046615682669235,48.92919941768,359.228596817733
2,0,0,3,0.0,0.0,0.0
2,0,0,3,0.0044199923966281,56.4767474079827,185.727657335144
2,0,0,3,0.0077521569121832,28.6576349805442,3533.5328955827
2,0,0,3,0.0,0.0,0.0
2,0,0,3,0.0,0.0,0.0
2,0,0,3,0.0,0.0,0.0
2,0,0,3,0.0,0.0,0.0
