bus_number,P_output,Q_output,voltage_mag,gen_status,P_max,P_min
1,214.258422903592,0,1,1,214.258422904163,0
6,262.525323661265,0,1,1,262.525323661554,0
8,275.450387994617,0,1,1,275.450387994902,0
10,401.06046598577,0,1,1,1051.84643525258,0
29,165.439886681559,0,1,1,165.439886681856,0
30,0.0,0,1,0,371.701817089079,0
32,0.0,0,1,0,207.066209866359,0
33,999.853183109279,0,1,1,999.853183109779,0
35,0.0,0,1,0,161.827911012406,0
43,705.087998131958,0,1,1,705.087998132532,0
51,250.293143710109,0,1,1,250.293143710406,0
57,136.09637152777,0,1,1,136.096371528068,0
58,101.337643286423,0,1,1,101.337643286716,0
64,792.402508961899,0,1,1,792.402508962319,0
67,0.0,0,1,0,31.964786416389,0
69,785.561564802243,0,1,1,785.561564802526,0
70,88.3683324173346,0,1,1,88.3683324178002,0
72,804.138554377947,0,1,1,804.138554378651,0
73,0.0,0,1,0,657.823567718922,0
74,703.918601524585,0,1,1,703.918601525166,0
86,0.0,0,1,0,591.311210963715,0
96,91.2034318698734,0,1,1,91.2034318704856,0
108,0.0,0,1,0,519.778768829576,0
109,23.0473108570765,0,1,1,326.774119647532,0
110,0.0,0,1,0,250.00352613136,0
111,85.8685188752482,0,1,1,85.8685188769598,0
