cost_model,startup,shutdown,n_coefficients,coeff_n,coeff1,coeff0
2,0,0,3,0.0032700146814,29.0297063474739,1808.94517025737
2,0,0,3,0.0039535259668221,44.336468923731,1991.2424043986
2,0,0,3,0.0056909307704702,42.0618142635834,1718.62889839598
2,0,0,3,0.0,0.0,0.0
2,0,0,3,0.0,0.0,0.0
2,0,0,3,0.0031837513144844,33.2470851257685,33.2217103435965
2,0,0,3,0.0,0.0,0.0
2,0,0,3,0.0032640868095276,30.2951771377734,3624.44658705542
2,0,0,3,0.0,0.0,0.0
2,0,0,3,0.0070561871752404,52.5603441922942,577.629376004358
2,0,0,3,0.0,0.0,0.0
2,0,0,3,0.0,0.0,0.0
2,0,0,3,0.0,0.0,0.0
2,0,0,3,0.0,0.0,0.0
2,0,0,3,0.0,0.0,0.0
2,0,0,3,0.0,0.0,0.0
2,0,0,3,0.004860460874157,41.7778947905672,263.489582553373
2,0,0,3,0.0044674455692528,53.6638236655076,298.444616542607
2,0,0,3,0.0033721631985365,27.5848206732877,432.335835870641
2,0,0,3,0.0,0.0,0.0
2,0,0,3,0.0,0.0,0.0
2,0,0,3,0.0,0.0,0.0
2,0,0,3,0.0,0.0,0.0
2,0,0,3,0.0028200995154073,25.5351984216687,506.669261048555
2,0,0,3,0.0057732209548743,36.1224028545674,2795.27318912577
2,0,0,3,0.0,0.0,0.0
2,0,0,3,0.0,0.0,0.0
