cost_model,startup,shutdown,n_coefficients,coeff_n,coeff1,coeff0
2,0,0,3,0.0,0.0,0.0
2,0,0,3,0.0,0.0,0.0
2,0,0,3,0.0,0.0,0.0
2,0,0,3,0.0067492087603625,23.5860415244337,1879.88792915078
2,0,0,3,0.0042237461588569,31.4256731702581,516.945370509611
2,0,0,3,0.0067921034605113,42.5886463551826,3743.33965596107
2,0,0,3,0.0,0.0,0.0
2,0,0,3,0.0,0.0,0.0
2,0,0,3,0.0,0.0,0.0
2,0,0,3,0.0052827835066758,36.0726037640659,3363.59886238718
2,0,0,3,0.0051360087994235,24.6795753419773,70.9215287228052
2,0,0,3,0.0,0.0,0.0
2,0,0,3,0.0027437884365294,51.4472074547648,199.665400185116
2,0,0,3,0.0048168862159692,37.1478108272402,73.978353274242
2,0,0,3,0.0,0.0,0.0
2,0,0,3,0.0,0.0,0.0
2,0,0,3,0.0075925013014641,42.3895419748873,717.259588451832
2,0,0,3,0.0062700622999593,24.0077705348665,2970.01118115637
2,0,0,3,0.0,0.0,0.0
2,0,0,3,0.0,0.0,0.0
2,0,0,3,0.0,0.0,0.0
2,0,0,3,0.0,0.0,0.0
2,0,0,3,0.0,0.0,0.0
2,0,0,3,0.0,0.0,0.0
2,0,0,3,0.0067757661778984,45.5341047221021,2973.23468634096
2,0,0,3,0.0021312810711889,23.1908166301998,513.521807020197
2,0,0,3,0.0,0.0,0.0
