bus_number,P_output,Q_output,voltage_mag,gen_status,P_max,P_min
9,0.0,0,1,0,450.177859717721,0
22,59.1290871281743,0,1,1,200.816877829119,0
24,211.539324673111,0,1,1,211.539324673111,0
28,0.0,0,1,0,330.4720462664,0
29,0.0,0,1,0,338.370630544864,0
33,1067.31723631495,0,1,1,1350.83594033611,0
38,1007.57514316049,0,1,1,1007.57514316049,0
39,38.0137415852661,0,1,1,38.0137415852661,0
43,0.0,0,1,0,447.965378056065,0
45,225.066963603549,0,1,1,225.066963603549,0
48,916.902152398956,0,1,1,916.902152398956,0
50,36.6120899857151,0,1,1,36.6120899857151,0
53,0.0,0,1,0,303.685629429381,0
55,0.0,0,1,0,281.33278193332,0
57,212.393357459187,0,1,1,212.393357459187,0
64,219.829138217701,0,1,1,219.829138217701,0
80,751.792915380297,0,1,1,751.792915380297,0
85,622.376696730782,0,1,1,622.376696730782,0
86,0.0,0,1,0,297.689782968377,0
90,0.0,0,1,0,592.295075509786,0
91,275.940349046738,0,1,1,275.940349046738,0
94,247.515590920297,0,1,1,247.515590920297,0
97,117.643347666205,0,1,1,117.643347666205,0
104,7.99284886755513,0,1,1,7.99284886755513,0
109,82.5362516920291,0,1,1,82.5362516920291,0
112,0.0,0,1,0,578.069150296194,0
