bus_number,P_output,Q_output,voltage_mag,gen_status,P_max,P_min
4,1115.83679262118,0,1,1,1309.52133287455,0
5,0.0,0,1,0,449.179986307181,0
13,23.2330145710944,0,1,1,23.2330145710944,0
23,1138.73428030945,0,1,1,1182.60393732459,0
34,1078.00905246736,0,1,1,1078.00905246736,0
38,0.0,0,1,0,480.314275182895,0
40,0.0,0,1,0,503.479474036827,0
43,658.475134281226,0,1,1,1053.77379448508,0
48,193.166065039351,0,1,1,213.092101710329,0
55,382.792065393056,0,1,1,382.792065393056,0
57,852.756722864895,0,1,1,852.756722864895,0
62,47.9331820912533,0,1,1,47.9331820912533,0
64,0.0,0,1,0,572.514734864623,0
66,0.0,0,1,0,467.804588358603,0
67,214.855141399553,0,1,1,214.855141399553,0
70,0.0,0,1,0,483.181107185662,0
82,0.0,0,1,0,239.445202369947,0
86,191.799291011037,0,1,1,191.799291011037,0
88,0.0,0,1,0,118.400241861697,0
89,180.088712763022,0,1,1,180.088712763022,0
90,58.8070448299867,0,1,1,58.8070448299867,0
96,59.6758205316028,0,1,1,59.6758205316028,0
97,251.148783135793,0,1,1,251.148783135793,0
100,217.492619151162,0,1,1,217.492619151162,0
