bus_number,P_output,Q_output,voltage_mag,gen_status,P_max,P_min
6,0.0,0,1,0,596.99742743815,0
19,727.100981762824,0,1,1,727.100981762824,0
27,1055.36308541231,0,1,1,1381.58470247575,0
28,678.747450398571,0,1,1,678.747450398571,0
35,181.637664220858,0,1,1,352.560874674984,0
38,0.0,0,1,0,312.126100415257,0
46,297.00636557455,0,1,1,349.499118040977,0
47,208.6957122242,0,1,1,208.6957122242,0
50,0.0,0,1,0,162.063446088573,0
52,236.75649960473,0,1,1,265.061351360469,0
55,1.87807976934862,0,1,1,1.87807976934862,0
60,720.503460157775,0,1,1,720.503460157775,0
69,207.02441686543,0,1,1,207.02441686543,0
71,0.0,0,1,0,814.946408717039,0
78,206.300825625875,0,1,1,206.300825625875,0
79,0.0,0,1,0,133.716595571194,0
82,44.5016081699369,0,1,1,97.8567067394075,0
87,733.054948974342,0,1,1,733.054948974342,0
88,0.0,0,1,0,486.905640830931,0
91,17.2658189517418,0,1,1,17.2658189517418,0
94,48.2734186484548,0,1,1,48.2734186484548,0
95,0.0,0,1,0,575.751300865819,0
103,0.0,0,1,0,416.09314942045,0
105,95.3500228213747,0,1,1,95.3500228213747,0
112,318.386111683143,0,1,1,318.386111683143,0
114,77.7050572807722,0,1,1,77.7050572807722,0
115,646.453098968952,0,1,1,646.453098968952,0
