bus_number,P_output,Q_output,voltage_mag,gen_status,P_max,P_min
2,0.0,0,1,0,259.984716054759,0
3,942.282629253358,0,1,1,1092.17648866349,0
4,0.0,0,1,0,37.4938491220396,0
10,0.0,0,1,0,828.61543771293,0
11,224.533861500656,0,1,1,224.533861500796,0
21,196.796045105797,0,1,1,196.79604510594,0
23,0.0,0,1,0,291.245724852848,0
28,695.642806053878,0,1,1,728.517781452037,0
29,705.395695580788,0,1,1,705.395695581317,0
30,131.722804010019,0,1,1,131.722804010159,0
35,0.0,0,1,0,455.592018711987,0
36,128.89009813789,0,1,1,128.890098138037,0
38,937.473884896187,0,1,1,1324.33077811966,0
39,0.0,0,1,0,168.871162633498,0
42,0.0,0,1,0,196.170550633266,0
46,1232.7605739884,0,1,1,1232.76057398854,0
47,78.5569763609181,0,1,1,78.5569763610515,0
55,45.7333584603556,0,1,1,45.733358460501,0
57,501.556789608732,0,1,1,501.556789609485,0
58,405.625177635634,0,1,1,405.625177644438,0
60,0.0,0,1,0,186.801972134139,0
63,152.019368431584,0,1,1,152.019368431992,0
78,0.0,0,1,0,158.144536391954,0
96,46.0900772981536,0,1,1,46.0900772985294,0
101,111.154431594333,0,1,1,149.608642427007,0
108,51.1419515492334,0,1,1,51.1419515493766,0
112,77.427192995096,0,1,1,77.4271929952188,0
113,0.0,0,1,0,464.39724873574,0
