cost_model,startup,shutdown,n_coefficients,coeff_n,coeff1,coeff0
2,0,0,3,0.0,0.0,0.0
2,0,0,3,0.0078745648789448,52.9870891144095,1051.43829421267
2,0,0,3,0.0046282535771134,24.4205731348257,108.192530459267
2,0,0,3,0.0,0.0,0.0
2,0,0,3,0.0055561285968428,55.4903731029593,2725.77188841342
2,0,0,3,0.0,0.0,0.0
2,0,0,3,0.0,0.0,0.0
2,0,0,3,0.0,0.0,0.0
2,0,0,3,0.0038209236308536,33.8395311379164,3223.13197656014
2,0,0,3,0.0066392334470929,48.3046893772595,677.764720016541
2,0,0,3,0.0,0.0,0.0
2,0,0,3,0.0070752014828086,54.8420399775499,3209.64440658414
2,0,0,3,0.0031392591023503,45.8928833500139,320.115152515254
2,0,0,3,0.0,0.0,0.0
2,0,0,3,0.0,0.0,0.0
2,0,0,3,0.0,0.0,0.0
2,0,0,3,0.0,0.0,0.0
2,0,0,3,0.0,0.0,0.0
2,0,0,3,0.0,0.0,0.0
2,0,0,3,0.0072247621074029,31.4870155666938,3254.71318353999
2,0,0,3,0.0,0.0,0.0
2,0,0,3,0.0,0.0,0.0
2,0,0,3,0.0042320957354917,38.2255612541479,380.543619962169
2,0,0,3,0.0040922981800918,29.5478200618448,69.5344024003916
2,0,0,3,0.0038103423453838,35.4973782642899,3051.85769327112
2,0,0,3,0.0,0.0,0.0
2,0,0,3,0.0,0.0,0.0
