bus_number,P_output,Q_output,voltage_mag,gen_status,P_max,P_min
1,0.0,0,1,0,374.436488944298,0
2,0.0,0,1,0,538.796755274918,0
5,0.0,0,1,0,152.191066805594,0
17,860.37720448822,0,1,1,1032.47808646692,0
18,920.925635915517,0,1,1,920.925635915517,0
20,309.431978507402,0,1,1,354.752277413923,0
27,707.408479658296,0,1,1,707.408479658296,0
32,66.4446775241815,0,1,1,116.25905213004,0
38,669.618917863958,0,1,1,669.618917863958,0
40,0.0,0,1,0,125.181548600572,0
42,612.887506721304,0,1,1,612.887506721304,0
44,0.0,0,1,0,390.666511440142,0
45,0.0,0,1,0,173.702295450711,0
46,102.985833456035,0,1,1,102.985833456035,0
49,158.515463592325,0,1,1,158.515463592325,0
51,88.125164850708,0,1,1,88.125164850708,0
57,740.235807727663,0,1,1,740.235807727663,0
58,846.071055650989,0,1,1,846.071055650989,0
59,0.0,0,1,0,169.787739411325,0
67,44.6974966400291,0,1,1,44.6974966400291,0
71,78.1006246492238,0,1,1,78.1006246492238,0
72,53.8669223117644,0,1,1,53.8669223117644,0
73,36.1760914394398,0,1,1,36.1760914394398,0
74,9.60951914260276,0,1,1,220.888309332699,0
78,74.9822981990843,0,1,1,74.9822981990843,0
88,0.0,0,1,0,379.62220177423,0
90,0.0,0,1,0,205.905726441764,0
92,21.6514235251708,0,1,1,21.6514235251708,0
98,236.292856183678,0,1,1,236.292856183678,0
102,0.0,0,1,0,430.877305046193,0
103,0.0,0,1,0,307.949596489104,0
109,13.637803256467,0,1,1,13.637803256467,0
110,0.0,0,1,0,200.302726969515,0
114,12.7609610523065,0,1,1,12.7609610523065,0
118,1.04650853318544e-07,0,1,1,39.1641960858918,0
