cost_model,startup,shutdown,n_coefficients,coeff_n,coeff1,coeff0
2,0,0,3,0.0072815071695468,56.9052065101256,598.136632927496
2,0,0,3,0.0,0.0,0.0
2,0,0,3,0.0078021131428187,31.9095402790675,2384.37233109958
2,0,0,3,0.0,0.0,0.0
2,0,0,3,0.0,0.0,0.0
2,0,0,3,0.0,0.0,0.0
2,0,0,3,0.0055011081348948,55.5459837462117,122.637111430867
2,0,0,3,0.0073266644295443,35.2892714678926,2455.32782501408
2,0,0,3,0.0028646900405775,55.8158055549139,1580.17132264515
2,0,0,3,0.0036435949934489,37.8503684765305,2606.72496841332
2,0,0,3,0.002195446388641,24.1329231730294,2344.20270592579
2,0,0,3,0.0,0.0,0.0
2,0,0,3,0.0,0.0,0.0
2,0,0,3,0.0036057696236756,34.9840610919392,259.767620364987
2,0,0,3,0.0023692511421552,25.7740871383418,2969.75975808167
2,0,0,3,0.0,0.0,0.0
2,0,0,3,0.0,0.0,0.0
2,0,0,3,0.0,0.0,0.0
2,0,0,3,0.0,0.0,0.0
2,0,0,3,0.0,0.0,0.0
2,0,0,3,0.0,0.0,0.0
2,0,0,3,0.0,0.0,0.0
2,0,0,3,0.0,0.0,0.0
2,0,0,3,0.0,0.0,0.0
2,0,0,3,0.0052805057123232,51.7911031169704,1863.71310012521
2,0,0,3,0.0,0.0,0.0
2,0,0,3,0.0033048925069675,25.1558152376557,502.435859243334
