bus_number,P_output,Q_output,voltage_mag,gen_status,P_max,P_min
7,784.96487820768,0,1,1,1001.54013199602,0
8,388.533673617601,0,1,1,388.533673617606,0
14,0.0,0,1,0,253.803134299375,0
20,233.785393956101,0,1,1,233.7853939561,0
23,335.652151251538,0,1,1,335.652151251541,0
24,1.87342677211434,0,1,1,1.87342677213315,0
25,896.247074782932,0,1,1,896.247074782937,0
30,0.0,0,1,0,50.1579050495103,0
34,391.163410149508,0,1,1,391.16341014951,0
37,9.17587342917484e-13,0,1,1,199.079871338328,0
39,148.618252240908,0,1,1,191.584493067961,0
40,-1.28076930317185e-12,0,1,1,93.5049156665924,0
50,99.2731780753541,0,1,1,203.775536919014,0
51,0.0,0,1,0,638.99404538921,0
58,660.921471369468,0,1,1,739.096223652731,0
59,110.67715179621,0,1,1,110.677151796207,0
60,0.0,0,1,0,570.278354985726,0
63,204.641258436063,0,1,1,204.641258436062,0
65,319.032319102171,0,1,1,319.032319102172,0
69,516.391258423285,0,1,1,731.659494314472,0
73,62.024443773176,0,1,1,62.0244437731733,0
76,0.0,0,1,0,458.5294797854,0
79,5.41841057252633,0,1,1,5.41841057252512,0
81,320.231809663459,0,1,1,320.231809663459,0
86,163.957845984952,0,1,1,395.293533481656,0
87,-3.08502812935631e-12,0,1,1,30.0194863053883,0
93,318.111059292397,0,1,1,318.111059292397,0
97,160.082470928724,0,1,1,228.439016383564,0
99,431.236918383152,0,1,1,431.236918383153,0
103,22.3598764416292,0,1,1,22.3598764416289,0
108,89.605989240071,0,1,1,89.6059892400702,0
