bus_number,P_output,Q_output,voltage_mag,gen_status,P_max,P_min
3,186.350294587803,0,1,1,186.350294587803,0
6,0.0,0,1,0,671.379364681148,0
20,1027.86399916699,0,1,1,1206.59019594163,0
23,240.17066704386,0,1,1,584.241896394881,0
24,0.0,0,1,0,336.018521637174,0
31,1157.98316262315,0,1,1,1157.98316262315,0
34,33.579649574408,0,1,1,33.579649574408,0
38,90.4289775765884,0,1,1,90.4289775765884,0
49,189.73956193944,0,1,1,189.73956193944,0
60,0.0,0,1,0,497.734950614173,0
61,808.07650585269,0,1,1,808.07650585269,0
64,188.609948210777,0,1,1,188.609948210777,0
66,779.873200785487,0,1,1,779.873200785487,0
70,0.0,0,1,0,516.353564557254,0
79,137.436321046038,0,1,1,137.436321046038,0
80,1073.87354817066,0,1,1,1073.87354817066,0
84,0.0,0,1,0,367.828188118692,0
89,288.186253670209,0,1,1,335.668410130992,0
97,0.0,0,1,0,552.84020758248,0
107,0.0,0,1,0,377.773161300974,0
108,0.0,0,1,0,232.067028483401,0
109,147.17641825918,0,1,1,147.17641825918,0
111,125.094256697973,0,1,1,125.094256697973,0
115,20.1733992505029,0,1,1,20.1733992505029,0
116,15.0114927542987,0,1,1,15.0114927542987,0
