cost_model,startup,shutdown,n_coefficients,coeff_n,coeff1,coeff0
2,0,0,3,0.0,0.0,0.0
2,0,0,3,0.0,0.0,0.0
2,0,0,3,0.0,0.0,0.0
2,0,0,3,0.0057958674611752,49.1398027424299,390.121672029202
2,0,0,3,0.0,0.0,0.0
2,0,0,3,0.0,0.0,0.0
2,0,0,3,0.0,0.0,0.0
2,0,0,3,0.007041677146479,48.6846557171256,579.143658119523
2,0,0,3,0.0033122915414279,26.4598645238342,791.81505897746
2,0,0,3,0.0,0.0,0.0
2,0,0,3,0.0079305301486611,49.0786960625835,3847.12313572023
2,0,0,3,0.0057681475030541,40.2354017537423,2308.65386177934
2,0,0,3,0.0,0.0,0.0
2,0,0,3,0.0,0.0,0.0
2,0,0,3,0.0,0.0,0.0
2,0,0,3,0.0049598644143137,32.1891515088904,1498.24883982504
2,0,0,3,0.0045204735791209,48.0286821005342,1112.54620188408
2,0,0,3,0.0,0.0,0.0
2,0,0,3,0.0,0.0,0.0
2,0,0,3,0.0,0.0,0.0
2,0,0,3,0.0,0.0,0.0
2,0,0,3,0.0,0.0,0.0
2,0,0,3,0.0020436938599971,36.2167142064317,3562.21088538489
2,0,0,3,0.005625735303638,51.9643579295126,429.47269735945
