bus_number,P_output,Q_output,voltage_mag,gen_status,P_max,P_min
6,1189.70666440078,0,1,1,1197.83209377509,0
9,32.2845750111909,0,1,1,32.2845750115577,0
10,156.633160013881,0,1,1,156.633160014061,0
17,0.0,0,1,0,340.9738885251,0
20,0.0,0,1,0,322.168076811134,0
23,63.8911460500291,0,1,1,63.8911460502675,0
32,1.40352020169449e-09,0,1,1,147.861520523657,0
37,846.733327282545,0,1,1,1110.02371017129,0
38,58.5029618562233,0,1,1,58.5029618562704,0
48,0.0,0,1,0,168.339203910612,0
57,889.976625878438,0,1,1,889.976625878744,0
61,998.331864173066,0,1,1,998.331864173518,0
63,1.71070676545989e-08,0,1,1,18.7912881970443,0
71,880.893047976911,0,1,1,880.893047977368,0
72,418.626911413275,0,1,1,418.626911414664,0
73,0.0,0,1,0,301.536546950271,0
75,0.0,0,1,0,188.941614920902,0
77,0.0,0,1,0,345.004779714464,0
78,402.137589410647,0,1,1,530.366334552466,0
79,50.5091124532689,0,1,1,50.5091124537675,0
80,91.0618179795583,0,1,1,91.0618179800034,0
81,0.0,0,1,0,410.976188498534,0
86,2.56231773088576,0,1,1,11.4541822570439,0
91,0.0,0,1,0,340.877465047937,0
95,0.0,0,1,0,638.717779835584,0
102,482.234597934407,0,1,1,499.380957048887,0
108,0.0,0,1,0,317.227370343967,0
112,100.718002876956,0,1,1,100.7180028776,0
