bus_number,P_output,Q_output,voltage_mag,gen_status,P_max,P_min
4,332.322299015822,0,1,1,332.322299015822,0
14,7.00777194962209e-18,0,1,1,203.371419587598,0
17,977.122704037244,0,1,1,1105.107778083,0
19,946.236891439033,0,1,1,946.236891439033,0
24,257.887849433013,0,1,1,257.887849433013,0
25,20.0343676666551,0,1,1,20.0343676666551,0
32,250.141314881295,0,1,1,250.141314881295,0
34,0.0,0,1,0,222.251271748862,0
35,27.0056346478371,0,1,1,27.0056346478371,0
41,47.7003267199831,0,1,1,328.992025261145,0
43,72.0045614222039,0,1,1,72.0045614222039,0
52,322.738473992244,0,1,1,322.738473992244,0
55,354.291103423161,0,1,1,708.382931454867,0
64,0.0,0,1,0,140.085283528933,0
68,722.693655168548,0,1,1,722.693655168548,0
73,682.808041577455,0,1,1,787.87710910551,0
75,0.0,0,1,0,679.896896917091,0
80,147.333983072052,0,1,1,147.333983072052,0
83,159.77209018988,0,1,1,159.77209018988,0
88,356.648001774964,0,1,1,356.648001774964,0
91,342.778194302847,0,1,1,342.778194302847,0
93,49.7210769174143,0,1,1,243.074310157921,0
94,89.0975206346416,0,1,1,89.0975206346416,0
105,304.030504424718,0,1,1,304.030504424718,0
108,165.562510626441,0,1,1,165.562510626441,0
109,19.2192247640243,0,1,1,19.2192247640243,0
110,0.0,0,1,0,658.846577724129,0
