cost_model,startup,shutdown,n_coefficients,coeff_n,coeff1,coeff0
2,0,0,3,0.0,0.0,0.0
2,0,0,3,0.0041739957602103,40.7270793493541,571.888379234927
2,0,0,3,0.0,0.0,0.0
2,0,0,3,0.003875926465205,31.0660102641911,2771.72614600988
2,0,0,3,0.0,0.0,0.0
2,0,0,3,0.0,0.0,0.0
2,0,0,3,0.0067481047275123,54.4696857572934,439.765394436636
2,0,0,3,0.0,0.0,0.0
2,0,0,3,0.007443370672064,47.7860501635042,1760.31466014436
2,0,0,3,0.0,0.0,0.0
2,0,0,3,0.0053667789620601,44.2671785289628,466.624287430039
2,0,0,3,0.0,0.0,0.0
2,0,0,3,0.0054874955740473,50.8273591758258,977.399138282933
2,0,0,3,0.0,0.0,0.0
2,0,0,3,0.0076689002060885,41.353092000894,494.444829144007
2,0,0,3,0.0,0.0,0.0
2,0,0,3,0.0,0.0,0.0
2,0,0,3,0.0076684006018289,35.9166542330704,734.272266282863
2,0,0,3,0.0042432723066112,47.9964656401752,415.630565762934
2,0,0,3,0.0,0.0,0.0
2,0,0,3,0.0,0.0,0.0
2,0,0,3,0.0,0.0,0.0
2,0,0,3,0.0028723224400527,55.2746498940008,320.7763096377
2,0,0,3,0.0,0.0,0.0
2,0,0,3,0.0,0.0,0.0
2,0,0,3,0.0,0.0,0.0
