cost_model,startup,shutdown,n_coefficients,coeff_n,coeff1,coeff0
2,0,0,3,0.0036368986754126,49.6301021058287,97.4066118923154
2,0,0,3,0.0054905872514313,41.3120279059358,1122.26265151143
2,0,0,3,0.0020358876300151,51.9587555875634,145.483342036007
2,0,0,3,0.0,0.0,0.0
2,0,0,3,0.0,0.0,0.0
2,0,0,3,0.0,0.0,0.0
2,0,0,3,0.0032342532790208,35.6670590692551,2888.31624651843
2,0,0,3,0.0,0.0,0.0
2,0,0,3,0.0,0.0,0.0
2,0,0,3,0.0,0.0,0.0
2,0,0,3,0.0077014863363858,45.4755068358516,445.142874069739
2,0,0,3,0.0,0.0,0.0
2,0,0,3,0.0,0.0,0.0
2,0,0,3,0.0,0.0,0.0
2,0,0,3,0.0,0.0,0.0
2,0,0,3,0.0063555437445126,38.514997769113,1436.75975298573
2,0,0,3,0.0046380605732184,39.1484738186657,277.741204685348
2,0,0,3,0.0,0.0,0.0
2,0,0,3,0.0070408557261249,28.0971196742639,2250.77563343379
2,0,0,3,0.0,0.0,0.0
2,0,0,3,0.0,0.0,0.0
2,0,0,3,0.0,0.0,0.0
2,0,0,3,0.0,0.0,0.0
2,0,0,3,0.0056976972351374,26.6922840652483,3194.00754125469
2,0,0,3,0.0069819837299885,49.1651075051014,372.965569119335
2,0,0,3,0.0060463878874223,28.0752308105436,3653.37361037769
2,0,0,3,0.0,0.0,0.0
