cost_model,startup,shutdown,n_coefficients,coeff_n,coeff1,coeff0
2,0,0,3,0.0,0.0,0.0
2,0,0,3,0.0,0.0,0.0
2,0,0,3,0.0059911599441335,55.8126032344867,578.199386113021
2,0,0,3,0.0,0.0,0.0
2,0,0,3,0.0046255238983056,23.8937328388152,1109.92721051593
2,0,0,3,0.0,0.0,0.0
2,0,0,3,0.0076879706516949,43.1464077584622,516.274558044592
2,0,0,3,0.0,0.0,0.0
2,0,0,3,0.0,0.0,0.0
2,0,0,3,0.0073899001633353,55.2978302431686,1642.0667791481
2,0,0,3,0.0,0.0,0.0
2,0,0,3,0.0029496627852894,56.5463544108898,1395.49583279043
2,0,0,3,0.0063809337865391,33.364555661825,247.755722850073
2,0,0,3,0.0,0.0,0.0
2,0,0,3,0.0,0.0,0.0
2,0,0,3,0.0052057147618167,40.10640015696,3725.6813121421
2,0,0,3,0.0,0.0,0.0
2,0,0,3,0.0,0.0,0.0
2,0,0,3,0.0,0.0,0.0
2,0,0,3,0.0,0.0,0.0
2,0,0,3,0.0039216139078225,39.4875973442196,463.825260294386
2,0,0,3,0.0,0.0,0.0
2,0,0,3,0.0074563131636957,44.7959773034559,30.3912955191467
2,0,0,3,0.0056951231929876,25.8377656187003,73.9506311611993
2,0,0,3,0.0,0.0,0.0
2,0,0,3,0.0,0.0,0.0
