cost_model,startup,shutdown,n_coefficients,coeff_n,coeff1,coeff0
2,0,0,3,0.0028612466035402,48.6396402620273,3085.7790207363
2,0,0,3,0.0,0.0,0.0
2,0,0,3,0.0020871316267425,38.6358521669688,3141.44881375732
2,0,0,3,0.0037590171139857,53.8475519165922,1502.68087362634
2,0,0,3,0.0,0.0,0.0
2,0,0,3,0.0,0.0,0.0
2,0,0,3,0.0078616876956185,32.6423713620739,585.433519195322
2,0,0,3,0.0,0.0,0.0
2,0,0,3,0.0062926990978455,25.0539321956759,1277.11799593787
2,0,0,3,0.0045342548893678,53.950291700643,548.435547920102
2,0,0,3,0.005594360753635,23.3101065675319,1742.5729293938
2,0,0,3,0.0037142899810876,27.0246962864342,507.954821837163
2,0,0,3,0.0069781986687287,25.7672741963888,182.660156755093
2,0,0,3,0.0,0.0,0.0
2,0,0,3,0.0059555949602017,51.5498589517976,98.9119214402596
2,0,0,3,0.0,0.0,0.0
2,0,0,3,0.0034279609835069,30.7175866002647,53.3598350886422
2,0,0,3,0.0,0.0,0.0
2,0,0,3,0.0,0.0,0.0
2,0,0,3,0.0076604402970369,50.2034648790847,2471.60680935708
2,0,0,3,0.0,0.0,0.0
2,0,0,3,0.0,0.0,0.0
2,0,0,3,0.0,0.0,0.0
2,0,0,3,0.0,0.0,0.0
2,0,0,3,0.0073128208114513,50.0445422003812,386.517376508012
2,0,0,3,0.0,0.0,0.0
2,0,0,3,0.0,0.0,0.0
2,0,0,3,0.0,0.0,0.0
2,0,0,3,0.0,0.0,0.0
2,0,0,3,0.0,0.0,0.0
2,0,0,3,0.0,0.0,0.0
