cost_model,startup,shutdown,n_coefficients,coeff_n,coeff1,coeff0
2,0,0,3,0.0,0.0,0.0
2,0,0,3,0.0,0.0,0.0
2,0,0,3,0.0078899966504476,39.4238355007407,1853.8184305358
2,0,0,3,0.0061451282543713,41.583393370228,264.407050355244
2,0,0,3,0.0061595658881878,43.6448741857144,2375.36122058707
2,0,0,3,0.0040355222970898,29.3380549268149,222.244410731227
2,0,0,3,0.0,0.0,0.0
2,0,0,3,0.0,0.0,0.0
2,0,0,3,0.0035468673888367,27.8514376816954,3546.21126724867
2,0,0,3,0.0,0.0,0.0
2,0,0,3,0.0,0.0,0.0
2,0,0,3,0.0068049013035449,54.0496562900162,97.9894676186946
2,0,0,3,0.0049726949076217,36.0641532392274,1132.40707581669
2,0,0,3,0.0,0.0,0.0
2,0,0,3,0.0,0.0,0.0
2,0,0,3,0.0,0.0,0.0
2,0,0,3,0.0,0.0,0.0
2,0,0,3,0.0060739409123515,50.054885859855,519.40703478531
2,0,0,3,0.0,0.0,0.0
2,0,0,3,0.0,0.0,0.0
2,0,0,3,0.0,0.0,0.0
2,0,0,3,0.0072288337006834,50.1665314184999,929.684449404206
2,0,0,3,0.0072644221271435,53.1357264990512,3562.66626525408
2,0,0,3,0.0,0.0,0.0
2,0,0,3,0.0,0.0,0.0
