bus_number,P_output,Q_output,voltage_mag,gen_status,P_max,P_min
1,93.4728340549577,0,1,1,93.4728340549701,0
2,0.0,0,1,0,212.745249137437,0
8,1730.8905353188,0,1,1,1730.89053531889,0
11,1021.16134509188,0,1,1,1021.1613450919,0
14,0.0,0,1,0,458.505526605841,0
15,234.751799238679,0,1,1,234.751799238721,0
18,253.929831771124,0,1,1,786.24085219889,0
28,0.0,0,1,0,375.332214031585,0
35,430.381514474114,0,1,1,430.381514474124,0
36,204.529367945878,0,1,1,204.529367945903,0
50,203.185921366297,0,1,1,203.185921366309,0
51,123.16235072471,0,1,1,123.162350724721,0
52,0.0,0,1,0,570.210578557861,0
57,0.0,0,1,0,659.907138969287,0
59,45.0614335109989,0,1,1,45.0614335110096,0
64,15.9792678718899,0,1,1,15.9792678718996,0
65,557.796161521665,0,1,1,557.796161521675,0
66,174.136862069417,0,1,1,174.136862069509,0
67,21.3139661090807,0,1,1,21.3139661090808,0
69,11.3664978202405,0,1,1,11.3664978202496,0
70,0.0,0,1,0,519.113411296918,0
73,166.771440042435,0,1,1,166.771440042445,0
74,526.330103495504,0,1,1,526.330103495514,0
76,0.0,0,1,0,110.871293916636,0
86,161.533400720108,0,1,1,161.533400720115,0
96,525.134932045543,0,1,1,525.134932045633,0
97,0.0,0,1,0,493.322825321994,0
105,163.914157267698,0,1,1,163.914157267709,0
117,0.0,0,1,0,511.899192666769,0
