cost_model,startup,shutdown,n_coefficients,coeff_n,coeff1,coeff0
2,0,0,3,0.0,0.0,0.0
2,0,0,3,0.0037066996707355,44.0204228217934,3727.02669634926
2,0,0,3,0.0,0.0,0.0
2,0,0,3,0.0,0.0,0.0
2,0,0,3,0.0057075266704169,38.4585933349731,3742.03954397822
2,0,0,3,0.0070308906049924,37.4803934229084,73.6447090295171
2,0,0,3,0.0048839151278891,40.5728378456262,593.019954098556
2,0,0,3,0.004634747399937,28.4551073629803,1498.48921373991
2,0,0,3,0.0,0.0,0.0
2,0,0,3,0.0,0.0,0.0
2,0,0,3,0.0,0.0,0.0
2,0,0,3,0.0,0.0,0.0
2,0,0,3,0.0,0.0,0.0
2,0,0,3,0.0,0.0,0.0
2,0,0,3,0.0,0.0,0.0
2,0,0,3,0.0074249982587551,49.5618003067451,2365.58748358478
2,0,0,3,0.0,0.0,0.0
2,0,0,3,0.0,0.0,0.0
2,0,0,3,0.004092269559038,56.9019590586086,289.964045643003
2,0,0,3,0.0,0.0,0.0
2,0,0,3,0.0,0.0,0.0
2,0,0,3,0.00653691796438,55.6934769697731,2538.02986347365
2,0,0,3,0.0,0.0,0.0
2,0,0,3,0.0063601213154891,49.6948005663975,211.083040242334
2,0,0,3,0.0042680765315293,42.7351389331617,241.25346438755
2,0,0,3,0.0037765942475985,28.0992680645994,3538.89861006627
2,0,0,3,0.0,0.0,0.0
