bus_number,P_output,Q_output,voltage_mag,gen_status,P_max,P_min
9,901.834099610465,0,1,1,901.834099610467,0
12,165.27287206696,0,1,1,165.272872066962,0
17,760.16204044962,0,1,1,760.162040449626,0
18,0.0,0,1,0,556.185169760893,0
25,281.903917902231,0,1,1,281.903917902234,0
26,0.0,0,1,0,151.103324371074,0
27,1266.14611114341,0,1,1,1266.14611114341,0
41,0.0,0,1,0,634.597998177282,0
42,8.66328035462141,0,1,1,8.66328035462363,0
48,0.0,0,1,0,642.433569188431,0
50,326.017563188814,0,1,1,326.017563188818,0
51,181.059205706675,0,1,1,181.059205706678,0
52,0.0,0,1,0,80.8416069547362,0
57,1086.09823667663,0,1,1,1086.09823667663,0
61,744.391822358836,0,1,1,744.391822358839,0
64,0.0,0,1,0,345.510006588924,0
71,128.660462405537,0,1,1,128.660462405539,0
81,56.4349103380004,0,1,1,101.46797298164,0
87,0.0,0,1,0,568.895252730748,0
91,0.0,0,1,0,339.308322869611,0
98,405.811216757257,0,1,1,815.334135750517,0
100,226.878759928583,0,1,1,226.878759928587,0
105,0.0,0,1,0,358.495117643548,0
111,125.469223573314,0,1,1,216.321299034958,0
115,4.95025802903914e-12,0,1,1,152.344412071901,0
117,5.947465834799689e-11,0,1,1,110.78184503342,0
