cost_model,startup,shutdown,n_coefficients,coeff_n,coeff1,coeff0
2,0,0,3,0.0,0.0,0.0
2,0,0,3,0.0025865158051721,25.5588585364724,1547.53760338842
2,0,0,3,0.0,0.0,0.0
2,0,0,3,0.0029000069487811,55.0390314471165,200.746904504378
2,0,0,3,0.0,0.0,0.0
2,0,0,3,0.0,0.0,0.0
2,0,0,3,0.005838075112689,50.2917753008178,2139.21740938608
2,0,0,3,0.0,0.0,0.0
2,0,0,3,0.0,0.0,0.0
2,0,0,3,0.0,0.0,0.0
2,0,0,3,0.0072770587500812,46.5623398489139,115.622271754647
2,0,0,3,0.0036695375908649,36.654939947233,198.027851023692
2,0,0,3,0.0,0.0,0.0
2,0,0,3,0.0,0.0,0.0
2,0,0,3,0.0034453325385315,55.1122413613903,3554.88467974524
2,0,0,3,0.0,0.0,0.0
2,0,0,3,0.0022346300802194,34.5712576950326,49.1699187644981
2,0,0,3,0.0,0.0,0.0
2,0,0,3,0.0057440874995085,32.3181122564793,2987.00309835943
2,0,0,3,0.0,0.0,0.0
2,0,0,3,0.0039471900192481,30.985053338613,2559.20978548178
2,0,0,3,0.0,0.0,0.0
2,0,0,3,0.0044472523701725,31.0778257762911,569.37123113326
2,0,0,3,0.0,0.0,0.0
2,0,0,3,0.0,0.0,0.0
2,0,0,3,0.0,0.0,0.0
2,0,0,3,0.0,0.0,0.0
2,0,0,3,0.0025646029387335,28.9732183977008,943.607920819127
2,0,0,3,0.0,0.0,0.0
