bus_number,P_output,Q_output,voltage_mag,gen_status,P_max,P_min
4,279.226555910155,0,1,1,279.226555910155,0
10,1292.21443257493,0,1,1,1292.21443257493,0
18,1201.34804970657,0,1,1,1201.34804970657,0
21,0.0,0,1,0,361.882567561509,0
32,307.799592874305,0,1,1,643.355434077929,0
36,47.7928388622524,0,1,1,47.7928388622524,0
37,0.0,0,1,0,307.145407250262,0
40,0.0,0,1,0,334.410367300027,0
41,418.973405699461,0,1,1,418.973405699461,0
47,0.0,0,1,0,327.018492163666,0
56,0.0,0,1,0,487.083287600265,0
58,0.0,0,1,0,443.45624662844,0
65,0.0,0,1,0,422.39336926221,0
72,199.203321567887,0,1,1,287.689132977903,0
82,255.716771484652,0,1,1,255.716771484652,0
83,279.154100128027,0,1,1,279.154100128027,0
84,262.863170844566,0,1,1,262.863170844566,0
86,57.9213599362619,0,1,1,57.9213599362618,0
87,37.5345214661313,0,1,1,578.849751560262,0
90,4.26684144665785,0,1,1,4.26684144665952,0
91,526.307461774915,0,1,1,526.307461774915,0
92,194.034214310346,0,1,1,194.034214310346,0
98,0.0,0,1,0,586.855808344035,0
108,39.2097821408658,0,1,1,39.2097821408658,0
110,1099.84639223495,0,1,1,1099.84639223495,0
111,57.8938326264629,0,1,1,57.8938326264635,0
117,103.497076871625,0,1,1,103.497076871625,0
