cost_model,startup,shutdown,n_coefficients,coeff_n,coeff1,coeff0
2,0,0,3,0.0054867365458283,30.483529115687,1918.24032306934
2,0,0,3,0.0,0.0,0.0
2,0,0,3,0.0037870079305378,46.5318964733513,3490.524816112
2,0,0,3,0.007526512558512,49.436739791876,3736.20941203061
2,0,0,3,0.0,0.0,0.0
2,0,0,3,0.0,0.0,0.0
2,0,0,3,0.0,0.0,0.0
2,0,0,3,0.0,0.0,0.0
2,0,0,3,0.0,0.0,0.0
2,0,0,3,0.0,0.0,0.0
2,0,0,3,0.0,0.0,0.0
2,0,0,3,0.0,0.0,0.0
2,0,0,3,0.0056569946954036,37.9395604870186,221.916462544434
2,0,0,3,0.0033177073724962,50.7410706099494,345.066424788681
2,0,0,3,0.0,0.0,0.0
2,0,0,3,0.0067911019414666,35.5215935326428,144.899985016278
2,0,0,3,0.0079149981285947,55.89148148935,565.215150150845
2,0,0,3,0.0,0.0,0.0
2,0,0,3,0.0020274813767394,25.1961605617473,317.043165172926
2,0,0,3,0.0,0.0,0.0
2,0,0,3,0.0,0.0,0.0
2,0,0,3,0.0,0.0,0.0
2,0,0,3,0.0079662596232565,44.092548005792,2078.12417947281
2,0,0,3,0.0051050426697564,24.7666318044333,2011.14198454965
2,0,0,3,0.0,0.0,0.0
