cost_model,startup,shutdown,n_coefficients,coeff_n,coeff1,coeff0
2,0,0,3,0.0,0.0,0.0
2,0,0,3,0.0,0.0,0.0
2,0,0,3,0.0065690909735058,49.9665055615793,1949.22075757793
2,0,0,3,0.0051737632183436,30.6201431338435,2805.18830580048
2,0,0,3,0.0035053057168016,37.4674412304384,3524.4459348069
2,0,0,3,0.004346165439492,25.8780507002807,2624.89433534524
2,0,0,3,0.0,0.0,0.0
2,0,0,3,0.0,0.0,0.0
2,0,0,3,0.0078791613574963,38.8880956118295,135.487399615509
2,0,0,3,0.0,0.0,0.0
2,0,0,3,0.0,0.0,0.0
2,0,0,3,0.0043401016584246,51.8854776251505,501.237632105852
2,0,0,3,0.0,0.0,0.0
2,0,0,3,0.0,0.0,0.0
2,0,0,3,0.0,0.0,0.0
2,0,0,3,0.0044379142791514,43.9515988229267,172.151093507652
2,0,0,3,0.0,0.0,0.0
2,0,0,3,0.0069392730108504,24.2792362443191,550.276687814527
2,0,0,3,0.0,0.0,0.0
2,0,0,3,0.0,0.0,0.0
2,0,0,3,0.0,0.0,0.0
2,0,0,3,0.0025219484021538,51.2010816453346,326.553701117121
2,0,0,3,0.0056920284414484,35.9082551830949,352.753807479379
2,0,0,3,0.0,0.0,0.0
2,0,0,3,0.0,0.0,0.0
2,0,0,3,0.0063327558380979,40.50346971103,3347.34044830407
2,0,0,3,0.0,0.0,0.0
