bus_number,P_output,Q_output,voltage_mag,gen_status,P_max,P_min
4,316.068484730983,0,1,1,316.068484730983,0
6,1224.74175389402,0,1,1,1313.64598840225,0
11,517.908849009034,0,1,1,517.908849009034,0
12,1.61269467722261e-13,0,1,1,245.488918311542,0
23,0.0,0,1,0,810.596799154533,0
26,231.463720927915,0,1,1,231.463720927915,0
27,843.137740821573,0,1,1,843.137740821572,0
30,0.0,0,1,0,544.611675147148,0
33,192.30861400689,0,1,1,192.30861400689,0
42,0.0,0,1,0,762.146761416154,0
43,89.0993085945544,0,1,1,188.218286236128,0
44,347.711772347984,0,1,1,484.148271435559,0
45,0.0,0,1,0,666.708501197006,0
46,27.1976897144165,0,1,1,27.1976897144166,0
55,326.94298655674,0,1,1,326.94298655674,0
56,416.003301609205,0,1,1,416.003301609205,0
60,367.678292895474,0,1,1,367.678292895474,0
66,133.369195533682,0,1,1,133.369195533682,0
70,747.794406709187,0,1,1,747.794406709187,0
73,337.539159556236,0,1,1,337.539159556236,0
80,91.9853903809294,0,1,1,91.9853903809294,0
93,15.3155608245507,0,1,1,15.3155608245508,0
95,0.0,0,1,0,13.9713081728258,0
105,2.6026823012923797e-13,0,1,1,159.609444924518,0
106,221.261578868569,0,1,1,275.505327075246,0
112,29.7711410215507,0,1,1,29.7711410215507,0
118,187.504774457525,0,1,1,572.766411000529,0
