bus_number,P_output,Q_output,voltage_mag,gen_status,P_max,P_min
17,0.0,0,1,0,226.178776546407,0
21,384.682353093624,0,1,1,384.682353147928,0
22,112.314672479474,0,1,1,112.314672536558,0
27,0.0,0,1,0,560.504370816892,0
37,0.0,0,1,0,178.131754804683,0
39,465.105561877344,0,1,1,465.105561987508,0
50,1298.79627791004,0,1,1,1843.68608709816,0
51,142.452508890198,0,1,1,142.452508969319,0
57,0.0,0,1,0,124.31132928705,0
62,0.0,0,1,0,125.251736363802,0
63,2.64295147032964e-07,0,1,1,162.099637381125,0
64,104.59748036682,0,1,1,104.597480461117,0
65,1086.17265578843,0,1,1,1086.17265588284,0
66,0.0,0,1,0,140.405440917191,0
67,749.879760170392,0,1,1,749.87990053786,0
71,29.3240117586339,0,1,1,29.3240118656866,0
73,724.509201152204,0,1,1,810.523632037003,0
76,0.0,0,1,0,544.349022896477,0
84,1.68931349839407e-07,0,1,1,3.69594541666394,0
85,0.0,0,1,0,517.439454320672,0
87,246.747441443923,0,1,1,368.391267032506,0
95,0.0,0,1,0,298.440683066204,0
97,5.0287249143624e-07,0,1,1,14.4719698524282,0
101,31.6246660439454,0,1,1,31.6246662876459,0
103,0.0,0,1,0,186.361038210408,0
104,911.354290305156,0,1,1,911.354290752651,0
111,52.7032016498994,0,1,1,52.7032017567942,0
114,324.53963859484,0,1,1,353.354809934481,0
116,0.0,0,1,0,104.093966603742,0
