cost_model,startup,shutdown,n_coefficients,coeff_n,coeff1,coeff0
2,0,0,3,0.0,0.0,0.0
2,0,0,3,0.0049239410900824,48.64508846239,2953.02896087182
2,0,0,3,0.0053868582183139,34.9502026851633,22.9072248489085
2,0,0,3,0.0,0.0,0.0
2,0,0,3,0.0,0.0,0.0
2,0,0,3,0.0052898700983954,30.2423569422128,1970.57573481745
2,0,0,3,0.0,0.0,0.0
2,0,0,3,0.0,0.0,0.0
2,0,0,3,0.0,0.0,0.0
2,0,0,3,0.0,0.0,0.0
2,0,0,3,0.0,0.0,0.0
2,0,0,3,0.0057291063249755,47.7675117780646,2102.17973410778
2,0,0,3,0.004990036288968,36.4303457304289,216.726383685255
2,0,0,3,0.0040580548763245,53.0582276338647,421.079866731223
2,0,0,3,0.0,0.0,0.0
2,0,0,3,0.0,0.0,0.0
2,0,0,3,0.0,0.0,0.0
2,0,0,3,0.0,0.0,0.0
2,0,0,3,0.0,0.0,0.0
2,0,0,3,0.0,0.0,0.0
2,0,0,3,0.0,0.0,0.0
2,0,0,3,0.0045520057672113,42.6441806746145,453.914358905776
2,0,0,3,0.0078762307509163,54.7264297000974,272.57095038131
2,0,0,3,0.0054891690890922,44.1394531336554,35.1385893353386
2,0,0,3,0.0,0.0,0.0
2,0,0,3,0.0,0.0,0.0
2,0,0,3,0.0,0.0,0.0
2,0,0,3,0.0060855073349635,30.2443346909705,1117.16333580624
2,0,0,3,0.0034560923366674,50.8766095800343,159.581087662201
