cost_model,startup,shutdown,n_coefficients,coeff_n,coeff1,coeff0
2,0,0,3,0.0041991686211077,33.5469447385144,1681.74348126787
2,0,0,3,0.0,0.0,0.0
2,0,0,3,0.0,0.0,0.0
2,0,0,3,0.0071424267103968,28.6650011245569,2256.29298018414
2,0,0,3,0.0,0.0,0.0
2,0,0,3,0.0,0.0,0.0
2,0,0,3,0.003768166942577,45.7747029819011,987.257218536166
2,0,0,3,0.0,0.0,0.0
2,0,0,3,0.0,0.0,0.0
2,0,0,3,0.0,0.0,0.0
2,0,0,3,0.0,0.0,0.0
2,0,0,3,0.0,0.0,0.0
2,0,0,3,0.0,0.0,0.0
2,0,0,3,0.0036220328565181,32.5749396171868,215.36584746746
2,0,0,3,0.0048992398195845,53.4749029576906,276.984914180864
2,0,0,3,0.0,0.0,0.0
2,0,0,3,0.0,0.0,0.0
2,0,0,3,0.007972593737472,26.9588204071971,262.41802332112
2,0,0,3,0.0043383727672115,31.2773476452617,2388.66705384668
2,0,0,3,0.0058565100284682,25.4970600510451,477.901723176198
2,0,0,3,0.0065858741809543,41.4565269497445,1809.91358267318
2,0,0,3,0.0,0.0,0.0
2,0,0,3,0.00676511515771,24.6203155737661,208.438678471943
2,0,0,3,0.0,0.0,0.0
2,0,0,3,0.0072904697273563,25.9730624765385,1259.83358735544
2,0,0,3,0.0040076588303694,27.7193147853213,247.942355645944
2,0,0,3,0.0,0.0,0.0
2,0,0,3,0.0,0.0,0.0
2,0,0,3,0.004078041291359,28.7508914482284,222.918766463318
2,0,0,3,0.0,0.0,0.0
2,0,0,3,0.0,0.0,0.0
2,0,0,3,0.0033429408299179,45.0262881814306,989.41440848237
