cost_model,startup,shutdown,n_coefficients,coeff_n,coeff1,coeff0
2,0,0,3,0.0,0.0,0.0
2,0,0,3,0.0049746571956514,51.0715340961167,507.622322667485
2,0,0,3,0.0045753504717637,28.8348266074994,2321.30679456402
2,0,0,3,0.0022887049656063,31.5204134140961,131.582263659048
2,0,0,3,0.0,0.0,0.0
2,0,0,3,0.0039828458889541,56.4921809130383,62.1337057303022
2,0,0,3,0.0,0.0,0.0
2,0,0,3,0.0067326114154143,56.6206405113171,1179.97781326366
2,0,0,3,0.002317752386509,50.8881442318923,2061.86412115237
2,0,0,3,0.0,0.0,0.0
2,0,0,3,0.0,0.0,0.0
2,0,0,3,0.0,0.0,0.0
2,0,0,3,0.0072192472808585,39.7418164465015,3103.69025232341
2,0,0,3,0.0064377611246667,48.1376630355723,579.207561317847
2,0,0,3,0.0,0.0,0.0
2,0,0,3,0.0033809755885997,50.3026045146271,329.717335880909
2,0,0,3,0.0,0.0,0.0
2,0,0,3,0.0026621817828171,43.182106370738,1299.31672962409
2,0,0,3,0.007804510745336,55.982353466648,2675.34413700608
2,0,0,3,0.0,0.0,0.0
2,0,0,3,0.0,0.0,0.0
2,0,0,3,0.0,0.0,0.0
2,0,0,3,0.0,0.0,0.0
2,0,0,3,0.0,0.0,0.0
2,0,0,3,0.0,0.0,0.0
2,0,0,3,0.0,0.0,0.0
2,0,0,3,0.0,0.0,0.0
