bus_number,P_output,Q_output,voltage_mag,gen_status,P_max,P_min
3,0.0,0,1,0,229.949374589217,0
5,0.0,0,1,0,635.77078912051,0
6,0.0,0,1,0,638.697155112882,0
8,4.37918274718746,0,1,1,315.102648392722,0
14,69.3510238483802,0,1,1,69.3510238483802,0
20,0.0,0,1,0,252.996440623827,0
22,0.0,0,1,0,575.85750072976,0
31,176.403354592407,0,1,1,176.403354592407,0
33,0.0,0,1,0,493.674341304171,0
53,33.576354260843,0,1,1,33.576354260843,0
61,44.0638427934577,0,1,1,44.0638427934577,0
64,210.063790972793,0,1,1,210.063790972793,0
69,1291.83730206721,0,1,1,1446.35863228653,0
72,1374.09120637516,0,1,1,1374.09120637516,0
76,112.437844505329,0,1,1,112.43784450533,0
79,176.167513559091,0,1,1,176.167513559091,0
81,14.6144962385653,0,1,1,14.6144962385653,0
82,9.83803076370735,0,1,1,9.83803076370735,0
84,189.724405600094,0,1,1,189.724405600094,0
99,951.079618554525,0,1,1,993.796446150353,0
100,817.088475792944,0,1,1,817.088475792944,0
104,156.749529115148,0,1,1,156.749529115148,0
107,45.3573282657933,0,1,1,45.3573282657933,0
110,92.1464461661001,0,1,1,92.1464461661001,0
112,895.833976242302,0,1,1,895.833976242302,0
114,0.0,0,1,0,801.122309451296,0
