bus_number,P_output,Q_output,voltage_mag,gen_status,P_max,P_min
3,1624.06578068974,0,1,1,1624.06578068974,0
9,139.1365306892,0,1,1,372.660132605826,0
10,183.435444429915,0,1,1,1151.02234453359,0
17,0.0,0,1,0,832.01116282017,0
21,534.108220580772,0,1,1,733.071111024104,0
22,973.125060508466,0,1,1,973.125060508465,0
37,227.053864927675,0,1,1,227.053864927675,0
38,142.153852886104,0,1,1,142.153852886104,0
40,0.717676305158959,0,1,1,253.441068095592,0
41,366.490818768251,0,1,1,366.490818768251,0
52,7.8794579503764,0,1,1,279.633826116809,0
54,190.91253438036,0,1,1,200.532815104162,0
58,129.308630928202,0,1,1,129.308630928202,0
63,570.056599341733,0,1,1,570.056599341733,0
64,12.9264043628986,0,1,1,70.0357331727529,0
69,180.04025289372,0,1,1,180.04025289372,0
87,0.0,0,1,0,615.414234909271,0
89,106.170795533951,0,1,1,106.170795533951,0
93,0.0,0,1,0,512.506567820572,0
99,145.428569555581,0,1,1,145.428569555581,0
102,335.46112344048,0,1,1,335.46112344048,0
112,516.597043319019,0,1,1,516.597043319019,0
115,279.735060969387,0,1,1,279.735060969387,0
116,0.0,0,1,0,15.8857768066346,0
