bus_number,P_output,Q_output,voltage_mag,gen_status,P_max,P_min
3,9.40438444624374e-10,0,1,1,85.4339050166185,0
5,206.769046856549,0,1,1,206.76904685662,0
6,0.0,0,1,0,397.182799383141,0
11,0.0,0,1,0,336.504902470202,0
12,413.475139930459,0,1,1,413.475139930563,0
17,1506.84450409632,0,1,1,1901.04478954407,0
18,0.0,0,1,0,687.903515807937,0
19,610.744427903098,0,1,1,610.744427904288,0
29,0.0,0,1,0,1130.24075881823,0
33,472.534256323158,0,1,1,472.534256682543,0
40,29.8998381036165,0,1,1,29.8998381065854,0
45,119.009325243167,0,1,1,119.009325243274,0
49,190.794090987069,0,1,1,190.794090987109,0
50,124.842792834286,0,1,1,124.842792834394,0
58,403.868408783573,0,1,1,403.868408784254,0
60,28.827400755976,0,1,1,28.8274007564054,0
62,572.900676036327,0,1,1,572.900676036462,0
63,625.840250853901,0,1,1,625.840250853996,0
75,13.6627669881816,0,1,1,13.6627669882793,0
85,461.755798118478,0,1,1,597.596354858834,0
92,234.372844496525,0,1,1,234.372844496569,0
96,0.0,0,1,0,242.861278879599,0
97,30.3208891103563,0,1,1,30.3208891104361,0
109,280.29016282511,0,1,1,305.402648451601,0
113,234.876219468373,0,1,1,234.876219468472,0
116,94.1919862776979,0,1,1,94.1919862780056,0
118,8.98289646784504,0,1,1,8.98289646794727,0
