bus_number,P_output,Q_output,voltage_mag,gen_status,P_max,P_min
2,29.6736560987003,0,1,1,29.6736560937452,0
5,0.0,0,1,0,315.743403010907,0
13,1183.82717056154,0,1,1,1183.8271705632,0
15,88.8187854139096,0,1,1,88.8187853989791,0
16,0.0,0,1,0,295.771181455868,0
25,387.942052769035,0,1,1,387.942052776266,0
27,888.508615602968,0,1,1,888.508615608103,0
29,0.0,0,1,0,822.176661664305,0
31,44.1215306281362,0,1,1,364.855215188559,0
35,0.0,0,1,0,235.180441097396,0
38,448.116840500682,0,1,1,448.116840502631,0
39,119.913263659084,0,1,1,119.91326365451,0
49,197.684937557068,0,1,1,197.684937544914,0
51,349.760009707182,0,1,1,349.760009714661,0
54,57.414089984806,0,1,1,57.4140899583838,0
56,162.666890160297,0,1,1,162.66689014071,0
59,61.0353117225574,0,1,1,61.0353117607254,0
62,12.5740796908798,0,1,1,12.5740796822507,0
65,0.0,0,1,0,217.139717893946,0
66,99.0501663295362,0,1,1,99.050166324658,0
69,0.0,0,1,0,313.111210147186,0
72,0.0,0,1,0,499.284549379635,0
77,845.78058203695,0,1,1,845.78058204422,0
78,0.0,0,1,0,653.150043614036,0
82,0.0,0,1,0,90.2849338214196,0
86,326.035285982899,0,1,1,326.035285979063,0
93,342.810928333775,0,1,1,342.810928315818,0
102,18.7264106784549,0,1,1,18.7264106728106,0
104,387.926019183771,0,1,1,387.926019182869,0
105,92.8321029640558,0,1,1,101.439648103508,0
106,17.0940513776308,0,1,1,17.0940513699346,0
108,0.0,0,1,0,195.915132666654,0
111,409.731789203666,0,1,1,409.7317892058,0
115,4.869824822228,0,1,1,4.86982481172197,0
116,72.0991398138359,0,1,1,72.0991397793956,0
117,15.7901876539723,0,1,1,15.790187643018,0
