cost_model,startup,shutdown,n_coefficients,coeff_n,coeff1,coeff0
2,0,0,3,0.0,0.0,0.0
2,0,0,3,0.003417094955719,53.4007486028754,529.024423365985
2,0,0,3,0.0,0.0,0.0
2,0,0,3,0.0073777014325822,45.051901130678,1264.91212819877
2,0,0,3,0.0048113135925348,29.9801996319459,2335.40433453548
2,0,0,3,0.0034030175369826,45.3838496987181,3738.14543599774
2,0,0,3,0.0,0.0,0.0
2,0,0,3,0.0056432961927545,31.966100316603,610.216904852182
2,0,0,3,0.0,0.0,0.0
2,0,0,3,0.0051696044553028,46.7292711948593,30.1164342292666
2,0,0,3,0.0031911571932127,33.9508132909927,1929.05453634604
2,0,0,3,0.0,0.0,0.0
2,0,0,3,0.0,0.0,0.0
2,0,0,3,0.0054435168861723,52.8595447163293,1578.31936862416
2,0,0,3,0.0,0.0,0.0
2,0,0,3,0.0,0.0,0.0
2,0,0,3,0.0,0.0,0.0
2,0,0,3,0.0,0.0,0.0
2,0,0,3,0.0038244449911868,46.1364054594525,184.822571458273
2,0,0,3,0.0,0.0,0.0
2,0,0,3,0.0,0.0,0.0
2,0,0,3,0.0,0.0,0.0
2,0,0,3,0.0,0.0,0.0
2,0,0,3,0.0060754111978229,33.0786163924721,4.98004675786623
2,0,0,3,0.0,0.0,0.0
2,0,0,3,0.0,0.0,0.0
