bus_number,P_output,Q_output,voltage_mag,gen_status,P_max,P_min
2,359.240393317404,0,1,1,359.240393317404,0
5,164.810993188079,0,1,1,164.810993188079,0
8,164.454876670596,0,1,1,164.454876670596,0
11,74.7206391984955,0,1,1,74.7206391984955,0
13,180.050579416693,0,1,1,180.050579416693,0
15,242.669790677111,0,1,1,298.876115008963,0
20,197.153924704923,0,1,1,197.153924704923,0
27,865.028546497303,0,1,1,865.028546497303,0
31,850.584318496485,0,1,1,850.584318496485,0
32,0.0,0,1,0,265.550523258118,0
34,201.951369224045,0,1,1,201.951369224045,0
35,0.0,0,1,0,461.03830001014,0
49,1.0358953137781901e-20,0,1,1,981.353692279351,0
62,476.962933851696,0,1,1,872.307504855879,0
67,0.0,0,1,0,218.570684655993,0
70,410.252941734929,0,1,1,410.252941734929,0
72,151.466081235184,0,1,1,151.466081235184,0
78,1.06583332194769e-19,0,1,1,8.80464218332975,0
79,382.432944447507,0,1,1,382.432944447507,0
83,0.0,0,1,0,471.31328941392,0
90,687.814880848763,0,1,1,747.240426239799,0
94,452.19958882269,0,1,1,452.19958882269,0
95,341.45099019901,0,1,1,341.45099019901,0
96,188.390082081718,0,1,1,188.390082081718,0
112,25.669618668239,0,1,1,25.669618668239,0
115,7.87983536318777e-21,0,1,1,185.559690121434,0
116,189.310375242358,0,1,1,189.310375242358,0
117,58.1878539377942,0,1,1,58.1878539377942,0
