cost_model,startup,shutdown,n_coefficients,coeff_n,coeff1,coeff0
2,0,0,3,0.0,0.0,0.0
2,0,0,3,0.004365935760253,25.5573511535448,2304.64599949446
2,0,0,3,0.0,0.0,0.0
2,0,0,3,0.0074497394682679,55.7473369727024,1075.6256147461
2,0,0,3,0.0058182487887404,27.439421730677,1161.85456815941
2,0,0,3,0.0,0.0,0.0
2,0,0,3,0.0043850918695898,47.995835889852,1560.46081854434
2,0,0,3,0.0,0.0,0.0
2,0,0,3,0.0,0.0,0.0
2,0,0,3,0.0,0.0,0.0
2,0,0,3,0.0,0.0,0.0
2,0,0,3,0.0026661944016644,23.5418695495586,700.812539747316
2,0,0,3,0.0071098062849734,30.5161863479004,203.880865977253
2,0,0,3,0.0,0.0,0.0
2,0,0,3,0.0033633146493227,53.4007667469561,496.38160891527
2,0,0,3,0.0,0.0,0.0
2,0,0,3,0.0,0.0,0.0
2,0,0,3,0.0,0.0,0.0
2,0,0,3,0.006799029909683,37.8515707146586,3441.61611456191
2,0,0,3,0.0,0.0,0.0
2,0,0,3,0.0,0.0,0.0
2,0,0,3,0.0022265855137134,49.0270651700655,493.105700753773
2,0,0,3,0.0,0.0,0.0
2,0,0,3,0.0,0.0,0.0
