bus_number,P_output,Q_output,voltage_mag,gen_status,P_max,P_min
4,1014.73631549313,0,1,1,1014.73631549313,0
17,162.0076192638,0,1,1,162.0076192638,0
24,280.23494955569,0,1,1,280.23494955569,0
27,873.653870589625,0,1,1,1003.44395670627,0
32,0.0,0,1,0,481.320831776586,0
35,0.0,0,1,0,170.659092063548,0
37,0.0,0,1,0,416.080540640072,0
47,0.0,0,1,0,264.767411855755,0
50,53.6598823606747,0,1,1,53.6598823606747,0
52,6.20425979779739e-17,0,1,1,31.0153156674621,0
54,254.959309888038,0,1,1,377.60934976919,0
61,902.004161825774,0,1,1,902.004161825775,0
64,742.000328333989,0,1,1,742.000328333989,0
71,988.49539939806,0,1,1,988.49539939806,0
75,-3.17723511467233e-17,0,1,1,530.440148767922,0
79,0.0,0,1,0,546.359877882571,0
80,10.763095275345,0,1,1,10.763095275345,0
85,122.768933371923,0,1,1,147.274322724879,0
93,1.69566707622697e-16,0,1,1,39.4884936553999,0
96,702.842885521661,0,1,1,702.842885521661,0
97,202.461355360303,0,1,1,202.461355360303,0
98,2.73797929742017,0,1,1,2.73797929742017,0
99,302.616745255764,0,1,1,302.616745255764,0
103,-2.03001595672161e-18,0,1,1,31.23118604354,0
106,0.0,0,1,0,450.830111119824,0
114,48.8608916698171,0,1,1,48.8608916698171,0
