cost_model,startup,shutdown,n_coefficients,coeff_n,coeff1,coeff0
2,0,0,3,0.0039365296576803,27.5725551805071,1506.16923035038
2,0,0,3,0.0,0.0,0.0
2,0,0,3,0.0074661584649951,47.982416068634,1095.07797813558
2,0,0,3,0.006170812999275,25.4569008452855,175.950456179175
2,0,0,3,0.0044037528655283,48.8902054341525,2420.92468974996
2,0,0,3,0.0,0.0,0.0
2,0,0,3,0.0,0.0,0.0
2,0,0,3,0.0,0.0,0.0
2,0,0,3,0.0,0.0,0.0
2,0,0,3,0.0,0.0,0.0
2,0,0,3,0.0022985098828157,48.5012677600059,1076.80945039301
2,0,0,3,0.0,0.0,0.0
2,0,0,3,0.0,0.0,0.0
2,0,0,3,0.0,0.0,0.0
2,0,0,3,0.0044067649554149,33.5341888248871,686.033681754546
2,0,0,3,0.0,0.0,0.0
2,0,0,3,0.0,0.0,0.0
2,0,0,3,0.0057493827326852,35.9462169385046,590.385343261763
2,0,0,3,0.0,0.0,0.0
2,0,0,3,0.0,0.0,0.0
2,0,0,3,0.0,0.0,0.0
2,0,0,3,0.0063165108673958,27.6453945360377,971.810731948916
2,0,0,3,0.0077001262930719,36.3442569153879,50.07793341086
2,0,0,3,0.0078609548286731,40.7810916151578,61.6016634887298
2,0,0,3,0.0,0.0,0.0
2,0,0,3,0.0,0.0,0.0
