cost_model,startup,shutdown,n_coefficients,coeff_n,coeff1,coeff0
2,0,0,3,0.0050962796231803,23.2252153331878,2057.16365474251
2,0,0,3,0.0021631865573763,31.9094083441827,1138.46417847331
2,0,0,3,0.0,0.0,0.0
2,0,0,3,0.0,0.0,0.0
2,0,0,3,0.0029857446159244,43.7940902650699,301.070702508325
2,0,0,3,0.0,0.0,0.0
2,0,0,3,0.0,0.0,0.0
2,0,0,3,0.0046553554254528,28.8892573015687,858.083797173571
2,0,0,3,0.0,0.0,0.0
2,0,0,3,0.0078833349357253,35.9265204905601,570.139349698849
2,0,0,3,0.0072557591040988,25.5300519160097,489.868882397605
2,0,0,3,0.0066987666037488,41.2487598285714,3708.47449145226
2,0,0,3,0.0,0.0,0.0
2,0,0,3,0.0,0.0,0.0
2,0,0,3,0.0,0.0,0.0
2,0,0,3,0.0,0.0,0.0
2,0,0,3,0.0059248616335912,29.9948450522869,24.1198387334637
2,0,0,3,0.0,0.0,0.0
2,0,0,3,0.0041365123323513,39.6737805081545,30.3751251970142
2,0,0,3,0.0063467387499067,46.871339422077,1771.81432165424
2,0,0,3,0.0,0.0,0.0
2,0,0,3,0.0033283874928029,42.5225299977097,384.029012547323
2,0,0,3,0.0,0.0,0.0
2,0,0,3,0.0,0.0,0.0
2,0,0,3,0.0,0.0,0.0
2,0,0,3,0.0,0.0,0.0
2,0,0,3,0.0029721126526755,48.0606263185154,460.697144498302
2,0,0,3,0.0055973406753754,30.3139811189702,578.570506020743
2,0,0,3,0.0,0.0,0.0
2,0,0,3,0.0,0.0,0.0
2,0,0,3,0.0,0.0,0.0
2,0,0,3,0.0,0.0,0.0
2,0,0,3,0.0,0.0,0.0
2,0,0,3,0.0036789571615113,41.2582032667921,444.531942900236
2,0,0,3,0.0063041435396088,38.3937306965654,2373.23042447882
2,0,0,3,0.0,0.0,0.0
2,0,0,3,0.0,0.0,0.0
