cost_model,startup,shutdown,n_coefficients,coeff_n,coeff1,coeff0
2,0,0,3,0.0065104462301854,31.2806717920663,1115.81492754556
2,0,0,3,0.0047440956032075,42.24972465894,3248.58540514039
2,0,0,3,0.0,0.0,0.0
2,0,0,3,0.0,0.0,0.0
2,0,0,3,0.0046712170836372,44.5810989890778,41.5717290778018
2,0,0,3,0.0,0.0,0.0
2,0,0,3,0.0,0.0,0.0
2,0,0,3,0.0042924428020151,23.4904981795193,178.80099068378
2,0,0,3,0.0030628610112314,54.5610460113528,864.453559408065
2,0,0,3,0.0,0.0,0.0
2,0,0,3,0.0,0.0,0.0
2,0,0,3,0.0062937724201577,30.038853014304,85.5236343437813
2,0,0,3,0.0,0.0,0.0
2,0,0,3,0.0,0.0,0.0
2,0,0,3,0.0,0.0,0.0
2,0,0,3,0.0,0.0,0.0
2,0,0,3,0.0075837387187364,25.6915692637124,2950.5016188995
2,0,0,3,0.004178192903434,47.2893889039694,3127.6306000502
2,0,0,3,0.0,0.0,0.0
2,0,0,3,0.0,0.0,0.0
2,0,0,3,0.0,0.0,0.0
2,0,0,3,0.0,0.0,0.0
2,0,0,3,0.0,0.0,0.0
2,0,0,3,0.0041067064841763,26.7308123860582,52.5474245048922
2,0,0,3,0.0046813271527333,44.0046498049907,438.332725604222
