bus_number,P_output,Q_output,voltage_mag,gen_status,P_max,P_min
2,130.981380581667,0,1,1,142.663977819725,0
7,53.5855513033325,0,1,1,53.5855513033325,0
8,0.0,0,1,0,477.609564156885,0
13,151.499874795442,0,1,1,151.499874795442,0
15,42.9697540837879,0,1,1,211.770189431032,0
17,117.791243279148,0,1,1,117.791243279148,0
19,0.0,0,1,0,324.480618265822,0
23,517.11350072383,0,1,1,517.11350072383,0
27,1330.73528894998,0,1,1,1330.73528894998,0
30,883.084329019998,0,1,1,1037.09531992068,0
32,0.0,0,1,0,690.777322446966,0
45,0.0,0,1,0,275.404581777109,0
49,364.19861810432,0,1,1,364.19861810432,0
59,287.585663178384,0,1,1,326.186084674446,0
72,72.0107197576862,0,1,1,105.247326388216,0
73,869.187813662015,0,1,1,869.187813662015,0
74,0.0,0,1,0,251.839833372373,0
75,123.74274431776,0,1,1,293.499023235495,0
76,3.97149292255077e-20,0,1,1,211.408655470171,0
82,342.822857042761,0,1,1,342.822857042761,0
87,947.016984447906,0,1,1,947.016984447906,0
89,0.0,0,1,0,367.842330086274,0
98,0.0,0,1,0,578.552046997247,0
109,193.955448716055,0,1,1,193.955448716055,0
116,92.4474949063413,0,1,1,92.4474949063413,0
117,70.2801882903719,0,1,1,70.2801882903719,0
118,73.7942673002397,0,1,1,73.7942673002397,0
