cost_model,startup,shutdown,n_coefficients,coeff_n,coeff1,coeff0
2,0,0,3,0.0,0.0,0.0
2,0,0,3,0.0,0.0,0.0
2,0,0,3,0.0045862635443706,31.1058931217483,3526.88652045421
2,0,0,3,0.0050844802409981,38.4279000150286,2522.36402434837
2,0,0,3,0.0,0.0,0.0
2,0,0,3,0.0,0.0,0.0
2,0,0,3,0.0,0.0,0.0
2,0,0,3,0.0,0.0,0.0
2,0,0,3,0.0033006624245867,25.9340025279527,3523.07416600556
2,0,0,3,0.0,0.0,0.0
2,0,0,3,0.0070226476415246,31.5255015254365,378.282474381451
2,0,0,3,0.0,0.0,0.0
2,0,0,3,0.0,0.0,0.0
2,0,0,3,0.0,0.0,0.0
2,0,0,3,0.0075891221712733,56.7716054351714,2035.4781176207
2,0,0,3,0.0,0.0,0.0
2,0,0,3,0.0,0.0,0.0
2,0,0,3,0.0,0.0,0.0
2,0,0,3,0.0057226329608729,37.7557205580483,2236.22640962352
2,0,0,3,0.0,0.0,0.0
2,0,0,3,0.0046503657883848,45.6827879610955,263.032152843564
2,0,0,3,0.006002052267784,55.148307257168,154.339850915891
2,0,0,3,0.0,0.0,0.0
2,0,0,3,0.0,0.0,0.0
2,0,0,3,0.0046032865553431,39.7596730534686,395.489736250538
2,0,0,3,0.0027816608897038,47.3311781163409,425.602685348377
