bus_number,P_output,Q_output,voltage_mag,gen_status,P_max,P_min
3,122.372345657445,0,1,1,122.372345657445,0
4,132.343360713659,0,1,1,132.343360713659,0
9,579.208042855724,0,1,1,579.208042855724,0
11,0.0,0,1,0,374.316377645156,0
12,1236.23457191563,0,1,1,1556.35270953369,0
14,644.886116843272,0,1,1,644.886116843272,0
23,18.6931166039724,0,1,1,18.6931166039725,0
32,562.144887330132,0,1,1,918.220465042181,0
34,351.342087157104,0,1,1,351.342087157104,0
39,758.604270241699,0,1,1,758.604270241699,0
40,0.0,0,1,0,466.780504897605,0
41,122.077494795067,0,1,1,122.077494795067,0
49,2.97289287854165,0,1,1,2.97289287854171,0
51,723.476656047118,0,1,1,723.476656047118,0
61,226.836137273361,0,1,1,226.836137273361,0
65,26.1744379375317,0,1,1,26.1744379375317,0
67,767.713882368607,0,1,1,767.713882368607,0
72,0.0,0,1,0,396.047128037984,0
81,0.0,0,1,0,256.817873583577,0
85,0.0,0,1,0,504.025310367296,0
86,0.0,0,1,0,164.98027651517,0
96,118.665204161051,0,1,1,270.732638877679,0
99,0.0,0,1,0,571.322996550396,0
111,98.8589024425576,0,1,1,98.8589024425576,0
116,51.8575006109559,0,1,1,67.8611226107827,0
118,28.654275757703,0,1,1,28.654275757706,0
