cost_model,startup,shutdown,n_coefficients,coeff_n,coeff1,coeff0
2,0,0,3,0.0073745246915272,44.6007592219391,83.8973106176565
2,0,0,3,0.0,0.0,0.0
2,0,0,3,0.0056678673302685,47.985002260118,450.685139176358
2,0,0,3,0.0026794987588287,44.359659464679,684.002720897807
2,0,0,3,0.0037751877068027,31.3339664512466,3396.76335628663
2,0,0,3,0.0,0.0,0.0
2,0,0,3,0.0031086951552224,34.8875898885319,3535.16309004745
2,0,0,3,0.0,0.0,0.0
2,0,0,3,0.0,0.0,0.0
2,0,0,3,0.002815546108428,40.1025253636379,401.271651950702
2,0,0,3,0.0,0.0,0.0
2,0,0,3,0.0,0.0,0.0
2,0,0,3,0.0,0.0,0.0
2,0,0,3,0.0,0.0,0.0
2,0,0,3,0.0061615387832415,41.9540609865993,447.69083145922
2,0,0,3,0.0,0.0,0.0
2,0,0,3,0.0,0.0,0.0
2,0,0,3,0.0051491902005301,39.7186737592233,530.036489069229
2,0,0,3,0.0035367752267675,34.9288692124319,510.247028236442
2,0,0,3,0.0,0.0,0.0
2,0,0,3,0.0,0.0,0.0
2,0,0,3,0.0,0.0,0.0
2,0,0,3,0.0055863659339693,40.2432814685296,372.800572640637
2,0,0,3,0.0,0.0,0.0
2,0,0,3,0.0,0.0,0.0
2,0,0,3,0.0046720894706369,42.2844410324072,727.883595964388
2,0,0,3,0.0,0.0,0.0
