bus_number,P_output,Q_output,voltage_mag,gen_status,P_max,P_min
1,0.0,0,1,0,1201.94603430622,0
3,833.481546512152,0,1,1,833.481546512153,0
9,207.090287637672,0,1,1,207.090287637671,0
10,277.237491088972,0,1,1,277.237491088983,0
12,0.0,0,1,0,987.172753550402,0
15,1287.09761989597,0,1,1,1989.20131724804,0
24,744.196709379313,0,1,1,749.979588298124,0
34,0.0,0,1,0,743.764342616197,0
35,411.234202458726,0,1,1,411.234202458726,0
36,74.7754098650054,0,1,1,74.775409865005,0
38,66.9834078903847,0,1,1,66.9834078903816,0
44,274.154079999799,0,1,1,378.15475677094,0
46,482.495344630872,0,1,1,482.495344630873,0
49,404.739073951633,0,1,1,404.739073951641,0
51,90.069660330195,0,1,1,90.0696603301933,0
59,349.407455905797,0,1,1,349.407455905815,0
63,148.098920032372,0,1,1,148.098920032371,0
68,4.76333120658583,0,1,1,4.76333120658516,0
73,215.814055682954,0,1,1,215.814055682951,0
75,1.0249540974462,0,1,1,1.02495409744915,0
88,378.366918814717,0,1,1,378.366918814717,0
100,28.2558397065318,0,1,1,28.2558397065726,0
106,249.573013488047,0,1,1,249.573013488046,0
113,-2.1912698501926997e-12,0,1,1,121.970702121373,0
115,135.944399885844,0,1,1,135.944399885844,0
116,-5.36104606410762e-12,0,1,1,100.357418674529,0
