bus_number,P_output,Q_output,voltage_mag,gen_status,P_max,P_min
6,281.545944898785,0,1,1,281.545944898785,0
7,684.674403073487,0,1,1,893.880688395803,0
9,839.273916636125,0,1,1,839.273916636125,0
11,0.0,0,1,0,61.9374591806565,0
14,0.0,0,1,0,506.043044444849,0
21,445.373768409743,0,1,1,490.543563181989,0
23,790.577171419834,0,1,1,790.577171419834,0
31,70.5127822966641,0,1,1,70.5127822966641,0
33,402.935703351545,0,1,1,402.935703351545,0
36,593.858947735922,0,1,1,593.858947735922,0
49,0.0,0,1,0,485.487963184108,0
54,3.3456610854701504e-17,0,1,1,9.01913701025068,0
56,42.9716003666649,0,1,1,42.9716003666649,0
58,0.0,0,1,0,426.64886311773,0
64,545.132822341954,0,1,1,722.311895354035,0
71,0.0,0,1,0,370.889147309211,0
74,100.307559766833,0,1,1,100.307559766833,0
75,52.4503603332835,0,1,1,52.4503603332835,0
79,423.566472066436,0,1,1,550.890980911174,0
84,566.65328852958,0,1,1,566.65328852958,0
92,100.512831310285,0,1,1,109.201907255636,0
95,768.594088804992,0,1,1,768.594088804992,0
96,0.0,0,1,0,456.928797686909,0
103,69.0354321258445,0,1,1,97.8357887827032,0
105,116.895292659726,0,1,1,139.548117459822,0
108,71.3390600482778,0,1,1,71.3390600482778,0
112,2.0798759207398e-17,0,1,1,5.48527290588153,0
