bus_number,P_output,Q_output,voltage_mag,gen_status,P_max,P_min
4,1298.06672133582,0,1,1,1495.25120987031,0
5,964.821646400192,0,1,1,964.82164640212,0
6,0.0,0,1,0,300.667022965199,0
15,0.0,0,1,0,265.109325008686,0
24,100.220069463017,0,1,1,100.220069465151,0
33,74.9558548672111,0,1,1,74.9558548691881,0
36,0.0,0,1,0,195.541365081994,0
37,19.5318547795232,0,1,1,19.5318547821845,0
39,466.802819409444,0,1,1,466.802819414642,0
45,164.656445860404,0,1,1,164.656445862409,0
46,0.0,0,1,0,266.577713630005,0
47,91.9595203464058,0,1,1,91.9595203490451,0
51,57.0711255602567,0,1,1,57.0711255620446,0
53,94.479995767786,0,1,1,94.4799957677862,0
61,913.533005312707,0,1,1,913.533005314988,0
66,0.0,0,1,0,535.076040626299,0
67,5.14491106539945,0,1,1,5.14491106779561,0
71,0.0,0,1,0,364.771652213861,0
76,0.0,0,1,0,301.180322121631,0
78,797.130734248829,0,1,1,797.130734257912,0
82,840.539381975612,0,1,1,843.770531220554,0
83,0.0,0,1,0,685.528304346655,0
86,23.6429449999106,0,1,1,23.6429450163628,0
98,719.455828755703,0,1,1,719.455828764034,0
102,0.0,0,1,0,701.472570636127,0
105,32.7908623128048,0,1,1,32.7908623150586,0
114,0.0,0,1,0,150.758549839752,0
