cost_model,startup,shutdown,n_coefficients,coeff_n,coeff1,coeff0
2,0,0,3,0.0,0.0,0.0
2,0,0,3,0.0,0.0,0.0
2,0,0,3,0.0,0.0,0.0
2,0,0,3,0.0,0.0,0.0
2,0,0,3,0.0078495057507907,42.1096578085387,126.404148042377
2,0,0,3,0.0,0.0,0.0
2,0,0,3,0.0068992653037613,43.3009359142467,176.645792337617
2,0,0,3,0.0,0.0,0.0
2,0,0,3,0.0026071592598117,44.1489114097142,884.289607144182
2,0,0,3,0.005853714224702,48.5372862052333,3144.16014858951
2,0,0,3,0.0065900403002726,24.5592493653739,3412.49405212648
2,0,0,3,0.0068156348784685,40.3911542105048,93.8973874059353
2,0,0,3,0.0,0.0,0.0
2,0,0,3,0.0,0.0,0.0
2,0,0,3,0.0064950581950081,46.5714151614077,130.334861660269
2,0,0,3,0.0,0.0,0.0
2,0,0,3,0.0,0.0,0.0
2,0,0,3,0.0074449163291398,28.6537895326352,3584.03991317915
2,0,0,3,0.0,0.0,0.0
2,0,0,3,0.0,0.0,0.0
2,0,0,3,0.0070894955607328,24.4101872616178,370.141173430638
2,0,0,3,0.0,0.0,0.0
2,0,0,3,0.0,0.0,0.0
2,0,0,3,0.0,0.0,0.0
2,0,0,3,0.0,0.0,0.0
2,0,0,3,0.0,0.0,0.0
2,0,0,3,0.0077431278397321,52.1205362219298,1863.62861223942
2,0,0,3,0.0,0.0,0.0
2,0,0,3,0.00451097753508,55.7028299503544,160.80965090705
