bus_number,P_output,Q_output,voltage_mag,gen_status,P_max,P_min
9,752.600229144975,0,1,1,1179.60416806148,0
17,540.714241206228,0,1,1,540.714241206228,0
25,983.718324312819,0,1,1,983.718324312819,0
28,211.133326690953,0,1,1,211.133326690953,0
30,134.09227360287,0,1,1,181.626563871734,0
34,155.432921275669,0,1,1,155.432921275669,0
44,62.4582511726031,0,1,1,62.4582511726857,0
48,8.15278208401023e-18,0,1,1,124.644541957744,0
49,0.0,0,1,0,550.740563252106,0
51,0.0,0,1,0,394.679676376679,0
59,896.309027873561,0,1,1,896.309027873561,0
60,0.0,0,1,0,415.394612489609,0
65,238.012945558685,0,1,1,238.012945558685,0
69,63.8327933981253,0,1,1,63.8327933981253,0
70,885.739792586936,0,1,1,885.739792586935,0
74,0.0,0,1,0,816.378710451477,0
77,76.7746504170388,0,1,1,76.7746504170388,0
78,0.0,0,1,0,521.811911422057,0
80,0.0,0,1,0,285.297442228389,0
88,0.0,0,1,0,323.198611799359,0
96,27.3955913596327,0,1,1,27.3955913596327,0
101,543.400378857901,0,1,1,543.400378857901,0
108,0.0,0,1,0,439.223255248801,0
110,235.781030515084,0,1,1,235.781030515084,0
114,37.4021214004723,0,1,1,37.4021214004723,0
115,179.937319560442,0,1,1,179.937319560442,0
118,0.0,0,1,0,261.259453426131,0
