cost_model,startup,shutdown,n_coefficients,coeff_n,coeff1,coeff0
2,0,0,3,0.0,0.0,0.0
2,0,0,3,0.0,0.0,0.0
2,0,0,3,0.0069813755650169,37.1922390683201,804.704279764815
2,0,0,3,0.0062534746877636,37.4147523154112,537.079035173353
2,0,0,3,0.0,0.0,0.0
2,0,0,3,0.0,0.0,0.0
2,0,0,3,0.0,0.0,0.0
2,0,0,3,0.0072872439705567,46.1095052079025,1949.84726274364
2,0,0,3,0.0025100177268988,45.8004889031909,158.52258033915
2,0,0,3,0.0,0.0,0.0
2,0,0,3,0.0,0.0,0.0
2,0,0,3,0.0,0.0,0.0
2,0,0,3,0.0,0.0,0.0
2,0,0,3,0.0028511900905165,27.8829464834718,350.195082568845
2,0,0,3,0.005678829787836,35.6645459672412,3583.16947341893
2,0,0,3,0.0024779608623064,52.9326304200596,15.1372036797981
2,0,0,3,0.0057878362115169,50.8580759673186,3108.11539539424
2,0,0,3,0.0079436271657397,49.3198035637894,454.451352069764
2,0,0,3,0.0,0.0,0.0
2,0,0,3,0.0,0.0,0.0
2,0,0,3,0.0032382417725934,38.4147977793176,1210.41790961509
2,0,0,3,0.0028632143281113,27.8631342693432,480.696547100509
2,0,0,3,0.0,0.0,0.0
2,0,0,3,0.0,0.0,0.0
2,0,0,3,0.0,0.0,0.0
2,0,0,3,0.0,0.0,0.0
2,0,0,3,0.0,0.0,0.0
2,0,0,3,0.0033770040745532,26.5342668899208,544.524809458396
2,0,0,3,0.0,0.0,0.0
2,0,0,3,0.0036867791171396,55.51654865035,3437.56416276057
2,0,0,3,0.0,0.0,0.0
