cost_model,startup,shutdown,n_coefficients,coeff_n,coeff1,coeff0
2,0,0,3,0.0053657803091906,31.5843922581058,3593.26357498774
2,0,0,3,0.0,0.0,0.0
2,0,0,3,0.0029629090534834,53.5389542880541,3109.84581213117
2,0,0,3,0.0,0.0,0.0
2,0,0,3,0.0,0.0,0.0
2,0,0,3,0.0,0.0,0.0
2,0,0,3,0.0060859449262828,37.5555111480273,525.068171960348
2,0,0,3,0.0076302562866935,40.5864351507111,3084.56486958214
2,0,0,3,0.0,0.0,0.0
2,0,0,3,0.0,0.0,0.0
2,0,0,3,0.0,0.0,0.0
2,0,0,3,0.0058481133594926,25.621970064379,3855.6723052657
2,0,0,3,0.0044651228292322,32.4801105941531,439.235740507698
2,0,0,3,0.0,0.0,0.0
2,0,0,3,0.0,0.0,0.0
2,0,0,3,0.0,0.0,0.0
2,0,0,3,0.006980153972986,23.2482514143095,144.794986477139
2,0,0,3,0.0,0.0,0.0
2,0,0,3,0.0,0.0,0.0
2,0,0,3,0.0044887348902014,54.5319681859907,487.018166506203
2,0,0,3,0.0024483199012894,55.5485898661254,1612.51272555057
2,0,0,3,0.0,0.0,0.0
2,0,0,3,0.0056850434176256,37.4161953563309,2492.98710554382
2,0,0,3,0.0,0.0,0.0
2,0,0,3,0.0,0.0,0.0
2,0,0,3,0.0041854245915676,27.4024868551085,557.286000431463
2,0,0,3,0.0,0.0,0.0
