cost_model,startup,shutdown,n_coefficients,coeff_n,coeff1,coeff0
2,0,0,3,0.0,0.0,0.0
2,0,0,3,0.0038883043083885,32.6348102869353,2451.98843651709
2,0,0,3,0.0,0.0,0.0
2,0,0,3,0.0058760851707838,40.4578715764379,139.128595414504
2,0,0,3,0.004142652145125,45.5089410632216,559.475362141237
2,0,0,3,0.0051955355823733,54.7827165850394,3091.50892692333
2,0,0,3,0.0,0.0,0.0
2,0,0,3,0.0,0.0,0.0
2,0,0,3,0.0,0.0,0.0
2,0,0,3,0.0,0.0,0.0
2,0,0,3,0.0,0.0,0.0
2,0,0,3,0.0077176082360737,27.8775598816414,280.5056805176
2,0,0,3,0.0078531825010346,51.0905108896139,97.5737641016728
2,0,0,3,0.0,0.0,0.0
2,0,0,3,0.0,0.0,0.0
2,0,0,3,0.0032296696457054,38.4247196538864,3804.54015036327
2,0,0,3,0.0,0.0,0.0
2,0,0,3,0.0,0.0,0.0
2,0,0,3,0.0,0.0,0.0
2,0,0,3,0.0,0.0,0.0
2,0,0,3,0.006307117029006,53.6070017353982,1797.95917375822
2,0,0,3,0.003108187046726,35.1739925642881,277.402940014819
2,0,0,3,0.0073629481551282,44.6481455419951,3539.11747645
2,0,0,3,0.0051219643836989,33.7946561155909,55.4787947193407
2,0,0,3,0.0,0.0,0.0
2,0,0,3,0.0,0.0,0.0
2,0,0,3,0.0,0.0,0.0
2,0,0,3,0.0,0.0,0.0
2,0,0,3,0.0,0.0,0.0
