bus_number,P_output,Q_output,voltage_mag,gen_status,P_max,P_min
1,959.9725574073,0,1,1,959.972557410331,0
2,592.852395283557,0,1,1,592.852395284221,0
3,1.1493692419461,0,1,1,1.14936924319895,0
8,509.299162250795,0,1,1,509.299162255491,0
10,953.288175267341,0,1,1,953.288175268013,0
11,479.046699096711,0,1,1,715.436103606291,0
12,215.808677334192,0,1,1,215.808677334855,0
14,2.0222207802057403e-09,0,1,1,12.8478501834937,0
20,751.301463913947,0,1,1,751.301463915727,0
21,9.06682666193525e-10,0,1,1,441.060247572037,0
22,562.576933119898,0,1,1,562.576933125678,0
41,575.295410417473,0,1,1,818.336863428543,0
42,636.376060313493,0,1,1,636.376060314053,0
47,0.0,0,1,0,385.823625141306,0
49,0.0,0,1,0,286.468515567131,0
54,23.9083089028193,0,1,1,23.9083089034078,0
58,12.6487255929216,0,1,1,12.6487255935011,0
63,73.857040613248,0,1,1,501.149391372493,0
74,103.955275422699,0,1,1,307.807690645239,0
81,70.5678161678879,0,1,1,232.435618425911,0
83,73.2535312014682,0,1,1,203.697526786892,0
84,0.0,0,1,0,565.186991736804,0
90,25.7966519879832,0,1,1,70.6699927842171,0
91,8.03091035700936e-10,0,1,1,3.47447114547699,0
97,43.8494689216128,0,1,1,43.8494689222213,0
105,0.0,0,1,0,335.610470130179,0
106,0.0,0,1,0,346.737660350491,0
