bus_number,P_output,Q_output,voltage_mag,gen_status,P_max,P_min
7,836.165966009584,0,1,1,836.165966009592,0
11,0.0,0,1,0,311.083794930724,0
12,67.8915497238382,0,1,1,67.8915497238851,0
16,0.0,0,1,0,123.90432183154,0
20,45.8258603573746,0,1,1,45.8258603573819,0
21,861.98181619822,0,1,1,861.981816198235,0
23,0.0,0,1,0,400.577483586299,0
31,400.790263611398,0,1,1,400.790263611406,0
36,0.0,0,1,0,399.854947190807,0
43,413.890745056544,0,1,1,413.89074505655,0
44,0.0,0,1,0,246.039581117368,0
47,184.488082665647,0,1,1,240.524446314954,0
48,1321.76220225551,0,1,1,1321.76220225558,0
55,206.528820886117,0,1,1,238.164837517859,0
56,207.61697703613,0,1,1,207.616977036137,0
57,0.0,0,1,0,92.8646976586153,0
58,70.5271825098289,0,1,1,70.5271825098355,0
59,46.0202163624963,0,1,1,46.0202163625026,0
68,194.716309573453,0,1,1,194.716309573461,0
71,6.14889295627043e-09,0,1,1,138.443191835193,0
76,494.14633743726,0,1,1,1144.38843716629,0
79,0.0,0,1,0,357.039073938139,0
81,35.0802552640647,0,1,1,35.0802552640726,0
83,129.443660538255,0,1,1,129.443660538263,0
84,0.0,0,1,0,292.446185716832,0
88,0.0,0,1,0,249.298832324282,0
90,220.471883802054,0,1,1,220.47188380206,0
98,909.9159786296,0,1,1,909.915978629609,0
105,17.5396145374933,0,1,1,165.478252928912,0
115,0.0,0,1,0,469.693275785419,0
