bus_number,P_output,Q_output,voltage_mag,gen_status,P_max,P_min
6,310.33885637388,0,1,1,310.33885637388,0
8,97.0272910057051,0,1,1,97.0272910057051,0
9,110.10797094229,0,1,1,110.10797094229,0
14,784.479504549912,0,1,1,1221.3657698719,0
18,0.0,0,1,0,537.505658018817,0
19,33.3476941140067,0,1,1,87.3203164673975,0
21,0.0,0,1,0,608.972799341764,0
25,3.9385765566031e-15,0,1,1,34.36647920804,0
31,313.263216122169,0,1,1,313.263216122169,0
32,238.683776008287,0,1,1,238.683776008287,0
36,934.398315460543,0,1,1,997.382174566182,0
46,647.065337829585,0,1,1,847.132838566064,0
56,250.426299197268,0,1,1,250.426299197268,0
60,0.0,0,1,0,389.296205943841,0
61,770.233378661086,0,1,1,770.233378661086,0
62,71.7758115737118,0,1,1,73.364707623718,0
63,631.502562186754,0,1,1,631.502562186754,0
78,235.606665786444,0,1,1,235.606665786444,0
83,0.0,0,1,0,457.483669451781,0
89,0.0,0,1,0,364.143053177591,0
91,610.538108524582,0,1,1,610.538108524582,0
94,467.399089956974,0,1,1,467.399089956974,0
99,30.5773728978024,0,1,1,30.5773728978024,0
103,60.7677260510521,0,1,1,60.7677260510521,0
104,0.0,0,1,0,385.709578594826,0
105,0.0,0,1,0,231.091100674313,0
107,0.0,0,1,0,203.030816332305,0
110,28.6033573929279,0,1,1,28.6033573929279,0
118,38.6613878260412,0,1,1,38.6613878260412,0
