bus_number,P_output,Q_output,voltage_mag,gen_status,P_max,P_min
4,1770.14041091224,0,1,1,2131.42454445357,0
8,0.0,0,1,0,587.93588511454,0
16,484.289141555414,0,1,1,484.289141555425,0
20,0.0,0,1,0,570.454974090533,0
23,195.940591041363,0,1,1,195.940591041373,0
27,3.07276895442944e-11,0,1,1,2.19882861111045,0
37,502.707815076898,0,1,1,502.707815076944,0
49,273.603851352684,0,1,1,309.097115044187,0
51,64.501550699936,0,1,1,338.503144961884,0
53,164.364536073878,0,1,1,164.364536073887,0
55,6.34668392059806e-10,0,1,1,418.236475742851,0
61,376.47302465247,0,1,1,376.473024652524,0
64,552.302142896764,0,1,1,552.302142896772,0
66,7.939816711814269e-11,0,1,1,70.5691107344357,0
69,433.857092379748,0,1,1,433.857092379758,0
80,256.05710121642,0,1,1,313.880194169781,0
94,91.7639054593829,0,1,1,91.7639054593969,0
96,0.0,0,1,0,231.072334744806,0
98,499.811916451752,0,1,1,499.811916451767,0
100,421.006416834921,0,1,1,498.455753828562,0
102,185.435264347174,0,1,1,185.435264347184,0
103,256.302128048106,0,1,1,418.032002881154,0
114,9.563804029998809e-12,0,1,1,195.754880127275,0
115,96.4476083758649,0,1,1,96.4476083758769,0
118,39.7992250852456,0,1,1,39.7992250852554,0
