bus_number,P_output,Q_output,voltage_mag,gen_status,P_max,P_min
6,476.505227500333,0,1,1,476.50522750036,0
7,0.0,0,1,0,355.429301649349,0
9,0.0,0,1,0,201.058566175002,0
12,400.5085226001,0,1,1,400.508522600125,0
13,1208.73559992845,0,1,1,1477.22466303108,0
20,0.0,0,1,0,93.0458231278707,0
26,0.0,0,1,0,300.1515803654,0
30,0.0,0,1,0,340.961891722586,0
31,0.0,0,1,0,291.017347177965,0
32,82.7327072716326,0,1,1,82.7327072716507,0
33,123.764329771151,0,1,1,164.612535295195,0
37,0.0,0,1,0,253.404795690691,0
50,138.138934024166,0,1,1,138.138934024219,0
51,1327.19871763211,0,1,1,1327.19871763215,0
52,147.57087973936,0,1,1,147.570879739735,0
54,0.0,0,1,0,601.816523037172,0
57,82.7828275578055,0,1,1,82.7828275579278,0
62,74.5264048119065,0,1,1,74.5264048119187,0
65,595.316223488327,0,1,1,595.316223557501,0
66,568.515608713123,0,1,1,568.515608713125,0
71,0.0,0,1,0,308.568220345243,0
74,477.820326508058,0,1,1,616.699578913329,0
80,73.1951589329216,0,1,1,73.1951589329475,0
83,38.9446617876731,0,1,1,38.9446617877224,0
93,458.468963252737,0,1,1,458.468963252748,0
95,0.0,0,1,0,120.536524410644,0
97,138.890856154923,0,1,1,138.89085615493,0
101,0.0,0,1,0,167.053372473154,0
103,44.9734684977466,0,1,1,44.9734684977663,0
108,101.157490367379,0,1,1,101.15749036738,0
112,67.1730468800029,0,1,1,67.1730468800832,0
113,37.8837670410926,0,1,1,37.8837670411095,0
114,0.0,0,1,0,13.4899678193904,0
