cost_model,startup,shutdown,n_coefficients,coeff_n,coeff1,coeff0
2,0,0,3,0.0078793057491626,36.6068602870202,2294.16146923193
2,0,0,3,0.0,0.0,0.0
2,0,0,3,0.0,0.0,0.0
2,0,0,3,0.0,0.0,0.0
2,0,0,3,0.0,0.0,0.0
2,0,0,3,0.0024051980089783,49.0312292959601,474.162130782121
2,0,0,3,0.0,0.0,0.0
2,0,0,3,0.0035103736012426,35.2354172623272,919.993141444238
2,0,0,3,0.0,0.0,0.0
2,0,0,3,0.0,0.0,0.0
2,0,0,3,0.0064918399447006,26.7556193183448,494.931451569855
2,0,0,3,0.0,0.0,0.0
2,0,0,3,0.0,0.0,0.0
2,0,0,3,0.0,0.0,0.0
2,0,0,3,0.0046157758787771,24.1012917929283,142.362808037049
2,0,0,3,0.0,0.0,0.0
2,0,0,3,0.0,0.0,0.0
2,0,0,3,0.0031372569097728,47.0434760754404,2953.81018182132
2,0,0,3,0.0037815727214171,44.2542855491769,1458.05649424493
2,0,0,3,0.0,0.0,0.0
2,0,0,3,0.0071329787389121,41.7840679049516,189.413572721029
2,0,0,3,0.0056800926345918,24.7187412625225,118.17565903269
2,0,0,3,0.0,0.0,0.0
2,0,0,3,0.0,0.0,0.0
2,0,0,3,0.0,0.0,0.0
2,0,0,3,0.003367589503033,49.7175427772851,152.181061688449
2,0,0,3,0.0,0.0,0.0
2,0,0,3,0.0,0.0,0.0
2,0,0,3,0.0054575285918871,37.6557422118126,508.631919309049
