bus_number,P_output,Q_output,voltage_mag,gen_status,P_max,P_min
4,1.4022213493790902e-17,0,1,1,98.2044630520158,0
13,2716.6134434254,0,1,1,3246.24741519355,0
16,49.3816101489845,0,1,1,49.3816101489845,0
19,108.831241467459,0,1,1,108.831241467459,0
25,146.789239213745,0,1,1,146.789239213745,0
29,0.0,0,1,0,1044.61030732291,0
30,0.0,0,1,0,793.519366832357,0
35,64.9913701985187,0,1,1,64.9913701985187,0
36,308.153121875441,0,1,1,308.153121875441,0
43,79.7172747090062,0,1,1,79.7172747090062,0
48,443.203223442661,0,1,1,443.203223442661,0
49,149.988591824407,0,1,1,149.988591824407,0
50,548.97298526868,0,1,1,612.3926632866,0
52,0.0,0,1,0,974.251352184319,0
62,145.518550292604,0,1,1,145.518550292604,0
63,66.0304381500607,0,1,1,66.0304381500607,0
73,183.506216019672,0,1,1,542.815361337114,0
74,404.734840769131,0,1,1,404.734840769131,0
75,24.7643706540758,0,1,1,24.7643706540758,0
77,1.07316839071169e-16,0,1,1,7.887595599578,0
82,185.69027125955,0,1,1,185.69027125955,0
86,90.5472093485086,0,1,1,90.5472093485086,0
95,412.33878793232,0,1,1,412.33878793232,0
96,6.76952925892026,0,1,1,6.76952925892026,0
99,349.09899156586,0,1,1,349.09899156586,0
100,69.2021209480695,0,1,1,165.46474516415,0
108,109.960294687953,0,1,1,109.960294687953,0
