bus_number,P_output,Q_output,voltage_mag,gen_status,P_max,P_min
1,69.8981110364278,0,1,1,69.8981110364278,0
2,1621.13490520435,0,1,1,1937.22971277073,0
4,572.31226852457,0,1,1,572.31226852457,0
10,213.179956353701,0,1,1,213.179956353701,0
16,7.23337367716286,0,1,1,7.23337367716286,0
18,32.7592222846393,0,1,1,32.7592222846393,0
22,0.0,0,1,0,1175.56568835255,0
24,0.0,0,1,0,690.244305706085,0
25,129.091611426553,0,1,1,129.091611426553,0
26,2.57144691619995e-21,0,1,1,9.55116403319666,0
32,799.250393922477,0,1,1,799.250393922477,0
33,211.212671990358,0,1,1,223.910107359825,0
45,124.66028938675,0,1,1,124.66028938675,0
46,8.17536007098634e-18,0,1,1,104.481493681627,0
47,0.0,0,1,0,505.721004129658,0
51,112.608521322476,0,1,1,112.608521322477,0
55,40.0010536834997,0,1,1,40.0010536834997,0
71,275.764513086875,0,1,1,275.764513086875,0
80,90.8863711825588,0,1,1,90.8863711825588,0
82,281.302039587857,0,1,1,281.302039587857,0
83,59.3321274436495,0,1,1,59.3321274436495,0
96,400.618156849251,0,1,1,675.163148979015,0
97,36.7933800614619,0,1,1,36.7933800614619,0
101,555.052336897067,0,1,1,555.052336897067,0
105,107.950621455118,0,1,1,191.453495564827,0
109,307.996519291155,0,1,1,318.382065022676,0
110,134.273868692488,0,1,1,134.273868692488,0
112,421.654834013312,0,1,1,421.654834013312,0
115,59.8365750872508,0,1,1,59.8365750872508,0
