bus_number,P_output,Q_output,voltage_mag,gen_status,P_max,P_min
13,2938.51492546132,0,1,1,3083.39875474311,0
20,560.485351676509,0,1,1,560.485351677331,0
21,147.447628129457,0,1,1,147.447628131432,0
22,0.0,0,1,0,986.574281837279,0
23,1.73465129547729e-08,0,1,1,483.617021120544,0
29,203.151620652607,0,1,1,203.151620662167,0
30,96.9544122393702,0,1,1,96.9544122419667,0
38,331.670964060457,0,1,1,343.438255413676,0
41,0.0,0,1,0,123.551270141935,0
50,643.194021461328,0,1,1,643.194021463259,0
55,1.05577390143669e-08,0,1,1,100.22431522539,0
56,1.96341023701111e-09,0,1,1,271.083965265826,0
57,276.346248488154,0,1,1,276.346248490106,0
58,99.7054407084724,0,1,1,99.7054407106623,0
63,97.1817431187221,0,1,1,97.1817431231955,0
69,5.52747390704543,0,1,1,5.52747391245266,0
72,60.545449145987,0,1,1,60.5454491483465,0
75,1.7251710260733902e-09,0,1,1,202.11314241303,0
76,3.2484067854230102e-09,0,1,1,55.3220391544416,0
77,34.2275348099098,0,1,1,34.2275348177471,0
81,44.3019689375018,0,1,1,44.3019689410772,0
83,0.0,0,1,0,664.730586956267,0
97,1.8174938595139e-09,0,1,1,173.970787364717,0
98,15.7184605854126,0,1,1,119.488594697896,0
99,173.268300186229,0,1,1,231.803904290499,0
100,64.7052595878683,0,1,1,97.0212872318737,0
112,0.0,0,1,0,292.695576484361,0
113,603.619654176803,0,1,1,603.619654179651,0
116,3.0675948631274304e-09,0,1,1,530.179896931562,0
