bus_number,P_output,Q_output,voltage_mag,gen_status,P_max,P_min
2,53.1047080841702,0,1,1,53.1047080841704,0
5,212.993843356955,0,1,1,212.993843356955,0
15,0.0,0,1,0,782.923977960383,0
17,428.494210984762,0,1,1,428.494210984762,0
23,242.460890044627,0,1,1,242.460890044627,0
34,0.0,0,1,0,204.366512613482,0
41,0.0,0,1,0,320.73204047584,0
45,0.0,0,1,0,203.67054381812,0
50,264.21406951379,0,1,1,264.21406951379,0
52,2.81763881393756,0,1,1,2.81763881393767,0
55,1190.30094574177,0,1,1,1622.67277726626,0
59,235.463657937065,0,1,1,235.463657937065,0
60,0.0,0,1,0,384.576907729535,0
64,221.72284791744,0,1,1,221.72284791744,0
66,130.455720592679,0,1,1,130.455720592679,0
67,19.9124938223853,0,1,1,19.9124938223849,0
70,14.8123406909798,0,1,1,14.8123406910104,0
71,126.024978170978,0,1,1,126.024978170978,0
77,577.976166316897,0,1,1,577.976166316897,0
81,337.923347732829,0,1,1,381.041125066761,0
84,1103.0037339703,0,1,1,1103.0037339703,0
85,0.0,0,1,0,278.399666619491,0
87,0.0,0,1,0,198.990030021585,0
88,79.5614938915609,0,1,1,79.5614938915612,0
90,94.7267827785461,0,1,1,94.7267827785462,0
93,47.256713254295,0,1,1,47.2567132542954,0
99,443.326188506421,0,1,1,822.432753810927,0
102,0.0,0,1,0,738.84265090939,0
112,2.91217360512725,0,1,1,2.91217360512715,0
114,36.6668656952141,0,1,1,36.6668656952141,0
116,798.671911038287,0,1,1,798.671911038287,0
