bus_number,P_output,Q_output,voltage_mag,gen_status,P_max,P_min
4,113.877749820724,0,1,1,113.877749820724,0
5,0.0,0,1,0,886.832887794654,0
8,210.648851418043,0,1,1,307.897338522388,0
15,0.0,0,1,0,621.018910538694,0
18,298.979055766313,0,1,1,543.426777134509,0
19,1144.15936441911,0,1,1,2053.49849228094,0
22,42.0746271930618,0,1,1,42.0746271930618,0
25,33.7520815778932,0,1,1,33.7520815778932,0
29,12.7085949738678,0,1,1,12.7085949738678,0
31,372.870740130695,0,1,1,372.870740130695,0
35,175.412696408834,0,1,1,175.412696408834,0
41,1911.33196441547,0,1,1,1911.33196441547,0
46,273.147414634616,0,1,1,273.147414634616,0
48,8.64787178675281,0,1,1,8.64787178675281,0
54,305.889056274124,0,1,1,332.680217520548,0
56,491.459679973401,0,1,1,491.459679973401,0
62,82.2562940610013,0,1,1,82.2562940610013,0
70,214.294680594256,0,1,1,214.294680594256,0
71,163.048771311934,0,1,1,350.543224280481,0
74,35.3358896099635,0,1,1,208.676931784119,0
75,0.0,0,1,0,596.879834364944,0
80,82.6545588617984,0,1,1,82.6545588617984,0
83,185.834685396139,0,1,1,185.834685396139,0
99,89.4882396311838,0,1,1,116.137188818047,0
111,405.000187553286,0,1,1,463.292284154557,0
114,1.91834806377008e-14,0,1,1,90.0451814538047,0
115,60.649318295604,0,1,1,60.649318295604,0
