bus_number,P_output,Q_output,voltage_mag,gen_status,P_max,P_min
3,1915.00138119436,0,1,1,2175.96192573829,0
6,0.0,0,1,0,1049.68298812839,0
14,0.0,0,1,0,733.65341521234,0
32,-1.66381420528424e-13,0,1,1,433.063191225659,0
34,461.684063453548,0,1,1,464.60620202559,0
40,152.743906677181,0,1,1,152.743906677181,0
41,149.572239449621,0,1,1,149.572239449621,0
45,602.970481375421,0,1,1,602.970481375422,0
46,191.50726328224,0,1,1,191.50726328224,0
55,129.45370006458,0,1,1,129.45370006458,0
56,43.8605588634494,0,1,1,43.8605588634496,0
58,102.52645534567,0,1,1,102.52645534572,0
62,0.0,0,1,0,890.806869783222,0
65,29.892023025742,0,1,1,107.210299024729,0
68,196.949357131447,0,1,1,196.949357131447,0
70,104.058598426868,0,1,1,104.058598426868,0
71,417.724057427973,0,1,1,417.724057427973,0
76,476.954317007993,0,1,1,546.408835329422,0
77,0.0,0,1,0,347.230914428654,0
80,489.794830657627,0,1,1,489.794830657628,0
82,116.498837024031,0,1,1,116.498837024031,0
91,122.422712771341,0,1,1,122.422712771341,0
92,212.255648602369,0,1,1,239.078545284958,0
100,419.712927571218,0,1,1,493.656311890659,0
110,32.5647219277652,0,1,1,32.5647219277811,0
111,296.655641180573,0,1,1,297.895008274605,0
