bus_number,P_output,Q_output,voltage_mag,gen_status,P_max,P_min
2,879.23510717264,0,1,1,1116.94373607672,0
6,0.0,0,1,0,500.6938213995,0
22,1090.47309390677,0,1,1,1090.47309390677,0
24,215.477420259678,0,1,1,215.477420259678,0
25,0.0,0,1,0,601.311215157617,0
28,176.074655305195,0,1,1,176.074655305195,0
29,0.0,0,1,0,522.072965601374,0
33,1014.01718648612,0,1,1,1014.01718648612,0
34,0.0,0,1,0,358.890095620796,0
38,28.7857798354966,0,1,1,28.7857798354966,0
45,984.851647850252,0,1,1,984.851647850253,0
46,0.0,0,1,0,507.750016156237,0
47,368.004731538584,0,1,1,368.004731538584,0
49,985.66810637602,0,1,1,985.66810637602,0
54,5.05793003906151e-17,0,1,1,98.0853401529295,0
67,0.0,0,1,0,554.621055357668,0
73,0.0,0,1,0,278.879307776882,0
78,221.322588714057,0,1,1,221.322588714057,0
89,93.4150405492176,0,1,1,93.4150405492176,0
91,118.905279236424,0,1,1,118.905279236424,0
94,52.949519977759,0,1,1,52.949519977759,0
105,0.0,0,1,0,540.818591697591,0
109,73.0242494720564,0,1,1,73.0242494720564,0
110,50.7570623414554,0,1,1,50.7570623414554,0
112,48.8883978444822,0,1,1,48.8883978444822,0
114,12.5589290288629,0,1,1,12.5589290288629,0
115,16.6623930520624,0,1,1,16.6623930520624,0
