cost_model,startup,shutdown,n_coefficients,coeff_n,coeff1,coeff0
2,0,0,3,0.0052506226150867,50.4481573151881,1386.6872976019
2,0,0,3,0.0,0.0,0.0
2,0,0,3,0.0066693225453582,32.1912910199159,1980.45165050737
2,0,0,3,0.0048756018961436,33.6353252877721,1552.42585884597
2,0,0,3,0.0,0.0,0.0
2,0,0,3,0.0048345166038832,37.5963806150704,3687.43373579758
2,0,0,3,0.0061642764022981,48.6005958978071,1639.02471603419
2,0,0,3,0.0,0.0,0.0
2,0,0,3,0.0,0.0,0.0
2,0,0,3,0.0,0.0,0.0
2,0,0,3,0.0,0.0,0.0
2,0,0,3,0.0077968809348537,39.4365846888493,3248.22230699173
2,0,0,3,0.0027985295959472,54.9375895962282,227.008004352675
2,0,0,3,0.0028330341408929,29.09014686285,250.481820486539
2,0,0,3,0.0,0.0,0.0
2,0,0,3,0.0035793034071118,23.4267503771964,453.91480865945
2,0,0,3,0.0050675869907944,47.0331340660583,53.9444739314045
2,0,0,3,0.0063803409798362,24.2447719244382,272.182790825544
2,0,0,3,0.0064184254237388,30.8805045261924,425.589315159617
2,0,0,3,0.0,0.0,0.0
2,0,0,3,0.0,0.0,0.0
2,0,0,3,0.0,0.0,0.0
2,0,0,3,0.0,0.0,0.0
2,0,0,3,0.0,0.0,0.0
2,0,0,3,0.0,0.0,0.0
2,0,0,3,0.0,0.0,0.0
2,0,0,3,0.0050271556775641,56.8334698029457,1772.96220575993
2,0,0,3,0.0,0.0,0.0
2,0,0,3,0.0,0.0,0.0
2,0,0,3,0.0,0.0,0.0
2,0,0,3,0.0,0.0,0.0
