bus_number,P_output,Q_output,voltage_mag,gen_status,P_max,P_min
2,145.860507727457,0,1,1,145.860507727457,0
5,0.0,0,1,0,609.858632064024,0
14,622.346799774944,0,1,1,622.346799774944,0
22,1504.25941166898,0,1,1,1504.25941166898,0
24,0.0,0,1,0,166.693679758641,0
33,0.0,0,1,0,474.77955053484,0
35,783.678213047323,0,1,1,1049.88849026627,0
51,77.6897134228423,0,1,1,77.6897134228423,0
64,556.889392459947,0,1,1,706.43090850614,0
66,0.0,0,1,0,118.941065775283,0
67,0.0,0,1,0,83.9706959656232,0
71,0.0,0,1,0,24.2512186294891,0
72,756.425258453006,0,1,1,756.425258453006,0
73,216.194188258404,0,1,1,216.194188258404,0
81,0.0,0,1,0,564.118986250581,0
83,278.472357194637,0,1,1,278.472357194637,0
86,18.2728630389831,0,1,1,18.2728630389831,0
87,485.922911843547,0,1,1,485.922911843547,0
94,0.0,0,1,0,283.83661693626,0
97,0.0,0,1,0,387.827911107192,0
100,721.599877273367,0,1,1,721.599877273367,0
104,112.415302234205,0,1,1,112.415302234205,0
109,93.181262695959,0,1,1,93.181262695959,0
111,238.303016439314,0,1,1,238.303016439314,0
112,53.2926469281155,0,1,1,53.2926469281155,0
115,0.0,0,1,0,588.917373460742,0
116,7.391634758478909e-22,0,1,1,30.3266655882694,0
