cost_model,startup,shutdown,n_coefficients,coeff_n,coeff1,coeff0
2,0,0,3,0.002083174056071,43.6594089299501,1172.11811986717
2,0,0,3,0.0026683134063303,50.6459875719761,2538.30646917541
2,0,0,3,0.0057204315522771,38.2039537550579,1068.1090602919
2,0,0,3,0.0,0.0,0.0
2,0,0,3,0.0,0.0,0.0
2,0,0,3,0.0070098103929273,28.9608365036253,81.7891598678147
2,0,0,3,0.0,0.0,0.0
2,0,0,3,0.0055625586398937,32.2345784285138,2855.95170390009
2,0,0,3,0.005098273685359,43.4701118152784,2825.00461398831
2,0,0,3,0.0,0.0,0.0
2,0,0,3,0.004652022385983,31.2069939053621,448.996240979518
2,0,0,3,0.0,0.0,0.0
2,0,0,3,0.0,0.0,0.0
2,0,0,3,0.0064388133623544,32.6404788946995,591.99973913358
2,0,0,3,0.0,0.0,0.0
2,0,0,3,0.0,0.0,0.0
2,0,0,3,0.0,0.0,0.0
2,0,0,3,0.0,0.0,0.0
2,0,0,3,0.0,0.0,0.0
2,0,0,3,0.0,0.0,0.0
2,0,0,3,0.0,0.0,0.0
2,0,0,3,0.0041631295585094,49.8094633224994,549.112739263119
2,0,0,3,0.0,0.0,0.0
