bus_number,P_output,Q_output,voltage_mag,gen_status,P_max,P_min
1,125.69810174569,0,1,1,125.698101748344,0
8,26.3824948844591,0,1,1,26.3824948862243,0
9,1950.88778206548,0,1,1,2416.08307962883,0
13,159.019063060725,0,1,1,159.019063065138,0
16,643.240723522974,0,1,1,644.562947011285,0
24,152.450562286417,0,1,1,152.450562295484,0
29,379.560796965154,0,1,1,379.560796966668,0
32,233.350138006244,0,1,1,309.042449518734,0
34,2.02718495222383,0,1,1,2.02718495413718,0
36,333.708790086709,0,1,1,333.70879009318,0
39,51.0813251510696,0,1,1,51.0813251550268,0
41,0.0,0,1,0,558.484508148656,0
49,254.608485678017,0,1,1,254.608485680201,0
50,433.909860660418,0,1,1,433.909860664184,0
51,365.935807711027,0,1,1,401.260386008728,0
57,0.0,0,1,0,1121.13792610142,0
63,275.474683377489,0,1,1,275.474683385544,0
69,24.8243590428588,0,1,1,118.465711080906,0
71,243.510947184368,0,1,1,243.510947186389,0
75,59.0384918643747,0,1,1,207.191005026455,0
81,129.449352854895,0,1,1,174.944560830886,0
85,44.4522570618177,0,1,1,44.4522570640962,0
93,269.860062793351,0,1,1,269.86006279517,0
98,50.4628360892377,0,1,1,50.4628360909832,0
100,292.393277158577,0,1,1,292.393277160361,0
102,0.0,0,1,0,872.313220362231,0
108,0.0,0,1,0,908.447301357718,0
113,163.476338257441,0,1,1,163.476338259535,0
