bus_number,P_output,Q_output,voltage_mag,gen_status,P_max,P_min
3,1145.04588191138,0,1,1,1650.76558642827,0
12,417.093124157308,0,1,1,419.471246436165,0
20,0.0,0,1,0,436.380727936911,0
28,664.049822925399,0,1,1,868.352274914258,0
30,88.4446591340664,0,1,1,88.4446591371176,0
32,353.675748745234,0,1,1,353.67574874515,0
35,0.0,0,1,0,31.7121929761437,0
45,257.339578629603,0,1,1,293.862321984934,0
48,0.0,0,1,0,527.552240354556,0
51,850.347293745084,0,1,1,850.347293748745,0
53,13.7437326528682,0,1,1,13.7437326536098,0
63,278.796559351062,0,1,1,278.796559357968,0
64,1.01815440567726e-09,0,1,1,9.70663258096553,0
69,552.075784479395,0,1,1,720.482738564635,0
73,289.227961730197,0,1,1,314.074682509949,0
79,292.89683821996,0,1,1,292.896838220135,0
81,0.0,0,1,0,708.638386492145,0
85,264.30244947973,0,1,1,264.302449480738,0
94,184.306232224886,0,1,1,266.739086094656,0
97,1.0509465831745701e-09,0,1,1,255.259488759097,0
99,-4.73224539135597e-10,0,1,1,139.009442361798,0
101,175.669024042106,0,1,1,175.66902404313,0
103,61.1881932151577,0,1,1,61.188193216164,0
107,1.10107180074512e-08,0,1,1,102.112883614639,0
111,0.0,0,1,0,435.993713552702,0
112,3.3060245033720302e-09,0,1,1,180.918310534932,0
113,112.312216169884,0,1,1,124.436158197206,0
