bus_number,P_output,Q_output,voltage_mag,gen_status,P_max,P_min
3,0.0,0,1,0,672.324079372415,0
6,910.617206246562,0,1,1,1482.10729183929,0
8,148.251998144157,0,1,1,148.251998144157,0
12,742.364337092691,0,1,1,742.364337092691,0
14,280.494775804584,0,1,1,280.494775804584,0
19,96.1441739603996,0,1,1,151.155594000508,0
23,587.042376162002,0,1,1,587.042376162002,0
24,27.6839917157986,0,1,1,125.278770452256,0
37,0.0,0,1,0,529.408466889606,0
39,248.159273656855,0,1,1,248.159273656855,0
45,2.77594943443261e-20,0,1,1,176.827207239702,0
49,1049.62646958802,0,1,1,1049.62646958802,0
50,5.03265701113585,0,1,1,5.03265701113585,0
51,0.899539694306931,0,1,1,0.899539694306931,0
58,171.722295890181,0,1,1,171.722295890181,0
63,0.0,0,1,0,930.46904277659,0
65,353.843614997264,0,1,1,353.843614997264,0
71,455.864569681897,0,1,1,455.864569681897,0
76,30.9072434042182,0,1,1,30.9072434042182,0
80,158.864844277029,0,1,1,158.864844277029,0
82,237.517728183631,0,1,1,237.517728183631,0
84,124.755486901969,0,1,1,124.755486901969,0
89,179.295028167775,0,1,1,179.295028167775,0
92,598.707080155,0,1,1,626.165418380338,0
103,0.0,0,1,0,689.4060316219,0
106,33.7016327414132,0,1,1,33.7016327414132,0
107,96.8057569387648,0,1,1,237.476099126113,0
110,49.2136746896252,0,1,1,125.652386318203,0
114,33.773375521619,0,1,1,33.773375521619,0
118,43.5145918341386,0,1,1,43.5145918341386,0
