bus_number,P_output,Q_output,voltage_mag,gen_status,P_max,P_min
2,739.904567685158,0,1,1,739.904567686297,0
4,0.0,0,1,0,247.806306795514,0
7,662.596341554203,0,1,1,662.59634155534,0
8,865.049840471143,0,1,1,1029.98801798133,0
15,128.034236365686,0,1,1,128.034236366671,0
20,575.60608481743,0,1,1,763.228411761247,0
21,394.135265862008,0,1,1,394.135265864001,0
25,650.695680760573,0,1,1,650.695680761673,0
27,113.933964846264,0,1,1,113.933964847576,0
31,0.0,0,1,0,476.415853076757,0
33,13.8333783088965,0,1,1,13.833378309997,0
41,0.0,0,1,0,569.164122221543,0
44,0.0,0,1,0,496.540953953234,0
46,113.441567153095,0,1,1,113.44156715412,0
55,19.8994429580494,0,1,1,19.8994429590826,0
60,1.2759365804942,0,1,1,1.27593658212895,0
62,430.715786655782,0,1,1,500.092803713171,0
64,0.0,0,1,0,68.6146605083751,0
70,61.787715838947,0,1,1,61.7877158399688,0
72,46.5259671337144,0,1,1,46.5259671347154,0
73,0.0,0,1,0,90.1113624046354,0
81,786.376475619636,0,1,1,786.376475795237,0
86,0.0,0,1,0,82.5139124488674,0
87,0.0,0,1,0,299.954814905181,0
89,614.108823646676,0,1,1,614.108823856073,0
92,6.90397885406448e-07,0,1,1,33.7454902031647,0
98,0.0,0,1,0,268.319399524136,0
99,131.214364645078,0,1,1,131.214364659162,0
100,0.0,0,1,0,149.92053485296,0
103,101.107771502669,0,1,1,247.613732451742,0
108,63.486121657815,0,1,1,63.4861216592306,0
109,87.5866550434851,0,1,1,87.5866550444691,0
113,32.3206882358682,0,1,1,32.3206883908687,0
114,31.1670444277003,0,1,1,31.1670444286327,0
116,0.0,0,1,0,239.672894311796,0
118,0.0,0,1,0,375.874716762908,0
