bus_number,P_output,Q_output,voltage_mag,gen_status,P_max,P_min
2,0.0,0,1,0,289.309748234939,0
21,0.0,0,1,0,305.686616102913,0
23,0.0,0,1,0,234.74290576938,0
27,262.064114697733,0,1,1,262.064114697733,0
32,893.101058697451,0,1,1,1119.18217306534,0
34,783.507622983303,0,1,1,783.507622983303,0
37,0.0,0,1,0,419.903709837614,0
38,155.285487829773,0,1,1,208.61216898704,0
45,0.0,0,1,0,391.860066596997,0
48,775.575353471198,0,1,1,775.575353471198,0
53,0.871800594615879,0,1,1,0.871800594615999,0
62,768.765280039423,0,1,1,768.765280039423,0
66,18.9668692807577,0,1,1,18.9668692807577,0
67,0.0,0,1,0,408.454694860332,0
71,0.0,0,1,0,345.48885048158,0
77,232.199891085406,0,1,1,232.199891085406,0
80,0.0,0,1,0,176.010366966391,0
82,21.9375083030273,0,1,1,21.9375083030274,0
85,656.00364366909,0,1,1,771.372228567922,0
87,161.81147095114,0,1,1,161.81147095114,0
89,254.2825445161,0,1,1,254.2825445161,0
90,586.148146718299,0,1,1,586.148146718299,0
91,129.99323220158,0,1,1,129.99323220158,0
93,83.0143285153158,0,1,1,83.0143285153158,0
94,0.0,0,1,0,519.533490584397,0
102,210.029467922797,0,1,1,210.029467922797,0
107,646.74990065935,0,1,1,646.74990065935,0
112,0.0,0,1,0,505.6132530947,0
114,24.4960003246615,0,1,1,24.4960003246616,0
