bus_number,P_output,Q_output,voltage_mag,gen_status,P_max,P_min
2,468.093139804923,0,1,1,1249.53609806304,0
5,65.4767776144552,0,1,1,65.4767776144554,0
7,142.775226710707,0,1,1,142.775226710707,0
12,1104.91570986936,0,1,1,1104.91570986936,0
14,0.0,0,1,0,538.910610813244,0
15,337.69240485264,0,1,1,364.193378917676,0
19,0.0,0,1,0,321.750929930103,0
21,0.0,0,1,0,392.577948744658,0
23,154.110813038606,0,1,1,154.110813038606,0
25,0.0,0,1,0,536.232133440223,0
29,144.3509932097,0,1,1,144.3509932097,0
34,173.734488116476,0,1,1,173.734488116476,0
40,712.721210198104,0,1,1,712.721210198104,0
43,0.0,0,1,0,238.536717408345,0
54,0.0,0,1,0,240.63387910055,0
55,34.5499985010229,0,1,1,34.549998501023,0
60,62.4332352758509,0,1,1,62.433235275851,0
65,718.930092345496,0,1,1,718.930092345496,0
70,68.9845363636144,0,1,1,68.9845363636144,0
73,244.216927854071,0,1,1,244.216927854071,0
77,138.245418916009,0,1,1,138.245418916009,0
86,829.272586340643,0,1,1,829.272586340643,0
94,62.1083279510253,0,1,1,62.1083279510253,0
99,0.0,0,1,0,265.091621410659,0
105,592.606351487815,0,1,1,592.606351487815,0
106,40.7414278172779,0,1,1,40.7414278172779,0
108,0.0,0,1,0,625.420731139841,0
110,568.844056193229,0,1,1,568.844056193229,0
