cost_model,startup,shutdown,n_coefficients,coeff_n,coeff1,coeff0
2,0,0,3,0.0054613768488684,53.6393809087464,454.781669217768
2,0,0,3,0.0,0.0,0.0
2,0,0,3,0.0,0.0,0.0
2,0,0,3,0.0,0.0,0.0
2,0,0,3,0.007589053437492,54.2917605621959,2020.66664362433
2,0,0,3,0.0,0.0,0.0
2,0,0,3,0.006064742053846,49.871703700278,297.382882163667
2,0,0,3,0.0038532444099381,26.9078880666304,553.572808089881
2,0,0,3,0.0,0.0,0.0
2,0,0,3,0.0,0.0,0.0
2,0,0,3,0.004248939849451,35.679075681078,3377.32367775492
2,0,0,3,0.005611649105667,38.9775229192038,2536.44936931895
2,0,0,3,0.0,0.0,0.0
2,0,0,3,0.0075306448247654,51.0781057180487,1927.73656978503
2,0,0,3,0.0,0.0,0.0
2,0,0,3,0.0057229883842236,48.9723419272513,3128.53610722624
2,0,0,3,0.0,0.0,0.0
2,0,0,3,0.006761570725943,42.4578524640817,529.475716594309
2,0,0,3,0.0,0.0,0.0
2,0,0,3,0.0,0.0,0.0
2,0,0,3,0.0068973250901837,33.6071527108304,2659.94200469962
2,0,0,3,0.0,0.0,0.0
2,0,0,3,0.0037800896193262,53.0442931278919,555.350768430048
2,0,0,3,0.0,0.0,0.0
2,0,0,3,0.0,0.0,0.0
2,0,0,3,0.0,0.0,0.0
2,0,0,3,0.0077069816318394,48.0675052954467,331.687859388576
2,0,0,3,0.0071953363477897,36.2427223692898,440.940739698104
2,0,0,3,0.0,0.0,0.0
2,0,0,3,0.0,0.0,0.0
2,0,0,3,0.0,0.0,0.0
2,0,0,3,0.0057798745526127,45.0994707334636,491.053801465186
