bus_number,P_output,Q_output,voltage_mag,gen_status,P_max,P_min
2,1185.11196679576,0,1,1,1347.79082726415,0
10,120.082513491048,0,1,1,120.082513491048,0
11,0.0,0,1,0,629.077759982844,0
13,249.169463990052,0,1,1,249.169463990052,0
15,0.0,0,1,0,480.459243793543,0
17,29.7251244544461,0,1,1,29.7251244544461,0
24,0.0,0,1,0,365.69448664852,0
36,259.813623423552,0,1,1,259.813623423552,0
40,313.945939270721,0,1,1,486.721265961743,0
42,721.999391953551,0,1,1,1046.69912176188,0
53,203.009947603911,0,1,1,203.009947603911,0
60,0.0,0,1,0,815.267673332557,0
61,831.198490205818,0,1,1,831.198490205817,0
62,0.0,0,1,0,431.770806667939,0
66,14.4316544871671,0,1,1,203.388198707084,0
75,185.258616911405,0,1,1,187.948748213981,0
80,600.391650202383,0,1,1,600.391650202383,0
91,549.97481023795,0,1,1,549.97481023795,0
94,0.0,0,1,0,301.365061943259,0
99,187.089116111831,0,1,1,187.089116111831,0
102,450.761610018932,0,1,1,508.78233782783,0
111,18.8640542279138,0,1,1,57.8450641631048,0
112,0.0,0,1,0,179.740950512606,0
114,211.897579432972,0,1,1,211.897579432972,0
115,87.2783978390479,0,1,1,87.2783978390479,0
118,259.719962997748,0,1,1,259.719962997748,0
