bus_number,P_output,Q_output,voltage_mag,gen_status,P_max,P_min
2,1363.29690143419,0,1,1,1627.96106253166,0
4,458.718270377813,0,1,1,458.718270377869,0
6,390.718753996869,0,1,1,390.718753996936,0
12,0.0,0,1,0,146.260128596549,0
15,466.420342760401,0,1,1,466.420343104963,0
16,0.0,0,1,0,237.602030202909,0
17,138.095711253112,0,1,1,138.095711253309,0
18,816.191923437551,0,1,1,1146.57385852317,0
25,692.442470897676,0,1,1,692.442470899442,0
27,0.0,0,1,0,101.61917974746,0
28,981.202655633273,0,1,1,1030.41021459736,0
34,0.0,0,1,0,520.55041120752,0
38,0.0,0,1,0,263.340649265953,0
39,3.29525557051779,0,1,1,3.29525557050901,0
42,0.0,0,1,0,239.226320006214,0
45,0.0,0,1,0,169.395276477522,0
46,0.0,0,1,0,519.122925674124,0
54,68.2711129518407,0,1,1,68.2711129518271,0
55,23.8902253013806,0,1,1,23.8902253014412,0
60,194.133570076718,0,1,1,194.133570076817,0
62,283.03842487976,0,1,1,283.038424880133,0
79,221.013202023932,0,1,1,221.013202023969,0
81,107.207159664001,0,1,1,107.207159663996,0
83,208.728233220516,0,1,1,460.478568024959,0
87,0.0,0,1,0,85.2296445100149,0
89,79.4813069257486,0,1,1,79.4813069257928,0
93,0.0,0,1,0,222.590907283651,0
94,213.13102579195,0,1,1,213.131025792001,0
97,0.0,0,1,0,325.07086869308,0
103,9.79158254927547,0,1,1,9.79158255303739,0
107,47.2881144036447,0,1,1,64.3922396280304,0
109,85.9283080102676,0,1,1,85.928308010181,0
114,77.4019470271369,0,1,1,77.4019530673203,0
