cost_model,startup,shutdown,n_coefficients,coeff_n,coeff1,coeff0
2,0,0,3,0.0024880057320753,30.7926786996671,639.466286016584
2,0,0,3,0.0031024675661485,52.6210553154177,3097.16530255207
2,0,0,3,0.0078649719540373,52.8484345650303,2143.26536228381
2,0,0,3,0.0,0.0,0.0
2,0,0,3,0.0041667547446398,53.4583809392478,2056.05424100343
2,0,0,3,0.0,0.0,0.0
2,0,0,3,0.0,0.0,0.0
2,0,0,3,0.0,0.0,0.0
2,0,0,3,0.0,0.0,0.0
2,0,0,3,0.0,0.0,0.0
2,0,0,3,0.0,0.0,0.0
2,0,0,3,0.005781077664874,49.1447036429377,98.7552550743482
2,0,0,3,0.0,0.0,0.0
2,0,0,3,0.0078430103982479,47.7796968900287,341.353339780183
2,0,0,3,0.0,0.0,0.0
2,0,0,3,0.0,0.0,0.0
2,0,0,3,0.0045229891808757,47.0837470964335,522.720468820139
2,0,0,3,0.0,0.0,0.0
2,0,0,3,0.0079761528432233,29.2720739924545,256.294676434592
2,0,0,3,0.0,0.0,0.0
2,0,0,3,0.0053308053748906,27.6088332342347,426.632955488627
2,0,0,3,0.0026051318319344,31.7184138334609,1947.17371564925
2,0,0,3,0.0,0.0,0.0
2,0,0,3,0.0,0.0,0.0
2,0,0,3,0.0,0.0,0.0
2,0,0,3,0.0,0.0,0.0
2,0,0,3,0.0,0.0,0.0
2,0,0,3,0.0021756777522857,41.3677372473766,138.81189547426
