bus_number,P_output,Q_output,voltage_mag,gen_status,P_max,P_min
6,562.23253060549,0,1,1,562.232530693323,0
11,0.0,0,1,0,617.272806518685,0
12,560.272390943588,0,1,1,560.272390947422,0
38,942.360498681474,0,1,1,1159.71585824991,0
41,191.781946466475,0,1,1,521.071397531467,0
47,231.418756399113,0,1,1,231.418756390068,0
49,0.0,0,1,0,527.142805352031,0
52,0.0,0,1,0,259.864149784937,0
65,1008.96036492498,0,1,1,1008.96036494117,0
71,0.0,0,1,0,521.777104259013,0
75,661.71953548004,0,1,1,665.966453230049,0
80,0.0,0,1,0,387.447015850082,0
82,168.16620043887,0,1,1,328.826597469346,0
86,768.920996899899,0,1,1,768.920996908404,0
88,18.4099203450675,0,1,1,52.907130694443,0
90,0.0,0,1,0,233.883359370322,0
91,172.134726912255,0,1,1,172.134726949002,0
93,169.219596889541,0,1,1,169.219597302262,0
95,0.0,0,1,0,202.278848912576,0
96,102.923994647783,0,1,1,102.92399467253,0
97,18.1418517127515,0,1,1,18.1418517725529,0
99,-1.61777899843351e-08,0,1,1,90.6032375302926,0
100,456.587098539948,0,1,1,532.610313200167,0
102,617.976040015283,0,1,1,762.429496908232,0
109,11.6608224543303,0,1,1,11.6608224610165,0
114,1.84961420010943e-07,0,1,1,7.59724364676007,0
116,154.622375213217,0,1,1,154.622375225735,0
