cost_model,startup,shutdown,n_coefficients,coeff_n,coeff1,coeff0
2,0,0,3,0.0069226311001384,52.8904150212931,377.450270442132
2,0,0,3,0.0,0.0,0.0
2,0,0,3,0.0,0.0,0.0
2,0,0,3,0.0,0.0,0.0
2,0,0,3,0.0037294294289773,29.8218514193527,75.2582777876433
2,0,0,3,0.0,0.0,0.0
2,0,0,3,0.0,0.0,0.0
2,0,0,3,0.0,0.0,0.0
2,0,0,3,0.0,0.0,0.0
2,0,0,3,0.0,0.0,0.0
2,0,0,3,0.0038950244774987,33.8264693290562,265.069788270706
2,0,0,3,0.0,0.0,0.0
2,0,0,3,0.0059138179479372,53.3966614944574,589.69751441689
2,0,0,3,0.0041126759248566,45.509250371119,2365.77854586015
2,0,0,3,0.0039357573820238,27.7284603550586,876.348826295254
2,0,0,3,0.0064297018743959,33.3025784460152,332.064211941936
2,0,0,3,0.0020118613057478,30.195457261,3650.00894934449
2,0,0,3,0.007167272058147,28.9814483304282,323.266319305614
2,0,0,3,0.0026323551099095,53.4293041555305,2337.86349250407
2,0,0,3,0.0030529456392228,56.5472758412831,3464.5566292959
2,0,0,3,0.0,0.0,0.0
2,0,0,3,0.0,0.0,0.0
2,0,0,3,0.0,0.0,0.0
2,0,0,3,0.0,0.0,0.0
2,0,0,3,0.0022579340799888,33.8809905605012,388.095859157425
2,0,0,3,0.0,0.0,0.0
2,0,0,3,0.0061821385000894,52.2907522461934,248.589225454231
2,0,0,3,0.0,0.0,0.0
2,0,0,3,0.0,0.0,0.0
2,0,0,3,0.0,0.0,0.0
2,0,0,3,0.0,0.0,0.0
2,0,0,3,0.0033217356043723,49.1247731277959,351.47412205376
