cost_model,startup,shutdown,n_coefficients,coeff_n,coeff1,coeff0
2,0,0,3,0.0043546306274684,25.690810668585,1783.23828084062
2,0,0,3,0.0,0.0,0.0
2,0,0,3,0.0037030566394598,51.6443851615036,2813.66292792768
2,0,0,3,0.0078141696954417,33.6823302662965,821.096703063815
2,0,0,3,0.0039404737108474,48.0252043875292,161.161951418154
2,0,0,3,0.0,0.0,0.0
2,0,0,3,0.0063374867153519,53.2616961349994,382.464443008948
2,0,0,3,0.0067868643745578,42.3918787837106,590.783050006797
2,0,0,3,0.0,0.0,0.0
2,0,0,3,0.0026600433300853,52.1652099500247,703.15078520658
2,0,0,3,0.0,0.0,0.0
2,0,0,3,0.0,0.0,0.0
2,0,0,3,0.0076877696997105,33.8925367893223,2452.75105779017
2,0,0,3,0.0049611350366035,45.1181389755402,3467.30992424879
2,0,0,3,0.0,0.0,0.0
2,0,0,3,0.0,0.0,0.0
2,0,0,3,0.0,0.0,0.0
2,0,0,3,0.0077665141651969,30.1788524872926,76.3567541900947
2,0,0,3,0.0,0.0,0.0
2,0,0,3,0.0,0.0,0.0
2,0,0,3,0.0,0.0,0.0
2,0,0,3,0.007836082432136,50.4528606835631,355.037908055224
2,0,0,3,0.0,0.0,0.0
2,0,0,3,0.0,0.0,0.0
2,0,0,3,0.0,0.0,0.0
2,0,0,3,0.0,0.0,0.0
2,0,0,3,0.0035552110423672,27.9102381045738,61.4719871616708
2,0,0,3,0.0,0.0,0.0
2,0,0,3,0.0059704842103721,53.1937222129565,568.466361381881
2,0,0,3,0.0,0.0,0.0
2,0,0,3,0.0059139465616118,39.1551812235973,388.677923107858
2,0,0,3,0.0,0.0,0.0
