bus_number,P_output,Q_output,voltage_mag,gen_status,P_max,P_min
7,934.48366569076,0,1,1,2101.44476826456,0
8,79.9124363068747,0,1,1,79.9124363068747,0
11,0.0,0,1,0,1394.38723709156,0
13,234.417271141775,0,1,1,234.417271141775,0
17,323.694389222318,0,1,1,323.694389222318,0
21,80.9669038737275,0,1,1,80.9669038737275,0
24,299.847540454779,0,1,1,299.847540454779,0
25,908.246831662693,0,1,1,908.246831662693,0
32,275.777745579547,0,1,1,275.777745579547,0
37,68.7364435309077,0,1,1,68.7364435309077,0
40,46.9682424204836,0,1,1,46.9682424204836,0
41,82.2008810545868,0,1,1,82.2008810545868,0
46,0.0,0,1,0,587.644570438621,0
52,968.064852338992,0,1,1,1145.79995730956,0
53,201.214021098721,0,1,1,294.400581973888,0
54,28.695381685291,0,1,1,28.695381685291,0
58,163.807471104223,0,1,1,163.807471104223,0
64,0.0,0,1,0,547.183928361066,0
69,112.888054048778,0,1,1,112.888054048778,0
70,41.2468685670635,0,1,1,41.2468685670635,0
75,12.286005353401,0,1,1,12.286005353401,0
78,395.976587029729,0,1,1,395.976587029729,0
89,30.1484353427838,0,1,1,30.1484353427838,0
93,98.6104886208011,0,1,1,98.6104886208011,0
96,44.4631116024067,0,1,1,44.4631116024067,0
99,335.627320667675,0,1,1,335.627320667675,0
102,385.923737779601,0,1,1,385.923737779601,0
108,180.633865688943,0,1,1,180.633865688943,0
116,329.96517059416,0,1,1,329.96517059416,0
