bus_number,P_output,Q_output,voltage_mag,gen_status,P_max,P_min
4,0.0,0,1,0,509.181238349915,0
5,1093.15937846396,0,1,1,1149.86595792438,0
7,596.862979205051,0,1,1,596.862979205051,0
9,0.0,0,1,0,23.8946450995518,0
10,0.0,0,1,0,415.379096211973,0
12,322.965464749263,0,1,1,322.965464749263,0
13,0.0,0,1,0,359.99894794564,0
15,0.0,0,1,0,164.960396335296,0
16,789.200895208879,0,1,1,789.200895208879,0
21,0.0,0,1,0,371.59857858874,0
39,46.8918704609125,0,1,1,46.8918704609128,0
44,780.648055202897,0,1,1,780.648055202897,0
45,330.087036116679,0,1,1,355.549064217057,0
52,162.524970980999,0,1,1,162.524970981,0
55,202.290714470113,0,1,1,237.315349687103,0
60,0.0,0,1,0,451.470954053073,0
69,785.205738711567,0,1,1,785.205738711567,0
77,781.756940744171,0,1,1,781.756940744172,0
78,34.1252117157744,0,1,1,34.1252117157748,0
79,0.0,0,1,0,579.133956686785,0
84,0.0,0,1,0,284.256928210447,0
87,220.274639139448,0,1,1,220.274639139448,0
89,115.745339564486,0,1,1,115.745339564486,0
107,30.2727497872854,0,1,1,626.622562012837,0
108,28.1827544777085,0,1,1,84.5271528061703,0
110,236.421707772676,0,1,1,236.421707772676,0
115,71.8851699791995,0,1,1,71.8851699791997,0
117,36.3021057099464,0,1,1,73.6384152075113,0
