cost_model,startup,shutdown,n_coefficients,coeff_n,coeff1,coeff0
2,0,0,3,0.0071578999168166,39.897281531752,2328.38230147223
2,0,0,3,0.0,0.0,0.0
2,0,0,3,0.0,0.0,0.0
2,0,0,3,0.0062520634786864,33.4272641933656,182.956939929149
2,0,0,3,0.0032630799469417,35.4072175875028,1.21411179730444
2,0,0,3,0.0065401805998772,44.5698499034987,128.447502814959
2,0,0,3,0.0,0.0,0.0
2,0,0,3,0.0,0.0,0.0
2,0,0,3,0.0,0.0,0.0
2,0,0,3,0.0055721199403406,25.2813122298299,1578.96292294809
2,0,0,3,0.0,0.0,0.0
2,0,0,3,0.0064225752640463,31.0975771690546,1199.55191717934
2,0,0,3,0.0037988533362832,25.2658638858478,1534.66300096847
2,0,0,3,0.0073965398525207,25.9694015433599,300.417553073535
2,0,0,3,0.0,0.0,0.0
2,0,0,3,0.0051866635218614,23.9615282295063,1270.31585926948
2,0,0,3,0.0,0.0,0.0
2,0,0,3,0.0,0.0,0.0
2,0,0,3,0.0026994292045764,51.4932364823006,509.240466654956
2,0,0,3,0.0,0.0,0.0
2,0,0,3,0.0,0.0,0.0
2,0,0,3,0.0,0.0,0.0
2,0,0,3,0.0,0.0,0.0
2,0,0,3,0.0,0.0,0.0
2,0,0,3,0.0065018663208183,50.2267526465336,3274.87893528607
2,0,0,3,0.0,0.0,0.0
2,0,0,3,0.0,0.0,0.0
