bus_number,P_output,Q_output,voltage_mag,gen_status,P_max,P_min
3,1162.15766599421,0,1,1,1218.67707320774,0
12,861.885209244453,0,1,1,861.885209246016,0
16,265.095182425342,0,1,1,265.095182427399,0
19,210.386098504088,0,1,1,210.386098506183,0
21,1.21631353567721e-08,0,1,1,288.805791274953,0
27,171.186227062559,0,1,1,171.186227064652,0
28,682.244710700464,0,1,1,682.244710702653,0
30,865.512779738985,0,1,1,865.512779740948,0
39,226.078053129746,0,1,1,226.078053131519,0
42,59.9356296241758,0,1,1,228.340436438585,0
43,0.0,0,1,0,520.574719119633,0
47,0.0,0,1,0,400.709493904522,0
48,0.0,0,1,0,649.568031276578,0
58,0.0,0,1,0,264.234119952394,0
62,50.8888763352198,0,1,1,287.272475365523,0
67,24.7639200779135,0,1,1,24.7639200800631,0
75,519.014988760163,0,1,1,519.014988762498,0
80,16.4177143034049,0,1,1,107.227791375809,0
83,0.0,0,1,0,325.415346369424,0
87,0.0,0,1,0,57.2544338485783,0
93,809.901960973436,0,1,1,829.643250315417,0
95,82.8879655633483,0,1,1,82.8879655658846,0
99,23.2922629636186,0,1,1,23.2922629732211,0
103,582.746210638956,0,1,1,688.583915046436,0
109,0.0,0,1,0,381.485449852523,0
110,25.6895861118948,0,1,1,25.6895861142448,0
114,24.718680296874,0,1,1,24.7186802991842,0
