bus_number,P_output,Q_output,voltage_mag,gen_status,P_max,P_min
3,0.0,0,1,0,657.712616103956,0
11,521.709834283925,0,1,1,521.709834284314,0
14,574.419243524456,0,1,1,574.419243524554,0
17,0.0,0,1,0,474.620304787747,0
20,785.845707245716,0,1,1,1320.34758829278,0
23,63.7640145804441,0,1,1,63.7640145804243,0
33,68.8338708373885,0,1,1,68.8338708370602,0
34,510.441501851383,0,1,1,510.441501851526,0
43,1023.54511694442,0,1,1,1023.54511694461,0
55,0.269261667335006,0,1,1,0.269261670435413,0
56,46.035055205415,0,1,1,46.0350552053463,0
58,556.942839071511,0,1,1,556.942839071482,0
61,500.648081289887,0,1,1,527.20098579802,0
63,923.151948877687,0,1,1,923.151948877785,0
64,62.8667139345709,0,1,1,79.2628664202442,0
67,166.619767997108,0,1,1,237.25217929833,0
73,0.0,0,1,0,503.965499952058,0
80,0.0,0,1,0,471.011327060932,0
81,141.023323731689,0,1,1,141.0233237316,0
83,226.094542000647,0,1,1,226.094542000712,0
87,0.0,0,1,0,281.144419938046,0
91,0.0,0,1,0,188.818701611052,0
93,0.0,0,1,0,715.976794492284,0
95,330.421860192726,0,1,1,356.187351212842,0
97,54.2340948324147,0,1,1,54.2340948323983,0
113,55.3755332295036,0,1,1,55.3755332292501,0
117,52.5614111621757,0,1,1,52.5614111620203,0
