cost_model,startup,shutdown,n_coefficients,coeff_n,coeff1,coeff0
2,0,0,3,0.0,0.0,0.0
2,0,0,3,0.0,0.0,0.0
2,0,0,3,0.0,0.0,0.0
2,0,0,3,0.0057832668180708,26.7023015869758,76.0260154859251
2,0,0,3,0.0,0.0,0.0
2,0,0,3,0.0068093791310976,42.036060176274,1142.11963599578
2,0,0,3,0.0,0.0,0.0
2,0,0,3,0.0024380336637185,54.7421274541173,1879.86159592576
2,0,0,3,0.003175948681538,23.6353090541927,1915.36704538859
2,0,0,3,0.0073294299127285,46.9357557051194,41.9426658593999
2,0,0,3,0.0,0.0,0.0
2,0,0,3,0.0,0.0,0.0
2,0,0,3,0.0,0.0,0.0
2,0,0,3,0.0075903374764673,50.5490399417202,91.6843499003334
2,0,0,3,0.0020066440979452,27.8724408231309,3093.30506594847
2,0,0,3,0.0039632496148178,33.7684326909482,875.446519539996
2,0,0,3,0.0,0.0,0.0
2,0,0,3,0.0,0.0,0.0
2,0,0,3,0.0,0.0,0.0
2,0,0,3,0.0,0.0,0.0
2,0,0,3,0.0035787624244425,51.6077652050929,787.442954220564
2,0,0,3,0.0043196522606768,42.9410790873486,152.230308926619
2,0,0,3,0.006607398174255,39.0249908948181,1238.29749590828
2,0,0,3,0.0,0.0,0.0
2,0,0,3,0.0,0.0,0.0
2,0,0,3,0.006643122846265,32.5094275072653,129.910144622383
2,0,0,3,0.0,0.0,0.0
2,0,0,3,0.0,0.0,0.0
2,0,0,3,0.0,0.0,0.0
2,0,0,3,0.0,0.0,0.0
