bus_number,P_output,Q_output,voltage_mag,gen_status,P_max,P_min
2,0.0,0,1,0,465.33399507657,0
5,0.0,0,1,0,259.742323295724,0
6,0.0,0,1,0,356.675512306704,0
12,0.0,0,1,0,288.437026278116,0
13,223.097249138185,0,1,1,223.097249138185,0
15,95.3342164905431,0,1,1,95.3342164905431,0
31,927.825464457785,0,1,1,927.825464457786,0
38,0.0,0,1,0,162.00492021116,0
39,874.436005262942,0,1,1,874.436005262943,0
48,85.7418587850554,0,1,1,240.325417383737,0
50,839.100901456835,0,1,1,839.100901456834,0
56,26.2139809933753,0,1,1,26.2139809933753,0
58,347.258739925789,0,1,1,736.95499596446,0
59,344.159402360614,0,1,1,344.159402360614,0
63,299.037160106024,0,1,1,299.037160106024,0
66,37.1393864663097,0,1,1,37.1393864663097,0
68,687.652152816361,0,1,1,773.478385653745,0
80,120.751577231433,0,1,1,120.751577231433,0
81,85.3205711734719,0,1,1,199.586191030422,0
82,69.9242927201788,0,1,1,69.9242927201788,0
83,1.68021061924834e-23,0,1,1,239.019809058609,0
84,669.225267288493,0,1,1,669.225267288493,0
85,20.2988045501277,0,1,1,151.539997474283,0
87,0.0,0,1,0,664.659128642213,0
88,52.3144167957236,0,1,1,52.3144167957236,0
96,104.669266634488,0,1,1,257.366811913935,0
101,30.6774327018197,0,1,1,30.6774327018197,0
108,0.0,0,1,0,502.915383906338,0
110,724.625575105527,0,1,1,724.625575105527,0
