bus_number,P_output,Q_output,voltage_mag,gen_status,P_max,P_min
2,1085.19763939274,0,1,1,1085.19763939275,0
8,707.414805959718,0,1,1,707.414805959727,0
10,331.602853232489,0,1,1,331.602853232496,0
13,704.310452820727,0,1,1,704.310452820725,0
14,905.694885572719,0,1,1,905.694885578541,0
16,0.0,0,1,0,352.35813146838,0
17,0.0,0,1,0,491.340005958012,0
19,0.0,0,1,0,655.819260248096,0
22,973.017678955098,0,1,1,1218.25370786578,0
34,119.324226619925,0,1,1,119.324226619921,0
36,62.9417423761829,0,1,1,62.9417423761796,0
37,0.0,0,1,0,53.179460818218,0
56,8.41353032117805,0,1,1,8.41353032117859,0
58,-5.1188867544021294e-11,0,1,1,83.2660347583128,0
61,48.2587956179637,0,1,1,48.2587956179585,0
64,641.583135755147,0,1,1,641.583135755155,0
68,544.926930708065,0,1,1,544.926930708071,0
70,35.24661936813,0,1,1,35.2466193681708,0
74,0.0,0,1,0,500.285755847891,0
86,58.1693211049116,0,1,1,58.1693211049108,0
92,0.0,0,1,0,384.29983314775,0
97,0.0,0,1,0,275.939176698799,0
101,0.0,0,1,0,476.213449538608,0
102,100.291818878547,0,1,1,100.291818878536,0
103,233.109974763651,0,1,1,233.109974763651,0
110,0.0,0,1,0,139.555905616122,0
111,58.5234371536433,0,1,1,58.5234371536349,0
112,0.0,0,1,0,309.605461294046,0
113,46.775873860186,0,1,1,46.7758738601779,0
