bus_number,P_output,Q_output,voltage_mag,gen_status,P_max,P_min
5,0.0,0,1,0,266.821807089033,0
8,1103.39115833572,0,1,1,1134.89554037304,0
11,0.0,0,1,0,292.863588836979,0
14,699.411962951299,0,1,1,748.356400909103,0
17,0.0,0,1,0,338.225803320354,0
20,670.49205621033,0,1,1,670.49205621033,0
23,52.8153211491649,0,1,1,52.8153211491647,0
25,47.3589617305628,0,1,1,47.3589617305627,0
27,29.7244936325784,0,1,1,29.7244936325782,0
28,156.401921508108,0,1,1,156.401921508107,0
32,618.01250900676,0,1,1,618.01250900676,0
34,137.368012241155,0,1,1,137.368012241155,0
40,0.0,0,1,0,389.921197483651,0
48,127.974104123719,0,1,1,127.974104123718,0
54,157.128936741135,0,1,1,157.128936741135,0
61,591.828051912512,0,1,1,591.828051912512,0
74,5.76870797597331,0,1,1,5.76870797598327,0
76,290.482658233423,0,1,1,681.321898809138,0
78,0.0,0,1,0,107.388984982659,0
80,267.470024560203,0,1,1,267.470024560203,0
83,0.0,0,1,0,568.157166847172,0
89,166.803960822492,0,1,1,166.803960822492,0
91,0.0,0,1,0,274.82396309961,0
92,0.0,0,1,0,446.644073339546,0
93,0.0,0,1,0,426.345440802525,0
102,0.0,0,1,0,27.2519968650561,0
106,0.0,0,1,0,334.532871573842,0
107,200.143121235907,0,1,1,200.143121235907,0
108,82.9324669367873,0,1,1,82.9324669367874,0
110,126.063094192867,0,1,1,126.063094192867,0
111,430.070849870215,0,1,1,430.070849870215,0
113,576.484791347186,0,1,1,576.484791347186,0
114,27.5762359107137,0,1,1,50.4097854102216,0
116,99.100321832204,0,1,1,99.1003218322038,0
