cost_model,startup,shutdown,n_coefficients,coeff_n,coeff1,coeff0
2,0,0,3,0.0,0.0,0.0
2,0,0,3,0.0,0.0,0.0
2,0,0,3,0.005212790799771,26.7341153330889,462.135347395354
2,0,0,3,0.0056732615377054,48.4686392654213,973.0628715774
2,0,0,3,0.0,0.0,0.0
2,0,0,3,0.0044376811828312,42.6093860896929,200.572428066164
2,0,0,3,0.0,0.0,0.0
2,0,0,3,0.0073188917682344,45.3866637194026,1553.46036085362
2,0,0,3,0.0,0.0,0.0
2,0,0,3,0.0025035350200623,36.8487702668099,3158.96081546659
2,0,0,3,0.0,0.0,0.0
2,0,0,3,0.0031181820393292,56.8844656379447,2977.7206908998
2,0,0,3,0.0,0.0,0.0
2,0,0,3,0.0,0.0,0.0
2,0,0,3,0.0039182633238142,37.7610506444034,175.399425404951
2,0,0,3,0.0,0.0,0.0
2,0,0,3,0.0,0.0,0.0
2,0,0,3,0.0,0.0,0.0
2,0,0,3,0.0,0.0,0.0
2,0,0,3,0.0055594635936995,41.3803415420106,198.16135260108
2,0,0,3,0.0,0.0,0.0
2,0,0,3,0.0,0.0,0.0
2,0,0,3,0.0,0.0,0.0
2,0,0,3,0.0064229225902906,30.8908796373056,687.118153574294
2,0,0,3,0.0039628429670744,41.1512393058134,2944.48435074958
2,0,0,3,0.0,0.0,0.0
