bus_number,P_output,Q_output,voltage_mag,gen_status,P_max,P_min
2,0.0,0,1,0,38.9695084600838,0
9,1304.9336415011,0,1,1,1580.48706370256,0
12,95.1600547921687,0,1,1,95.1600547893986,0
18,98.359008681686,0,1,1,98.3590086804992,0
19,0.0,0,1,0,441.038624315347,0
22,902.704046516735,0,1,1,902.704046517956,0
30,622.502075198887,0,1,1,622.502075201529,0
32,518.590646328666,0,1,1,830.321033229375,0
39,0.0,0,1,0,678.6235303115,0
53,14.24068580923,0,1,1,14.2406858128502,0
55,376.830157429109,0,1,1,376.830157429832,0
60,0.138357893009869,0,1,1,0.138357944825256,0
64,506.864994381413,0,1,1,509.612840554667,0
67,0.0,0,1,0,439.142908924574,0
71,19.661235177043,0,1,1,19.6612351719624,0
79,174.251134275902,0,1,1,524.031319212003,0
81,0.0,0,1,0,136.040760176401,0
82,0.0,0,1,0,455.303467441389,0
86,601.850330402506,0,1,1,601.850330404638,0
88,79.4595679801127,0,1,1,79.4595679809702,0
90,137.625747111431,0,1,1,420.889153671848,0
100,0.0,0,1,0,67.6836248011401,0
107,269.999177729624,0,1,1,269.999177729721,0
109,289.072896155168,0,1,1,289.072896155286,0
112,207.611988112519,0,1,1,207.611988110515,0
114,0.0,0,1,0,455.624759701113,0
115,476.544050340044,0,1,1,476.544050339812,0
