cost_model,startup,shutdown,n_coefficients,coeff_n,coeff1,coeff0
2,0,0,3,0.0,0.0,0.0
2,0,0,3,0.0039157223987524,49.5125738391476,1956.39673902133
2,0,0,3,0.0,0.0,0.0
2,0,0,3,0.0,0.0,0.0
2,0,0,3,0.0044846969154567,41.7455442502768,3777.58847727484
2,0,0,3,0.0022977253531518,50.6925543157665,807.155205688698
2,0,0,3,0.0021462946760471,47.4179147293729,1105.17216427116
2,0,0,3,0.0058348411850351,49.1766152101924,1308.74518992842
2,0,0,3,0.0,0.0,0.0
2,0,0,3,0.0,0.0,0.0
2,0,0,3,0.0,0.0,0.0
2,0,0,3,0.0,0.0,0.0
2,0,0,3,0.0066310609989505,35.4673245742576,221.307032908029
2,0,0,3,0.0032860684218807,33.8740285998342,2281.72548532494
2,0,0,3,0.0,0.0,0.0
2,0,0,3,0.0,0.0,0.0
2,0,0,3,0.0,0.0,0.0
2,0,0,3,0.0,0.0,0.0
2,0,0,3,0.0,0.0,0.0
2,0,0,3,0.0,0.0,0.0
2,0,0,3,0.0,0.0,0.0
2,0,0,3,0.0025103474116866,25.6243670303457,501.095993668149
2,0,0,3,0.0,0.0,0.0
2,0,0,3,0.0068219904398994,49.5956222844804,500.687837527954
