cost_model,startup,shutdown,n_coefficients,coeff_n,coeff1,coeff0
2,0,0,3,0.007266462752204,32.795258952438,2987.9012362696
2,0,0,3,0.0057399391873348,44.7859952526711,737.61266956723
2,0,0,3,0.0037908191967297,36.0512783287952,3164.4270122215
2,0,0,3,0.0025844166849247,24.1395682223125,273.786163276174
2,0,0,3,0.0,0.0,0.0
2,0,0,3,0.0,0.0,0.0
2,0,0,3,0.007543972968027,43.6843835163989,727.412458681996
2,0,0,3,0.005285112928209,34.3114578800143,157.130928231531
2,0,0,3,0.0,0.0,0.0
2,0,0,3,0.0,0.0,0.0
2,0,0,3,0.0,0.0,0.0
2,0,0,3,0.0061218596725016,42.7535025737464,1935.08135504317
2,0,0,3,0.0065798642110825,32.2084189596469,3752.88110548688
2,0,0,3,0.0,0.0,0.0
2,0,0,3,0.007634861677923,53.4492158341904,542.215707067499
2,0,0,3,0.0,0.0,0.0
2,0,0,3,0.0,0.0,0.0
2,0,0,3,0.0,0.0,0.0
2,0,0,3,0.0,0.0,0.0
2,0,0,3,0.0,0.0,0.0
2,0,0,3,0.0,0.0,0.0
2,0,0,3,0.0073680075076302,24.3977954080097,140.35737608254
2,0,0,3,0.0,0.0,0.0
2,0,0,3,0.0042106438272369,31.9906114862218,605.805158811585
2,0,0,3,0.0,0.0,0.0
2,0,0,3,0.0,0.0,0.0
2,0,0,3,0.0,0.0,0.0
