cost_model,startup,shutdown,n_coefficients,coeff_n,coeff1,coeff0
2,0,0,3,0.0035479016856758,40.0538777424365,1812.37767877723
2,0,0,3,0.0,0.0,0.0
2,0,0,3,0.0,0.0,0.0
2,0,0,3,0.0046329337368533,46.7913542738397,418.057667686308
2,0,0,3,0.0044666684396236,56.2632850340468,38.429239780642
2,0,0,3,0.0,0.0,0.0
2,0,0,3,0.0052895173025205,52.1325213188602,3636.70675195924
2,0,0,3,0.0,0.0,0.0
2,0,0,3,0.0,0.0,0.0
2,0,0,3,0.0029301391662823,27.6479362961235,16.6619394998979
2,0,0,3,0.0,0.0,0.0
2,0,0,3,0.0,0.0,0.0
2,0,0,3,0.0028450098748035,51.0880737939142,160.626252003812
2,0,0,3,0.0,0.0,0.0
2,0,0,3,0.0043455300051399,38.1902754700427,1774.47743387023
2,0,0,3,0.0,0.0,0.0
2,0,0,3,0.0,0.0,0.0
2,0,0,3,0.0,0.0,0.0
2,0,0,3,0.0,0.0,0.0
2,0,0,3,0.0,0.0,0.0
2,0,0,3,0.0,0.0,0.0
2,0,0,3,0.0,0.0,0.0
2,0,0,3,0.0050629427341383,36.7390587598862,2647.69275116343
2,0,0,3,0.0050834920842931,43.5694942217795,473.019333191841
2,0,0,3,0.0067555131453341,29.0214357954956,304.218537925669
2,0,0,3,0.0,0.0,0.0
2,0,0,3,0.0023180572596231,40.161944603979,1254.91920057762
