cost_model,startup,shutdown,n_coefficients,coeff_n,coeff1,coeff0
2,0,0,3,0.0,0.0,0.0
2,0,0,3,0.0,0.0,0.0
2,0,0,3,0.0,0.0,0.0
2,0,0,3,0.0,0.0,0.0
2,0,0,3,0.0,0.0,0.0
2,0,0,3,0.006468619983467,30.2080930377102,2101.18751574982
2,0,0,3,0.0,0.0,0.0
2,0,0,3,0.0040662762562127,33.8270690942581,1687.07700469782
2,0,0,3,0.0,0.0,0.0
2,0,0,3,0.0064016821934451,32.339001297793,430.703626628365
2,0,0,3,0.0,0.0,0.0
2,0,0,3,0.0028522127029416,43.7600304169117,508.260253064856
2,0,0,3,0.0064063391538977,54.0604665639541,1189.39940880234
2,0,0,3,0.0,0.0,0.0
2,0,0,3,0.0,0.0,0.0
2,0,0,3,0.0,0.0,0.0
2,0,0,3,0.0,0.0,0.0
2,0,0,3,0.0046771983496686,53.6323853995783,213.057022227315
2,0,0,3,0.0061441590943251,26.3276512239692,3014.3073894217
2,0,0,3,0.0,0.0,0.0
2,0,0,3,0.0066721107376984,34.0024590715549,3195.40858020902
2,0,0,3,0.0,0.0,0.0
2,0,0,3,0.0063894128557115,45.9053117308474,444.428390669542
2,0,0,3,0.0,0.0,0.0
2,0,0,3,0.0066985988128454,41.2188579365893,417.559206617547
2,0,0,3,0.0068409442814684,38.7081373513712,26.5465098132164
2,0,0,3,0.0,0.0,0.0
