cost_model,startup,shutdown,n_coefficients,coeff_n,coeff1,coeff0
2,0,0,3,0.0041695049027396,29.6177946543055,2424.36118813668
2,0,0,3,0.0,0.0,0.0
2,0,0,3,0.0,0.0,0.0
2,0,0,3,0.0040393885973587,42.7761291762129,3513.21266537489
2,0,0,3,0.0,0.0,0.0
2,0,0,3,0.0,0.0,0.0
2,0,0,3,0.0,0.0,0.0
2,0,0,3,0.002068957245752,45.3742895678369,262.904134043796
2,0,0,3,0.0,0.0,0.0
2,0,0,3,0.0033905511740112,55.2155460707959,37.9995241117119
2,0,0,3,0.0,0.0,0.0
2,0,0,3,0.0065222754130964,24.2952345985693,497.95824572056
2,0,0,3,0.0,0.0,0.0
2,0,0,3,0.0077312356339144,50.2581536477767,3370.57639786857
2,0,0,3,0.0,0.0,0.0
2,0,0,3,0.0,0.0,0.0
2,0,0,3,0.0072996143848201,45.1370799967407,347.164143715285
2,0,0,3,0.0040246193709007,50.674790202247,1557.08750126981
2,0,0,3,0.0,0.0,0.0
2,0,0,3,0.0,0.0,0.0
2,0,0,3,0.0,0.0,0.0
2,0,0,3,0.0032002872700178,35.5185972659149,3381.53927028836
2,0,0,3,0.0031940723913909,35.3712997965487,3172.77527205997
2,0,0,3,0.0,0.0,0.0
2,0,0,3,0.0,0.0,0.0
2,0,0,3,0.0,0.0,0.0
2,0,0,3,0.0031798131569175,51.3540888989607,572.215433066061
2,0,0,3,0.0,0.0,0.0
