cost_model,startup,shutdown,n_coefficients,coeff_n,coeff1,coeff0
2,0,0,3,0.0031856897606821,31.9350316633607,1771.55065515351
2,0,0,3,0.0,0.0,0.0
2,0,0,3,0.0024029013171706,42.8076976202479,2603.62954194578
2,0,0,3,0.0,0.0,0.0
2,0,0,3,0.0,0.0,0.0
2,0,0,3,0.0,0.0,0.0
2,0,0,3,0.0035306266252163,44.0761181613083,181.502256570596
2,0,0,3,0.0,0.0,0.0
2,0,0,3,0.0032298364087133,36.2792973598899,199.479299137885
2,0,0,3,0.0,0.0,0.0
2,0,0,3,0.0068165094258801,41.4823351392189,184.787718346655
2,0,0,3,0.0075521922678294,51.1257089266168,168.09009352929
2,0,0,3,0.0,0.0,0.0
2,0,0,3,0.0,0.0,0.0
2,0,0,3,0.0,0.0,0.0
2,0,0,3,0.0078015974761602,38.4573151731787,497.421889780742
2,0,0,3,0.0031463399741938,27.5249886740788,827.286335997366
2,0,0,3,0.0,0.0,0.0
2,0,0,3,0.0,0.0,0.0
2,0,0,3,0.0030532997776349,28.9293335209159,2561.23053457353
2,0,0,3,0.0,0.0,0.0
2,0,0,3,0.0,0.0,0.0
2,0,0,3,0.0057029661395077,31.3759479561735,189.948302385815
2,0,0,3,0.0,0.0,0.0
2,0,0,3,0.0,0.0,0.0
2,0,0,3,0.0,0.0,0.0
2,0,0,3,0.0052787694514207,50.2495536883561,754.690703708795
