cost_model,startup,shutdown,n_coefficients,coeff_n,coeff1,coeff0
2,0,0,3,0.0,0.0,0.0
2,0,0,3,0.0066889024420665,47.9092470239727,2323.86273341862
2,0,0,3,0.0038901450278321,54.0321471269754,2114.06857492525
2,0,0,3,0.0051021351174376,23.2080053487617,484.885154169676
2,0,0,3,0.0,0.0,0.0
2,0,0,3,0.0,0.0,0.0
2,0,0,3,0.0041209194934974,51.5512036803684,390.563055724033
2,0,0,3,0.0,0.0,0.0
2,0,0,3,0.0,0.0,0.0
2,0,0,3,0.0060210760617522,54.2318160526943,57.5619180386356
2,0,0,3,0.0048865222630268,53.027358503738,23.9582302172343
2,0,0,3,0.0054486896934451,38.6126483510608,432.359998074876
2,0,0,3,0.0,0.0,0.0
2,0,0,3,0.0,0.0,0.0
2,0,0,3,0.0,0.0,0.0
2,0,0,3,0.0,0.0,0.0
2,0,0,3,0.0066733523466218,45.44091632343,207.804879505254
2,0,0,3,0.0,0.0,0.0
2,0,0,3,0.0,0.0,0.0
2,0,0,3,0.0069236067902023,45.0630895645942,537.819626699721
2,0,0,3,0.0035289527351955,50.6186322438514,243.297751818257
2,0,0,3,0.0,0.0,0.0
2,0,0,3,0.0042216706677849,51.6191134567798,1896.54172319129
2,0,0,3,0.0,0.0,0.0
2,0,0,3,0.0,0.0,0.0
2,0,0,3,0.0,0.0,0.0
2,0,0,3,0.0052292213535266,33.3751402245039,255.252384877867
2,0,0,3,0.0,0.0,0.0
2,0,0,3,0.0,0.0,0.0
2,0,0,3,0.0022307975914071,35.0326022816455,737.187323989841
2,0,0,3,0.0,0.0,0.0
2,0,0,3,0.0031114771733296,33.5167185385775,1340.62733766263
2,0,0,3,0.0,0.0,0.0
2,0,0,3,0.0033935070723765,45.7641166109883,134.729904769879
2,0,0,3,0.0062002613532655,54.3015398142016,293.238221054455
2,0,0,3,0.0,0.0,0.0
2,0,0,3,0.0,0.0,0.0
2,0,0,3,0.0,0.0,0.0
2,0,0,3,0.0,0.0,0.0
2,0,0,3,0.0,0.0,0.0
2,0,0,3,0.0070053495827474,48.7974261327494,298.252130063142
2,0,0,3,0.0041540798267654,55.1225906478814,481.6144130405
