cost_model,startup,shutdown,n_coefficients,coeff_n,coeff1,coeff0
2,0,0,3,0.0,0.0,0.0
2,0,0,3,0.0,0.0,0.0
2,0,0,3,0.0065189953807405,27.3374416193935,1543.49874113395
2,0,0,3,0.0,0.0,0.0
2,0,0,3,0.0024589559394539,25.2244927095735,450.896902552252
2,0,0,3,0.0,0.0,0.0
2,0,0,3,0.0,0.0,0.0
2,0,0,3,0.0026498391583331,48.9684204117067,356.070270482514
2,0,0,3,0.0054893628316166,39.3841989067645,1130.46746822536
2,0,0,3,0.0,0.0,0.0
2,0,0,3,0.0057484410415996,51.9044569791188,324.500530486599
2,0,0,3,0.0053716688312893,24.7315805466859,108.946151969946
2,0,0,3,0.0,0.0,0.0
2,0,0,3,0.0050694851730146,30.9819536484542,418.461490177441
2,0,0,3,0.0,0.0,0.0
2,0,0,3,0.0,0.0,0.0
2,0,0,3,0.0,0.0,0.0
2,0,0,3,0.0,0.0,0.0
2,0,0,3,0.0047828308671456,50.8221979574945,1367.21237430746
2,0,0,3,0.0,0.0,0.0
2,0,0,3,0.0053002506449597,43.8923831672281,742.067479594984
2,0,0,3,0.0078138445820758,38.2700308066692,354.947568047593
2,0,0,3,0.0,0.0,0.0
2,0,0,3,0.0,0.0,0.0
2,0,0,3,0.0043470357822382,48.3355274716829,971.303920360882
2,0,0,3,0.0,0.0,0.0
2,0,0,3,0.0,0.0,0.0
2,0,0,3,0.0073599042644748,31.6380284965131,2631.16857385458
2,0,0,3,0.0,0.0,0.0
2,0,0,3,0.0,0.0,0.0
