cost_model,startup,shutdown,n_coefficients,coeff_n,coeff1,coeff0
2,0,0,3,0.0070607243822563,35.994117897548,767.142056315032
2,0,0,3,0.0,0.0,0.0
2,0,0,3,0.0,0.0,0.0
2,0,0,3,0.0,0.0,0.0
2,0,0,3,0.0,0.0,0.0
2,0,0,3,0.005657054081934,24.9176566581815,299.806430963118
2,0,0,3,0.0,0.0,0.0
2,0,0,3,0.0,0.0,0.0
2,0,0,3,0.0033484897201526,23.345688864702,549.602946312419
2,0,0,3,0.0061416345757911,54.3554672770737,547.527561905578
2,0,0,3,0.0079810939664739,31.4725598579723,1008.9108802186
2,0,0,3,0.0,0.0,0.0
2,0,0,3,0.0,0.0,0.0
2,0,0,3,0.0,0.0,0.0
2,0,0,3,0.0049029377791506,28.5077242099601,438.381114239274
2,0,0,3,0.0026255537509828,26.7893234028609,3715.32268736789
2,0,0,3,0.0,0.0,0.0
2,0,0,3,0.0034361600872227,30.1726624369528,291.162112515984
2,0,0,3,0.0,0.0,0.0
2,0,0,3,0.0,0.0,0.0
2,0,0,3,0.0,0.0,0.0
2,0,0,3,0.0,0.0,0.0
2,0,0,3,0.0023981549984,47.9044924239792,1098.70864503991
2,0,0,3,0.0,0.0,0.0
2,0,0,3,0.0028026541237643,41.5655262659462,314.870907459835
2,0,0,3,0.0,0.0,0.0
