bus_number,P_output,Q_output,voltage_mag,gen_status,P_max,P_min
2,1151.77899135386,0,1,1,1377.67637860878,0
17,0.0,0,1,0,375.900399935092,0
18,1263.52783077348,0,1,1,1263.52783077348,0
22,9.01410200345281e-13,0,1,1,96.9782362798445,0
25,216.378580543228,0,1,1,216.378580543228,0
27,23.0944851102096,0,1,1,23.8178647108877,0
28,1271.37259781487,0,1,1,1274.2982472839,0
37,205.38888098139,0,1,1,205.38888098139,0
38,0.0,0,1,0,851.683393946078,0
42,28.1372637181309,0,1,1,28.1372637181309,0
43,15.6117643703717,0,1,1,15.6117643703717,0
49,539.131406560823,0,1,1,539.131406560823,0
50,0.0,0,1,0,495.594065202595,0
53,0.0,0,1,0,316.091218047883,0
57,106.829707369239,0,1,1,106.829707369239,0
59,1113.60574028141,0,1,1,1113.60574028141,0
69,0.0,0,1,0,708.57377593734,0
71,47.7845280254282,0,1,1,47.7845280254282,0
72,530.603589687073,0,1,1,530.603589687073,0
74,83.9528699365311,0,1,1,83.9528699365311,0
76,0.0,0,1,0,326.815290058427,0
86,81.9118436526474,0,1,1,81.9118436526474,0
96,183.548830566792,0,1,1,183.548830566792,0
107,0.0,0,1,0,377.41285033908,0
108,0.0,0,1,0,417.365922601778,0
