cost_model,startup,shutdown,n_coefficients,coeff_n,coeff1,coeff0
2,0,0,3,0.006923189341067,56.0999431128988,2261.66792318773
2,0,0,3,0.0068816462225238,25.5197667890036,2687.42081821682
2,0,0,3,0.0,0.0,0.0
2,0,0,3,0.0,0.0,0.0
2,0,0,3,0.0,0.0,0.0
2,0,0,3,0.0,0.0,0.0
2,0,0,3,0.0039899039415969,41.3075790666809,2053.60622804192
2,0,0,3,0.0076631742087264,28.2344245279558,1801.37948776444
2,0,0,3,0.00365103898236,48.1867099140493,2581.79384018954
2,0,0,3,0.0,0.0,0.0
2,0,0,3,0.002019888192478,51.0262147468121,2822.23998665196
2,0,0,3,0.0020378451221004,46.4029995761934,116.958336920447
2,0,0,3,0.0,0.0,0.0
2,0,0,3,0.0,0.0,0.0
2,0,0,3,0.0,0.0,0.0
2,0,0,3,0.0,0.0,0.0
2,0,0,3,0.0,0.0,0.0
2,0,0,3,0.0020295002580369,40.7214519854172,415.701276951049
2,0,0,3,0.0,0.0,0.0
2,0,0,3,0.0,0.0,0.0
2,0,0,3,0.0047618530274583,42.4613174933726,318.301072510914
2,0,0,3,0.0,0.0,0.0
2,0,0,3,0.0032561995782018,24.2390743793892,490.356730784902
2,0,0,3,0.0,0.0,0.0
2,0,0,3,0.0077845187970339,35.0783529000105,1514.95451963061
2,0,0,3,0.0,0.0,0.0
2,0,0,3,0.0,0.0,0.0
2,0,0,3,0.0,0.0,0.0
