cost_model,startup,shutdown,n_coefficients,coeff_n,coeff1,coeff0
2,0,0,3,0.0,0.0,0.0
2,0,0,3,0.0,0.0,0.0
2,0,0,3,0.0059683223258905,46.4866417184041,1628.84462341723
2,0,0,3,0.0060382309303077,53.7982952554612,280.142095043569
2,0,0,3,0.0,0.0,0.0
2,0,0,3,0.0,0.0,0.0
2,0,0,3,0.0074412990723883,42.8424322761675,1551.16361052875
2,0,0,3,0.0059579273964712,37.4106008025775,677.09089037591
2,0,0,3,0.0076245183043851,42.1502494636312,320.326044626721
2,0,0,3,0.0,0.0,0.0
2,0,0,3,0.0035363281952849,48.5561620889036,203.788404395144
2,0,0,3,0.0,0.0,0.0
2,0,0,3,0.0,0.0,0.0
2,0,0,3,0.0,0.0,0.0
2,0,0,3,0.0,0.0,0.0
2,0,0,3,0.0,0.0,0.0
2,0,0,3,0.0052782901674228,40.7221515897006,3389.82405333571
2,0,0,3,0.0025703515725792,40.4603255371966,3766.02986602113
2,0,0,3,0.0,0.0,0.0
2,0,0,3,0.0,0.0,0.0
2,0,0,3,0.0039959443350221,45.2236621005524,45.6810713907279
2,0,0,3,0.003198122236906,51.5006018924987,382.523561577087
2,0,0,3,0.0025008901800878,30.9289242860445,361.00603292701
2,0,0,3,0.0,0.0,0.0
2,0,0,3,0.0066847719456952,48.9786137974011,3639.79410023475
2,0,0,3,0.0,0.0,0.0
2,0,0,3,0.0,0.0,0.0
2,0,0,3,0.0022705032088418,32.435758706473,643.219117891357
2,0,0,3,0.0,0.0,0.0
2,0,0,3,0.0,0.0,0.0
2,0,0,3,0.0,0.0,0.0
