cost_model,startup,shutdown,n_coefficients,coeff_n,coeff1,coeff0
2,0,0,3,0.0024383440822308,42.7993564510774,1581.88038393252
2,0,0,3,0.0,0.0,0.0
2,0,0,3,0.0,0.0,0.0
2,0,0,3,0.0,0.0,0.0
2,0,0,3,0.0,0.0,0.0
2,0,0,3,0.0049105496188106,35.8028481292052,3095.40293975161
2,0,0,3,0.0,0.0,0.0
2,0,0,3,0.0,0.0,0.0
2,0,0,3,0.0,0.0,0.0
2,0,0,3,0.0032252533277354,24.7624903650338,14.2707032272706
2,0,0,3,0.0,0.0,0.0
2,0,0,3,0.0075220358433564,34.3658399817011,541.335056830969
2,0,0,3,0.0034413938113087,23.4025471982981,443.083332623298
2,0,0,3,0.0041237227857795,45.5279894780701,3339.75762009554
2,0,0,3,0.0,0.0,0.0
2,0,0,3,0.0033386443094846,50.1826262314162,1390.86874245168
2,0,0,3,0.0,0.0,0.0
2,0,0,3,0.0,0.0,0.0
2,0,0,3,0.0,0.0,0.0
2,0,0,3,0.0,0.0,0.0
2,0,0,3,0.0,0.0,0.0
2,0,0,3,0.002181338089869,42.9482860607357,1435.07624782688
2,0,0,3,0.0045973508208792,44.5159008207638,3207.56368857344
2,0,0,3,0.0,0.0,0.0
2,0,0,3,0.0,0.0,0.0
2,0,0,3,0.0067404372543594,49.289432565684,2.10522956822796
2,0,0,3,0.0,0.0,0.0
2,0,0,3,0.0046852463201875,44.606464482021,77.091563122383
2,0,0,3,0.0,0.0,0.0
