bus_number,P_output,Q_output,voltage_mag,gen_status,P_max,P_min
6,66.7374973135183,0,1,1,66.737497313537,0
7,92.1376128899222,0,1,1,92.1376128899419,0
11,0.0,0,1,0,16.0539822631149,0
13,70.025316112864,0,1,1,70.0253161128821,0
16,624.450727320228,0,1,1,624.450727320254,0
18,193.483617558918,0,1,1,384.836419887397,0
31,50.0639857186827,0,1,1,50.0639857187304,0
43,1393.91247310246,0,1,1,2263.78270740379,0
57,231.653386746551,0,1,1,231.653386746572,0
59,173.472300406699,0,1,1,173.472300406724,0
60,251.871249632307,0,1,1,251.871249632386,0
61,267.972470335654,0,1,1,267.972470335674,0
67,0.0,0,1,0,1724.42604216591,0
69,219.383093555381,0,1,1,219.38309355544,0
72,0.0,0,1,0,52.0184069037913,0
79,203.84643551157,0,1,1,324.266243780731,0
80,127.879247756707,0,1,1,127.879247756723,0
82,915.105849272459,0,1,1,915.105849272495,0
89,69.001350337261,0,1,1,133.538636400772,0
91,626.049806565969,0,1,1,626.04980656618,0
95,344.442704204834,0,1,1,344.442704204857,0
97,119.834769347482,0,1,1,119.8347693475,0
98,0.0,0,1,0,928.419942014836,0
101,158.282412936638,0,1,1,158.282412936658,0
104,465.197415834882,0,1,1,465.197415834908,0
