bus_number,P_output,Q_output,voltage_mag,gen_status,P_max,P_min
4,0.0,0,1,0,364.591434858237,0
7,0.0,0,1,0,539.781907248944,0
8,27.7412151848066,0,1,1,27.7412151848066,0
12,331.294344722708,0,1,1,1045.8114024811,0
14,54.5712516780117,0,1,1,54.5712516780117,0
16,10.660592756825,0,1,1,10.660592756825,0
27,812.778457965579,0,1,1,812.778457965579,0
35,684.994989424397,0,1,1,684.994989424397,0
43,0.0,0,1,0,353.286887499693,0
49,0.0,0,1,0,660.08408439973,0
54,0.0,0,1,0,52.5675523021923,0
56,303.094157790768,0,1,1,303.094157790768,0
57,689.758835072911,0,1,1,689.758835072911,0
58,773.377721222462,0,1,1,791.392308744948,0
66,771.1383119983,0,1,1,771.1383119983,0
71,276.226240194364,0,1,1,276.226240194364,0
72,165.315833916494,0,1,1,273.559898220285,0
80,0.0,0,1,0,415.607045476737,0
81,233.312662663518,0,1,1,233.312662663518,0
92,213.241605288929,0,1,1,213.241605288929,0
96,101.285326441461,0,1,1,254.190640687417,0
97,179.303471060933,0,1,1,179.303471060933,0
100,54.8480039201872,0,1,1,54.8480039201872,0
104,0.0,0,1,0,170.056034754285,0
105,188.040205333146,0,1,1,188.040205333146,0
106,128.123181736597,0,1,1,300.307027296257,0
111,0.0,0,1,0,466.561672487144,0
117,665.697314088616,0,1,1,665.697314088616,0
