bus_number,P_output,Q_output,voltage_mag,gen_status,P_max,P_min
5,1378.49221239932,0,1,1,1559.46667780108,0
7,0.0,0,1,0,484.890603017447,0
8,0.0,0,1,0,180.465842266681,0
11,1507.47646542773,0,1,1,1507.47646542813,0
20,929.386214315601,0,1,1,929.386214316194,0
22,142.114988668989,0,1,1,142.114988668714,0
26,0.0,0,1,0,296.51114838144,0
30,0.0,0,1,0,267.710411486143,0
31,0.0,0,1,0,484.021902484538,0
39,4.13163161911397e-09,0,1,1,34.3797033101739,0
46,133.893281657837,0,1,1,133.893281657471,0
48,1185.59030864434,0,1,1,1185.59030864464,0
54,234.43791328907,0,1,1,234.437913288918,0
64,14.331342745851,0,1,1,14.3313427460932,0
67,0.0,0,1,0,605.02822764807,0
68,0.0,0,1,0,336.355212599851,0
74,0.0,0,1,0,486.394337553023,0
80,152.287374398663,0,1,1,154.767567733538,0
82,72.2261629844017,0,1,1,72.2261629840481,0
84,124.216946020591,0,1,1,176.961740039019,0
88,0.0,0,1,0,551.948574264893,0
89,79.3832777766357,0,1,1,79.3832777762477,0
94,6.93678738842057,0,1,1,121.794256835296,0
100,17.9782241011524,0,1,1,17.9782241008007,0
102,47.4723700290577,0,1,1,294.096815890186,0
111,0.0,0,1,0,280.29102584917,0
