bus_number,P_output,Q_output,voltage_mag,gen_status,P_max,P_min
6,1099.38032321587,0,1,1,1099.38032321588,0
14,929.69374250179,0,1,1,929.693742501798,0
31,661.509840809339,0,1,1,661.509840809349,0
33,0.0,0,1,0,14.5110251497367,0
36,180.97975935343,0,1,1,190.735505465564,0
37,0.0,0,1,0,295.799455344315,0
39,430.964506459629,0,1,1,786.081806382129,0
44,72.3053121590263,0,1,1,72.3053121590148,0
45,1116.07878087693,0,1,1,1116.07878087695,0
47,0.0,0,1,0,627.510314717237,0
52,395.008074266577,0,1,1,395.008074266577,0
64,0.0,0,1,0,455.557216263171,0
67,0.0,0,1,0,297.439080958318,0
73,140.207644397613,0,1,1,140.2076443976,0
74,0.0,0,1,0,410.811437356863,0
79,0.0,0,1,0,652.01855991249,0
90,133.297706158887,0,1,1,133.297706158886,0
91,183.287519535945,0,1,1,207.775449721932,0
95,658.103173278838,0,1,1,658.103173278874,0
96,162.013167086208,0,1,1,162.013167086205,0
97,119.080276780233,0,1,1,119.08027678023,0
99,20.5636951776244,0,1,1,35.9392867378441,0
100,155.265631569765,0,1,1,155.265631569746,0
101,0.0,0,1,0,422.733866195675,0
103,63.5857894702975,0,1,1,63.5857894702927,0
105,22.0611892245592,0,1,1,25.2850897695579,0
106,0.0,0,1,0,153.057569296376,0
112,121.417590138412,0,1,1,121.417590138408,0
116,0.0,0,1,0,229.699510790785,0
