bus_number,P_output,Q_output,voltage_mag,gen_status,P_max,P_min
8,313.894356487242,0,1,1,490.298157948474,0
10,0.0,0,1,0,399.441103399765,0
11,0.0,0,1,0,451.728310663822,0
15,814.889313784193,0,1,1,814.889313784193,0
16,129.507380086508,0,1,1,129.507380086508,0
20,793.5282707739,0,1,1,1604.32366753678,0
32,131.087174146083,0,1,1,131.087174146083,0
37,821.499199126178,0,1,1,821.499199126178,0
38,21.7544040268742,0,1,1,21.7544040268742,0
39,124.753940469337,0,1,1,124.753940469337,0
40,48.1694975306594,0,1,1,48.1694975306594,0
43,86.1688136952566,0,1,1,86.1688136952566,0
44,0.0,0,1,0,705.813977371755,0
47,35.8564540743435,0,1,1,35.8564540743435,0
50,0.0,0,1,0,425.995968543711,0
54,16.7469494246618,0,1,1,16.7469494246618,0
67,568.872192301979,0,1,1,568.872192301979,0
75,309.303998009631,0,1,1,309.303998009631,0
79,0.0,0,1,0,326.54311444339,0
85,124.449551219533,0,1,1,124.449551219533,0
87,1029.92297016544,0,1,1,1029.92297016544,0
88,855.543969806182,0,1,1,855.543969806182,0
99,163.06533661272,0,1,1,201.927791635298,0
105,0.0,0,1,0,557.254826022726,0
113,275.789950720303,0,1,1,275.789950720303,0
117,0.0,0,1,0,274.079388368541,0
