cost_model,startup,shutdown,n_coefficients,coeff_n,coeff1,coeff0
2,0,0,3,0.0,0.0,0.0
2,0,0,3,0.0057452307167012,54.0498956315501,2008.72739534898
2,0,0,3,0.0,0.0,0.0
2,0,0,3,0.0073688405070643,40.1127144146495,129.374121464089
2,0,0,3,0.0059093601177387,42.0654952051319,411.403523595761
2,0,0,3,0.0075035549598277,25.6103961580022,508.6506130467
2,0,0,3,0.0,0.0,0.0
2,0,0,3,0.0049560358129242,40.6800532392572,851.170028851222
2,0,0,3,0.0,0.0,0.0
2,0,0,3,0.0069459329089484,44.0487116663328,1891.70604299791
2,0,0,3,0.0076361989249055,51.6965434710066,487.925431952922
2,0,0,3,0.0,0.0,0.0
2,0,0,3,0.0039870478871054,33.1930757961443,2291.60810046974
2,0,0,3,0.0028575847507174,23.8294951751182,430.317954333695
2,0,0,3,0.0034787758804553,24.3311749461141,3783.09947482766
2,0,0,3,0.0060140651453917,31.125148813544,3169.72526551081
2,0,0,3,0.0,0.0,0.0
2,0,0,3,0.0,0.0,0.0
2,0,0,3,0.0,0.0,0.0
2,0,0,3,0.0,0.0,0.0
2,0,0,3,0.0,0.0,0.0
2,0,0,3,0.0,0.0,0.0
2,0,0,3,0.0,0.0,0.0
2,0,0,3,0.0,0.0,0.0
2,0,0,3,0.0,0.0,0.0
2,0,0,3,0.0,0.0,0.0
2,0,0,3,0.0,0.0,0.0
