cost_model,startup,shutdown,n_coefficients,coeff_n,coeff1,coeff0
2,0,0,3,0.0034839258170732,41.6325704604201,2708.48759840686
2,0,0,3,0.0,0.0,0.0
2,0,0,3,0.0043345141094634,48.3030128908961,512.886531565335
2,0,0,3,0.0071759026917796,54.0146333622725,492.760489580836
2,0,0,3,0.0028902293622337,41.7086120270923,474.432760340553
2,0,0,3,0.0,0.0,0.0
2,0,0,3,0.0041200119220716,35.4713601406295,3241.44390033401
2,0,0,3,0.0,0.0,0.0
2,0,0,3,0.0,0.0,0.0
2,0,0,3,0.0,0.0,0.0
2,0,0,3,0.0021200761015691,35.0739445759531,3160.76900936462
2,0,0,3,0.0,0.0,0.0
2,0,0,3,0.0056250503948486,26.3304136861694,46.4750657553914
2,0,0,3,0.0,0.0,0.0
2,0,0,3,0.0,0.0,0.0
2,0,0,3,0.0069153422192777,47.5437025021682,162.360666460726
2,0,0,3,0.0,0.0,0.0
2,0,0,3,0.0060214912664095,47.02212634812,1122.46157092273
2,0,0,3,0.0,0.0,0.0
2,0,0,3,0.0076406698179145,36.3464551149115,28.0012474968228
2,0,0,3,0.0021545719115477,33.5245670952652,329.120739198512
2,0,0,3,0.0,0.0,0.0
2,0,0,3,0.0,0.0,0.0
2,0,0,3,0.0,0.0,0.0
2,0,0,3,0.0077622987725549,45.6717033529241,970.899039883512
2,0,0,3,0.0,0.0,0.0
2,0,0,3,0.0,0.0,0.0
2,0,0,3,0.0,0.0,0.0
2,0,0,3,0.0,0.0,0.0
2,0,0,3,0.0,0.0,0.0
