bus_number,P_output,Q_output,voltage_mag,gen_status,P_max,P_min
1,333.330169990182,0,1,1,348.821148991159,0
7,0.0,0,1,0,490.558453622684,0
12,411.455094274466,0,1,1,698.229404343607,0
13,85.9822362828653,0,1,1,85.9822362828653,0
14,0.0,0,1,0,560.677700861871,0
15,0.0,0,1,0,131.97682059866,0
16,1657.87308467305,0,1,1,1968.73702950833,0
19,0.0,0,1,0,998.259010852798,0
22,13.7044396864136,0,1,1,13.7044396864136,0
25,0.0,0,1,0,256.267019724772,0
36,193.294316442409,0,1,1,193.294316442409,0
44,22.0080754565588,0,1,1,22.0080754565589,0
48,330.448279887685,0,1,1,330.448279887685,0
49,743.489472231837,0,1,1,743.489472231837,0
52,75.8431795956274,0,1,1,75.8431795956274,0
60,938.163162886912,0,1,1,938.163162886912,0
66,158.668583274668,0,1,1,196.909567208417,0
67,15.3450086488647,0,1,1,15.345008648866,0
71,765.010153876776,0,1,1,765.010153876776,0
75,668.482023996043,0,1,1,668.482023996043,0
79,0.0,0,1,0,375.339616301248,0
81,62.1863662602885,0,1,1,62.1863662602885,0
88,152.109550553186,0,1,1,152.109550553186,0
90,0.0,0,1,0,502.649664509576,0
95,37.4105244432125,0,1,1,37.4105244432125,0
