bus_number,P_output,Q_output,voltage_mag,gen_status,P_max,P_min
1,1520.21289168413,0,1,1,1566.69972783016,0
2,1022.21659612743,0,1,1,1022.21659612753,0
3,991.967897449622,0,1,1,991.967897449708,0
6,0.0,0,1,0,777.068887387055,0
8,0.0,0,1,0,463.014984807753,0
10,3.54555120474317e-10,0,1,1,112.118225155057,0
24,305.102305537476,0,1,1,305.102305537573,0
27,215.453753181937,0,1,1,215.453753182002,0
33,0.0,0,1,0,362.107674862132,0
35,0.0,0,1,0,9.93684422047632,0
37,0.0,0,1,0,419.271045141316,0
39,19.3667091343526,0,1,1,19.3667091344281,0
40,0.0,0,1,0,351.065847915474,0
44,60.3601874861575,0,1,1,60.3601874872453,0
48,151.725257318105,0,1,1,291.055530108124,0
70,1.79179214813597e-10,0,1,1,77.4386449687952,0
72,1.70245835661976,0,1,1,1.70245835672909,0
80,4.0178768928482,0,1,1,4.0178768929324,0
81,0.0,0,1,0,431.471949893845,0
82,670.683313013762,0,1,1,670.683313013869,0
83,657.911078229468,0,1,1,657.91107822958,0
84,557.766531280893,0,1,1,582.609235829484,0
87,-6.041408038742789e-11,0,1,1,487.671691327407,0
101,131.197793976148,0,1,1,227.677979522682,0
102,272.47842965014,0,1,1,272.478429691087,0
105,0.0,0,1,0,168.79270955789,0
117,82.6406431413845,0,1,1,82.6406431414683,0
