cost_model,startup,shutdown,n_coefficients,coeff_n,coeff1,coeff0
2,0,0,3,0.0,0.0,0.0
2,0,0,3,0.0063056745361119,40.6297364295624,730.212573653865
2,0,0,3,0.0041079698866803,31.5588287992416,1727.96343801905
2,0,0,3,0.0025405227368264,45.7856241724121,216.237963820934
2,0,0,3,0.0044326510569041,53.570029066423,579.995027832533
2,0,0,3,0.0054675297154379,41.875571249879,304.996860658768
2,0,0,3,0.0059744422757393,44.219788239592,60.5937328266614
2,0,0,3,0.0066808667258262,38.679730485809,3306.86336717729
2,0,0,3,0.0,0.0,0.0
2,0,0,3,0.0,0.0,0.0
2,0,0,3,0.0,0.0,0.0
2,0,0,3,0.0,0.0,0.0
2,0,0,3,0.003274239680345,34.172422128444,297.185260796412
2,0,0,3,0.0049942102399104,37.5970378000727,141.531261491227
2,0,0,3,0.0,0.0,0.0
2,0,0,3,0.0039659506694193,30.6302858019374,440.974769853233
2,0,0,3,0.0,0.0,0.0
2,0,0,3,0.0,0.0,0.0
2,0,0,3,0.0,0.0,0.0
2,0,0,3,0.0,0.0,0.0
2,0,0,3,0.0045532660545683,54.2400646856088,1956.53298605008
2,0,0,3,0.0,0.0,0.0
2,0,0,3,0.0,0.0,0.0
2,0,0,3,0.0,0.0,0.0
2,0,0,3,0.0,0.0,0.0
2,0,0,3,0.0036644962808355,47.7042110351138,315.191567727245
2,0,0,3,0.0,0.0,0.0
2,0,0,3,0.0,0.0,0.0
2,0,0,3,0.0,0.0,0.0
2,0,0,3,0.0,0.0,0.0
2,0,0,3,0.0026665041775021,53.1732505645155,566.511798435356
2,0,0,3,0.0,0.0,0.0
2,0,0,3,0.0,0.0,0.0
2,0,0,3,0.0026491217174462,53.9319631156839,338.319640309047
