bus_number,P_output,Q_output,voltage_mag,gen_status,P_max,P_min
2,104.733274936078,0,1,1,104.733274936078,0
11,106.259363321715,0,1,1,106.259363321715,0
16,0.0,0,1,0,308.535988151017,0
18,1377.10050662441,0,1,1,1693.31776588629,0
21,247.531559963511,0,1,1,247.531559963511,0
22,916.772577554127,0,1,1,1037.54723549943,0
23,714.743444845165,0,1,1,714.743444845165,0
27,41.5473558282975,0,1,1,41.5473558282976,0
29,41.0761413651607,0,1,1,41.0761413651607,0
31,4.55724975938904,0,1,1,4.55724975938904,0
34,259.665117822351,0,1,1,259.665117822351,0
40,0.0,0,1,0,251.974993439741,0
46,792.41357389497,0,1,1,792.41357389497,0
49,150.921828195995,0,1,1,150.921828195995,0
64,1034.50143104654,0,1,1,1034.50143104654,0
66,0.0,0,1,0,570.536519908886,0
73,0.0,0,1,0,541.784954363653,0
77,0.0,0,1,0,349.704735427642,0
87,146.842148285814,0,1,1,146.842148285814,0
90,0.0,0,1,0,545.99275174446,0
92,124.479836961175,0,1,1,124.479836961175,0
97,161.135676730856,0,1,1,161.135676730856,0
108,0.0,0,1,0,692.209989663048,0
113,73.9018650877418,0,1,1,73.9018650877418,0
116,0.0,0,1,0,293.006849894042,0
117,48.060144987492,0,1,1,48.060144987492,0
118,0.0,0,1,0,294.92042976134,0
