cost_model,startup,shutdown,n_coefficients,coeff_n,coeff1,coeff0
2,0,0,3,0.0,0.0,0.0
2,0,0,3,0.0,0.0,0.0
2,0,0,3,0.0,0.0,0.0
2,0,0,3,0.0047016781856462,42.9185618433662,2441.62398005444
2,0,0,3,0.0074888553391123,32.3492234337565,1689.51679363959
2,0,0,3,0.0,0.0,0.0
2,0,0,3,0.0,0.0,0.0
2,0,0,3,0.0,0.0,0.0
2,0,0,3,0.0049651008317653,38.1948603398631,512.681002776568
2,0,0,3,0.0,0.0,0.0
2,0,0,3,0.0049815714960982,55.0511514127519,2629.14580194724
2,0,0,3,0.0,0.0,0.0
2,0,0,3,0.003722449828939,36.0276176460629,412.320478768177
2,0,0,3,0.0,0.0,0.0
2,0,0,3,0.0023083298093751,53.2171695827788,2893.10316467954
2,0,0,3,0.0,0.0,0.0
2,0,0,3,0.0035537622069065,52.1795586134728,823.556986750063
2,0,0,3,0.0,0.0,0.0
2,0,0,3,0.0024739261323808,56.893305631116,124.44680410307
2,0,0,3,0.004001013759498,29.3878861259271,529.849971123931
2,0,0,3,0.0,0.0,0.0
2,0,0,3,0.0,0.0,0.0
2,0,0,3,0.0,0.0,0.0
2,0,0,3,0.0065231711353467,26.7100772558389,3452.86376034841
2,0,0,3,0.0029949938121878,32.2902159116147,393.958771537599
2,0,0,3,0.0,0.0,0.0
2,0,0,3,0.0,0.0,0.0
