bus_number,P_output,Q_output,voltage_mag,gen_status,P_max,P_min
4,66.3359243075267,0,1,1,66.3359243075267,0
12,189.687385382328,0,1,1,189.687385382328,0
15,24.5721570521271,0,1,1,24.5721570521271,0
16,2435.9191171959,0,1,1,2435.9191171959,0
18,1398.73252558305,0,1,1,1879.82671383765,0
20,0.0,0,1,0,197.02750760347,0
21,174.827791424334,0,1,1,174.827791424334,0
24,0.0,0,1,0,665.791522561952,0
34,85.4310008046119,0,1,1,85.4310008046119,0
35,405.451267211199,0,1,1,405.451267211199,0
38,0.0,0,1,0,997.938679502352,0
42,6.11148182477448,0,1,1,6.11148182477448,0
45,508.029628041534,0,1,1,533.868485401091,0
57,132.225902263928,0,1,1,132.225902263928,0
60,209.613051603935,0,1,1,580.46148340725,0
79,177.404408116454,0,1,1,177.404408116454,0
82,0.0,0,1,0,320.255062505008,0
84,174.909805167606,0,1,1,399.995492211606,0
100,427.084143423563,0,1,1,427.084143423563,0
109,145.636492043602,0,1,1,145.636492043602,0
110,1.88280758960203,0,1,1,1.88280758960203,0
116,63.6411368186598,0,1,1,63.6411368186598,0
117,37.3076966062919,0,1,1,37.3076966062919,0
