bus_number,P_output,Q_output,voltage_mag,gen_status,P_max,P_min
2,524.647417084245,0,1,1,1184.03956919357,0
9,180.717004257977,0,1,1,180.717004257977,0
10,472.177228881947,0,1,1,489.384332425742,0
11,416.62641474952,0,1,1,416.62641474952,0
13,1061.9460535728,0,1,1,1061.9460535728,0
17,230.830520101096,0,1,1,269.127445796018,0
18,923.605994456292,0,1,1,923.605994456292,0
25,256.179826544236,0,1,1,256.179826544236,0
37,57.4232085957796,0,1,1,57.4232085957797,0
40,0.0,0,1,0,256.868052322977,0
42,0.0,0,1,0,259.154450306337,0
44,146.391159154391,0,1,1,173.29422302959,0
49,0.0,0,1,0,339.801098035428,0
50,902.90719385075,0,1,1,952.879345928018,0
58,27.2244309350678,0,1,1,27.2244309350678,0
59,21.9077358828026,0,1,1,21.9077358828027,0
63,0.0,0,1,0,300.132605282163,0
68,0.0,0,1,0,323.419875155404,0
73,110.340415162776,0,1,1,110.340415162776,0
90,0.0,0,1,0,299.977148530371,0
92,907.435515376099,0,1,1,907.435515376099,0
95,0.0,0,1,0,869.035838119723,0
98,193.729262511774,0,1,1,193.729262511774,0
103,122.948807188922,0,1,1,122.948807188922,0
107,102.967379212373,0,1,1,102.967379212373,0
109,0.0,0,1,0,287.218164400523,0
111,67.1640122278844,0,1,1,244.518029799521,0
