cost_model,startup,shutdown,n_coefficients,coeff_n,coeff1,coeff0
2,0,0,3,0.0,0.0,0.0
2,0,0,3,0.0,0.0,0.0
2,0,0,3,0.0020780198416375,30.1158081125142,3622.99756896267
2,0,0,3,0.0067216476604215,33.9029447006312,3363.69272757968
2,0,0,3,0.0,0.0,0.0
2,0,0,3,0.0,0.0,0.0
2,0,0,3,0.0,0.0,0.0
2,0,0,3,0.0037278948920849,43.4996136815906,2556.27573274919
2,0,0,3,0.0055155094351115,34.2595007607992,111.209225040524
2,0,0,3,0.0,0.0,0.0
2,0,0,3,0.0062316833304312,53.1004432775433,2897.56822541429
2,0,0,3,0.0,0.0,0.0
2,0,0,3,0.0,0.0,0.0
2,0,0,3,0.0030924696044107,37.6743791410656,320.99966204175
2,0,0,3,0.0,0.0,0.0
2,0,0,3,0.0,0.0,0.0
2,0,0,3,0.0050642801389028,49.1240846840115,2765.56374482513
2,0,0,3,0.0,0.0,0.0
2,0,0,3,0.0,0.0,0.0
2,0,0,3,0.0062647386075502,31.3310781797656,559.382276360243
2,0,0,3,0.0062360728088946,25.910112949945,141.536400614345
2,0,0,3,0.0,0.0,0.0
2,0,0,3,0.0045110264765772,52.2377435796006,335.977888402065
2,0,0,3,0.0063766031808014,24.4886050243952,506.117613779209
2,0,0,3,0.0,0.0,0.0
2,0,0,3,0.0,0.0,0.0
2,0,0,3,0.0,0.0,0.0
