cost_model,startup,shutdown,n_coefficients,coeff_n,coeff1,coeff0
2,0,0,3,0.0,0.0,0.0
2,0,0,3,0.0,0.0,0.0
2,0,0,3,0.0,0.0,0.0
2,0,0,3,0.0074278237361431,26.4991714158085,1440.18724868937
2,0,0,3,0.0029201448330411,38.0240187178967,2604.95659147036
2,0,0,3,0.0041992335954736,43.6104537210925,399.566027850031
2,0,0,3,0.0072241233032642,48.2548713641955,379.229426918922
2,0,0,3,0.0062980261819841,39.8870834491489,326.640938762344
2,0,0,3,0.0029326443599097,56.6362397394764,18.230569874003
2,0,0,3,0.0,0.0,0.0
2,0,0,3,0.0,0.0,0.0
2,0,0,3,0.0029988005395787,54.7806484806803,3526.31737764207
2,0,0,3,0.0,0.0,0.0
2,0,0,3,0.0,0.0,0.0
2,0,0,3,0.0079462929923226,56.2028495472829,2986.295214434
2,0,0,3,0.0,0.0,0.0
2,0,0,3,0.0,0.0,0.0
2,0,0,3,0.0,0.0,0.0
2,0,0,3,0.0,0.0,0.0
2,0,0,3,0.005173886489691,38.7851947667565,139.987370053644
2,0,0,3,0.0,0.0,0.0
2,0,0,3,0.0039299740197523,47.6932280254432,202.916868734255
2,0,0,3,0.0,0.0,0.0
2,0,0,3,0.0,0.0,0.0
2,0,0,3,0.0049169472676573,35.3487975095044,173.114270435304
2,0,0,3,0.0059279613426519,37.0698714989671,466.707623068433
2,0,0,3,0.0,0.0,0.0
2,0,0,3,0.0071946506682281,44.1248867404609,387.228224006493
2,0,0,3,0.0,0.0,0.0
2,0,0,3,0.0,0.0,0.0
2,0,0,3,0.0,0.0,0.0
2,0,0,3,0.0041376974502478,40.2837958992217,72.0387391698799
