bus_number,P_output,Q_output,voltage_mag,gen_status,P_max,P_min
3,1338.44369963329,0,1,1,1338.44369963329,0
4,1189.49832941945,0,1,1,1189.49832941945,0
8,0.0,0,1,0,398.679681332895,0
12,1037.86789935456,0,1,1,1037.86789935456,0
13,775.529122075205,0,1,1,900.229694423218,0
25,0.0,0,1,0,439.462603091317,0
27,882.100492246703,0,1,1,882.100492246703,0
29,0.0,0,1,0,716.249222204851,0
32,472.409735643332,0,1,1,472.409735643332,0
35,0.0,0,1,0,389.82990547983,0
47,160.034554279149,0,1,1,160.034554279149,0
48,0.0,0,1,0,360.149205432612,0
58,0.0,0,1,0,253.78183679956,0
73,0.0,0,1,0,222.470863277611,0
74,164.042680847847,0,1,1,164.042680847847,0
75,1.3937244270295901e-15,0,1,1,172.156291372728,0
85,131.992754849341,0,1,1,131.992754849341,0
86,46.4264386044173,0,1,1,46.4264386044173,0
88,0.0,0,1,0,178.198978226621,0
95,48.7853289799736,0,1,1,148.614293300341,0
101,35.2929171450744,0,1,1,35.2929171450744,0
108,0.0,0,1,0,368.002092432514,0
109,22.0534140460447,0,1,1,22.0534140460447,0
110,13.2941080690726,0,1,1,13.2941080690726,0
111,336.457407161563,0,1,1,336.457407357228,0
115,0.0,0,1,0,243.5882877962,0
117,10.5748401059872,0,1,1,10.5748401059872,0
