cost_model,startup,shutdown,n_coefficients,coeff_n,coeff1,coeff0
2,0,0,3,0.0062088927871027,30.4888189861335,3446.07224597656
2,0,0,3,0.0049947861654025,39.1874294860401,24.9981296540625
2,0,0,3,0.0,0.0,0.0
2,0,0,3,0.0,0.0,0.0
2,0,0,3,0.0037173373234592,23.8437349866205,2132.09274184589
2,0,0,3,0.0024254215587419,38.760345514395,1701.19202729001
2,0,0,3,0.0,0.0,0.0
2,0,0,3,0.0048625422427913,43.7409082756194,1885.42495222485
2,0,0,3,0.0,0.0,0.0
2,0,0,3,0.0045927344899572,31.5069651306345,2761.2299574005
2,0,0,3,0.0,0.0,0.0
2,0,0,3,0.0056698000476262,36.5784535911977,553.808304377478
2,0,0,3,0.0,0.0,0.0
2,0,0,3,0.0043239892624111,48.8767294767229,115.529159237719
2,0,0,3,0.0,0.0,0.0
2,0,0,3,0.0,0.0,0.0
2,0,0,3,0.0,0.0,0.0
2,0,0,3,0.0026282452279049,33.1371171836607,3782.39834139003
2,0,0,3,0.0,0.0,0.0
2,0,0,3,0.0021356015722578,25.7945405420025,565.94373136531
2,0,0,3,0.0,0.0,0.0
2,0,0,3,0.0042181024520321,34.7378596023693,121.400487861419
2,0,0,3,0.0,0.0,0.0
2,0,0,3,0.0,0.0,0.0
2,0,0,3,0.0,0.0,0.0
2,0,0,3,0.0,0.0,0.0
2,0,0,3,0.0070121639766136,31.2281567856086,969.753309912956
2,0,0,3,0.0,0.0,0.0
2,0,0,3,0.0,0.0,0.0
2,0,0,3,0.0,0.0,0.0
