bus_number,P_output,Q_output,voltage_mag,gen_status,P_max,P_min
4,1513.70940644466,0,1,1,1513.70940644466,0
5,1047.12748692104,0,1,1,1480.71372107473,0
6,77.5381094799529,0,1,1,77.5381094799529,0
7,0.0,0,1,0,491.89523142654,0
8,189.498859291141,0,1,1,189.498859291141,0
11,0.0,0,1,0,787.417690021422,0
25,-1.16333994300816e-15,0,1,1,30.2683679375626,0
30,414.149120247492,0,1,1,414.149120247492,0
31,124.728963089778,0,1,1,124.728963089778,0
33,164.603245233189,0,1,1,164.603245233189,0
34,1.3644697473993301e-14,0,1,1,337.338234002549,0
40,116.233436119896,0,1,1,116.233436119896,0
42,248.972483222211,0,1,1,248.972483222211,0
43,18.3224054135411,0,1,1,114.089947107117,0
44,47.994077748716,0,1,1,47.994077748716,0
46,114.937307334303,0,1,1,114.937307334303,0
51,1.18870054750654e-14,0,1,1,124.647614228225,0
54,66.6340672167096,0,1,1,66.6340672167096,0
58,137.103177215948,0,1,1,147.349538236378,0
60,0.0,0,1,0,270.820514470327,0
61,3.63319143230273,0,1,1,11.644671184946,0
63,113.474806105605,0,1,1,113.474806105605,0
72,219.977954921451,0,1,1,219.977954921451,0
74,0.0,0,1,0,675.776169675408,0
91,6.59135510930543,0,1,1,6.59135510930544,0
94,69.0262932605112,0,1,1,151.88263992777,0
96,442.685888913217,0,1,1,442.685888913217,0
97,0.0,0,1,0,286.86930668812,0
99,0.0,0,1,0,331.59741257303,0
100,421.820495948849,0,1,1,421.820495948849,0
103,224.568469107504,0,1,1,224.568469107504,0
109,398.519982915381,0,1,1,398.519982915381,0
112,97.5996730473733,0,1,1,97.5996730473733,0
117,347.469255200243,0,1,1,347.469255200243,0
118,37.8842115207026,0,1,1,37.8842115207026,0
