bus_number,P_output,Q_output,voltage_mag,gen_status,P_max,P_min
4,3.39516932044761,0,1,1,3.39516932047166,0
7,0.0,0,1,0,150.225291171607,0
9,0.0,0,1,0,188.761788940992,0
19,578.7232155783,0,1,1,865.024148425499,0
20,130.319061644759,0,1,1,130.319061644752,0
24,0.0,0,1,0,330.946496449919,0
31,676.661194069643,0,1,1,676.661194069834,0
34,838.883335885641,0,1,1,838.883335885739,0
35,0.0,0,1,0,234.590809720393,0
38,0.0,0,1,0,428.108310557266,0
40,472.329819182189,0,1,1,472.329819182214,0
41,0.0,0,1,0,119.268309765805,0
48,0.0,0,1,0,374.410741404351,0
51,576.523061306123,0,1,1,576.523061306145,0
55,118.935078938582,0,1,1,118.935078938586,0
56,0.0,0,1,0,123.343088851614,0
62,49.5908554797705,0,1,1,49.5908554797751,0
65,111.950569536661,0,1,1,111.950569536636,0
67,100.471592298889,0,1,1,100.471592299022,0
71,460.46741554185,0,1,1,460.46741554185,0
78,533.765682135934,0,1,1,611.334435682751,0
82,518.473250661604,0,1,1,518.47325066162,0
87,0.0,0,1,0,233.014161078815,0
88,109.950602259071,0,1,1,109.950602259068,0
90,125.148651703104,0,1,1,125.14865170311,0
91,82.7979431459771,0,1,1,82.7979431484983,0
93,669.214573663483,0,1,1,669.214573663502,0
98,0.0,0,1,0,333.832976674298,0
99,0.0,0,1,0,120.73778491015,0
102,271.792126225194,0,1,1,271.792126225205,0
104,97.6037658426362,0,1,1,97.6037658426352,0
107,76.5256050161062,0,1,1,76.5256050161011,0
108,9.40774493582116e-10,0,1,1,14.1171264159414,0
116,61.2811530240495,0,1,1,61.2811530240526,0
