cost_model,startup,shutdown,n_coefficients,coeff_n,coeff1,coeff0
2,0,0,3,0.0,0.0,0.0
2,0,0,3,0.0,0.0,0.0
2,0,0,3,0.0,0.0,0.0
2,0,0,3,0.0,0.0,0.0
2,0,0,3,0.0048155323474395,38.1901293963621,3352.32308074632
2,0,0,3,0.0031394091304023,49.1393150971631,874.975625308382
2,0,0,3,0.0,0.0,0.0
2,0,0,3,0.0,0.0,0.0
2,0,0,3,0.0,0.0,0.0
2,0,0,3,0.0059795050781768,27.2576550443075,2280.8040066972
2,0,0,3,0.0,0.0,0.0
2,0,0,3,0.0028873031956475,45.3655809772508,1490.75674363276
2,0,0,3,0.0,0.0,0.0
2,0,0,3,0.0072473357824842,55.2390380512947,36.8429758531918
2,0,0,3,0.0,0.0,0.0
2,0,0,3,0.0,0.0,0.0
2,0,0,3,0.0078150294231256,46.5998798003258,303.633827793117
2,0,0,3,0.0,0.0,0.0
2,0,0,3,0.0066800379980536,53.5257794258471,455.031609061044
2,0,0,3,0.0071169395711447,27.1477391036262,3848.93202839222
2,0,0,3,0.0042415600650107,29.6440987555897,17.514121996958
2,0,0,3,0.0,0.0,0.0
2,0,0,3,0.0,0.0,0.0
2,0,0,3,0.0,0.0,0.0
2,0,0,3,0.0,0.0,0.0
2,0,0,3,0.0067150438368789,40.3479887868532,2969.8440158607
2,0,0,3,0.0050762868268718,45.0295326913717,241.630264654755
