cost_model,startup,shutdown,n_coefficients,coeff_n,coeff1,coeff0
2,0,0,3,0.0035506122235291,45.0040026371655,3848.33947680997
2,0,0,3,0.0028210038635451,31.3288541107178,814.09648071367
2,0,0,3,0.0,0.0,0.0
2,0,0,3,0.0,0.0,0.0
2,0,0,3,0.0,0.0,0.0
2,0,0,3,0.0065371653227616,44.8450532938529,480.677876685038
2,0,0,3,0.0,0.0,0.0
2,0,0,3,0.0,0.0,0.0
2,0,0,3,0.0,0.0,0.0
2,0,0,3,0.0,0.0,0.0
2,0,0,3,0.0,0.0,0.0
2,0,0,3,0.0032822189638242,30.213492323622,3193.83939979046
2,0,0,3,0.0049291203898226,51.3948411759279,237.83662772054
2,0,0,3,0.0,0.0,0.0
2,0,0,3,0.0060239788780775,32.3011986694233,366.838277246357
2,0,0,3,0.006287477155691,40.1569042132162,1799.3156527207
2,0,0,3,0.0039520676984652,32.575556698833,92.5387781125767
2,0,0,3,0.0077649036651795,23.9727228182147,282.673401614737
2,0,0,3,0.0053233732851501,45.9118960861554,490.557000562738
2,0,0,3,0.0029620931257401,36.5238251176921,1075.92918984244
2,0,0,3,0.0,0.0,0.0
2,0,0,3,0.0,0.0,0.0
2,0,0,3,0.0,0.0,0.0
2,0,0,3,0.0,0.0,0.0
2,0,0,3,0.0,0.0,0.0
2,0,0,3,0.0,0.0,0.0
2,0,0,3,0.0,0.0,0.0
