bus_number,P_output,Q_output,voltage_mag,gen_status,P_max,P_min
12,1025.68109500731,0,1,1,1025.68109500731,0
15,0.0,0,1,0,56.688957492185,0
22,744.422318470191,0,1,1,744.422318470191,0
26,0.0,0,1,0,328.386875322017,0
27,258.959614765779,0,1,1,258.959614765779,0
29,685.127892940883,0,1,1,685.127892940883,0
31,0.0,0,1,0,513.652421015694,0
33,0.0,0,1,0,557.111210423224,0
44,0.0,0,1,0,658.645788200253,0
50,92.2244011602778,0,1,1,92.2244011602778,0
52,0.0,0,1,0,501.972292716255,0
56,228.111073411171,0,1,1,228.111073411171,0
60,677.758055743061,0,1,1,1093.65766186455,0
65,1046.44589437647,0,1,1,1046.44589437647,0
71,22.6339714235638,0,1,1,222.153388321009,0
76,0.0,0,1,0,496.390559564352,0
79,0.0,0,1,0,197.382739677776,0
84,36.2735912198119,0,1,1,36.2735912198119,0
90,0.0,0,1,0,41.4486368800924,0
95,171.269271779117,0,1,1,171.269271779117,0
98,182.840251451178,0,1,1,182.840251451178,0
102,1.28067396576222,0,1,1,1.28067396576222,0
104,161.422927108973,0,1,1,161.422927108973,0
106,159.102615113497,0,1,1,159.102615113497,0
107,932.629779607494,0,1,1,932.629779607494,0
108,18.6010232862008,0,1,1,18.6010232862008,0
111,220.019271630279,0,1,1,220.019271630279,0
