bus_number,P_output,Q_output,voltage_mag,gen_status,P_max,P_min
2,867.279828204272,0,1,1,970.025341768411,0
4,17.8530143758455,0,1,1,17.8530143758455,0
9,616.018109640815,0,1,1,616.018109640815,0
10,0.0,0,1,0,49.7435646579822,0
23,0.0,0,1,0,3.91739469012688,0
28,140.558869587354,0,1,1,409.132303124844,0
32,0.0,0,1,0,576.900051608194,0
34,206.524723936461,0,1,1,206.524723936461,0
35,0.0,0,1,0,195.730299815006,0
36,356.680286308008,0,1,1,356.680286308008,0
39,893.438302132539,0,1,1,893.438302132539,0
42,238.221902847789,0,1,1,238.221902847789,0
45,855.466138380005,0,1,1,855.466138380005,0
54,346.959449093306,0,1,1,346.959449093306,0
55,0.0,0,1,0,542.083257688139,0
65,196.720917371892,0,1,1,196.720917371892,0
68,302.478627612978,0,1,1,302.478627612978,0
69,251.426677608822,0,1,1,721.557227394526,0
74,131.604379858734,0,1,1,131.604379858734,0
79,-4.80262110766804e-16,0,1,1,134.003567962082,0
80,0.0,0,1,0,477.262747093113,0
87,227.580142566522,0,1,1,340.542253609668,0
91,629.110108908858,0,1,1,881.509323282632,0
94,0.0,0,1,0,566.839755302681,0
96,386.882244026823,0,1,1,386.882244026823,0
110,0.0,0,1,0,134.20506895948,0
114,0.0,0,1,0,79.6019742297265,0
