cost_model,startup,shutdown,n_coefficients,coeff_n,coeff1,coeff0
2,0,0,3,0.007523201512922,24.9922184910017,1176.46847330107
2,0,0,3,0.0,0.0,0.0
2,0,0,3,0.0,0.0,0.0
2,0,0,3,0.0,0.0,0.0
2,0,0,3,0.0,0.0,0.0
2,0,0,3,0.0,0.0,0.0
2,0,0,3,0.0061540371985923,31.2500110871565,2320.39840121003
2,0,0,3,0.0054883247050111,26.4858060513701,3231.27568328419
2,0,0,3,0.0,0.0,0.0
2,0,0,3,0.0,0.0,0.0
2,0,0,3,0.0,0.0,0.0
2,0,0,3,0.0,0.0,0.0
2,0,0,3,0.0039598906574125,24.9307292798126,1288.27690370263
2,0,0,3,0.0050158115190906,32.8477544061181,1518.58542598248
2,0,0,3,0.0055590202984078,44.1303374830475,3405.97131638494
2,0,0,3,0.0,0.0,0.0
2,0,0,3,0.0,0.0,0.0
2,0,0,3,0.0042721082836486,40.6061917221049,562.207902956547
2,0,0,3,0.0,0.0,0.0
2,0,0,3,0.0035323586105681,51.0175841371732,66.9228306644642
2,0,0,3,0.0,0.0,0.0
2,0,0,3,0.0024085499660928,26.1568819351649,327.240273497412
2,0,0,3,0.005800385084034,53.5733207259655,218.824371978198
2,0,0,3,0.0,0.0,0.0
2,0,0,3,0.0,0.0,0.0
2,0,0,3,0.0,0.0,0.0
2,0,0,3,0.0,0.0,0.0
2,0,0,3,0.0059784447332824,51.9098542761059,289.919867557868
