bus_number,P_output,Q_output,voltage_mag,gen_status,P_max,P_min
4,553.458154838736,0,1,1,964.655496267777,0
7,30.6823969656715,0,1,1,30.682397001814,0
9,488.069226407659,0,1,1,488.069226425674,0
11,45.9681785048663,0,1,1,199.500310235465,0
16,31.3724797818577,0,1,1,31.3724797866817,0
17,202.560884744627,0,1,1,202.560884748369,0
28,76.9385561062026,0,1,1,76.9385561098616,0
31,51.824245385187,0,1,1,51.8242453878306,0
33,0.0,0,1,0,417.985057115855,0
40,0.0,0,1,0,529.517400107358,0
42,719.612238724368,0,1,1,719.612238752229,0
43,620.029588804333,0,1,1,858.509208288358,0
60,0.0,0,1,0,251.196180386584,0
61,841.195505423144,0,1,1,841.195505429177,0
66,820.513148528256,0,1,1,820.513148531904,0
67,720.098698121808,0,1,1,812.508280593457,0
73,1.9951335298347,0,1,1,1.99513375265476,0
74,0.0,0,1,0,306.82961299414,0
75,0.0,0,1,0,349.217997550666,0
84,0.0,0,1,0,269.835232036465,0
86,0.0,0,1,0,558.745519189024,0
92,218.183602054895,0,1,1,218.183602058138,0
93,184.371133967923,0,1,1,184.371134051668,0
101,167.503930840931,0,1,1,167.503930844994,0
107,673.048104701301,0,1,1,673.048104704346,0
109,0.0,0,1,0,388.152829368631,0
111,17.3710528160937,0,1,1,17.3710528253816,0
114,27.2730891236507,0,1,1,27.2730891329783,0
116,172.734373089671,0,1,1,172.734373094319,0
