cost_model,startup,shutdown,n_coefficients,coeff_n,coeff1,coeff0
2,0,0,3,0.0,0.0,0.0
2,0,0,3,0.003765558093221,44.9415522265751,1175.17347002625
2,0,0,3,0.0,0.0,0.0
2,0,0,3,0.0045962381324667,37.0117439535805,1761.19552360544
2,0,0,3,0.0,0.0,0.0
2,0,0,3,0.0,0.0,0.0
2,0,0,3,0.0047593883217332,38.7470078210234,2446.36785581999
2,0,0,3,0.0,0.0,0.0
2,0,0,3,0.0,0.0,0.0
2,0,0,3,0.0,0.0,0.0
2,0,0,3,0.0075850991623095,27.0264982710687,458.083919852524
2,0,0,3,0.0026047421231909,48.1540138564871,2285.91107111701
2,0,0,3,0.0,0.0,0.0
2,0,0,3,0.0,0.0,0.0
2,0,0,3,0.0,0.0,0.0
2,0,0,3,0.0051107333361257,54.3450897042562,2121.99246904869
2,0,0,3,0.0067811431404634,26.3666955505665,3096.91534337603
2,0,0,3,0.0065521140660053,25.95522338182,424.647971401951
2,0,0,3,0.0,0.0,0.0
2,0,0,3,0.0075331161643793,28.1233643217966,433.491439044917
2,0,0,3,0.0,0.0,0.0
2,0,0,3,0.0,0.0,0.0
2,0,0,3,0.0062334520462434,55.0241288720471,310.15368970123
2,0,0,3,0.0070764885794478,52.7136779939581,107.544588062568
2,0,0,3,0.0,0.0,0.0
2,0,0,3,0.0,0.0,0.0
2,0,0,3,0.003006093151207,44.9820699998606,517.428488052924
2,0,0,3,0.0,0.0,0.0
2,0,0,3,0.0,0.0,0.0
2,0,0,3,0.0,0.0,0.0
2,0,0,3,0.0075146133711694,46.8572940244807,466.769358267622
2,0,0,3,0.0072234922969342,29.2825580689544,346.620916619883
2,0,0,3,0.0,0.0,0.0
2,0,0,3,0.0,0.0,0.0
2,0,0,3,0.0026483217871827,33.854576733291,120.245750858448
2,0,0,3,0.0,0.0,0.0
2,0,0,3,0.0064825331359858,50.609525936109,571.781056039196
2,0,0,3,0.0,0.0,0.0
2,0,0,3,0.0030339987828091,51.848523395642,275.180858621237
