cost_model,startup,shutdown,n_coefficients,coeff_n,coeff1,coeff0
2,0,0,3,0.0073213449971687,51.6847242231684,493.233828434323
2,0,0,3,0.0031771887264042,48.4131628453762,3484.50565880372
2,0,0,3,0.0,0.0,0.0
2,0,0,3,0.0,0.0,0.0
2,0,0,3,0.0054050607038087,32.6816534818203,90.9602180113165
2,0,0,3,0.0063060350866016,49.6836060460629,154.715898387419
2,0,0,3,0.0077806557096558,44.171641939437,1881.92338569102
2,0,0,3,0.0056289960454048,42.1721728182615,191.919398179298
2,0,0,3,0.0025611467381406,26.7027786591251,273.25071464716
2,0,0,3,0.0,0.0,0.0
2,0,0,3,0.0065426616686973,37.1710085834155,3646.49720732937
2,0,0,3,0.0035031361526034,36.7645561822375,215.717776244489
2,0,0,3,0.0,0.0,0.0
2,0,0,3,0.0,0.0,0.0
2,0,0,3,0.0064604462952354,45.4554384579414,2159.03859502196
2,0,0,3,0.0,0.0,0.0
2,0,0,3,0.0,0.0,0.0
2,0,0,3,0.0,0.0,0.0
2,0,0,3,0.0,0.0,0.0
2,0,0,3,0.0049011212698648,43.7256053227678,47.384262521209
2,0,0,3,0.0,0.0,0.0
2,0,0,3,0.005819863216866,43.5515233223526,287.390517008496
2,0,0,3,0.0,0.0,0.0
2,0,0,3,0.0,0.0,0.0
2,0,0,3,0.0,0.0,0.0
2,0,0,3,0.0,0.0,0.0
2,0,0,3,0.0,0.0,0.0
2,0,0,3,0.0,0.0,0.0
2,0,0,3,0.0028547611845295,26.2748966564952,575.580772476983
2,0,0,3,0.0,0.0,0.0
2,0,0,3,0.0,0.0,0.0
2,0,0,3,0.0,0.0,0.0
2,0,0,3,0.0,0.0,0.0
2,0,0,3,0.0,0.0,0.0
2,0,0,3,0.0064026422115443,29.1241731191672,347.334753455975
