cost_model,startup,shutdown,n_coefficients,coeff_n,coeff1,coeff0
2,0,0,3,0.0027927698596912,54.4828937259456,2657.18358862115
2,0,0,3,0.0,0.0,0.0
2,0,0,3,0.0,0.0,0.0
2,0,0,3,0.0,0.0,0.0
2,0,0,3,0.0,0.0,0.0
2,0,0,3,0.0,0.0,0.0
2,0,0,3,0.0025778844472202,54.6665126009593,552.845519398957
2,0,0,3,0.0,0.0,0.0
2,0,0,3,0.0,0.0,0.0
2,0,0,3,0.0,0.0,0.0
2,0,0,3,0.0054680096499039,54.6752176699868,124.921876945516
2,0,0,3,0.0,0.0,0.0
2,0,0,3,0.0,0.0,0.0
2,0,0,3,0.0,0.0,0.0
2,0,0,3,0.0020267716963673,52.8412533104159,379.364070438934
2,0,0,3,0.0054670519906447,34.5822460138617,2524.22768832484
2,0,0,3,0.0,0.0,0.0
2,0,0,3,0.0,0.0,0.0
2,0,0,3,0.0072105066179294,54.6455024764432,3622.01451291954
2,0,0,3,0.0,0.0,0.0
2,0,0,3,0.0,0.0,0.0
2,0,0,3,0.0058805335228455,56.9291910385981,1253.83337861453
2,0,0,3,0.0041144983760701,40.2267588737609,365.995234270682
2,0,0,3,0.0,0.0,0.0
2,0,0,3,0.0036374470511269,44.5804310357289,3102.84258215034
2,0,0,3,0.0046966280627914,23.6460267714795,21.7365443750837
2,0,0,3,0.0062699676718034,51.7447814736646,535.866984960087
