cost_model,startup,shutdown,n_coefficients,coeff_n,coeff1,coeff0
2,0,0,3,0.0,0.0,0.0
2,0,0,3,0.0033784228622752,29.8739572586582,1409.54916418266
2,0,0,3,0.0,0.0,0.0
2,0,0,3,0.0,0.0,0.0
2,0,0,3,0.0079486197606889,39.2405105092351,585.745449086101
2,0,0,3,0.0068780632875891,52.1113568558163,307.473569696328
2,0,0,3,0.0,0.0,0.0
2,0,0,3,0.0,0.0,0.0
2,0,0,3,0.0069800749817094,54.4278382033581,51.7989665461752
2,0,0,3,0.0,0.0,0.0
2,0,0,3,0.0,0.0,0.0
2,0,0,3,0.0,0.0,0.0
2,0,0,3,0.002238016484365,52.6316634982619,375.619868197411
2,0,0,3,0.0052611928674015,45.3831464942136,3355.73582545102
2,0,0,3,0.0,0.0,0.0
2,0,0,3,0.0,0.0,0.0
2,0,0,3,0.00588698382722,44.5827828762331,3845.33575135326
2,0,0,3,0.0,0.0,0.0
2,0,0,3,0.0041639867621275,55.1864970343733,1791.6427736328
2,0,0,3,0.0078369312714181,35.0284936536666,2853.50058722794
2,0,0,3,0.0,0.0,0.0
2,0,0,3,0.0,0.0,0.0
2,0,0,3,0.0036787706976972,40.025492196198,2591.47151087894
2,0,0,3,0.0,0.0,0.0
2,0,0,3,0.0,0.0,0.0
2,0,0,3,0.0063090802796598,51.8942014289183,44.929300335323
2,0,0,3,0.0,0.0,0.0
2,0,0,3,0.0,0.0,0.0
2,0,0,3,0.0,0.0,0.0
