cost_model,startup,shutdown,n_coefficients,coeff_n,coeff1,coeff0
2,0,0,3,0.0063795493596289,47.1857650848881,357.247011360957
2,0,0,3,0.0,0.0,0.0
2,0,0,3,0.003167700270612,33.5169960996705,2649.30496260838
2,0,0,3,0.0,0.0,0.0
2,0,0,3,0.0,0.0,0.0
2,0,0,3,0.0064410641628127,52.6418401583822,1110.78771651993
2,0,0,3,0.0055916566180471,46.1061094281641,349.63531342367
2,0,0,3,0.0,0.0,0.0
2,0,0,3,0.0055203537508982,39.429376779583,212.167215256959
2,0,0,3,0.0052065053720011,40.3045897356503,3381.57734929264
2,0,0,3,0.0062608140389709,38.1296992111677,505.114605333296
2,0,0,3,0.0025073675713984,26.3560706042975,222.873195717002
2,0,0,3,0.0,0.0,0.0
2,0,0,3,0.0,0.0,0.0
2,0,0,3,0.0,0.0,0.0
2,0,0,3,0.0,0.0,0.0
2,0,0,3,0.0,0.0,0.0
2,0,0,3,0.0079480061414209,50.6007742375021,1.39051691515546
2,0,0,3,0.0,0.0,0.0
2,0,0,3,0.0,0.0,0.0
2,0,0,3,0.0,0.0,0.0
2,0,0,3,0.0,0.0,0.0
2,0,0,3,0.0,0.0,0.0
2,0,0,3,0.0,0.0,0.0
2,0,0,3,0.0027771771734835,53.1745207188593,1873.86519721378
2,0,0,3,0.0,0.0,0.0
