bus_number,P_output,Q_output,voltage_mag,gen_status,P_max,P_min
18,455.910463893341,0,1,1,455.910463893341,0
22,1716.35726595931,0,1,1,1727.25409647947,0
24,472.132345437394,0,1,1,472.132345437394,0
26,1072.70839131875,0,1,1,1159.05070603504,0
30,390.904010429099,0,1,1,390.904010429099,0
33,276.871218823492,0,1,1,657.533256767874,0
36,129.435700661663,0,1,1,247.687799939732,0
40,0.0,0,1,0,335.992037811284,0
46,20.8812370812392,0,1,1,20.8812370812392,0
47,447.06898107204,0,1,1,447.068981072041,0
59,0.0,0,1,0,23.5840580926641,0
60,259.479644272366,0,1,1,259.479644272366,0
63,4.07525847542335e-16,0,1,1,318.784977363436,0
67,34.3270445968875,0,1,1,34.3270445968875,0
70,0.0,0,1,0,333.104728053407,0
71,31.3110072370923,0,1,1,301.368660234187,0
76,-5.15181900499554e-17,0,1,1,157.931761648928,0
81,7.71283181805479e-16,0,1,1,176.296861708717,0
82,397.83196369168,0,1,1,722.209401978719,0
83,0.0,0,1,0,1015.58661790481,0
87,40.3780448238624,0,1,1,294.943787035301,0
89,1.0312395708908701e-15,0,1,1,58.7164123404457,0
100,0.0,0,1,0,71.7568489992272,0
109,5.15380883055111,0,1,1,35.343893263964,0
110,172.659748175816,0,1,1,172.659748175816,0
111,585.450786716484,0,1,1,585.450786716484,0
116,155.942059439932,0,1,1,155.942059439932,0
