cost_model,startup,shutdown,n_coefficients,coeff_n,coeff1,coeff0
2,0,0,3,0.0,0.0,0.0
2,0,0,3,0.006937221466276,56.1649121468418,3291.56146596143
2,0,0,3,0.0,0.0,0.0
2,0,0,3,0.0,0.0,0.0
2,0,0,3,0.0,0.0,0.0
2,0,0,3,0.0,0.0,0.0
2,0,0,3,0.0,0.0,0.0
2,0,0,3,0.0,0.0,0.0
2,0,0,3,0.0021809757781681,40.0589370435165,1338.52222073606
2,0,0,3,0.0,0.0,0.0
2,0,0,3,0.0061789891257226,38.8085071510345,72.4777078914213
2,0,0,3,0.0032498831249778,33.2072671142198,316.539118778612
2,0,0,3,0.0,0.0,0.0
2,0,0,3,0.0070992998450907,35.9729510089206,3344.61187672674
2,0,0,3,0.0,0.0,0.0
2,0,0,3,0.0,0.0,0.0
2,0,0,3,0.0,0.0,0.0
2,0,0,3,0.0048695899379007,42.9007982831679,480.891208692338
2,0,0,3,0.0034742014934871,34.5693221947225,481.574464935732
2,0,0,3,0.0,0.0,0.0
2,0,0,3,0.0,0.0,0.0
2,0,0,3,0.0038425446516381,34.9688295221473,3499.74561723896
2,0,0,3,0.0,0.0,0.0
2,0,0,3,0.0031178746840403,51.8328409736547,372.850633949346
2,0,0,3,0.0,0.0,0.0
2,0,0,3,0.0,0.0,0.0
2,0,0,3,0.0055227105387921,55.6949781691532,2017.30305811979
2,0,0,3,0.0,0.0,0.0
2,0,0,3,0.0050312321815139,30.341477383491,411.347687786382
