cost_model,startup,shutdown,n_coefficients,coeff_n,coeff1,coeff0
2,0,0,3,0.0023885349070068,32.0324031807498,273.751380435482
2,0,0,3,0.0,0.0,0.0
2,0,0,3,0.0037572351722477,45.1317957265624,2733.30387013917
2,0,0,3,0.0073018253736714,42.7508983669103,2104.00252364037
2,0,0,3,0.0031815151274263,50.5612197864213,609.437439120432
2,0,0,3,0.0,0.0,0.0
2,0,0,3,0.0,0.0,0.0
2,0,0,3,0.0036094310219696,53.8866203469334,529.265610154949
2,0,0,3,0.0,0.0,0.0
2,0,0,3,0.0,0.0,0.0
2,0,0,3,0.0,0.0,0.0
2,0,0,3,0.0,0.0,0.0
2,0,0,3,0.0052531183963784,26.062948915241,579.386831602791
2,0,0,3,0.0,0.0,0.0
2,0,0,3,0.0067812476728109,38.1288535040838,285.868928330585
2,0,0,3,0.0,0.0,0.0
2,0,0,3,0.0,0.0,0.0
2,0,0,3,0.0074537629982557,48.6589689465984,475.928895039925
2,0,0,3,0.0,0.0,0.0
2,0,0,3,0.0,0.0,0.0
2,0,0,3,0.0,0.0,0.0
2,0,0,3,0.0,0.0,0.0
2,0,0,3,0.0,0.0,0.0
2,0,0,3,0.0032131470098107,41.1702989973106,36.1166106864549
2,0,0,3,0.0065406061388383,34.9484802346725,1146.35729430047
2,0,0,3,0.0,0.0,0.0
2,0,0,3,0.0062214252152585,27.140461639912,482.670786521648
