bus_number,P_output,Q_output,voltage_mag,gen_status,P_max,P_min
3,96.5394293782693,0,1,1,96.5394293782695,0
4,39.1111871826018,0,1,1,157.645450527312,0
6,83.0694209616728,0,1,1,83.069420961673,0
11,90.6674862088524,0,1,1,90.6674862088526,0
18,275.976489551812,0,1,1,351.560136501887,0
20,1004.26146081524,0,1,1,1674.47626032192,0
22,351.140024767913,0,1,1,351.140024767914,0
40,0.0,0,1,0,1016.19004237574,0
44,195.85661445497,0,1,1,195.856614454971,0
51,711.866613091587,0,1,1,711.866613091587,0
53,60.6613592538209,0,1,1,60.6613592538217,0
56,1.5019929957536799e-12,0,1,1,0.780787969017893,0
66,673.270314578793,0,1,1,673.270314578794,0
73,333.243432849283,0,1,1,333.243432849284,0
74,271.168910381454,0,1,1,271.168910381454,0
79,453.523359772682,0,1,1,499.580981342386,0
83,20.0238015784883,0,1,1,20.0238015784884,0
90,0.0,0,1,0,721.369901075953,0
91,267.147511873865,0,1,1,538.385367724493,0
92,613.791518035343,0,1,1,613.791518035344,0
96,374.092327973936,0,1,1,374.092327973936,0
97,0.0,0,1,0,585.213119973001,0
99,380.222280541768,0,1,1,380.222280541768,0
100,145.040857105995,0,1,1,145.040857105995,0
101,74.8699153678082,0,1,1,74.8699153678096,0
107,149.259406734871,0,1,1,149.259406734871,0
117,0.0,0,1,0,461.916465695262,0
