cost_model,startup,shutdown,n_coefficients,coeff_n,coeff1,coeff0
2,0,0,3,0.0,0.0,0.0
2,0,0,3,0.0073860034784113,46.251249833113,2858.30376091944
2,0,0,3,0.0,0.0,0.0
2,0,0,3,0.0071156455743513,28.1344302107628,1801.77627947482
2,0,0,3,0.0,0.0,0.0
2,0,0,3,0.0070903272755979,38.7600685090124,575.249439126909
2,0,0,3,0.0,0.0,0.0
2,0,0,3,0.005731223094135,28.4634820862108,202.08743765609
2,0,0,3,0.0,0.0,0.0
2,0,0,3,0.0,0.0,0.0
2,0,0,3,0.0,0.0,0.0
2,0,0,3,0.0,0.0,0.0
2,0,0,3,0.0026212066325418,56.5683112275418,64.580771197712
2,0,0,3,0.0046257775735858,29.4752606150502,177.897675217592
2,0,0,3,0.0038105492128606,46.4064662403144,214.800166232677
2,0,0,3,0.004542635808362,51.3828387571261,1854.32611589173
2,0,0,3,0.0,0.0,0.0
2,0,0,3,0.0,0.0,0.0
2,0,0,3,0.0,0.0,0.0
2,0,0,3,0.0,0.0,0.0
2,0,0,3,0.0,0.0,0.0
2,0,0,3,0.0054902067233776,28.0935015074189,3007.19219083151
2,0,0,3,0.0,0.0,0.0
2,0,0,3,0.004401163279749,49.0997724075626,3144.78608011262
2,0,0,3,0.0,0.0,0.0
2,0,0,3,0.0026139941269249,44.0725226792065,2129.63793939206
2,0,0,3,0.0,0.0,0.0
