cost_model,startup,shutdown,n_coefficients,coeff_n,coeff1,coeff0
2,0,0,3,0.0046173777362546,25.3672055436787,3275.33185855018
2,0,0,3,0.0038654056389225,50.1891210697568,2217.13244113212
2,0,0,3,0.0,0.0,0.0
2,0,0,3,0.0,0.0,0.0
2,0,0,3,0.0,0.0,0.0
2,0,0,3,0.0038421444766227,50.2506259241739,42.102147563206
2,0,0,3,0.0054384879707688,40.0655846966577,385.987199169577
2,0,0,3,0.0,0.0,0.0
2,0,0,3,0.0053382864670604,48.0151573805201,3261.03422953821
2,0,0,3,0.0,0.0,0.0
2,0,0,3,0.0058546869030719,42.7689622356091,2679.38383724271
2,0,0,3,0.0032278446097853,33.7232313815184,282.605486904449
2,0,0,3,0.0055600437181497,23.8937367347186,233.988971756797
2,0,0,3,0.0,0.0,0.0
2,0,0,3,0.0022465100566509,38.1640968226601,2910.5806136295
2,0,0,3,0.0,0.0,0.0
2,0,0,3,0.0053138532498935,38.2449900320066,2811.50161188959
2,0,0,3,0.0,0.0,0.0
2,0,0,3,0.0,0.0,0.0
2,0,0,3,0.0,0.0,0.0
2,0,0,3,0.0036607099808947,37.0828645269934,2362.02126381888
2,0,0,3,0.0,0.0,0.0
2,0,0,3,0.0,0.0,0.0
2,0,0,3,0.0,0.0,0.0
2,0,0,3,0.0,0.0,0.0
2,0,0,3,0.0,0.0,0.0
2,0,0,3,0.0,0.0,0.0
