bus_number,P_output,Q_output,voltage_mag,gen_status,P_max,P_min
4,164.144588292808,0,1,1,164.144588292808,0
5,627.931656897512,0,1,1,627.931656897512,0
10,0.0,0,1,0,776.397887284134,0
23,0.0,0,1,0,96.2601507853878,0
25,7.25023726896741,0,1,1,7.25023726896741,0
34,96.9050705847011,0,1,1,170.417265823426,0
37,1117.1351211909,0,1,1,1676.80787798971,0
39,293.660700498783,0,1,1,293.660700498783,0
40,0.0,0,1,0,310.608527904611,0
46,0.0,0,1,0,495.828187526954,0
47,68.9537200732779,0,1,1,68.9537200732779,0
48,10.5073734214068,0,1,1,10.5073734214068,0
56,1036.32305476075,0,1,1,1036.32305476075,0
58,0.0,0,1,0,500.404988414294,0
59,159.749833440737,0,1,1,159.749833440737,0
60,2.33436320341882,0,1,1,2.33436320341882,0
63,723.105871750451,0,1,1,723.105871750451,0
65,517.034319559948,0,1,1,517.034319559948,0
68,200.892212391013,0,1,1,200.892212391013,0
76,86.9799281724718,0,1,1,219.262840792246,0
77,921.1958795043,0,1,1,921.1958795043,0
79,398.158772371751,0,1,1,398.158772371751,0
81,0.0,0,1,0,465.780123464099,0
97,0.0,0,1,0,49.6658925928192,0
102,0.0,0,1,0,426.183786170781,0
112,179.459341380988,0,1,1,179.459341380988,0
114,53.0816776968292,0,1,1,133.582773207222,0
