bus_number,P_output,Q_output,voltage_mag,gen_status,P_max,P_min
2,4.66118598816759,0,1,1,304.953855740436,0
6,432.5466202264,0,1,1,432.5466202264,0
7,178.958123595567,0,1,1,178.958123595567,0
8,160.476186113024,0,1,1,437.378046102077,0
19,203.248226020235,0,1,1,203.248226020235,0
20,1251.54071090065,0,1,1,1604.75816879129,0
26,784.731955689522,0,1,1,784.731955689522,0
30,266.300998734232,0,1,1,292.317234715523,0
31,282.413147815002,0,1,1,282.413147815002,0
32,0.0,0,1,0,211.513164318006,0
41,460.129608944836,0,1,1,460.129608944836,0
44,0.0,0,1,0,561.328063141053,0
50,243.542336447469,0,1,1,388.512962364397,0
62,0.0,0,1,0,11.111501641381,0
66,115.930379934431,0,1,1,132.644575094974,0
72,327.186582539785,0,1,1,327.186582539785,0
74,374.332081808905,0,1,1,374.332081808906,0
76,0.0,0,1,0,720.496349761577,0
81,0.0,0,1,0,763.886905029545,0
85,2.77923743468474,0,1,1,2.77923743468472,0
89,6.13035196105907,0,1,1,6.13035196105908,0
92,5.4784702138989e-14,0,1,1,61.6402201242793,0
95,172.286559937284,0,1,1,519.032909009744,0
97,155.974851633949,0,1,1,155.974851633949,0
100,375.465670432645,0,1,1,547.728576964384,0
108,395.201828418643,0,1,1,395.201828418643,0
117,470.967077884548,0,1,1,470.967077884549,0
