bus_number,P_output,Q_output,voltage_mag,gen_status,P_max,P_min
4,190.880253874598,0,1,1,257.573411828276,0
8,1046.87063800878,0,1,1,1450.91915525608,0
9,11.9229593151839,0,1,1,11.9229593152017,0
18,0.0,0,1,0,156.173646039294,0
20,218.605803765531,0,1,1,218.605803765467,0
25,0.0,0,1,0,392.208271360372,0
28,0.0,0,1,0,56.8127871033495,0
32,0.0,0,1,0,409.334759560079,0
34,1347.19232714948,0,1,1,1347.19232714985,0
39,267.370047208856,0,1,1,267.370047208796,0
48,956.264062826899,0,1,1,956.264062827092,0
50,102.315026685849,0,1,1,102.315026685753,0
62,1171.21105741145,0,1,1,1171.21105741157,0
65,134.204096583463,0,1,1,134.204096583303,0
67,0.0,0,1,0,419.554165932549,0
68,0.0,0,1,0,427.056251350365,0
74,684.472314843583,0,1,1,684.472314843786,0
77,57.0481298881862,0,1,1,57.048129894146,0
79,87.3128549671887,0,1,1,87.3128549670662,0
83,0.0,0,1,0,390.296224684515,0
89,0.0,0,1,0,197.656649497559,0
97,0.0,0,1,0,423.341588664208,0
98,8.06678998450761,0,1,1,8.06678998447677,0
102,214.540236408122,0,1,1,214.540236408057,0
104,4.80488635293022,0,1,1,4.80488635310181,0
110,0.0,0,1,0,559.73617280562,0
114,161.722237184617,0,1,1,225.908549291864,0
