cost_model,startup,shutdown,n_coefficients,coeff_n,coeff1,coeff0
2,0,0,3,0.0,0.0,0.0
2,0,0,3,0.0055165756778082,51.9480392100721,717.723868787063
2,0,0,3,0.0,0.0,0.0
2,0,0,3,0.0061258569097561,55.343701377731,755.844481389419
2,0,0,3,0.0070429551076259,47.4246151361034,670.262063161032
2,0,0,3,0.0,0.0,0.0
2,0,0,3,0.0043729374177948,27.129470332093,362.048708030776
2,0,0,3,0.0,0.0,0.0
2,0,0,3,0.0,0.0,0.0
2,0,0,3,0.0,0.0,0.0
2,0,0,3,0.005878352168982,35.8021389648374,1528.14249858036
2,0,0,3,0.0,0.0,0.0
2,0,0,3,0.0020567466192255,46.8601609269827,414.062353840745
2,0,0,3,0.0,0.0,0.0
2,0,0,3,0.0,0.0,0.0
2,0,0,3,0.0,0.0,0.0
2,0,0,3,0.0070949760116925,34.577339695183,224.684974083711
2,0,0,3,0.0,0.0,0.0
2,0,0,3,0.0079450111148232,30.7175774061861,597.5966948255
2,0,0,3,0.0,0.0,0.0
2,0,0,3,0.0,0.0,0.0
2,0,0,3,0.0,0.0,0.0
2,0,0,3,0.0042727531884911,44.0812407447087,463.612746456354
2,0,0,3,0.0048947515385358,39.5099519228483,389.406668842883
2,0,0,3,0.0028830408600628,38.6162875726375,2058.02817567871
2,0,0,3,0.0,0.0,0.0
2,0,0,3,0.0,0.0,0.0
