bus_number,P_output,Q_output,voltage_mag,gen_status,P_max,P_min
4,1416.85708258465,0,1,1,1416.85708259319,0
21,177.933520449339,0,1,1,177.933520451768,0
22,13.9946629972307,0,1,1,194.554208713379,0
24,180.953576806281,0,1,1,180.953576808554,0
37,168.051477667136,0,1,1,168.051477668942,0
42,0.0,0,1,0,515.397951194256,0
46,0.0,0,1,0,465.129612286816,0
48,0.0,0,1,0,104.319098983477,0
59,18.2990316488861,0,1,1,18.2990316524013,0
61,0.0,0,1,0,247.320747263668,0
63,588.199602141795,0,1,1,588.199602144003,0
68,796.668604023515,0,1,1,796.668604025081,0
69,612.924120873133,0,1,1,612.9241208794,0
72,601.134863355927,0,1,1,601.134863357581,0
74,218.90597428997,0,1,1,681.769813182157,0
79,0.0,0,1,0,416.927803786286,0
84,0.0,0,1,0,586.100483708836,0
85,2.75594541555579e-06,0,1,1,333.905867255063,0
89,177.676189146944,0,1,1,177.676189147935,0
92,0.0,0,1,0,81.9761746919387,0
96,110.034275326343,0,1,1,110.034275330504,0
97,151.714843259994,0,1,1,151.714843267249,0
98,0.0,0,1,0,257.872174476591,0
103,787.349576153067,0,1,1,787.349576157249,0
107,238.684944465303,0,1,1,238.684944467843,0
108,0.0,0,1,0,414.123898312523,0
114,405.42137451556,0,1,1,405.421374517751,0
