cost_model,startup,shutdown,n_coefficients,coeff_n,coeff1,coeff0
2,0,0,3,0.0,0.0,0.0
2,0,0,3,0.0,0.0,0.0
2,0,0,3,0.0025601998596417,24.5682290192614,221.241432129108
2,0,0,3,0.0,0.0,0.0
2,0,0,3,0.0044617127722821,24.4146487074299,3474.90039802925
2,0,0,3,0.0,0.0,0.0
2,0,0,3,0.0035660184779079,46.6865853764301,2705.6473598178
2,0,0,3,0.0072989729690234,25.8975574849592,1479.69689256985
2,0,0,3,0.0,0.0,0.0
2,0,0,3,0.0072513529777579,37.5980688962535,3586.72333070053
2,0,0,3,0.0,0.0,0.0
2,0,0,3,0.0052950285222936,53.5254083418653,405.018306855658
2,0,0,3,0.0035651761824343,36.0465533950846,495.619347338348
2,0,0,3,0.0021947208080943,49.1570529961691,598.805100778916
2,0,0,3,0.0073481262657825,51.5838367173257,94.8683959730372
2,0,0,3,0.0,0.0,0.0
2,0,0,3,0.0,0.0,0.0
2,0,0,3,0.0,0.0,0.0
2,0,0,3,0.0069413183054928,29.8710702252033,311.364588317534
2,0,0,3,0.0,0.0,0.0
2,0,0,3,0.0032520645321263,28.8736434646849,2132.76937116892
2,0,0,3,0.0,0.0,0.0
2,0,0,3,0.0,0.0,0.0
2,0,0,3,0.003376542830236,53.0331903392449,2068.99573524389
2,0,0,3,0.0063009086134247,52.8423260086568,77.9707047105506
2,0,0,3,0.0,0.0,0.0
2,0,0,3,0.0,0.0,0.0
2,0,0,3,0.0,0.0,0.0
2,0,0,3,0.0,0.0,0.0
2,0,0,3,0.0,0.0,0.0
2,0,0,3,0.0,0.0,0.0
