cost_model,startup,shutdown,n_coefficients,coeff_n,coeff1,coeff0
2,0,0,3,0.0,0.0,0.0
2,0,0,3,0.0023281497634731,35.0261409539489,522.566744336708
2,0,0,3,0.0,0.0,0.0
2,0,0,3,0.0068562220152136,34.4025395931398,1521.42606356435
2,0,0,3,0.0078880818739894,46.8346185368361,1732.89987511243
2,0,0,3,0.0,0.0,0.0
2,0,0,3,0.0,0.0,0.0
2,0,0,3,0.003469546713306,27.4866165644534,3699.71917411297
2,0,0,3,0.0052224496618191,51.0825535866754,744.945141289603
2,0,0,3,0.0076184226253151,36.9910755366232,213.589153781392
2,0,0,3,0.0068279371554458,37.7937374809874,599.021318575382
2,0,0,3,0.0,0.0,0.0
2,0,0,3,0.0,0.0,0.0
2,0,0,3,0.0,0.0,0.0
2,0,0,3,0.0,0.0,0.0
2,0,0,3,0.0,0.0,0.0
2,0,0,3,0.0,0.0,0.0
2,0,0,3,0.0,0.0,0.0
2,0,0,3,0.0,0.0,0.0
2,0,0,3,0.0043427856126526,29.8040978889042,1881.1392465344
2,0,0,3,0.0,0.0,0.0
2,0,0,3,0.0,0.0,0.0
2,0,0,3,0.004026054478258,23.2355540389925,548.470034802632
2,0,0,3,0.0056336003847599,41.4594892416377,526.219411497833
2,0,0,3,0.0,0.0,0.0
2,0,0,3,0.0064422558987993,23.7994063326865,3580.59568659397
2,0,0,3,0.0,0.0,0.0
