bus_number,P_output,Q_output,voltage_mag,gen_status,P_max,P_min
2,68.9400697475302,0,1,1,68.9400697475302,0
3,747.357892859545,0,1,1,1545.54899509775,0
11,197.433652785767,0,1,1,332.43703692454,0
14,0.0,0,1,0,202.309529058378,0
15,1184.45761427104,0,1,1,1184.45761427104,0
19,327.62885264497,0,1,1,401.875797663992,0
27,1068.24040051103,0,1,1,1068.24040051103,0
34,27.8890903953146,0,1,1,27.8890903953146,0
37,75.4791935029452,0,1,1,75.4791935029452,0
41,0.0,0,1,0,136.387895887201,0
46,15.7780002383567,0,1,1,77.2713315829277,0
47,378.358510533439,0,1,1,378.358510533439,0
52,0.0,0,1,0,98.2349895427572,0
62,682.200407206739,0,1,1,708.190141353347,0
68,90.1483858881421,0,1,1,90.1483858881421,0
69,0.0,0,1,0,94.608177794362,0
75,0.0,0,1,0,967.970518208352,0
77,1.00299415849927e-12,0,1,1,29.8567186864579,0
78,38.3553994829255,0,1,1,94.0855754395418,0
84,10.8780796171828,0,1,1,10.8780796171828,0
87,31.7874902142372,0,1,1,185.991256731389,0
88,5.92632051939245e-16,0,1,1,83.2026157768801,0
90,39.9231839903338,0,1,1,39.9231839903338,0
91,298.618696304339,0,1,1,298.618696304339,0
105,308.748667666479,0,1,1,362.229240432127,0
109,522.755806917464,0,1,1,522.755806917464,0
112,549.824327683234,0,1,1,549.824327683234,0
118,-5.2974548153323504e-17,0,1,1,61.7951420414133,0
