bus_number,P_output,Q_output,voltage_mag,gen_status,P_max,P_min
1,671.656692892942,0,1,1,1061.91618710313,0
10,0.0,0,1,0,184.262925868698,0
12,353.213153153707,0,1,1,369.456194165904,0
22,163.172812580277,0,1,1,163.172812580277,0
32,0.0,0,1,0,429.209121882358,0
33,304.280259510309,0,1,1,312.264971022607,0
37,15.8381516941662,0,1,1,15.8381516941662,0
41,1020.78183650419,0,1,1,1020.78183650419,0
44,898.801831887237,0,1,1,898.801831887237,0
46,725.117864807036,0,1,1,725.117864807036,0
49,728.633933713185,0,1,1,874.95475381238,0
54,195.473213164595,0,1,1,195.473213164595,0
56,34.4994560025604,0,1,1,34.4994560025604,0
64,266.119415111499,0,1,1,266.119415111499,0
65,0.0,0,1,0,400.722305854154,0
66,0.0,0,1,0,492.133458900056,0
69,115.458707023364,0,1,1,115.458707023364,0
72,309.994970006197,0,1,1,309.994970006197,0
93,720.63625243684,0,1,1,720.63625243684,0
96,0.0,0,1,0,416.35847929101,0
97,3.9899263392546e-15,0,1,1,156.171986924833,0
98,0.0,0,1,0,120.489637034529,0
102,0.0,0,1,0,311.978212335238,0
103,69.6798240494773,0,1,1,69.6798240494773,0
107,46.477001781206,0,1,1,46.477001781206,0
109,24.9683461422362,0,1,1,24.9683461422362,0
111,0.0,0,1,0,519.884245172195,0
