bus_number,P_output,Q_output,voltage_mag,gen_status,P_max,P_min
14,999.249019499675,0,1,1,999.249019500131,0
16,285.902663211752,0,1,1,364.893145183767,0
24,59.3161110666027,0,1,1,110.351986874504,0
28,49.8147749745389,0,1,1,49.8147749747724,0
31,160.098564963678,0,1,1,160.098564964198,0
54,1201.09937196071,0,1,1,1247.75726479405,0
55,636.814519305468,0,1,1,636.814519306112,0
57,860.16844739769,0,1,1,860.168447398148,0
58,216.469657193885,0,1,1,216.469657194496,0
59,149.990424966061,0,1,1,149.990424966578,0
61,0.0,0,1,0,426.877122695965,0
62,748.997714372312,0,1,1,878.813783457636,0
64,0.0,0,1,0,393.062850272133,0
65,0.0,0,1,0,522.240822600154,0
66,0.0,0,1,0,145.802005547254,0
67,527.263439801712,0,1,1,532.592441596319,0
72,92.5028265589768,0,1,1,92.5028265594956,0
77,3.1750075845997e-11,0,1,1,629.285866890003,0
84,44.5573283947702,0,1,1,44.5573283954321,0
85,0.0,0,1,0,28.0308187551956,0
86,0.0,0,1,0,436.17999945327,0
87,72.5679847714094,0,1,1,72.5679847720061,0
89,230.717138179638,0,1,1,230.717138180154,0
92,0.0,0,1,0,398.117639592494,0
104,0.0,0,1,0,275.601266309559,0
105,65.7173166572184,0,1,1,65.7173166576818,0
110,263.556419185298,0,1,1,263.55641918561,0
111,0.0,0,1,0,400.070790694677,0
