bus_number,P_output,Q_output,voltage_mag,gen_status,P_max,P_min
6,618.406722698641,0,1,1,972.084029447426,0
9,669.579533136735,0,1,1,669.579533136801,0
12,498.160888364436,0,1,1,724.924372532565,0
16,0.0,0,1,0,499.848234962712,0
19,15.9333466657697,0,1,1,226.512764064635,0
26,813.793073215418,0,1,1,813.793073215479,0
30,289.442964595093,0,1,1,289.442964595132,0
31,0.0,0,1,0,175.261742254251,0
36,269.640839202092,0,1,1,269.640839202446,0
38,20.283706118867,0,1,1,20.2837061202804,0
42,13.2768124963932,0,1,1,13.276812507516,0
44,293.147759357262,0,1,1,293.147759357303,0
52,254.818140490016,0,1,1,254.818140490167,0
54,37.2682341890919,0,1,1,37.2682341891182,0
55,0.0,0,1,0,349.677133647897,0
57,63.0622160911832,0,1,1,70.2416920614158,0
60,0.0,0,1,0,370.067443148182,0
66,0.0,0,1,0,334.773404481883,0
70,88.5602233389547,0,1,1,88.5602233389546,0
80,0.0,0,1,0,480.909007649816,0
83,99.7694863520631,0,1,1,99.7694863521081,0
91,2.96675266612898e-10,0,1,1,84.9893783223377,0
97,0.0,0,1,0,405.822723139023,0
102,272.705770080267,0,1,1,272.705770080296,0
104,433.092633084672,0,1,1,570.453256336519,0
106,227.89529290208,0,1,1,264.714706312695,0
108,661.59654270281,0,1,1,954.966258445866,0
114,430.162636120716,0,1,1,430.162636120746,0
116,15.1547016403855,0,1,1,15.1547016405222,0
117,579.052199617638,0,1,1,579.05219961771,0
