bus_number,P_output,Q_output,voltage_mag,gen_status,P_max,P_min
2,232.463658938793,0,1,1,306.07071434493,0
11,394.327537734084,0,1,1,394.327537734084,0
12,1116.55682179699,0,1,1,1687.83257829002,0
14,26.4678841110575,0,1,1,668.187444315577,0
19,15.4025026394793,0,1,1,15.4025026394793,0
21,1079.16496053636,0,1,1,1079.16496053636,0
39,0.0,0,1,0,486.147697717596,0
42,0.0,0,1,0,246.079589147121,0
43,69.2974382267228,0,1,1,251.865554907876,0
52,0.0,0,1,0,794.915745153942,0
55,931.347181547577,0,1,1,931.347181547577,0
56,199.389095993964,0,1,1,199.389095993964,0
58,2.50886224187045,0,1,1,2.50886224187045,0
61,426.066548915587,0,1,1,426.066548915587,0
64,17.0807883466101,0,1,1,17.0807883466101,0
68,2.40736595251547e-23,0,1,1,140.091092963564,0
70,47.3871847209463,0,1,1,47.3871847209463,0
75,301.789186937252,0,1,1,301.789186937252,0
76,127.242999689622,0,1,1,127.242999689622,0
77,350.655202955875,0,1,1,425.329819740991,0
78,0.0,0,1,0,688.413506118388,0
80,417.455065151721,0,1,1,417.455065151721,0
96,405.435820370731,0,1,1,440.115807629471,0
101,422.439100948666,0,1,1,422.439100948666,0
117,82.3258806571168,0,1,1,115.25166103859,0
