cost_model,startup,shutdown,n_coefficients,coeff_n,coeff1,coeff0
2,0,0,3,0.0,0.0,0.0
2,0,0,3,0.0040242905928933,48.8014638628838,1093.53776426655
2,0,0,3,0.0043655330380477,39.8685871510063,3763.11927805516
2,0,0,3,0.0,0.0,0.0
2,0,0,3,0.0061085280792751,53.5785607838962,1518.30735714634
2,0,0,3,0.004659512765596,53.5243027238066,174.706476308856
2,0,0,3,0.0,0.0,0.0
2,0,0,3,0.0048518970652437,44.8359871635916,242.556571581118
2,0,0,3,0.0,0.0,0.0
2,0,0,3,0.0059726633722682,50.3967166062033,684.240238535675
2,0,0,3,0.0,0.0,0.0
2,0,0,3,0.0,0.0,0.0
2,0,0,3,0.0,0.0,0.0
2,0,0,3,0.0,0.0,0.0
2,0,0,3,0.0,0.0,0.0
2,0,0,3,0.0,0.0,0.0
2,0,0,3,0.0,0.0,0.0
2,0,0,3,0.0077438099061926,45.5281525008491,170.62901937989
2,0,0,3,0.0,0.0,0.0
2,0,0,3,0.0078467325741926,43.9464460674436,3458.54009569113
2,0,0,3,0.0,0.0,0.0
2,0,0,3,0.0,0.0,0.0
2,0,0,3,0.0,0.0,0.0
2,0,0,3,0.0,0.0,0.0
2,0,0,3,0.0070696717558669,40.4427582678423,3410.44520299915
2,0,0,3,0.0061937570455755,37.1254362711226,396.057089965746
2,0,0,3,0.0036201568782615,54.6021049124888,524.133730536186
2,0,0,3,0.0023456462229275,39.4371378779795,491.163737404178
2,0,0,3,0.007006583637994,31.0119375570867,242.205508950027
2,0,0,3,0.0,0.0,0.0
2,0,0,3,0.0075447949794301,35.7644836746219,2219.06930332674
2,0,0,3,0.0,0.0,0.0
