bus_number,P_output,Q_output,voltage_mag,gen_status,P_max,P_min
5,88.5735879777011,0,1,1,88.5735879777011,0
24,254.321065122987,0,1,1,254.321065122987,0
26,132.401656181837,0,1,1,132.401656181837,0
41,56.2114196333072,0,1,1,56.2114196333072,0
42,2533.35225160249,0,1,1,2890.77095065756,0
44,45.5754504187496,0,1,1,45.5754504187496,0
48,215.453911322912,0,1,1,231.417395651249,0
51,0.0,0,1,0,1334.15479382798,0
52,0.0,0,1,0,773.335607560354,0
55,604.133749817067,0,1,1,687.678171676369,0
56,31.2859250113258,0,1,1,31.2859250113258,0
65,20.5591873084792,0,1,1,20.5591873084792,0
67,229.862090544883,0,1,1,437.051982892821,0
73,593.065663428624,0,1,1,593.065663428624,0
74,31.1992892855363,0,1,1,31.1992892855363,0
78,0.0,0,1,0,303.478628946477,0
80,220.148600817075,0,1,1,470.517826516545,0
82,539.728727047549,0,1,1,539.728727047549,0
85,5.036538616009121e-19,0,1,1,158.871557252285,0
87,122.85530637021,0,1,1,122.85530637021,0
89,28.7117627399657,0,1,1,28.7117627399657,0
94,203.55512412588,0,1,1,370.004852426891,0
99,0.0,0,1,0,316.322465132553,0
108,521.464983566321,0,1,1,521.464983566321,0
112,108.022863219122,0,1,1,108.022863219122,0
113,73.1720839946614,0,1,1,73.1720839946614,0
114,11.1490229243429,0,1,1,11.1490229243429,0
