cost_model,startup,shutdown,n_coefficients,coeff_n,coeff1,coeff0
2,0,0,3,0.0,0.0,0.0
2,0,0,3,0.0,0.0,0.0
2,0,0,3,0.0039687888220982,34.0455641792749,685.248878135444
2,0,0,3,0.0,0.0,0.0
2,0,0,3,0.0033815615025819,51.1761686191562,207.341398232512
2,0,0,3,0.0,0.0,0.0
2,0,0,3,0.0,0.0,0.0
2,0,0,3,0.0037196557128596,44.9369846732842,51.5624732880106
2,0,0,3,0.0036570594634049,39.9530925333616,1388.61355219818
2,0,0,3,0.0,0.0,0.0
2,0,0,3,0.0069966481463123,49.947744353153,2298.41317518466
2,0,0,3,0.0,0.0,0.0
2,0,0,3,0.0,0.0,0.0
2,0,0,3,0.0,0.0,0.0
2,0,0,3,0.007040204498844,32.990815853305,937.826375263644
2,0,0,3,0.0,0.0,0.0
2,0,0,3,0.0,0.0,0.0
2,0,0,3,0.0,0.0,0.0
2,0,0,3,0.0,0.0,0.0
2,0,0,3,0.0028767633044638,56.2851903303456,154.216723589106
2,0,0,3,0.0,0.0,0.0
2,0,0,3,0.0,0.0,0.0
2,0,0,3,0.0061558291914752,44.9516406608862,175.77363961083
2,0,0,3,0.007455988409867,38.0622902866712,132.80972329303
2,0,0,3,0.0066058142525943,30.8053748243823,1476.74673656091
2,0,0,3,0.0,0.0,0.0
2,0,0,3,0.0072790752316398,32.5941833687245,161.533585577725
