bus_number,P_output,Q_output,voltage_mag,gen_status,P_max,P_min
2,0.0,0,1,0,385.112966009221,0
7,1085.42115693054,0,1,1,1189.79815730725,0
8,252.879214701348,0,1,1,325.28531550936,0
12,1016.03023384808,0,1,1,1016.03023384808,0
16,209.638302250716,0,1,1,347.981982426791,0
18,12.4372039215255,0,1,1,12.4372039215257,0
20,0.0,0,1,0,440.13443112782,0
25,0.0,0,1,0,424.171708907391,0
34,700.359702330577,0,1,1,898.763295402243,0
37,245.62297050679,0,1,1,245.62297050679,0
45,6.629574869910809e-11,0,1,1,323.762901120508,0
46,250.666182383951,0,1,1,250.666182383951,0
47,276.367022316833,0,1,1,276.367022316833,0
48,0.0,0,1,0,382.406276931842,0
55,84.8628723176137,0,1,1,84.8628723176138,0
56,0.0,0,1,0,223.299096023001,0
57,0.0,0,1,0,87.3370238644092,0
70,800.438942258025,0,1,1,800.438942258026,0
74,231.141549896716,0,1,1,348.514924575168,0
76,900.276437585883,0,1,1,900.276437585883,0
89,77.2517187537849,0,1,1,77.2517187537851,0
100,1.85767847948992,0,1,1,1.85767847948998,0
101,38.5106983519756,0,1,1,38.5106983519765,0
104,53.3422359432987,0,1,1,53.3422359432996,0
105,0.0,0,1,0,413.00093526256,0
109,0.0,0,1,0,575.981004865987,0
111,40.8351455322648,0,1,1,40.8351455322649,0
117,0.0,0,1,0,624.884665455615,0
