bus_number,P_output,Q_output,voltage_mag,gen_status,P_max,P_min
5,1080.48937008409,0,1,1,1080.48937008409,0
8,28.4146809103381,0,1,1,28.4146809103381,0
11,0.0,0,1,0,465.878215863751,0
14,0.0,0,1,0,543.897324272011,0
19,308.63006252795,0,1,1,329.412946034925,0
20,985.78520830708,0,1,1,985.785208307081,0
26,254.108756250242,0,1,1,254.108756250242,0
38,356.584196053787,0,1,1,356.584196053787,0
44,738.259221226617,0,1,1,965.093723493599,0
46,1.1951548552803698e-22,0,1,1,6.23577807732641,0
47,666.265540066771,0,1,1,757.136269684498,0
52,38.3655923772844,0,1,1,38.3655923772844,0
55,164.806738638777,0,1,1,164.806738638777,0
56,255.793333611157,0,1,1,255.793333611157,0
64,2.1288951669995802e-17,0,1,1,5.85645826726074,0
67,0.0,0,1,0,489.641187408147,0
69,369.430391288459,0,1,1,464.552822731455,0
72,7.50340290525408e-19,0,1,1,78.8542107470291,0
74,35.9656150116818,0,1,1,35.9656150116818,0
77,1.8444898425641202e-19,0,1,1,44.8521405472559,0
78,822.654102498718,0,1,1,822.654102498718,0
81,0.0,0,1,0,228.616055115045,0
91,7.2304201914566,0,1,1,7.2304201914566,0
94,849.126528964356,0,1,1,849.126528964356,0
104,0.0,0,1,0,209.589940484219,0
110,15.0088934967864,0,1,1,15.0088934967864,0
115,0.0,0,1,0,608.481069263236,0
