cost_model,startup,shutdown,n_coefficients,coeff_n,coeff1,coeff0
2,0,0,3,0.0033879135382613,56.4014310224271,554.752605720379
2,0,0,3,0.0,0.0,0.0
2,0,0,3,0.0054642582665399,43.5388933666548,1440.97361218845
2,0,0,3,0.0068652474836674,49.5691600657513,367.074543040545
2,0,0,3,0.0,0.0,0.0
2,0,0,3,0.0,0.0,0.0
2,0,0,3,0.0,0.0,0.0
2,0,0,3,0.0034257613735368,44.5271048113688,591.385530639393
2,0,0,3,0.0,0.0,0.0
2,0,0,3,0.0041626461129629,41.8588942951747,259.524129659374
2,0,0,3,0.0,0.0,0.0
2,0,0,3,0.0,0.0,0.0
2,0,0,3,0.0,0.0,0.0
2,0,0,3,0.0,0.0,0.0
2,0,0,3,0.0045035391572155,50.7099511923128,3631.6592627128
2,0,0,3,0.0,0.0,0.0
2,0,0,3,0.0042343351944369,54.1379987876599,2465.16058840496
2,0,0,3,0.0,0.0,0.0
2,0,0,3,0.0,0.0,0.0
2,0,0,3,0.0062631777637042,56.6436357019875,3117.94434419873
2,0,0,3,0.0,0.0,0.0
2,0,0,3,0.0,0.0,0.0
2,0,0,3,0.0074653239746843,30.3888654970926,2723.56526296329
2,0,0,3,0.0025276998323136,53.0820336502395,334.561648587896
2,0,0,3,0.0,0.0,0.0
2,0,0,3,0.0051447716555375,54.3250895334259,87.7299195323131
2,0,0,3,0.0,0.0,0.0
