cost_model,startup,shutdown,n_coefficients,coeff_n,coeff1,coeff0
2,0,0,3,0.0,0.0,0.0
2,0,0,3,0.0027889426725194,31.2716450179329,2175.54335159539
2,0,0,3,0.0,0.0,0.0
2,0,0,3,0.0,0.0,0.0
2,0,0,3,0.0,0.0,0.0
2,0,0,3,0.0064512750273763,53.5954768548121,80.5645908977326
2,0,0,3,0.0057579704166322,53.0508492176205,1288.94642575393
2,0,0,3,0.0065998855290878,35.6684188110632,3179.26552909324
2,0,0,3,0.006187184338942,28.3586097128765,370.895389719525
2,0,0,3,0.0,0.0,0.0
2,0,0,3,0.007242109091991,44.263950815392,3738.97043020101
2,0,0,3,0.0,0.0,0.0
2,0,0,3,0.0,0.0,0.0
2,0,0,3,0.0,0.0,0.0
2,0,0,3,0.0,0.0,0.0
2,0,0,3,0.0025467435543356,50.7113993095731,580.066373237105
2,0,0,3,0.0,0.0,0.0
2,0,0,3,0.0045752763208543,47.2710590159259,2041.41831723424
2,0,0,3,0.0,0.0,0.0
2,0,0,3,0.0,0.0,0.0
2,0,0,3,0.0,0.0,0.0
2,0,0,3,0.0,0.0,0.0
2,0,0,3,0.0055639608481483,30.9053539953654,2639.93392664328
2,0,0,3,0.0,0.0,0.0
2,0,0,3,0.0,0.0,0.0
2,0,0,3,0.0071952753445856,35.3277324445783,267.259022472505
