bus_number,P_output,Q_output,voltage_mag,gen_status,P_max,P_min
2,1079.75269636721,0,1,1,1185.42147454092,0
6,10.7817604056693,0,1,1,10.7817604101703,0
16,264.871837145718,0,1,1,264.871837147031,0
17,8.53891106219708,0,1,1,8.5389110623762,0
19,133.990333817076,0,1,1,133.990333817143,0
20,0.0,0,1,0,525.433952586242,0
22,398.721129190573,0,1,1,398.721129194102,0
26,1102.99358705341,0,1,1,1102.99358705656,0
32,437.054891114377,0,1,1,437.054891114567,0
34,81.3095401399606,0,1,1,81.3095401407858,0
40,276.855014942324,0,1,1,276.855014945551,0
41,99.3454545970654,0,1,1,99.3454545977487,0
43,0.0,0,1,0,449.757418194547,0
55,804.546962306781,0,1,1,804.546962310074,0
57,206.963100559659,0,1,1,206.96310055845,0
59,0.0,0,1,0,336.813528789405,0
64,82.0700286504064,0,1,1,82.0700286566668,0
66,0.0,0,1,0,148.989521173638,0
68,374.071861354839,0,1,1,374.071861355043,0
73,26.7761273828602,0,1,1,26.7761273831605,0
76,6.72186054933303,0,1,1,6.72186055036866,0
79,36.607956873071,0,1,1,36.6079568737576,0
82,106.842856547613,0,1,1,106.842856544577,0
88,729.237208782704,0,1,1,1014.15588978656,0
92,0.0,0,1,0,130.126900415106,0
100,0.0,0,1,0,464.137040559916,0
101,0.0,0,1,0,173.895482752056,0
102,0.0,0,1,0,235.193882087989,0
104,64.1955596244982,0,1,1,64.1955596355824,0
106,45.9804336848669,0,1,1,45.9804336843666,0
108,10.4618827610858,0,1,1,10.461882766681,0
111,0.0,0,1,0,140.379421909568,0
113,273.528809594464,0,1,1,273.528809594796,0
114,2.58391795082558,0,1,1,2.58391795259872,0
