cost_model,startup,shutdown,n_coefficients,coeff_n,coeff1,coeff0
2,0,0,3,0.0046107111138585,53.4278935553053,2058.56326150956
2,0,0,3,0.0,0.0,0.0
2,0,0,3,0.0,0.0,0.0
2,0,0,3,0.0,0.0,0.0
2,0,0,3,0.006883991295192,34.5442853247679,530.786594800172
2,0,0,3,0.0073795496365404,42.6488891436446,327.467094111616
2,0,0,3,0.0072640702332214,54.4469746226456,912.687184344129
2,0,0,3,0.0025324433026603,25.7411946646783,377.322913945683
2,0,0,3,0.0,0.0,0.0
2,0,0,3,0.0,0.0,0.0
2,0,0,3,0.0,0.0,0.0
2,0,0,3,0.0,0.0,0.0
2,0,0,3,0.0,0.0,0.0
2,0,0,3,0.0,0.0,0.0
2,0,0,3,0.0060795193312191,48.9660500010557,1938.46045904859
2,0,0,3,0.0045794491905683,38.1777996204337,206.146806474116
2,0,0,3,0.0035314941053901,54.8778317088938,3052.53288398496
2,0,0,3,0.005710181828471,50.6131845076232,240.126452340499
2,0,0,3,0.0,0.0,0.0
2,0,0,3,0.0,0.0,0.0
2,0,0,3,0.0047310455372215,53.0652152589729,3654.61381947898
2,0,0,3,0.0,0.0,0.0
2,0,0,3,0.0,0.0,0.0
2,0,0,3,0.0,0.0,0.0
2,0,0,3,0.0,0.0,0.0
2,0,0,3,0.0,0.0,0.0
