cost_model,startup,shutdown,n_coefficients,coeff_n,coeff1,coeff0
2,0,0,3,0.0,0.0,0.0
2,0,0,3,0.0054719796842341,37.7234101202779,3403.78081284045
2,0,0,3,0.0,0.0,0.0
2,0,0,3,0.0052930796504695,37.513075337763,143.429327092014
2,0,0,3,0.0,0.0,0.0
2,0,0,3,0.0056967378355218,34.1801569485057,326.331918884
2,0,0,3,0.0059642221437424,24.807752113384,647.975045177945
2,0,0,3,0.0,0.0,0.0
2,0,0,3,0.0,0.0,0.0
2,0,0,3,0.0022418239514675,25.4170905871714,211.215485764503
2,0,0,3,0.0,0.0,0.0
2,0,0,3,0.0,0.0,0.0
2,0,0,3,0.0,0.0,0.0
2,0,0,3,0.0,0.0,0.0
2,0,0,3,0.0039591857742624,48.7942843944822,362.364768060387
2,0,0,3,0.0,0.0,0.0
2,0,0,3,0.0058364033193127,50.0243382840483,2001.54706663577
2,0,0,3,0.0037546114463007,40.957325910594,3785.35268832237
2,0,0,3,0.0064794192345786,45.3082256480974,2413.25474523268
2,0,0,3,0.0,0.0,0.0
2,0,0,3,0.0,0.0,0.0
2,0,0,3,0.0,0.0,0.0
2,0,0,3,0.0,0.0,0.0
