bus_number,P_output,Q_output,voltage_mag,gen_status,P_max,P_min
6,147.855743017342,0,1,1,147.855743017342,0
8,179.415742852395,0,1,1,179.415742852395,0
16,181.572590325199,0,1,1,181.572590325199,0
18,1100.56673581107,0,1,1,1100.56673581107,0
22,0.0,0,1,0,356.850177999738,0
27,1084.57766318671,0,1,1,1084.57766318671,0
29,0.0,0,1,0,582.34422543818,0
41,136.782703886975,0,1,1,136.782703886975,0
42,105.054184807087,0,1,1,105.054184807087,0
51,0.0,0,1,0,389.455671306782,0
60,0.0,0,1,0,585.062618522591,0
62,99.2968530359205,0,1,1,99.2968530359205,0
64,0.0,0,1,0,244.361269915588,0
65,228.605179435948,0,1,1,228.605179435948,0
71,51.2659514592715,0,1,1,51.2659514592715,0
72,514.097845694219,0,1,1,630.65485723484,0
82,0.0,0,1,0,269.399988062555,0
85,875.458421760812,0,1,1,875.458421760812,0
89,96.4023758196351,0,1,1,96.4023758196351,0
94,0.409812479971392,0,1,1,0.409812479971392,0
95,194.373074394491,0,1,1,244.177572373726,0
103,1074.89916311253,0,1,1,1074.89916311253,0
106,398.84386933647,0,1,1,604.561473810762,0
110,14.6659001202844,0,1,1,14.6659001202844,0
112,0.0,0,1,0,476.873531560522,0
114,0.0,0,1,0,317.595241331947,0
117,180.659911924683,0,1,1,233.516364711937,0
