bus_number,P_output,Q_output,voltage_mag,gen_status,P_max,P_min
4,183.693992360104,0,1,1,183.693992360104,0
10,347.576022861177,0,1,1,347.576022861177,0
13,1122.48672788409,0,1,1,1721.66880954422,0
14,160.732912489733,0,1,1,160.732912489733,0
19,115.374963328336,0,1,1,115.374963328335,0
21,234.679279906261,0,1,1,234.679279906261,0
30,51.5753571400309,0,1,1,51.5753571400308,0
31,1112.56057441381,0,1,1,1112.56057441381,0
32,0.0,0,1,0,428.338365279568,0
39,584.857397404646,0,1,1,584.857397404646,0
40,137.982725171672,0,1,1,137.982725171672,0
46,80.0307193507753,0,1,1,118.994176794635,0
58,1.5718199010943299e-12,0,1,1,135.852530598026,0
64,151.351118980992,0,1,1,193.74686060296,0
65,41.9842193751374,0,1,1,41.9842193751373,0
67,0.0,0,1,0,857.175581842846,0
76,0.0,0,1,0,775.284052473555,0
77,561.224772979938,0,1,1,561.224772979938,0
84,56.7599103599055,0,1,1,136.551369886145,0
86,90.5133718706762,0,1,1,90.5133718706762,0
90,1.66702685054633e-12,0,1,1,470.485931357068,0
94,0.0,0,1,0,53.9602219110775,0
97,566.281701720051,0,1,1,567.26139859802,0
98,268.639049937452,0,1,1,519.092563743976,0
103,210.307518829922,0,1,1,210.307518829922,0
108,204.577520503423,0,1,1,307.551810631208,0
110,21.5240788605218,0,1,1,21.5240788605218,0
111,241.568352134933,0,1,1,241.568352134933,0
117,118.521434597432,0,1,1,249.7830143816,0
