bus_number,P_output,Q_output,voltage_mag,gen_status,P_max,P_min
1,1743.33389970175,0,1,1,1770.08155198729,0
6,491.831423201399,0,1,1,491.831423201418,0
7,140.233043022265,0,1,1,140.233043022377,0
8,259.439008156593,0,1,1,259.439008156605,0
13,53.4200339076605,0,1,1,53.420033907649,0
21,4.71110085483307,0,1,1,4.71110085484597,0
27,354.888233506119,0,1,1,552.141205046183,0
30,0.0,0,1,0,1125.82937669737,0
31,84.1229983522776,0,1,1,84.1229983522622,0
35,796.407216985571,0,1,1,796.407216985587,0
36,48.8995867246843,0,1,1,48.8995867247681,0
42,96.710862134358,0,1,1,96.7108621343539,0
49,93.1771380665208,0,1,1,93.1771381809508,0
55,113.210552082504,0,1,1,113.210552082506,0
64,200.799428081382,0,1,1,200.799428081385,0
67,522.836609280913,0,1,1,522.836609280935,0
69,14.2705334634075,0,1,1,14.2705334634106,0
75,0.0,0,1,0,612.652071282154,0
76,156.933681620035,0,1,1,156.933681620033,0
82,320.969065977859,0,1,1,339.541196915009,0
86,34.8306335661095,0,1,1,34.8306335661013,0
90,135.554243760315,0,1,1,135.554243760315,0
91,3.4765106911242,0,1,1,3.47651069113838,0
94,0.0,0,1,0,605.618616119335,0
100,344.389565946403,0,1,1,344.389565946459,0
102,166.459474443327,0,1,1,166.459474443336,0
105,0.0,0,1,0,511.843001993145,0
111,483.898878933554,0,1,1,483.898878933571,0
