bus_number,P_output,Q_output,voltage_mag,gen_status,P_max,P_min
5,26.2993341570433,0,1,1,26.2993341535504,0
13,678.030763418401,0,1,1,990.917650155998,0
18,262.105211788931,0,1,1,566.877403301358,0
22,208.632064453225,0,1,1,208.632064452272,0
26,0.0,0,1,0,521.719286351513,0
29,944.575666123265,0,1,1,944.575666123275,0
31,390.219391782625,0,1,1,390.219391781906,0
34,198.075643718674,0,1,1,198.075643716868,0
38,0.0,0,1,0,441.110820491947,0
42,0.0,0,1,0,93.4859611028865,0
49,26.759830134361,0,1,1,26.75983013193,0
52,0.0,0,1,0,428.809251469139,0
54,367.466607472274,0,1,1,396.547394326957,0
60,0.0,0,1,0,62.3470941261008,0
61,851.016010164723,0,1,1,851.016010165158,0
64,90.2769001375548,0,1,1,90.2769001370064,0
66,137.409375892301,0,1,1,169.342631136645,0
74,0.0,0,1,0,485.618560032125,0
77,821.706106693584,0,1,1,821.706106694175,0
78,0.0,0,1,0,398.560155905663,0
79,0.0,0,1,0,503.064875725547,0
88,627.900341231299,0,1,1,627.900341231207,0
90,62.9547330812623,0,1,1,62.954733079505,0
97,353.679536866424,0,1,1,353.679536866114,0
101,0.0,0,1,0,563.112604279817,0
116,10.9831577853766,0,1,1,10.9831577843345,0
117,203.97878418359,0,1,1,397.309822048803,0
