bus_number,P_output,Q_output,voltage_mag,gen_status,P_max,P_min
9,1010.95210362735,0,1,1,1246.27276868717,0
17,953.661370086571,0,1,1,953.661370086571,0
20,0.0,0,1,0,381.338492686543,0
35,542.88246007318,0,1,1,551.372845004313,0
36,0.0,0,1,0,456.82000070696,0
40,170.548109673493,0,1,1,170.548109673493,0
42,173.935091481147,0,1,1,173.935091481147,0
46,59.8961377514759,0,1,1,59.896137751476,0
58,179.898269785386,0,1,1,179.898269785386,0
61,295.69562257796,0,1,1,295.69562257796,0
63,62.9986295762913,0,1,1,88.3766973284891,0
64,917.596280355597,0,1,1,917.596280355597,0
65,0.0,0,1,0,285.25279558209,0
66,158.652368484615,0,1,1,158.652368484615,0
68,766.977035914398,0,1,1,766.97703591442,0
69,0.0,0,1,0,47.6222576932469,0
70,551.687608438483,0,1,1,666.805955353044,0
87,0.0,0,1,0,329.575615534598,0
89,97.2184353732506,0,1,1,97.2184353732506,0
90,9.71463147623706e-15,0,1,1,122.279917034713,0
96,56.0955713722262,0,1,1,94.2600047457119,0
105,329.740025810928,0,1,1,490.490076062384,0
107,306.310881317482,0,1,1,474.5931340323,0
108,0.0,0,1,0,470.942521592486,0
110,0.0,0,1,0,445.254804376647,0
114,0.0,0,1,0,371.564620148185,0
115,30.057720761188,0,1,1,30.057720761188,0
117,0.0,0,1,0,304.943277957817,0
