cost_model,startup,shutdown,n_coefficients,coeff_n,coeff1,coeff0
2,0,0,3,0.0023743609619496,52.1425108198824,2318.32603609637
2,0,0,3,0.0,0.0,0.0
2,0,0,3,0.0,0.0,0.0
2,0,0,3,0.0,0.0,0.0
2,0,0,3,0.0026033164368962,29.6565638683669,2535.38344001989
2,0,0,3,0.0053126459579567,42.2465395641152,332.105655523946
2,0,0,3,0.0032903406675464,39.3375022033762,3685.56997640737
2,0,0,3,0.0,0.0,0.0
2,0,0,3,0.0,0.0,0.0
2,0,0,3,0.0,0.0,0.0
2,0,0,3,0.0031866792364662,29.8914906276045,2808.40185455425
2,0,0,3,0.0057295705769764,51.8150388646194,194.849771387831
2,0,0,3,0.0,0.0,0.0
2,0,0,3,0.0,0.0,0.0
2,0,0,3,0.0,0.0,0.0
2,0,0,3,0.0,0.0,0.0
2,0,0,3,0.0038054038210312,48.6121388384941,3681.33792683886
2,0,0,3,0.0,0.0,0.0
2,0,0,3,0.0,0.0,0.0
2,0,0,3,0.0060164077122799,28.2372369378534,1319.40225056517
2,0,0,3,0.0021017169280353,27.9254283523118,486.986350934771
2,0,0,3,0.0,0.0,0.0
2,0,0,3,0.0,0.0,0.0
2,0,0,3,0.0,0.0,0.0
2,0,0,3,0.0036425640554782,32.4985690789842,376.808585267299
2,0,0,3,0.0044766102483241,38.9537075044443,364.291936070233
2,0,0,3,0.0,0.0,0.0
