cost_model,startup,shutdown,n_coefficients,coeff_n,coeff1,coeff0
2,0,0,3,0.0048627650987425,54.7084748071893,3106.63689043514
2,0,0,3,0.007420260355588,43.798561504911,148.680509745779
2,0,0,3,0.0,0.0,0.0
2,0,0,3,0.0,0.0,0.0
2,0,0,3,0.0066986212996079,24.5984562686682,326.942221474857
2,0,0,3,0.0,0.0,0.0
2,0,0,3,0.0054314247475731,49.9050630692906,536.937247791145
2,0,0,3,0.0,0.0,0.0
2,0,0,3,0.0,0.0,0.0
2,0,0,3,0.0,0.0,0.0
2,0,0,3,0.0,0.0,0.0
2,0,0,3,0.003710920938381,55.2565371574905,588.172437412389
2,0,0,3,0.0,0.0,0.0
2,0,0,3,0.0045624221289667,54.8223459625227,98.7632939489113
2,0,0,3,0.0048659632030258,46.321943954698,3430.77297920515
2,0,0,3,0.0,0.0,0.0
2,0,0,3,0.0,0.0,0.0
2,0,0,3,0.0066215022531662,25.2112198208063,232.441434130447
2,0,0,3,0.0,0.0,0.0
2,0,0,3,0.0,0.0,0.0
2,0,0,3,0.0033718942617139,24.4309156472374,2638.62227357728
2,0,0,3,0.0,0.0,0.0
2,0,0,3,0.0042811433965518,38.3735961823741,144.629512153008
2,0,0,3,0.0047255823251818,52.0530204746042,611.330969471311
2,0,0,3,0.0,0.0,0.0
2,0,0,3,0.0,0.0,0.0
2,0,0,3,0.0,0.0,0.0
