bus_number,P_output,Q_output,voltage_mag,gen_status,P_max,P_min
7,216.45708373907,0,1,1,216.45708373907,0
10,0.0,0,1,0,491.71088820723,0
13,247.94372248943,0,1,1,313.844371235342,0
14,80.1214614697027,0,1,1,80.1214614697034,0
19,1500.77705078192,0,1,1,1673.86812472436,0
25,191.138153812748,0,1,1,191.138153812751,0
36,4.38301889546229e-12,0,1,1,101.025577766198,0
39,456.007588482249,0,1,1,456.007588482305,0
41,93.9458515830787,0,1,1,474.471857222779,0
42,58.5980212922875,0,1,1,58.5980212922525,0
46,251.838182370156,0,1,1,251.838182370164,0
48,1116.79234679246,0,1,1,1116.79234679248,0
50,0.0,0,1,0,244.006076507961,0
53,23.4509585426589,0,1,1,23.450958542662,0
55,48.683616514517,0,1,1,48.6836165145224,0
61,15.1111856487017,0,1,1,169.578796655128,0
63,97.447852947591,0,1,1,97.4478529475914,0
66,80.3616758573097,0,1,1,80.3616758573021,0
67,379.809569209903,0,1,1,379.809569209913,0
72,5.22230013465709,0,1,1,5.22230013465651,0
80,0.0,0,1,0,855.421989901242,0
91,808.474017763155,0,1,1,1039.24463208451,0
92,0.0,0,1,0,667.569275495056,0
95,421.820837419632,0,1,1,421.820837419685,0
97,370.772490181428,0,1,1,370.772490181498,0
101,200.029755428329,0,1,1,203.970619129071,0
106,0.0,0,1,0,598.667879076379,0
