bus_number,P_output,Q_output,voltage_mag,gen_status,P_max,P_min
1,782.701972437472,0,1,1,1633.76695778303,0
10,0.0,0,1,0,258.483886493757,0
14,1525.22523048365,0,1,1,1525.22523048365,0
17,0.0,0,1,0,233.456570994223,0
27,21.0238771775965,0,1,1,21.0238771775965,0
31,0.0,0,1,0,394.354285991837,0
32,112.080572931112,0,1,1,112.080572931113,0
35,0.0,0,1,0,237.978067115057,0
40,762.205734062112,0,1,1,762.205734062112,0
41,167.884465488744,0,1,1,167.884465488745,0
46,419.511307171534,0,1,1,451.698653590317,0
49,108.20551397334,0,1,1,108.20551397334,0
50,165.147198664942,0,1,1,165.147198664942,0
51,1012.15890584989,0,1,1,1012.15890584989,0
52,502.903224170112,0,1,1,502.903224170112,0
59,72.0007374120349,0,1,1,72.0007374120349,0
64,0.0,0,1,0,420.441487898864,0
80,669.882270468895,0,1,1,745.391396315828,0
90,0.0,0,1,0,633.680809183683,0
93,102.776954992419,0,1,1,102.776954992419,0
95,74.3956881166883,0,1,1,74.3956881166883,0
99,0.0,0,1,0,244.535219822013,0
101,0.0,0,1,0,326.091214042788,0
102,63.0555827434237,0,1,1,63.0555827434237,0
109,55.9182361692207,0,1,1,55.9182361692207,0
114,47.7262501478391,0,1,1,47.7262501478391,0
115,0.0,0,1,0,259.31550515728,0
