bus_number,P_output,Q_output,voltage_mag,gen_status,P_max,P_min
1,0.0,0,1,0,380.084582811727,0
4,566.977827402658,0,1,1,566.977827402663,0
6,686.8377130285,0,1,1,1519.76664498195,0
18,11.6615648416637,0,1,1,11.6615648417292,0
20,1490.47188122505,0,1,1,1490.47188122505,0
24,734.264619690818,0,1,1,734.26461969082,0
25,177.011716047646,0,1,1,177.011716047649,0
28,123.952374910128,0,1,1,123.95237491013,0
33,68.7788993538616,0,1,1,68.7788993538638,0
34,209.515466520433,0,1,1,209.515466520435,0
35,0.0,0,1,0,400.675310173013,0
36,0.0,0,1,0,608.378051176445,0
37,0.0,0,1,0,449.479145769091,0
38,102.505352474302,0,1,1,102.505352474305,0
40,145.217191886064,0,1,1,145.217191886073,0
41,205.680888249477,0,1,1,205.680888249479,0
55,104.203309127766,0,1,1,104.203309127799,0
62,874.234852116301,0,1,1,874.234852116307,0
64,44.1769059072116,0,1,1,44.1769059072138,0
77,0.0,0,1,0,424.196663448176,0
89,194.508446940509,0,1,1,194.508446940511,0
93,677.098348160782,0,1,1,677.098348160784,0
94,228.068260250124,0,1,1,228.068260250126,0
101,0.0,0,1,0,254.421893988453,0
108,0.0,0,1,0,616.933924990286,0
109,19.6381043277236,0,1,1,19.6381043277258,0
