bus_number,P_output,Q_output,voltage_mag,gen_status,P_max,P_min
2,1144.48501467592,0,1,1,1354.37628206991,0
4,26.0857391773386,0,1,1,26.0857391773384,0
6,822.893924042421,0,1,1,1094.60850898336,0
13,151.08593497715,0,1,1,151.085934977161,0
14,244.436533687359,0,1,1,244.436533687359,0
15,592.396009072682,0,1,1,592.396009072695,0
17,3.6785005580827303e-09,0,1,1,129.617213422859,0
19,608.544115778446,0,1,1,630.534609509059,0
20,0.0,0,1,0,508.943688228444,0
24,424.239886987722,0,1,1,606.065564266536,0
25,465.601473411921,0,1,1,465.601473411922,0
27,441.847596599634,0,1,1,441.847596599637,0
28,151.561910957211,0,1,1,151.561910957232,0
30,0.0,0,1,0,222.20961411136,0
33,0.0,0,1,0,200.390643477191,0
35,177.182238736817,0,1,1,177.182238736822,0
46,146.560363563938,0,1,1,146.560363563938,0
49,441.215396275488,0,1,1,441.215396275489,0
51,0.0,0,1,0,234.356283962198,0
53,61.3440872907609,0,1,1,61.3440872907609,0
59,56.002149978724,0,1,1,56.0021499787203,0
70,0.0,0,1,0,229.51822847595,0
71,0.0,0,1,0,331.834114604041,0
74,70.0635644586898,0,1,1,74.8895865428498,0
80,73.4632468225846,0,1,1,73.4632468225889,0
82,0.0,0,1,0,361.229164755717,0
84,166.460994836383,0,1,1,166.460994836384,0
91,97.0822881260126,0,1,1,97.0822881260133,0
103,0.0,0,1,0,296.607928440044,0
107,176.374317364641,0,1,1,176.37431736464,0
108,0.0,0,1,0,375.589912216875,0
110,0.0,0,1,0,386.553667191195,0
111,125.876935635506,0,1,1,125.876935635506,0
