bus_number,P_output,Q_output,voltage_mag,gen_status,P_max,P_min
2,1290.21526268182,0,1,1,2230.53037126659,0
4,152.059509211693,0,1,1,152.059509214097,0
7,647.747840950775,0,1,1,647.747840953191,0
13,260.289601519779,0,1,1,260.289601522198,0
18,1233.98823992528,0,1,1,1233.98823992768,0
21,246.820853445369,0,1,1,482.645295596794,0
25,175.008443892402,0,1,1,175.008443917446,0
28,58.3866914387268,0,1,1,58.3866914411465,0
37,0.0,0,1,0,52.7874852332322,0
38,624.737973900244,0,1,1,624.737973916598,0
41,71.5416189537684,0,1,1,580.781427076312,0
58,278.841357040532,0,1,1,278.841357042949,0
79,218.538029698288,0,1,1,299.757581023278,0
80,2.96993163911796,0,1,1,2.96993173676419,0
84,735.653701149765,0,1,1,735.653701175301,0
85,246.901579019116,0,1,1,246.901579021602,0
91,0.0,0,1,0,856.515284853924,0
98,25.3405751104104,0,1,1,25.3405751128105,0
103,188.813348467681,0,1,1,188.813348470093,0
104,0.0,0,1,0,338.619963481442,0
105,83.1321900072768,0,1,1,83.132190009655,0
107,115.453364503433,0,1,1,115.453364508182,0
111,165.229667896583,0,1,1,415.24722705349,0
114,7.1021690837568,0,1,1,7.10216909267497,0
117,14.8783229093794,0,1,1,14.8783229118766,0
