bus_number,P_output,Q_output,voltage_mag,gen_status,P_max,P_min
1,0.0,0,1,0,334.617342155309,0
8,375.740899258722,0,1,1,375.740899258722,0
11,761.488154523436,0,1,1,761.488154523436,0
18,202.170718354261,0,1,1,202.170718354261,0
23,51.4387075551156,0,1,1,417.84110085627,0
25,0.0,0,1,0,543.087268240812,0
28,91.9892312964115,0,1,1,91.9892312964115,0
32,0.0,0,1,0,497.913563383658,0
40,56.0785642374299,0,1,1,56.0785642374299,0
47,768.526281668676,0,1,1,883.264167549675,0
48,0.0,0,1,0,493.071181077717,0
49,120.931568968451,0,1,1,120.931568968451,0
51,0.0,0,1,0,183.701536287311,0
52,0.0,0,1,0,501.126414051835,0
62,612.822938859252,0,1,1,864.866152872906,0
66,544.150899475693,0,1,1,544.150899475693,0
70,204.65780628157,0,1,1,204.65780628157,0
72,787.859949813219,0,1,1,787.859949813219,0
73,6.66006073102906,0,1,1,6.66006073102906,0
74,104.556111816684,0,1,1,104.556111816684,0
85,0.0,0,1,0,188.814030594657,0
87,54.4812142225112,0,1,1,54.4812142225111,0
91,21.6277288209595,0,1,1,21.6277288209595,0
102,16.2128967231637,0,1,1,16.2128967231637,0
104,29.7427158441107,0,1,1,29.7427158441107,0
106,0.0,0,1,0,258.531588553137,0
110,571.225141803002,0,1,1,571.225141803002,0
111,573.869393199766,0,1,1,573.869393199766,0
113,301.269291762827,0,1,1,411.707540437805,0
114,0.0,0,1,0,122.613838095564,0
115,346.138165610417,0,1,1,346.138165610417,0
117,61.1652816343139,0,1,1,61.1652816343139,0
