cost_model,startup,shutdown,n_coefficients,coeff_n,coeff1,coeff0
2,0,0,3,0.002485652460106,51.2482793737321,355.937072007949
2,0,0,3,0.0050255384122331,38.9387263602607,89.2044464124861
2,0,0,3,0.0025960189359292,52.4851803695278,3556.11030028256
2,0,0,3,0.0040529056561718,24.992276706743,3474.33231253458
2,0,0,3,0.0,0.0,0.0
2,0,0,3,0.0030203230944632,53.0718248935757,2300.80267824799
2,0,0,3,0.00469256334269,54.1460292752151,2617.53880616159
2,0,0,3,0.0,0.0,0.0
2,0,0,3,0.0,0.0,0.0
2,0,0,3,0.0071195440252956,52.9485607987063,547.803383896134
2,0,0,3,0.0026675852892237,54.2435511505744,1205.92455850134
2,0,0,3,0.0,0.0,0.0
2,0,0,3,0.0,0.0,0.0
2,0,0,3,0.0,0.0,0.0
2,0,0,3,0.0,0.0,0.0
2,0,0,3,0.0,0.0,0.0
2,0,0,3,0.0,0.0,0.0
2,0,0,3,0.0,0.0,0.0
2,0,0,3,0.0,0.0,0.0
2,0,0,3,0.0064055405338441,29.225624136171,117.666859497299
2,0,0,3,0.0,0.0,0.0
2,0,0,3,0.0,0.0,0.0
2,0,0,3,0.0,0.0,0.0
2,0,0,3,0.0,0.0,0.0
2,0,0,3,0.0069756243207476,28.1267712806099,402.341786289269
2,0,0,3,0.0,0.0,0.0
2,0,0,3,0.0060253560631622,52.1638969879527,258.365677806558
2,0,0,3,0.0,0.0,0.0
