bus_number,P_output,Q_output,voltage_mag,gen_status,P_max,P_min
5,240.623724079006,0,1,1,240.623724079006,0
11,364.201340549654,0,1,1,364.201340549654,0
14,239.298041744155,0,1,1,239.298041744155,0
16,1664.04334895905,0,1,1,2799.30156819091,0
23,0.0,0,1,0,796.704376317067,0
26,375.093721479593,0,1,1,540.511344985878,0
27,0.0,0,1,0,480.198896489844,0
28,6.54744506115498e-23,0,1,1,80.1247678859844,0
35,40.7773828542371,0,1,1,40.7773828542371,0
39,385.210617528576,0,1,1,385.210617528576,0
47,39.8555261400297,0,1,1,39.8555261400297,0
51,2.71140594089443,0,1,1,2.71140594089443,0
52,550.110628899648,0,1,1,550.110628899648,0
56,0.0,0,1,0,692.861060347578,0
65,210.784832019296,0,1,1,210.784832019296,0
66,409.581603361905,0,1,1,409.581603361905,0
68,32.6236253047538,0,1,1,32.6236253047538,0
73,0.0,0,1,0,22.1515575064902,0
80,319.826699655702,0,1,1,319.826699655702,0
84,178.925241796536,0,1,1,580.337492752697,0
88,157.202587559455,0,1,1,157.202587559455,0
91,250.17975879858,0,1,1,250.17975879858,0
95,164.214795869161,0,1,1,164.214795869161,0
97,153.589727824313,0,1,1,153.589727824313,0
99,66.8785261507517,0,1,1,66.8785261507517,0
101,196.014184194155,0,1,1,196.014184194155,0
108,0.0,0,1,0,340.912284730196,0
110,5.20668965443849,0,1,1,5.20668965443849,0
112,116.54278872101,0,1,1,116.54278872101,0
116,212.140855083816,0,1,1,353.364390715433,0
