bus_number,P_output,Q_output,voltage_mag,gen_status,P_max,P_min
2,528.037431249339,0,1,1,634.64656883502,0
6,154.503825639438,0,1,1,161.274627708577,0
11,141.656892335526,0,1,1,141.656892335526,0
19,0.0,0,1,0,319.595212200768,0
20,97.1547294958702,0,1,1,97.1547294958702,0
24,1351.19114042428,0,1,1,1351.19114042428,0
36,0.0,0,1,0,343.938369658872,0
39,0.0,0,1,0,421.682534082695,0
41,82.4195157314512,0,1,1,82.4195157314512,0
43,0.0,0,1,0,33.0226221162804,0
52,179.503301377812,0,1,1,179.503301377812,0
57,0.0,0,1,0,604.788956078496,0
59,94.2617627074116,0,1,1,94.2617627074116,0
63,586.917681090134,0,1,1,612.698519347475,0
64,883.609586202029,0,1,1,1169.18798818042,0
69,201.147527323043,0,1,1,201.147527323043,0
71,774.299039982515,0,1,1,774.299039982515,0
78,0.0,0,1,0,464.397366895982,0
83,0.0,0,1,0,343.484783438275,0
90,0.0,0,1,0,704.583800211503,0
94,247.844757080868,0,1,1,247.844757080868,0
98,1.1739278372795799e-18,0,1,1,83.9289542392129,0
101,1.01225513805613,0,1,1,1.01225513805613,0
104,0.0,0,1,0,403.624406728856,0
108,38.4831209588333,0,1,1,38.4831209588333,0
117,1122.0734744937,0,1,1,1122.0734744937,0
