cost_model,startup,shutdown,n_coefficients,coeff_n,coeff1,coeff0
2,0,0,3,0.0027354826292201,29.6190317314264,425.002977596988
2,0,0,3,0.0022975528638167,44.7941328301224,1494.5778660929
2,0,0,3,0.0,0.0,0.0
2,0,0,3,0.0069633703613771,40.1539054999591,2714.49310114924
2,0,0,3,0.0,0.0,0.0
2,0,0,3,0.0,0.0,0.0
2,0,0,3,0.0,0.0,0.0
2,0,0,3,0.0,0.0,0.0
2,0,0,3,0.0,0.0,0.0
2,0,0,3,0.0,0.0,0.0
2,0,0,3,0.0051008996078054,31.1924561497967,1210.20069226673
2,0,0,3,0.0,0.0,0.0
2,0,0,3,0.005392510819559,42.1439615907816,1811.10534786661
2,0,0,3,0.0,0.0,0.0
2,0,0,3,0.0071666910071071,24.3047283582856,1898.64113413488
2,0,0,3,0.0,0.0,0.0
2,0,0,3,0.0,0.0,0.0
2,0,0,3,0.0052639775463685,34.106915133324,2898.88394607356
2,0,0,3,0.0,0.0,0.0
2,0,0,3,0.0,0.0,0.0
2,0,0,3,0.0,0.0,0.0
2,0,0,3,0.0,0.0,0.0
2,0,0,3,0.0,0.0,0.0
2,0,0,3,0.0059073016408907,27.9541496537612,368.152033290504
2,0,0,3,0.0,0.0,0.0
2,0,0,3,0.0044760563171825,25.2560575781347,404.12216155511
2,0,0,3,0.0061267453720644,27.0552261352553,544.817185310826
2,0,0,3,0.0037101724518456,46.0954544654592,467.533126553228
