bus_number,P_output,Q_output,voltage_mag,gen_status,P_max,P_min
2,111.507666246385,0,1,1,111.507666246385,0
3,0.0,0,1,0,131.900525219724,0
9,652.121412967932,0,1,1,785.58699861876,0
11,84.3239217006741,0,1,1,84.3239217006747,0
18,761.52400475445,0,1,1,837.106490857892,0
22,202.79706218111,0,1,1,202.797062181111,0
25,653.678399025922,0,1,1,653.678399025922,0
26,3.34823591397214e-13,0,1,1,12.8227740920752,0
29,5.818574409692279e-13,0,1,1,528.891950409473,0
30,428.786778983986,0,1,1,428.786778983986,0
33,63.357046304442,0,1,1,63.3570463044422,0
38,2.47085647330831e-12,0,1,1,362.947595063107,0
39,625.468908056562,0,1,1,828.418928831791,0
44,0.0,0,1,0,427.241315819759,0
46,352.498404798036,0,1,1,398.852241809381,0
48,662.379341128948,0,1,1,662.379341128949,0
49,132.423141457497,0,1,1,362.7779356916,0
50,63.5097993239492,0,1,1,173.717398091658,0
52,0.0,0,1,0,73.8628034100818,0
61,306.999693639549,0,1,1,306.999693639549,0
64,599.590387181335,0,1,1,626.911537416503,0
69,366.574577243237,0,1,1,366.574577243238,0
72,277.338267360902,0,1,1,364.633678958906,0
75,0.0,0,1,0,21.8707400318742,0
89,29.9064356068911,0,1,1,235.775059287522,0
98,0.0,0,1,0,221.49088295176,0
99,4.5419003521411405e-14,0,1,1,190.002905201375,0
104,1.57846744019065e-13,0,1,1,235.959107978592,0
106,1.55566184896379e-13,0,1,1,236.478967121633,0
108,155.996170340595,0,1,1,155.996170340595,0
111,2.25515036867836e-13,0,1,1,76.4959591156175,0
116,0.0,0,1,0,327.733469839248,0
117,134.022304158612,0,1,1,134.022304158617,0
