bus_number,P_output,Q_output,voltage_mag,gen_status,P_max,P_min
3,358.448836306437,0,1,1,358.448836306437,0
7,0.0,0,1,0,732.050441837205,0
9,213.111066510509,0,1,1,213.111066510508,0
10,108.397912570768,0,1,1,108.397912570767,0
15,465.754828369237,0,1,1,465.754828369237,0
16,0.0,0,1,0,185.371658019959,0
23,1010.20782076644,0,1,1,1440.09148872737,0
25,92.7486953658107,0,1,1,92.7486953658096,0
26,74.1227182186787,0,1,1,74.1227182186725,0
30,498.441104721482,0,1,1,498.441104721483,0
33,804.281481108416,0,1,1,804.281481108417,0
34,0.0,0,1,0,300.486109529927,0
39,0.0,0,1,0,565.98642372205,0
40,141.326799435673,0,1,1,141.326799435673,0
43,467.518689803017,0,1,1,467.518689803019,0
51,113.302876149267,0,1,1,280.829592861264,0
56,5.72968492123341,0,1,1,5.72968492123284,0
58,0.0,0,1,0,15.0909461849486,0
60,2.01026365752642e-12,0,1,1,73.5082332678995,0
74,398.962507136186,0,1,1,398.962507136186,0
76,0.0,0,1,0,324.978174697159,0
78,144.378955097303,0,1,1,205.858385180085,0
89,167.305120129494,0,1,1,167.305120129494,0
91,66.4934240623727,0,1,1,144.904028312711,0
94,551.551154088586,0,1,1,551.551154088586,0
97,0.0,0,1,0,240.161249928379,0
98,686.969993147777,0,1,1,686.969993147778,0
108,0.0,0,1,0,341.981539804319,0
109,0.0,0,1,0,296.952319133125,0
112,122.432733166268,0,1,1,122.432733166268,0
114,58.3676293385018,0,1,1,211.598618518276,0
116,101.954321905802,0,1,1,101.9543219058,0
118,12.9953701417559,0,1,1,12.995370141755,0
