cost_model,startup,shutdown,n_coefficients,coeff_n,coeff1,coeff0
2,0,0,3,0.0067230286589499,36.9584666895188,967.15186299345
2,0,0,3,0.0,0.0,0.0
2,0,0,3,0.0,0.0,0.0
2,0,0,3,0.0027518598291353,45.4282592309235,477.520334358091
2,0,0,3,0.0076103630416347,37.7278985123327,2375.51891220453
2,0,0,3,0.0,0.0,0.0
2,0,0,3,0.0022998698640861,29.0048116931175,2121.17455220082
2,0,0,3,0.0,0.0,0.0
2,0,0,3,0.0,0.0,0.0
2,0,0,3,0.0061746853303006,45.9308783320972,48.4153689931303
2,0,0,3,0.007678244548741,41.5818911845488,8.41053443179596
2,0,0,3,0.0,0.0,0.0
2,0,0,3,0.0038683418195738,55.0201662726542,2563.70652336485
2,0,0,3,0.0,0.0,0.0
2,0,0,3,0.0,0.0,0.0
2,0,0,3,0.0,0.0,0.0
2,0,0,3,0.0,0.0,0.0
2,0,0,3,0.0,0.0,0.0
2,0,0,3,0.0046817554326796,35.1524750289808,511.075306674231
2,0,0,3,0.0,0.0,0.0
2,0,0,3,0.0053542862451037,41.1665069003772,145.842747243782
2,0,0,3,0.0,0.0,0.0
2,0,0,3,0.0,0.0,0.0
2,0,0,3,0.0041325928881847,38.8647552520232,1414.50649315386
2,0,0,3,0.0,0.0,0.0
2,0,0,3,0.0,0.0,0.0
