cost_model,startup,shutdown,n_coefficients,coeff_n,coeff1,coeff0
2,0,0,3,0.0,0.0,0.0
2,0,0,3,0.0077236750975981,55.5444064225676,1278.44687864447
2,0,0,3,0.0,0.0,0.0
2,0,0,3,0.0,0.0,0.0
2,0,0,3,0.0047417200079963,26.1333380962606,606.583885640929
2,0,0,3,0.0,0.0,0.0
2,0,0,3,0.0,0.0,0.0
2,0,0,3,0.002040833876422,43.2359976437305,3168.5197263889
2,0,0,3,0.0,0.0,0.0
2,0,0,3,0.0031769313006559,32.9375175570777,1418.13014246423
2,0,0,3,0.0031177491473887,30.5462781656863,237.400929492777
2,0,0,3,0.0061366013716535,49.935450747997,210.677003777293
2,0,0,3,0.0,0.0,0.0
2,0,0,3,0.0,0.0,0.0
2,0,0,3,0.0,0.0,0.0
2,0,0,3,0.0074052829818584,32.504519696962,393.405661080754
2,0,0,3,0.0,0.0,0.0
2,0,0,3,0.0049785380445839,41.9263256981072,16.014827555341
2,0,0,3,0.0048912341739293,23.23201325861,3759.15014045708
2,0,0,3,0.0076310118825842,56.0865338378344,231.888956646421
2,0,0,3,0.0,0.0,0.0
2,0,0,3,0.0,0.0,0.0
2,0,0,3,0.0,0.0,0.0
2,0,0,3,0.0,0.0,0.0
2,0,0,3,0.0,0.0,0.0
2,0,0,3,0.0,0.0,0.0
2,0,0,3,0.0046096302432036,41.8972530868156,220.023807568992
