bus_number,P_output,Q_output,voltage_mag,gen_status,P_max,P_min
6,0.0,0,1,0,426.159372253416,0
15,0.0,0,1,0,258.02198577174,0
17,479.629316549288,0,1,1,707.688349552671,0
20,190.073132449473,0,1,1,190.073132449485,0
21,972.318405645709,0,1,1,988.063703508703,0
23,81.2286279453524,0,1,1,174.545600377618,0
27,602.011092046427,0,1,1,708.389038285375,0
34,32.2085955129383,0,1,1,32.2085955129453,0
41,899.46546487397,0,1,1,899.465464873974,0
52,0.0,0,1,0,448.358299499492,0
54,9.509606346346531e-15,0,1,1,27.4531239413624,0
61,758.983141688053,0,1,1,758.983141688101,0
66,0.0,0,1,0,162.092401431433,0
70,0.0,0,1,0,405.830184410476,0
76,0.0,0,1,0,351.72172631554,0
77,372.304100178784,0,1,1,372.30410017879,0
83,0.0,0,1,0,429.090500482087,0
84,0.0,0,1,0,397.513805404675,0
88,229.99592128532,0,1,1,389.701427418747,0
93,65.5563400316228,0,1,1,65.5563400316288,0
96,768.956663670371,0,1,1,768.956663670377,0
98,35.1638592335152,0,1,1,35.1638592336956,0
100,76.6467004556772,0,1,1,76.6467004556846,0
101,93.397948100232,0,1,1,93.3979481002377,0
105,0.0,0,1,0,433.997036153065,0
108,75.6001555569439,0,1,1,75.6001555570079,0
113,802.723703877896,0,1,1,954.919570213475,0
