bus_number,P_output,Q_output,voltage_mag,gen_status,P_max,P_min
4,1441.18468093096,0,1,1,1441.18468093096,0
11,28.9407132358591,0,1,1,28.9407132358591,0
12,0.0,0,1,0,717.687604446299,0
16,1391.27956122593,0,1,1,1391.27956122593,0
23,0.0,0,1,0,110.330073659731,0
24,0.0,0,1,0,461.158799927268,0
29,0.0,0,1,0,220.243526724421,0
30,649.667411660637,0,1,1,972.442358267742,0
31,262.095601177908,0,1,1,262.095601177908,0
32,0.0,0,1,0,592.263908747879,0
41,32.9578517855549,0,1,1,32.9578517855549,0
43,886.886983614211,0,1,1,944.331858953287,0
51,99.8197554519118,0,1,1,99.8197554519118,0
58,0.0,0,1,0,394.023451389317,0
59,845.542079003485,0,1,1,845.542079003485,0
60,0.0,0,1,0,301.403251412982,0
66,109.17769960691,0,1,1,109.17769960691,0
70,27.5912075549872,0,1,1,27.5912075549872,0
84,0.0,0,1,0,333.396050143647,0
86,23.8833920186361,0,1,1,23.8833920186361,0
87,0.0,0,1,0,434.841853568866,0
92,62.8195299377405,0,1,1,62.8195299377405,0
96,225.257097571182,0,1,1,225.257097571182,0
99,0.0,0,1,0,309.947114310033,0
100,259.68171323849,0,1,1,259.68171323849,0
107,0.0,0,1,0,201.418541359289,0
114,250.254039635097,0,1,1,286.041214868526,0
116,67.7644048115196,0,1,1,67.7644048115196,0
