cost_model,startup,shutdown,n_coefficients,coeff_n,coeff1,coeff0
2,0,0,3,0.0032622216254143,26.7630555703385,3264.33651121569
2,0,0,3,0.0,0.0,0.0
2,0,0,3,0.0047102984211999,25.6963512850023,1241.515382425
2,0,0,3,0.0077226844332132,31.7009884823654,499.111795049094
2,0,0,3,0.0048350886271642,49.9276272196076,866.351265589017
2,0,0,3,0.0,0.0,0.0
2,0,0,3,0.0043917906514027,44.2441406788314,1506.30370297025
2,0,0,3,0.005558319084181,42.6870533046441,2329.54878305547
2,0,0,3,0.0,0.0,0.0
2,0,0,3,0.0,0.0,0.0
2,0,0,3,0.0068899210421251,39.7454764777968,442.503291593081
2,0,0,3,0.0076974631017907,40.9743921545932,398.769644052267
2,0,0,3,0.0062153655640153,44.4606789693352,487.646796178525
2,0,0,3,0.0049520229226761,45.9322111606937,1892.25978764709
2,0,0,3,0.0079061111045422,50.1515397619668,64.1071779858203
2,0,0,3,0.0,0.0,0.0
2,0,0,3,0.0,0.0,0.0
2,0,0,3,0.0,0.0,0.0
2,0,0,3,0.0039554051533033,37.7577362775337,554.308492380267
2,0,0,3,0.0,0.0,0.0
2,0,0,3,0.0,0.0,0.0
2,0,0,3,0.0,0.0,0.0
2,0,0,3,0.0,0.0,0.0
2,0,0,3,0.0,0.0,0.0
2,0,0,3,0.007669915346096,51.1973876972683,274.922791302382
2,0,0,3,0.0,0.0,0.0
2,0,0,3,0.0,0.0,0.0
2,0,0,3,0.0053860694547795,28.2815564650275,528.265584618002
2,0,0,3,0.0,0.0,0.0
2,0,0,3,0.0,0.0,0.0
2,0,0,3,0.0,0.0,0.0
2,0,0,3,0.0,0.0,0.0
