cost_model,startup,shutdown,n_coefficients,coeff_n,coeff1,coeff0
2,0,0,3,0.0,0.0,0.0
2,0,0,3,0.0043846258004865,43.3859570668735,3719.4551461475
2,0,0,3,0.0072488506011815,43.2416580718735,3170.34236981714
2,0,0,3,0.0,0.0,0.0
2,0,0,3,0.0,0.0,0.0
2,0,0,3,0.0,0.0,0.0
2,0,0,3,0.0052874496216465,51.3547347551696,453.51527175981
2,0,0,3,0.0020968450866222,51.3814070193061,797.198509713563
2,0,0,3,0.0,0.0,0.0
2,0,0,3,0.0,0.0,0.0
2,0,0,3,0.0,0.0,0.0
2,0,0,3,0.0055714437001959,28.8160371413305,2438.39470541821
2,0,0,3,0.0,0.0,0.0
2,0,0,3,0.0062943267988625,29.2943001375797,2675.27388463474
2,0,0,3,0.0,0.0,0.0
2,0,0,3,0.0,0.0,0.0
2,0,0,3,0.0,0.0,0.0
2,0,0,3,0.0067780845581236,38.0948991978306,161.245380667922
2,0,0,3,0.0072062517159936,32.2469850834957,572.513256850724
2,0,0,3,0.002263714039564,55.7266173590538,421.376797251478
2,0,0,3,0.0046553371571705,32.1223649685556,596.878966191604
2,0,0,3,0.0,0.0,0.0
2,0,0,3,0.0038595865601169,48.7476135866226,147.954084453645
2,0,0,3,0.0,0.0,0.0
2,0,0,3,0.0,0.0,0.0
2,0,0,3,0.0036495446901183,42.5145063274202,619.951545169232
2,0,0,3,0.0,0.0,0.0
2,0,0,3,0.0,0.0,0.0
2,0,0,3,0.0,0.0,0.0
2,0,0,3,0.0,0.0,0.0
