cost_model,startup,shutdown,n_coefficients,coeff_n,coeff1,coeff0
2,0,0,3,0.0,0.0,0.0
2,0,0,3,0.0,0.0,0.0
2,0,0,3,0.0029025874029981,30.9308140426128,646.059781862382
2,0,0,3,0.0,0.0,0.0
2,0,0,3,0.0,0.0,0.0
2,0,0,3,0.0078748908963927,35.7217850865722,36.8749484005512
2,0,0,3,0.0067875371875641,36.2074408259943,275.934776260855
2,0,0,3,0.0,0.0,0.0
2,0,0,3,0.0,0.0,0.0
2,0,0,3,0.0,0.0,0.0
2,0,0,3,0.0,0.0,0.0
2,0,0,3,0.007915560576005,36.5639730495791,150.912290081046
2,0,0,3,0.0044431336604269,36.8747783163614,573.83007951256
2,0,0,3,0.0061931133030372,23.7407555576783,1198.68727907929
2,0,0,3,0.0,0.0,0.0
2,0,0,3,0.0,0.0,0.0
2,0,0,3,0.0069073778155714,46.1004160456003,3533.88075344745
2,0,0,3,0.0074974280128174,32.666653000868,121.529125308369
2,0,0,3,0.0,0.0,0.0
2,0,0,3,0.0,0.0,0.0
2,0,0,3,0.0049534317433483,48.8608077252191,882.117246495817
2,0,0,3,0.0,0.0,0.0
2,0,0,3,0.0,0.0,0.0
2,0,0,3,0.0,0.0,0.0
2,0,0,3,0.0071368853800267,48.9545019513618,804.859075261831
2,0,0,3,0.0,0.0,0.0
2,0,0,3,0.0,0.0,0.0
2,0,0,3,0.0038365668335879,31.9801503865338,171.234928227869
2,0,0,3,0.0,0.0,0.0
