bus_number,P_output,Q_output,voltage_mag,gen_status,P_max,P_min
12,0.0,0,1,0,20.4635996549768,0
15,1707.6515006393,0,1,1,2076.58748659936,0
20,428.108987136889,0,1,1,428.108987136889,0
33,535.017976251945,0,1,1,535.017976251945,0
34,36.1369115474552,0,1,1,36.1369115474552,0
43,0.0,0,1,0,419.179490230762,0
47,0.0,0,1,0,388.58230306872,0
63,1543.06474111943,0,1,1,1579.70225142598,0
68,0.0,0,1,0,243.307271021583,0
71,77.6868116708044,0,1,1,254.180269274595,0
72,0.0,0,1,0,413.078197766398,0
73,0.0,0,1,0,571.893075391899,0
75,4.671993304494351e-19,0,1,1,189.674163849084,0
77,0.0,0,1,0,603.320034014492,0
80,0.0,0,1,0,207.188727667215,0
82,50.0872965407934,0,1,1,50.0872965407934,0
88,114.362661115094,0,1,1,114.362661115094,0
91,305.340202861616,0,1,1,305.340202861616,0
92,1056.4670242924,0,1,1,1056.4670242924,0
96,93.9433871585084,0,1,1,93.9433871585084,0
99,91.4798629874038,0,1,1,140.254664534942,0
103,93.2730704733475,0,1,1,93.2730704733475,0
106,482.752082610326,0,1,1,482.752082610326,0
110,49.4312060556998,0,1,1,49.4312060556998,0
117,0.0,0,1,0,279.569886227719,0
