cost_model,startup,shutdown,n_coefficients,coeff_n,coeff1,coeff0
2,0,0,3,0.0038140513268888,41.8236464599016,2979.42322197584
2,0,0,3,0.0065271164344368,54.1660209487993,388.554430098151
2,0,0,3,0.0,0.0,0.0
2,0,0,3,0.0029053712865485,48.7797434523116,127.535925762511
2,0,0,3,0.0,0.0,0.0
2,0,0,3,0.0,0.0,0.0
2,0,0,3,0.0054459646057033,38.4233782736304,435.160291501152
2,0,0,3,0.0,0.0,0.0
2,0,0,3,0.0044048136498223,53.7323777974122,47.3697157882968
2,0,0,3,0.0,0.0,0.0
2,0,0,3,0.0,0.0,0.0
2,0,0,3,0.0,0.0,0.0
2,0,0,3,0.007047956776347,50.0687230176522,240.912156332402
2,0,0,3,0.0,0.0,0.0
2,0,0,3,0.0,0.0,0.0
2,0,0,3,0.0043390011013251,32.4758301913226,2124.26219301405
2,0,0,3,0.0070540506777138,36.8711584260266,662.876295750878
2,0,0,3,0.0,0.0,0.0
2,0,0,3,0.0,0.0,0.0
2,0,0,3,0.0067607863845738,32.8983471107194,3607.43292468696
2,0,0,3,0.0,0.0,0.0
2,0,0,3,0.0,0.0,0.0
2,0,0,3,0.0,0.0,0.0
2,0,0,3,0.0,0.0,0.0
2,0,0,3,0.0041518120286835,55.7145562674861,311.969229300264
