cost_model,startup,shutdown,n_coefficients,coeff_n,coeff1,coeff0
2,0,0,3,0.0035772947714897,29.8135901708003,2826.92712399865
2,0,0,3,0.004271646986635,26.1814379927755,3672.91471478299
2,0,0,3,0.0,0.0,0.0
2,0,0,3,0.0,0.0,0.0
2,0,0,3,0.0034464059396552,47.6216317826532,1401.93339149294
2,0,0,3,0.0,0.0,0.0
2,0,0,3,0.0038040051736134,33.1874924003489,1606.74206667831
2,0,0,3,0.0,0.0,0.0
2,0,0,3,0.0,0.0,0.0
2,0,0,3,0.0055961783703126,45.2529357683194,558.256807740637
2,0,0,3,0.0,0.0,0.0
2,0,0,3,0.0,0.0,0.0
2,0,0,3,0.0,0.0,0.0
2,0,0,3,0.0023796503753954,24.6789054809158,726.428231544598
2,0,0,3,0.0,0.0,0.0
2,0,0,3,0.0028121684608001,36.7531465308421,573.916565480159
2,0,0,3,0.0,0.0,0.0
2,0,0,3,0.0,0.0,0.0
2,0,0,3,0.0,0.0,0.0
2,0,0,3,0.0064229169662012,36.5073933668893,1325.50542047975
2,0,0,3,0.0061120083470554,34.2761105808378,563.823456229018
2,0,0,3,0.0045537932363559,35.702592555938,43.4328420936732
2,0,0,3,0.0,0.0,0.0
2,0,0,3,0.0025182510899406,26.0577651637066,502.945148971051
2,0,0,3,0.0,0.0,0.0
2,0,0,3,0.0,0.0,0.0
2,0,0,3,0.0,0.0,0.0
