cost_model,startup,shutdown,n_coefficients,coeff_n,coeff1,coeff0
2,0,0,3,0.0035078555559402,38.865213648324,1676.54162802975
2,0,0,3,0.0,0.0,0.0
2,0,0,3,0.0,0.0,0.0
2,0,0,3,0.0023545082653103,47.0554096606211,64.296176929559
2,0,0,3,0.0,0.0,0.0
2,0,0,3,0.0039550818279886,40.662784415048,3407.79341893477
2,0,0,3,0.0,0.0,0.0
2,0,0,3,0.0,0.0,0.0
2,0,0,3,0.0,0.0,0.0
2,0,0,3,0.0045834866942351,40.5569900420263,536.532473994857
2,0,0,3,0.0054882771087799,46.2580812830882,3148.51323897529
2,0,0,3,0.0,0.0,0.0
2,0,0,3,0.0,0.0,0.0
2,0,0,3,0.0052620133201505,54.1997404245287,2148.61301214751
2,0,0,3,0.0,0.0,0.0
2,0,0,3,0.0,0.0,0.0
2,0,0,3,0.0,0.0,0.0
2,0,0,3,0.0,0.0,0.0
2,0,0,3,0.0078592201750829,51.3117249636814,263.861018444272
2,0,0,3,0.0,0.0,0.0
2,0,0,3,0.0041752722002029,29.0043381367847,590.542283677488
2,0,0,3,0.0,0.0,0.0
2,0,0,3,0.0,0.0,0.0
2,0,0,3,0.0059089098824996,27.9635427536867,500.051789199791
2,0,0,3,0.0069486260705297,53.4838766202355,3473.5382979827
2,0,0,3,0.0,0.0,0.0
