cost_model,startup,shutdown,n_coefficients,coeff_n,coeff1,coeff0
2,0,0,3,0.0047570916661042,51.9552658044901,350.655632415341
2,0,0,3,0.0068568858858748,53.9984966384061,2082.7352594616
2,0,0,3,0.0,0.0,0.0
2,0,0,3,0.0,0.0,0.0
2,0,0,3,0.0052408826756419,37.4389945959629,473.204248585406
2,0,0,3,0.0072654281262704,53.955712698735,476.504913169944
2,0,0,3,0.0,0.0,0.0
2,0,0,3,0.0028894627966188,24.0562688300324,466.263701580933
2,0,0,3,0.0,0.0,0.0
2,0,0,3,0.0,0.0,0.0
2,0,0,3,0.0,0.0,0.0
2,0,0,3,0.0,0.0,0.0
2,0,0,3,0.0068657150929052,50.9479446118828,468.538269573836
2,0,0,3,0.0049089086438408,38.847190411342,3453.35218486821
2,0,0,3,0.0,0.0,0.0
2,0,0,3,0.005017722354336,26.7596323857731,553.391008285878
2,0,0,3,0.0,0.0,0.0
2,0,0,3,0.0,0.0,0.0
2,0,0,3,0.0057256364648365,32.1483120454222,250.634041400909
2,0,0,3,0.0055753655786029,30.6277876077889,3259.24446056251
2,0,0,3,0.0034307689860912,54.5190003544207,564.9789002785
2,0,0,3,0.0,0.0,0.0
2,0,0,3,0.0074816064979955,28.8447979298957,900.221326254823
2,0,0,3,0.0,0.0,0.0
2,0,0,3,0.0,0.0,0.0
2,0,0,3,0.0,0.0,0.0
2,0,0,3,0.0,0.0,0.0
2,0,0,3,0.0,0.0,0.0
2,0,0,3,0.0,0.0,0.0
2,0,0,3,0.0,0.0,0.0
2,0,0,3,0.0061627778523384,51.4165528209058,297.810740692689
