cost_model,startup,shutdown,n_coefficients,coeff_n,coeff1,coeff0
2,0,0,3,0.0,0.0,0.0
2,0,0,3,0.0075896998963818,52.177465534413,3664.09301599964
2,0,0,3,0.0,0.0,0.0
2,0,0,3,0.0042524642140175,50.8233940017224,255.212408476248
2,0,0,3,0.007177032352457,39.2777046072548,294.862914609688
2,0,0,3,0.0025755171647147,34.8841322572354,3032.64326286406
2,0,0,3,0.0070074832980957,27.3376409514052,555.047714813214
2,0,0,3,0.0,0.0,0.0
2,0,0,3,0.005528034579675,25.9587936499009,966.057562178111
2,0,0,3,0.0,0.0,0.0
2,0,0,3,0.0072822953088067,27.5093588476331,2207.77817190456
2,0,0,3,0.0,0.0,0.0
2,0,0,3,0.0031399177304867,27.901283673288,1165.20222069814
2,0,0,3,0.0,0.0,0.0
2,0,0,3,0.0,0.0,0.0
2,0,0,3,0.0,0.0,0.0
2,0,0,3,0.0075256506820856,55.0234371667927,442.05533255196
2,0,0,3,0.0,0.0,0.0
2,0,0,3,0.0,0.0,0.0
2,0,0,3,0.0060190611023006,41.9658391592084,24.7573714054331
2,0,0,3,0.0,0.0,0.0
2,0,0,3,0.0,0.0,0.0
2,0,0,3,0.0,0.0,0.0
2,0,0,3,0.0,0.0,0.0
2,0,0,3,0.0,0.0,0.0
2,0,0,3,0.0044528942969663,54.2752442522645,548.672272753062
2,0,0,3,0.0,0.0,0.0
2,0,0,3,0.0,0.0,0.0
2,0,0,3,0.0077293583785859,36.1162004604909,2279.97310378729
2,0,0,3,0.0,0.0,0.0
2,0,0,3,0.0062533171609146,37.862327409488,502.558006537221
