cost_model,startup,shutdown,n_coefficients,coeff_n,coeff1,coeff0
2,0,0,3,0.0,0.0,0.0
2,0,0,3,0.0,0.0,0.0
2,0,0,3,0.0,0.0,0.0
2,0,0,3,0.0030344453330028,36.2218553647786,189.182857162133
2,0,0,3,0.0,0.0,0.0
2,0,0,3,0.0028322768706263,33.4692440741756,1782.57350308573
2,0,0,3,0.0,0.0,0.0
2,0,0,3,0.0041891677515727,32.6591383183971,3511.68932164444
2,0,0,3,0.0,0.0,0.0
2,0,0,3,0.0072448683816667,26.5304428362295,284.599348370066
2,0,0,3,0.0046214167066967,33.9576562230071,1318.21932102484
2,0,0,3,0.0,0.0,0.0
2,0,0,3,0.0049895808325332,33.0942163771663,561.876939006206
2,0,0,3,0.0,0.0,0.0
2,0,0,3,0.0,0.0,0.0
2,0,0,3,0.0,0.0,0.0
2,0,0,3,0.0077041225358629,43.1533531709383,411.530015973897
2,0,0,3,0.0,0.0,0.0
2,0,0,3,0.0,0.0,0.0
2,0,0,3,0.004769098219268,38.5927007611501,3851.87031015964
2,0,0,3,0.0047006654362559,49.87763263397,1533.8815362903
2,0,0,3,0.0034668314257331,45.4366764232799,125.727279193153
2,0,0,3,0.0061448846452625,39.4247496729663,421.278227325877
2,0,0,3,0.0,0.0,0.0
2,0,0,3,0.0,0.0,0.0
2,0,0,3,0.0,0.0,0.0
2,0,0,3,0.0,0.0,0.0
