cost_model,startup,shutdown,n_coefficients,coeff_n,coeff1,coeff0
2,0,0,3,0.0,0.0,0.0
2,0,0,3,0.0057396554578125,27.7877433304129,552.938597785623
2,0,0,3,0.0,0.0,0.0
2,0,0,3,0.0,0.0,0.0
2,0,0,3,0.0026450645500774,53.5924818725524,192.317182186067
2,0,0,3,0.0031576358347577,53.1499399024234,3051.59459539914
2,0,0,3,0.0,0.0,0.0
2,0,0,3,0.0023773123784396,32.659635722455,3459.52497684658
2,0,0,3,0.0,0.0,0.0
2,0,0,3,0.0060194908445183,42.0999130395525,291.256240510752
2,0,0,3,0.0039231104158187,24.7460838654257,410.113107891309
2,0,0,3,0.0033958257108324,39.6158357791415,875.444390609465
2,0,0,3,0.0,0.0,0.0
2,0,0,3,0.0,0.0,0.0
2,0,0,3,0.0,0.0,0.0
2,0,0,3,0.0,0.0,0.0
2,0,0,3,0.0,0.0,0.0
2,0,0,3,0.0,0.0,0.0
2,0,0,3,0.0046873583125792,37.2053715528003,112.403573797208
2,0,0,3,0.0,0.0,0.0
2,0,0,3,0.0022307446366844,49.2788250851598,13.3189030346668
2,0,0,3,0.002260592000793,23.8145613266854,2357.52241561301
2,0,0,3,0.0,0.0,0.0
2,0,0,3,0.0,0.0,0.0
2,0,0,3,0.0031972135968057,55.5931332909415,33.3390717344024
2,0,0,3,0.0,0.0,0.0
2,0,0,3,0.0,0.0,0.0
