cost_model,startup,shutdown,n_coefficients,coeff_n,coeff1,coeff0
2,0,0,3,0.0044823841530787,33.3028608795676,2790.21606527602
2,0,0,3,0.0023616367943554,47.4920734829408,392.692479913671
2,0,0,3,0.0024542189692154,47.4958134820587,544.402427189443
2,0,0,3,0.0,0.0,0.0
2,0,0,3,0.0,0.0,0.0
2,0,0,3,0.0022103928513829,32.2522929552977,2560.03565792896
2,0,0,3,0.0052186394353282,30.1868414120788,3148.83169756187
2,0,0,3,0.0032452503598799,37.1094915632402,138.587541992183
2,0,0,3,0.0,0.0,0.0
2,0,0,3,0.0,0.0,0.0
2,0,0,3,0.0068688757740341,45.2586921456373,56.7380988736293
2,0,0,3,0.0,0.0,0.0
2,0,0,3,0.0,0.0,0.0
2,0,0,3,0.0,0.0,0.0
2,0,0,3,0.0,0.0,0.0
2,0,0,3,0.0027631783562442,45.5664791571117,2860.58369157201
2,0,0,3,0.0,0.0,0.0
2,0,0,3,0.0,0.0,0.0
2,0,0,3,0.0069037834733174,53.1451024237716,460.413158929072
2,0,0,3,0.0,0.0,0.0
2,0,0,3,0.0,0.0,0.0
2,0,0,3,0.0,0.0,0.0
2,0,0,3,0.0,0.0,0.0
2,0,0,3,0.0,0.0,0.0
2,0,0,3,0.0063143486271891,47.7512481176993,60.164770210263
2,0,0,3,0.0,0.0,0.0
2,0,0,3,0.0077740545714884,49.2266822272991,3849.70389341374
2,0,0,3,0.0,0.0,0.0
2,0,0,3,0.0058291340993404,53.8301751779693,2751.03379105787
2,0,0,3,0.0035887651442804,42.6478537378329,90.6049546604166
2,0,0,3,0.0,0.0,0.0
2,0,0,3,0.0,0.0,0.0
2,0,0,3,0.0071129449435858,50.2653082982391,416.513981726321
2,0,0,3,0.0,0.0,0.0
2,0,0,3,0.0036811849035887,47.4243583895345,214.68431256889
2,0,0,3,0.0,0.0,0.0
2,0,0,3,0.0,0.0,0.0
