cost_model,startup,shutdown,n_coefficients,coeff_n,coeff1,coeff0
2,0,0,3,0.0066453392137993,52.4386909084211,1741.83808346418
2,0,0,3,0.0,0.0,0.0
2,0,0,3,0.0,0.0,0.0
2,0,0,3,0.006640075192996,27.6069662315313,3125.3595537816
2,0,0,3,0.0,0.0,0.0
2,0,0,3,0.0,0.0,0.0
2,0,0,3,0.0,0.0,0.0
2,0,0,3,0.0061682760009261,54.5608706850385,337.048308206345
2,0,0,3,0.002054296562362,52.4092380149168,3629.10026708392
2,0,0,3,0.0078897574672487,51.4557828120734,202.205025548855
2,0,0,3,0.0,0.0,0.0
2,0,0,3,0.0037103456113219,37.3177948729681,182.385394230993
2,0,0,3,0.0,0.0,0.0
2,0,0,3,0.0040473893679099,30.2338808249969,2939.7933342602
2,0,0,3,0.0,0.0,0.0
2,0,0,3,0.0,0.0,0.0
2,0,0,3,0.0,0.0,0.0
2,0,0,3,0.0053194611425539,48.2494638684414,478.593847820246
2,0,0,3,0.0,0.0,0.0
2,0,0,3,0.0,0.0,0.0
2,0,0,3,0.0064685256116983,50.9667369509193,2628.87240603873
2,0,0,3,0.0,0.0,0.0
2,0,0,3,0.0,0.0,0.0
2,0,0,3,0.0,0.0,0.0
2,0,0,3,0.0052890530077537,42.6219692062456,1583.02513680734
2,0,0,3,0.0072270357935231,38.3884650913552,27.6899283247359
2,0,0,3,0.0,0.0,0.0
