bus_number,P_output,Q_output,voltage_mag,gen_status,P_max,P_min
5,0.0,0,1,0,248.238407291751,0
13,40.2750277404783,0,1,1,40.2750277404786,0
14,1265.91888447505,0,1,1,1698.42254447889,0
16,3.95984545658559e-12,0,1,1,349.791948458031,0
26,194.761895260317,0,1,1,194.761895260317,0
27,268.351876274059,0,1,1,268.35187627406,0
29,10.9975446725967,0,1,1,10.997544672597,0
35,1023.32611157009,0,1,1,1023.32611157009,0
40,264.271013073363,0,1,1,264.271013073364,0
48,45.1591217965665,0,1,1,45.159121796567,0
50,138.126047287183,0,1,1,138.126047287183,0
51,177.382863292601,0,1,1,177.382863292602,0
57,179.930300380568,0,1,1,179.930300380568,0
60,58.9958119608873,0,1,1,58.9958119608876,0
61,0.0,0,1,0,535.952083515198,0
66,108.050930716333,0,1,1,108.050930716333,0
67,389.841425713363,0,1,1,389.841425713364,0
75,560.354948872008,0,1,1,601.678495974074,0
78,95.0927603308162,0,1,1,95.0927603308302,0
87,234.878877866097,0,1,1,234.878877866097,0
89,0.0,0,1,0,984.914510702524,0
91,3.14859053553292e-12,0,1,1,123.08161651476,0
93,287.644416042884,0,1,1,287.644416042953,0
102,3.17184697800407,0,1,1,46.7460541076138,0
108,0.0,0,1,0,687.049883791865,0
110,251.936065730753,0,1,1,251.936065730753,0
113,4.58125020788917,0,1,1,4.58125020788954,0
114,444.516888231833,0,1,1,444.516888231833,0
115,263.889381479176,0,1,1,263.889381479178,0
