bus_number,P_output,Q_output,voltage_mag,gen_status,P_max,P_min
21,0.0,0,1,0,547.481089679145,0
22,877.865032770465,0,1,1,1195.53776887717,0
31,0.0,0,1,0,339.689028287777,0
32,973.143199935688,0,1,1,973.143199935688,0
33,864.470951557365,0,1,1,864.470951557365,0
42,0.0,0,1,0,414.58262094138,0
45,0.0,0,1,0,325.177210323414,0
47,236.724437318787,0,1,1,236.724437318787,0
50,277.484821404887,0,1,1,277.484821404887,0
51,0.0,0,1,0,423.366796807237,0
52,0.0,0,1,0,441.724031581489,0
62,123.773898024436,0,1,1,141.077586696941,0
67,175.89228135703,0,1,1,175.89228135703,0
68,6.60490440049956e-18,0,1,1,169.357144409291,0
70,840.820402291435,0,1,1,840.820402291435,0
71,0.0,0,1,0,10.6295888237908,0
78,173.705259268204,0,1,1,173.705259268204,0
79,242.875920174611,0,1,1,242.875920174611,0
80,756.903561875485,0,1,1,756.903561875485,0
82,59.2147484587375,0,1,1,59.2147484587375,0
83,278.661842119449,0,1,1,278.661842119449,0
86,5.85229429195046,0,1,1,5.85229429195046,0
88,8.33492408037197e-22,0,1,1,30.4127944123933,0
90,696.488093790144,0,1,1,701.093109794583,0
98,0.0,0,1,0,621.171411728431,0
100,80.9269778223487,0,1,1,80.9269778223487,0
111,0.0,0,1,0,303.925346532781,0
