cost_model,startup,shutdown,n_coefficients,coeff_n,coeff1,coeff0
2,0,0,3,0.0046626371398434,25.6037095123074,1396.13259069429
2,0,0,3,0.0,0.0,0.0
2,0,0,3,0.0050846857773726,24.2752986756745,1961.18714154968
2,0,0,3,0.0,0.0,0.0
2,0,0,3,0.0,0.0,0.0
2,0,0,3,0.0025651965563952,36.5651763617663,1433.39743052114
2,0,0,3,0.0,0.0,0.0
2,0,0,3,0.0,0.0,0.0
2,0,0,3,0.0,0.0,0.0
2,0,0,3,0.0046984841824822,30.4399595620264,3359.85888666429
2,0,0,3,0.0043606640401314,38.0588011196162,82.1223932857625
2,0,0,3,0.0,0.0,0.0
2,0,0,3,0.0020266648718585,51.1479192861646,489.317210666269
2,0,0,3,0.0,0.0,0.0
2,0,0,3,0.0,0.0,0.0
2,0,0,3,0.0047091770213666,55.3059787527261,297.509789008314
2,0,0,3,0.0,0.0,0.0
2,0,0,3,0.0,0.0,0.0
2,0,0,3,0.0,0.0,0.0
2,0,0,3,0.0041049539558526,23.1911708710088,418.198906999078
2,0,0,3,0.0067787033916269,42.3901978901685,252.217832550313
2,0,0,3,0.0,0.0,0.0
2,0,0,3,0.0,0.0,0.0
2,0,0,3,0.0,0.0,0.0
2,0,0,3,0.003858926876951,29.649137341275,322.835865016578
2,0,0,3,0.0,0.0,0.0
2,0,0,3,0.0036076442093355,37.9628443131884,260.980651001141
