cost_model,startup,shutdown,n_coefficients,coeff_n,coeff1,coeff0
2,0,0,3,0.0022301866482426,47.8398300485677,2512.76262944897
2,0,0,3,0.0,0.0,0.0
2,0,0,3,0.0,0.0,0.0
2,0,0,3,0.0,0.0,0.0
2,0,0,3,0.0,0.0,0.0
2,0,0,3,0.0,0.0,0.0
2,0,0,3,0.0,0.0,0.0
2,0,0,3,0.0068761689010514,35.2808314378013,201.068313389781
2,0,0,3,0.0,0.0,0.0
2,0,0,3,0.0040620846692165,51.5435613691958,1188.23324799952
2,0,0,3,0.0034369770675036,52.2145506360332,2646.38117957053
2,0,0,3,0.002838672698062,41.1489980180507,95.5523175716331
2,0,0,3,0.0034420476803029,29.4994496873194,255.801481449499
2,0,0,3,0.0053646251534429,34.1722152918603,2372.14126272296
2,0,0,3,0.0,0.0,0.0
2,0,0,3,0.0,0.0,0.0
2,0,0,3,0.0,0.0,0.0
2,0,0,3,0.006995391277103,41.0161379416713,261.55474614102
2,0,0,3,0.0,0.0,0.0
2,0,0,3,0.0055366427620308,30.6510079396886,221.434940549155
2,0,0,3,0.0,0.0,0.0
2,0,0,3,0.0,0.0,0.0
2,0,0,3,0.0,0.0,0.0
2,0,0,3,0.0053394613576424,23.5914353245872,301.099671059516
2,0,0,3,0.0,0.0,0.0
2,0,0,3,0.0,0.0,0.0
2,0,0,3,0.0070057712448829,34.3337477708015,1516.13266054863
