bus_number,P_output,Q_output,voltage_mag,gen_status,P_max,P_min
3,226.030172807074,0,1,1,226.03017280708,0
5,587.532350716081,0,1,1,587.532350716092,0
7,1953.74709783796,0,1,1,2139.58222148263,0
9,617.670983839549,0,1,1,617.670983839559,0
11,363.198618519892,0,1,1,363.198618519893,0
31,248.623994718008,0,1,1,248.623994718006,0
33,4.41717002648105,0,1,1,4.41717002647535,0
36,0.0,0,1,0,926.965727034991,0
37,0.0,0,1,0,366.210553212231,0
38,0.0,0,1,0,402.291434400699,0
39,111.319972440294,0,1,1,111.319972440298,0
40,27.6728866505265,0,1,1,27.6728866505215,0
43,27.5660335767755,0,1,1,27.5660335767807,0
47,59.5372328686687,0,1,1,100.630133516115,0
53,66.3077771083057,0,1,1,66.3077771083038,0
59,0.0,0,1,0,377.559145122526,0
72,0.0,0,1,0,445.796016222185,0
76,183.889968673546,0,1,1,183.889968673545,0
80,110.021610101662,0,1,1,110.021610101663,0
82,28.4791300481627,0,1,1,28.4791300481621,0
85,0.0,0,1,0,344.455167659388,0
95,590.789866488696,0,1,1,879.38378684673,0
99,626.306703562958,0,1,1,626.306703562969,0
103,0.0,0,1,0,827.944686899846,0
104,456.575733908467,0,1,1,456.57573390847,0
105,37.9336380375122,0,1,1,37.9336380375104,0
109,97.5366096391372,0,1,1,97.5366096391347,0
