bus_number,P_output,Q_output,voltage_mag,gen_status,P_max,P_min
1,153.933532933152,0,1,1,153.933532933152,0
3,33.2053323427781,0,1,1,33.2053323427783,0
4,239.867568253324,0,1,1,239.867568253324,0
18,872.816600986096,0,1,1,1207.92909844404,0
26,271.392858874941,0,1,1,271.392858874942,0
30,0.0,0,1,0,279.639784803969,0
31,1011.10468407608,0,1,1,1011.10468407608,0
33,0.0,0,1,0,297.464019935883,0
34,849.655166189759,0,1,1,849.655166189759,0
37,0.0,0,1,0,414.22564542881,0
43,966.659805648513,0,1,1,1005.40047599165,0
46,213.184010300138,0,1,1,213.184010300138,0
50,0.0,0,1,0,235.529659233417,0
52,792.365050380692,0,1,1,792.365050380694,0
55,71.3641242753516,0,1,1,71.3641242753523,0
61,1.47997864652509e-12,0,1,1,130.105914139873,0
69,624.478528670863,0,1,1,624.478528670865,0
71,183.09839593447,0,1,1,183.09839593447,0
72,0.0,0,1,0,471.706253716224,0
73,0.0,0,1,0,454.413518468819,0
81,71.8149776453224,0,1,1,165.224401047401,0
86,100.857244270726,0,1,1,100.857244270728,0
92,0.0,0,1,0,531.044156376249,0
107,0.0,0,1,0,608.781837126577,0
109,205.162042375782,0,1,1,205.162042375782,0
110,3.84379930302683,0,1,1,80.7689231808263,0
