bus_number,P_output,Q_output,voltage_mag,gen_status,P_max,P_min
9,249.906965021424,0,1,1,249.906965021424,0
11,0.0,0,1,0,404.409909082226,0
19,884.856900475603,0,1,1,1077.55940399072,0
21,0.0,0,1,0,116.192713547965,0
28,794.374101760313,0,1,1,1054.81471866685,0
31,681.700640840991,0,1,1,681.700640840991,0
41,709.644671736639,0,1,1,709.644671736639,0
47,118.15579424381,0,1,1,118.15579424381,0
51,30.377930798356,0,1,1,30.377930798356,0
52,0.0,0,1,0,359.565089305028,0
53,0.0,0,1,0,439.455276022167,0
59,0.0,0,1,0,483.234275124572,0
60,188.106785523566,0,1,1,188.106785523566,0
65,95.6499633122278,0,1,1,361.958478965978,0
66,302.473769682779,0,1,1,302.473769682779,0
71,765.575099214531,0,1,1,909.246942854503,0
76,4.50624819595482,0,1,1,4.50624819595482,0
77,128.124348667414,0,1,1,128.124348667414,0
78,491.968705863115,0,1,1,503.457313865212,0
79,0.0,0,1,0,392.027575310026,0
80,0.0,0,1,0,499.81465257451,0
82,124.327097914531,0,1,1,124.327097914531,0
88,3.93727670411098,0,1,1,3.93727670411098,0
91,905.861674364834,0,1,1,905.861674364834,0
92,0.0,0,1,0,460.929228975384,0
95,0.0,0,1,0,192.477716201037,0
97,0.965456742559179,0,1,1,0.965456742559179,0
102,76.4965422018658,0,1,1,76.4965422018658,0
106,15.9196406768701,0,1,1,89.5656700941337,0
112,91.8741085195152,0,1,1,91.8741085195152,0
