bus_number,P_output,Q_output,voltage_mag,gen_status,P_max,P_min
4,79.4597461363843,0,1,1,79.4597461363843,0
8,84.3208966581184,0,1,1,84.3208966581184,0
9,679.979276590532,0,1,1,679.979276590532,0
11,0.0,0,1,0,244.77760327121,0
15,111.100699602079,0,1,1,111.100699602079,0
23,45.2349029864874,0,1,1,45.2349029864874,0
25,755.729187213783,0,1,1,755.729187213783,0
31,144.707540157471,0,1,1,340.317978835848,0
34,129.190739697998,0,1,1,158.903361669523,0
36,0.0,0,1,0,258.685654122329,0
42,127.712556433071,0,1,1,127.712556433071,0
45,1447.84489254207,0,1,1,1715.30122704858,0
47,153.410056393703,0,1,1,153.410056393703,0
53,0.0,0,1,0,35.9896806401739,0
57,24.1051907991481,0,1,1,24.1051907991481,0
68,134.416035510244,0,1,1,134.416035510244,0
75,0.0,0,1,0,242.644202753798,0
76,167.018397840316,0,1,1,167.018397840316,0
82,0.0,0,1,0,436.072688168622,0
84,45.5205732659815,0,1,1,45.5205732659815,0
85,1048.80502479617,0,1,1,1048.80502514547,0
88,927.727986720264,0,1,1,927.727986720264,0
92,505.642186881985,0,1,1,687.269561939233,0
94,0.0,0,1,0,347.240738603027,0
95,27.2865459788296,0,1,1,27.2865459788296,0
103,0.0,0,1,0,647.493143956527,0
106,0.0,0,1,0,541.563764318089,0
110,97.6125524010516,0,1,1,97.6125524010516,0
114,0.0,0,1,0,449.029444500513,0
