cost_model,startup,shutdown,n_coefficients,coeff_n,coeff1,coeff0
2,0,0,3,0.0073280281236934,41.3737044443557,128.084693826303
2,0,0,3,0.0030391721639808,53.6112656423777,757.039462835773
2,0,0,3,0.0068398854847107,53.2886439618967,594.291133627973
2,0,0,3,0.0,0.0,0.0
2,0,0,3,0.0,0.0,0.0
2,0,0,3,0.0031250711224225,43.7475334630612,2960.98462082682
2,0,0,3,0.0045579950072078,30.5746659333922,3036.63261206213
2,0,0,3,0.0,0.0,0.0
2,0,0,3,0.0,0.0,0.0
2,0,0,3,0.0055834254327948,52.1109748064877,2601.40732851913
2,0,0,3,0.0,0.0,0.0
2,0,0,3,0.0,0.0,0.0
2,0,0,3,0.0073442252837488,26.390327475736,1416.14333487929
2,0,0,3,0.0,0.0,0.0
2,0,0,3,0.0029705596234491,52.4990419409501,484.261036736432
2,0,0,3,0.0,0.0,0.0
2,0,0,3,0.0,0.0,0.0
2,0,0,3,0.0025935085931419,54.4669929624989,203.120919082878
2,0,0,3,0.0058526352330499,31.6404270715552,2068.7475637854
2,0,0,3,0.0,0.0,0.0
2,0,0,3,0.0,0.0,0.0
2,0,0,3,0.0,0.0,0.0
2,0,0,3,0.0,0.0,0.0
2,0,0,3,0.0,0.0,0.0
2,0,0,3,0.0,0.0,0.0
2,0,0,3,0.0033281947354419,27.3389160027389,517.763596004449
2,0,0,3,0.0,0.0,0.0
