cost_model,startup,shutdown,n_coefficients,coeff_n,coeff1,coeff0
2,0,0,3,0.0040276853898183,43.9583101154793,109.722950685017
2,0,0,3,0.0,0.0,0.0
2,0,0,3,0.0,0.0,0.0
2,0,0,3,0.0040512472081559,49.5975660114564,217.722752049574
2,0,0,3,0.0,0.0,0.0
2,0,0,3,0.0046724432968005,28.156761580452,3028.66301554487
2,0,0,3,0.0046491979993679,56.0254284371139,123.858286334038
2,0,0,3,0.0,0.0,0.0
2,0,0,3,0.0,0.0,0.0
2,0,0,3,0.0059780262428057,51.0057519844289,79.6427441604466
2,0,0,3,0.0,0.0,0.0
2,0,0,3,0.0,0.0,0.0
2,0,0,3,0.0,0.0,0.0
2,0,0,3,0.0,0.0,0.0
2,0,0,3,0.0,0.0,0.0
2,0,0,3,0.0046847571682598,46.1498926841034,299.711133194226
2,0,0,3,0.0030484807668392,30.9105008076934,1939.46484812578
2,0,0,3,0.0077096356113685,24.5225458619896,3642.81829087843
2,0,0,3,0.0,0.0,0.0
2,0,0,3,0.0,0.0,0.0
2,0,0,3,0.0,0.0,0.0
2,0,0,3,0.0065623049654123,29.6076423723312,1321.52643631736
2,0,0,3,0.0,0.0,0.0
2,0,0,3,0.0047713357504121,31.2066972822729,1847.26105330929
2,0,0,3,0.0037575053079524,28.0849460842292,114.245147158476
2,0,0,3,0.0,0.0,0.0
2,0,0,3,0.002912045415041,43.7193513988732,498.502016126297
2,0,0,3,0.0,0.0,0.0
2,0,0,3,0.0,0.0,0.0
2,0,0,3,0.0062185264698082,44.9263322361672,2707.31407810299
2,0,0,3,0.0,0.0,0.0
