cost_model,startup,shutdown,n_coefficients,coeff_n,coeff1,coeff0
2,0,0,3,0.0,0.0,0.0
2,0,0,3,0.004850836438442,26.7942255839276,2799.77592977729
2,0,0,3,0.0051687215234521,47.928655438073,2365.27513879103
2,0,0,3,0.0,0.0,0.0
2,0,0,3,0.0,0.0,0.0
2,0,0,3,0.0,0.0,0.0
2,0,0,3,0.0,0.0,0.0
2,0,0,3,0.0,0.0,0.0
2,0,0,3,0.0069748580099383,23.8886289761358,34.3235653459979
2,0,0,3,0.0,0.0,0.0
2,0,0,3,0.0,0.0,0.0
2,0,0,3,0.0,0.0,0.0
2,0,0,3,0.0,0.0,0.0
2,0,0,3,0.0,0.0,0.0
2,0,0,3,0.0045673184016713,51.1601328984706,2535.11855092012
2,0,0,3,0.003377177609218,36.8974517607817,72.3751916258719
2,0,0,3,0.0,0.0,0.0
2,0,0,3,0.0031558090550547,51.8745879772809,1336.16732453916
2,0,0,3,0.0036119374460323,52.5004372137687,446.71125305468
2,0,0,3,0.0,0.0,0.0
2,0,0,3,0.0072849892606632,56.3968098332289,572.393656608778
2,0,0,3,0.0070923002381968,49.3696836773069,572.567597925329
2,0,0,3,0.0068525650663112,45.0279047016551,105.32856995799
2,0,0,3,0.0,0.0,0.0
2,0,0,3,0.0061590701412663,54.5776103985041,2505.31817694739
2,0,0,3,0.0,0.0,0.0
2,0,0,3,0.0,0.0,0.0
2,0,0,3,0.0,0.0,0.0
