bus_number,P_output,Q_output,voltage_mag,gen_status,P_max,P_min
2,853.871142996516,0,1,1,853.871142996516,0
7,0.0,0,1,0,458.696292036272,0
16,0.0,0,1,0,73.3253732551664,0
17,575.837893994571,0,1,1,575.837893994571,0
20,472.889689352271,0,1,1,516.760288750399,0
22,0.0,0,1,0,256.856536072498,0
23,243.713568511561,0,1,1,243.713568511561,0
29,848.275894431464,0,1,1,848.275894431464,0
30,0.0,0,1,0,422.162811693931,0
31,370.454245516287,0,1,1,370.454245516287,0
37,136.494322568631,0,1,1,136.494322568631,0
40,237.07251746591,0,1,1,638.740177398604,0
41,824.102921014494,0,1,1,824.102921014494,0
42,0.0,0,1,0,66.9464531312831,0
47,18.0454563466271,0,1,1,18.0454563466271,0
61,389.24764538572,0,1,1,389.24764538572,0
63,0.0,0,1,0,435.729809581199,0
64,0.0,0,1,0,391.641801924512,0
67,777.370067700561,0,1,1,777.370067700561,0
69,0.0,0,1,0,429.270506192522,0
71,236.458678357445,0,1,1,464.866208072104,0
82,41.123338250773,0,1,1,41.123338250773,0
90,30.2671091459971,0,1,1,152.490923578034,0
94,14.8620959427243,0,1,1,14.8620959427243,0
96,0.0,0,1,0,182.401315451693,0
97,7.61335296004585,0,1,1,7.61335296004585,0
100,6.27209106250316,0,1,1,6.27209106250316,0
107,167.913242484892,0,1,1,167.913242484892,0
