bus_number,P_output,Q_output,voltage_mag,gen_status,P_max,P_min
6,0.0,0,1,0,278.951605518636,0
7,246.424923087942,0,1,1,290.003502528183,0
22,168.565853634194,0,1,1,168.565853634194,0
23,941.549023396605,0,1,1,1660.1825709209,0
24,219.228885108561,0,1,1,219.228885108561,0
26,0.0,0,1,0,53.1313321061913,0
30,1080.30297773063,0,1,1,1080.30297773063,0
31,146.635166118556,0,1,1,505.792556097507,0
34,470.71745175467,0,1,1,470.71745175467,0
35,214.504951369364,0,1,1,214.504951369364,0
36,213.947892849382,0,1,1,357.767638764625,0
41,398.220285510101,0,1,1,398.220285510101,0
55,27.0993314487113,0,1,1,114.42061156802,0
57,73.6106051465083,0,1,1,73.6106051465083,0
61,9.24458016864962e-16,0,1,1,112.183747545292,0
62,461.735276226556,0,1,1,836.781278383293,0
70,0.0,0,1,0,593.374080949263,0
73,460.499490634333,0,1,1,460.499490634333,0
75,69.3543253879441,0,1,1,69.3543253879441,0
76,118.245164997868,0,1,1,118.245164997868,0
79,12.7922427783749,0,1,1,12.7922427783749,0
80,380.666302830942,0,1,1,380.666302830942,0
81,76.5472163888437,0,1,1,76.5472163888437,0
95,156.345592151031,0,1,1,156.345592151031,0
96,0.0,0,1,0,510.618253636306,0
98,0.0,0,1,0,691.282939420309,0
102,499.917088889695,0,1,1,499.917088889695,0
106,74.1359701525296,0,1,1,74.1359701525296,0
109,104.222479064616,0,1,1,104.222479064616,0
111,27.0132567483129,0,1,1,27.0132567483129,0
114,22.521969054756,0,1,1,22.521969054756,0
