cost_model,startup,shutdown,n_coefficients,coeff_n,coeff1,coeff0
2,0,0,3,0.003383286188331,26.64794845501,752.26786844495
2,0,0,3,0.0,0.0,0.0
2,0,0,3,0.0,0.0,0.0
2,0,0,3,0.0,0.0,0.0
2,0,0,3,0.0049574125957816,32.8522306426554,1885.59243567895
2,0,0,3,0.0,0.0,0.0
2,0,0,3,0.0,0.0,0.0
2,0,0,3,0.0,0.0,0.0
2,0,0,3,0.0,0.0,0.0
2,0,0,3,0.0,0.0,0.0
2,0,0,3,0.0,0.0,0.0
2,0,0,3,0.0,0.0,0.0
2,0,0,3,0.0075272980744967,27.8981749982658,1518.25513200479
2,0,0,3,0.0,0.0,0.0
2,0,0,3,0.0075668677651148,26.2280630207139,72.9364283930831
2,0,0,3,0.0031994507646848,47.5389681828176,133.503472043767
2,0,0,3,0.003147078264654,51.0394294018332,499.447025320405
2,0,0,3,0.0046496097730135,54.1387158334601,2919.36213286753
2,0,0,3,0.0,0.0,0.0
2,0,0,3,0.0,0.0,0.0
2,0,0,3,0.0,0.0,0.0
2,0,0,3,0.0,0.0,0.0
2,0,0,3,0.0058307837922928,26.4991020137572,577.598915979084
2,0,0,3,0.006346374163962,23.8189773987785,43.0454102085737
2,0,0,3,0.002381984276263,50.3350585162145,2491.74253586984
2,0,0,3,0.0,0.0,0.0
2,0,0,3,0.0061077418673057,52.7699801968998,1385.06960081142
