cost_model,startup,shutdown,n_coefficients,coeff_n,coeff1,coeff0
2,0,0,3,0.0,0.0,0.0
2,0,0,3,0.0066391827668886,50.8091554987967,3720.66812645906
2,0,0,3,0.0,0.0,0.0
2,0,0,3,0.0044308262721182,35.2335285423631,243.501147548958
2,0,0,3,0.0078480922591429,30.47258415277,279.298544239706
2,0,0,3,0.0,0.0,0.0
2,0,0,3,0.0,0.0,0.0
2,0,0,3,0.0,0.0,0.0
2,0,0,3,0.0023788055793775,30.6883878806597,3452.46865538295
2,0,0,3,0.0034887722028998,39.9226786672473,41.6832857153782
2,0,0,3,0.0020883986231843,37.7917969115366,467.130502855319
2,0,0,3,0.0,0.0,0.0
2,0,0,3,0.0067209035700009,30.6499163991703,144.961120638972
2,0,0,3,0.0,0.0,0.0
2,0,0,3,0.0,0.0,0.0
2,0,0,3,0.0,0.0,0.0
2,0,0,3,0.0,0.0,0.0
2,0,0,3,0.0028246137590534,40.191142297191,1432.38096842319
2,0,0,3,0.0076616888625078,51.7813848785892,223.89357313721
2,0,0,3,0.0,0.0,0.0
2,0,0,3,0.0052357852911583,44.2312188540971,396.635200541244
2,0,0,3,0.0,0.0,0.0
2,0,0,3,0.0,0.0,0.0
2,0,0,3,0.0,0.0,0.0
2,0,0,3,0.0,0.0,0.0
2,0,0,3,0.0,0.0,0.0
2,0,0,3,0.0,0.0,0.0
2,0,0,3,0.0,0.0,0.0
2,0,0,3,0.0062229392639401,33.6703284924372,1700.00292306801
