bus_number,P_output,Q_output,voltage_mag,gen_status,P_max,P_min
5,345.049664069454,0,1,1,345.049664069454,0
8,654.102404285006,0,1,1,654.102404285006,0
10,243.871002063275,0,1,1,243.871002063275,0
14,0.0,0,1,0,166.241934607448,0
17,186.030661812826,0,1,1,186.030661812826,0
21,621.82532006451,0,1,1,621.82532006451,0
22,1645.42496821523,0,1,1,1823.80098065372,0
25,9.50158161399782,0,1,1,9.50158161399782,0
28,0.0,0,1,0,472.462437252281,0
35,0.0,0,1,0,945.314782341817,0
36,266.277386077401,0,1,1,266.277386077401,0
39,185.829808357104,0,1,1,185.829808357104,0
41,1.47212477581064e-15,0,1,1,248.483412230178,0
45,80.2571523686018,0,1,1,80.2571523686018,0
51,59.0364864136594,0,1,1,96.8958164833148,0
58,277.261927064831,0,1,1,277.261927064831,0
62,61.7533373507647,0,1,1,61.7533373507647,0
64,57.311680512768,0,1,1,57.311680512768,0
67,80.6962476518183,0,1,1,80.6962476518183,0
71,54.2152862852201,0,1,1,246.804849871938,0
77,625.652240877221,0,1,1,625.652240877221,0
79,50.3119047811933,0,1,1,50.3119047811933,0
81,0.0,0,1,0,379.309009680323,0
85,75.5516939984241,0,1,1,382.646121049503,0
98,52.5180855305064,0,1,1,52.5180855305064,0
101,382.221168425848,0,1,1,523.599416648953,0
105,0.0,0,1,0,897.989346829725,0
106,320.397640602452,0,1,1,320.397640602452,0
110,296.366615345004,0,1,1,296.366615345004,0
113,33.3394586938625,0,1,1,33.3394586938625,0
