bus_number,P_output,Q_output,voltage_mag,gen_status,P_max,P_min
3,823.123095556544,0,1,1,1016.59896553533,0
13,0.0,0,1,0,139.843483604853,0
14,1.3381928234284802e-23,0,1,1,254.095569945358,0
24,917.582538121503,0,1,1,917.582538121503,0
29,0.0,0,1,0,566.505592434206,0
32,38.9566925335348,0,1,1,38.9566925335348,0
33,29.3117133330738,0,1,1,29.3117133330738,0
46,627.992556867212,0,1,1,713.376538436455,0
47,547.820322920271,0,1,1,771.290152743826,0
48,17.4276683917501,0,1,1,17.4276683917501,0
54,93.4003766868844,0,1,1,181.568838021933,0
55,181.795733809614,0,1,1,181.795733809614,0
57,52.923453047311,0,1,1,147.685588704699,0
58,0.0,0,1,0,435.36133386931,0
65,0.0,0,1,0,181.332885094628,0
67,163.35770084786,0,1,1,163.35770084786,0
68,813.126718973453,0,1,1,813.126718973453,0
73,311.486587154482,0,1,1,311.486587154482,0
78,130.623162187599,0,1,1,226.476983799042,0
86,224.797007500955,0,1,1,224.797007500955,0
91,5.6967956529447e-22,0,1,1,399.842585141177,0
92,370.9971430031,0,1,1,370.9971430031,0
93,292.737774374055,0,1,1,292.737774374055,0
94,19.9138071121031,0,1,1,19.9138071121031,0
96,324.215402912656,0,1,1,324.215402912656,0
97,181.43678765213,0,1,1,181.43678765213,0
101,340.551476526531,0,1,1,351.153385392351,0
103,161.226002948398,0,1,1,161.226002948398,0
104,3.34687483334695e-22,0,1,1,374.042517403936,0
