cost_model,startup,shutdown,n_coefficients,coeff_n,coeff1,coeff0
2,0,0,3,0.0059248153063159,24.7243444826347,2211.2698225584
2,0,0,3,0.0069853494566453,41.0488797172491,421.683659515077
2,0,0,3,0.0,0.0,0.0
2,0,0,3,0.0,0.0,0.0
2,0,0,3,0.0077487651392073,43.9885613864997,2016.14264204749
2,0,0,3,0.0,0.0,0.0
2,0,0,3,0.0,0.0,0.0
2,0,0,3,0.0,0.0,0.0
2,0,0,3,0.0033472208610771,40.7355210667481,3385.72132116723
2,0,0,3,0.0,0.0,0.0
2,0,0,3,0.0,0.0,0.0
2,0,0,3,0.0,0.0,0.0
2,0,0,3,0.0023712384590975,32.8347414141372,797.697344526945
2,0,0,3,0.0,0.0,0.0
2,0,0,3,0.002701730989462,27.8376236531398,31.9519946685848
2,0,0,3,0.0045486528566127,32.5501144043421,3652.79002422594
2,0,0,3,0.0,0.0,0.0
2,0,0,3,0.0034525414559775,46.560158321549,1109.47791516127
2,0,0,3,0.0,0.0,0.0
2,0,0,3,0.0021352811571761,30.52084325485,303.449470309347
2,0,0,3,0.0,0.0,0.0
2,0,0,3,0.0,0.0,0.0
2,0,0,3,0.0,0.0,0.0
2,0,0,3,0.0055834955177926,38.0096428973573,552.393779877949
2,0,0,3,0.0,0.0,0.0
2,0,0,3,0.0,0.0,0.0
2,0,0,3,0.0055506254466568,33.0231790863353,577.75456619171
2,0,0,3,0.0,0.0,0.0
2,0,0,3,0.0,0.0,0.0
