bus_number,P_output,Q_output,voltage_mag,gen_status,P_max,P_min
5,1406.44343841163,0,1,1,1406.44343841354,0
14,665.093213088907,0,1,1,981.927715425063,0
16,106.001627991001,0,1,1,106.001627989998,0
23,0.0,0,1,0,572.500156859672,0
27,9.27230515331201e-09,0,1,1,3.6637302919791,0
30,10.6823985582001,0,1,1,10.6823985575243,0
45,552.534716927166,0,1,1,704.92282957756,0
46,1080.19808907042,0,1,1,1080.19808907093,0
54,918.336112318706,0,1,1,918.336112323072,0
59,169.941861644224,0,1,1,169.941861643713,0
62,0.0,0,1,0,42.1795667650851,0
71,239.564248367945,0,1,1,386.146170674663,0
72,179.111141981092,0,1,1,179.111141980443,0
77,678.435706877984,0,1,1,678.43570687873,0
80,0.0,0,1,0,675.292277520032,0
85,165.925266943004,0,1,1,165.925266944499,0
87,0.0,0,1,0,594.382617838423,0
96,0.0,0,1,0,50.6919850191328,0
102,0.0,0,1,0,282.938186227132,0
104,97.6897529065069,0,1,1,569.917087213518,0
105,119.392521485756,0,1,1,523.3537793243,0
108,66.0369725942044,0,1,1,528.910480232792,0
