cost_model,startup,shutdown,n_coefficients,coeff_n,coeff1,coeff0
2,0,0,3,0.0,0.0,0.0
2,0,0,3,0.0,0.0,0.0
2,0,0,3,0.0,0.0,0.0
2,0,0,3,0.0,0.0,0.0
2,0,0,3,0.0064124753800914,56.756446783218,1759.75073341404
2,0,0,3,0.0,0.0,0.0
2,0,0,3,0.0028009400692854,50.1605979252018,1316.28510102556
2,0,0,3,0.0,0.0,0.0
2,0,0,3,0.0044155299340469,56.7578569653681,470.940655958451
2,0,0,3,0.0,0.0,0.0
2,0,0,3,0.0,0.0,0.0
2,0,0,3,0.0,0.0,0.0
2,0,0,3,0.0024758601030588,38.1422638166109,3767.87001280772
2,0,0,3,0.0,0.0,0.0
2,0,0,3,0.0,0.0,0.0
2,0,0,3,0.0,0.0,0.0
2,0,0,3,0.0,0.0,0.0
2,0,0,3,0.0,0.0,0.0
2,0,0,3,0.0034724023735161,28.9502553313362,3628.93135749113
2,0,0,3,0.0,0.0,0.0
2,0,0,3,0.0,0.0,0.0
2,0,0,3,0.0079632896843901,51.6934679967889,77.9159972322014
2,0,0,3,0.0025745540887379,54.9849547185485,264.13687743895
2,0,0,3,0.0066185173001226,39.4439533442609,735.443394716575
2,0,0,3,0.0,0.0,0.0
2,0,0,3,0.00412141875104,31.0777830433893,386.622577072637
2,0,0,3,0.0051276780461833,35.5632759433485,151.861406036853
2,0,0,3,0.004390170574999,33.2957306068166,3612.62892092631
2,0,0,3,0.0,0.0,0.0
