cost_model,startup,shutdown,n_coefficients,coeff_n,coeff1,coeff0
2,0,0,3,0.0025135115018792,35.9099238493394,1246.49669976166
2,0,0,3,0.0,0.0,0.0
2,0,0,3,0.0060005755886669,46.374070525031,3196.3868411769
2,0,0,3,0.0,0.0,0.0
2,0,0,3,0.0036899035822335,48.445569139028,3060.89098909611
2,0,0,3,0.0,0.0,0.0
2,0,0,3,0.0074765780153334,25.2419351392175,446.080903739365
2,0,0,3,0.0043168266497699,36.4214338141944,88.6929098835208
2,0,0,3,0.0,0.0,0.0
2,0,0,3,0.0,0.0,0.0
2,0,0,3,0.0,0.0,0.0
2,0,0,3,0.0,0.0,0.0
2,0,0,3,0.003579774818789,25.7447967334983,1573.59055522845
2,0,0,3,0.00241832783578,48.0332000825498,403.249958444575
2,0,0,3,0.0,0.0,0.0
2,0,0,3,0.0035379021689854,50.2967453785089,118.87223711798
2,0,0,3,0.0025298335349454,34.8230883564842,413.254537918528
2,0,0,3,0.0,0.0,0.0
2,0,0,3,0.0,0.0,0.0
2,0,0,3,0.0,0.0,0.0
2,0,0,3,0.0077527487329202,40.8387687142099,389.134323420043
2,0,0,3,0.0,0.0,0.0
2,0,0,3,0.0,0.0,0.0
2,0,0,3,0.0049212957068528,29.4929770200235,3724.86627385853
2,0,0,3,0.0,0.0,0.0
2,0,0,3,0.0,0.0,0.0
2,0,0,3,0.0,0.0,0.0
