cost_model,startup,shutdown,n_coefficients,coeff_n,coeff1,coeff0
2,0,0,3,0.0,0.0,0.0
2,0,0,3,0.0041046751917687,56.293723875097,1752.69178946008
2,0,0,3,0.0055793972723867,56.902815580926,2579.1055830063
2,0,0,3,0.0,0.0,0.0
2,0,0,3,0.0,0.0,0.0
2,0,0,3,0.0,0.0,0.0
2,0,0,3,0.0,0.0,0.0
2,0,0,3,0.0078164535134692,46.6945643830658,2786.52646337843
2,0,0,3,0.0,0.0,0.0
2,0,0,3,0.0,0.0,0.0
2,0,0,3,0.0,0.0,0.0
2,0,0,3,0.0,0.0,0.0
2,0,0,3,0.0049773817656608,54.8602308344473,2616.19270542138
2,0,0,3,0.0049529738980133,52.8466161358347,2325.92179012562
2,0,0,3,0.0,0.0,0.0
2,0,0,3,0.0,0.0,0.0
2,0,0,3,0.0,0.0,0.0
2,0,0,3,0.0,0.0,0.0
2,0,0,3,0.0071506356880288,34.907793169298,1905.25110111895
2,0,0,3,0.0036397394264357,23.8408090024911,569.57033270099
2,0,0,3,0.0,0.0,0.0
2,0,0,3,0.0,0.0,0.0
2,0,0,3,0.0,0.0,0.0
2,0,0,3,0.0,0.0,0.0
2,0,0,3,0.0050605354612345,30.1625709320854,135.916390231455
2,0,0,3,0.0,0.0,0.0
2,0,0,3,0.0047754731059731,32.0484133150778,513.735194189416
2,0,0,3,0.0034393518531892,54.9394831890304,469.856698591673
2,0,0,3,0.0030615926213274,23.7364503652587,2022.84016790929
