bus_number,P_output,Q_output,voltage_mag,gen_status,P_max,P_min
2,42.0151366272598,0,1,1,402.893794611961,0
3,623.396486743717,0,1,1,856.195052071701,0
5,672.634728687859,0,1,1,672.63472868786,0
7,359.492315201158,0,1,1,418.120775965887,0
11,391.385020053473,0,1,1,393.420966072331,0
14,552.38048826299,0,1,1,552.380488262991,0
16,380.205024115749,0,1,1,380.205024115749,0
17,87.9357358030531,0,1,1,87.9357358030532,0
24,49.2487582361481,0,1,1,49.2487582361482,0
26,446.273193708424,0,1,1,669.234993100699,0
28,0.0,0,1,0,457.568259481442,0
29,184.292724175129,0,1,1,184.292724175129,0
30,75.6440118829235,0,1,1,204.620904135635,0
34,0.0,0,1,0,221.799639640734,0
44,4.7865950518817,0,1,1,245.604114949674,0
49,183.627825910658,0,1,1,271.735126810193,0
57,188.009952008588,0,1,1,188.009952008588,0
63,384.199046069847,0,1,1,384.199046069848,0
64,315.120028222724,0,1,1,315.120028222724,0
65,78.7381574321544,0,1,1,279.868700169619,0
68,0.0,0,1,0,370.44956367883,0
76,378.209087478359,0,1,1,378.20908747836,0
78,0.0,0,1,0,284.922836786301,0
84,649.713907858542,0,1,1,649.713907858542,0
85,390.569365564581,0,1,1,390.569365564582,0
87,130.53527319357,0,1,1,130.53527319357,0
89,31.4069027321861,0,1,1,31.4069027321862,0
98,1.98642552949636e-13,0,1,1,203.563010502435,0
100,55.9138021967118,0,1,1,55.9138021967119,0
105,7.57979827091037,0,1,1,7.57979827091041,0
106,0.0,0,1,0,163.975835455707,0
116,1.49035697241341,0,1,1,1.49035697241346,0
