bus_number,P_output,Q_output,voltage_mag,gen_status,P_max,P_min
6,400.309541820989,0,1,1,400.309541821559,0
11,0.0,0,1,0,497.72555846915,0
16,780.152380834112,0,1,1,1318.32815505301,0
20,399.714402411108,0,1,1,399.714402413445,0
27,198.856559921587,0,1,1,385.938175811552,0
28,616.434504759545,0,1,1,616.434504762282,0
31,1186.39200330186,0,1,1,1186.39200330239,0
33,73.3419540510921,0,1,1,73.3419540516443,0
38,0.0,0,1,0,674.266962003452,0
42,580.038295533154,0,1,1,580.038295533709,0
51,127.026282306664,0,1,1,127.026282307285,0
63,352.424234912278,0,1,1,352.424234912803,0
67,3.49731671616833e-09,0,1,1,46.9328197506337,0
69,68.2710955104874,0,1,1,68.2710955110556,0
71,0.0,0,1,0,715.28167827376,0
77,174.551918122286,0,1,1,174.551918122287,0
81,137.612969014224,0,1,1,137.612969014805,0
85,187.974688659395,0,1,1,187.974688659983,0
88,17.9431863208052,0,1,1,17.9431865385242,0
91,393.991201280324,0,1,1,393.991201280878,0
94,255.267842601067,0,1,1,255.267842601474,0
98,62.1304908879144,0,1,1,100.991865100817,0
99,0.0,0,1,0,656.834197026209,0
100,99.1802195384438,0,1,1,99.1802195389983,0
102,118.199887481564,0,1,1,118.199887482208,0
104,53.0588287821012,0,1,1,53.0588287825875,0
106,0.0,0,1,0,611.938524236677,0
111,98.8469857555158,0,1,1,98.8469857570484,0
115,283.084248651006,0,1,1,283.084248651579,0
