cost_model,startup,shutdown,n_coefficients,coeff_n,coeff1,coeff0
2,0,0,3,0.0030608681994152,39.2783463774769,1320.32081969651
2,0,0,3,0.0065481714376598,47.2913071729575,426.809415244599
2,0,0,3,0.0,0.0,0.0
2,0,0,3,0.0072963108885956,29.6047160918451,299.233490335108
2,0,0,3,0.00791910368092,34.2621995969994,3367.3775507505
2,0,0,3,0.0076879429859203,25.7322814108666,3162.44419231642
2,0,0,3,0.0,0.0,0.0
2,0,0,3,0.0,0.0,0.0
2,0,0,3,0.0,0.0,0.0
2,0,0,3,0.0,0.0,0.0
2,0,0,3,0.0,0.0,0.0
2,0,0,3,0.0,0.0,0.0
2,0,0,3,0.004085838382011,39.8292836064249,2136.32573159285
2,0,0,3,0.0075458563131068,47.437779352364,584.026927141403
2,0,0,3,0.0,0.0,0.0
2,0,0,3,0.0029037716208838,26.8021152264019,591.874427090375
2,0,0,3,0.0,0.0,0.0
2,0,0,3,0.0,0.0,0.0
2,0,0,3,0.0,0.0,0.0
2,0,0,3,0.0,0.0,0.0
2,0,0,3,0.0024228406061176,40.9405832981286,465.815936228222
2,0,0,3,0.0062311527171508,45.2198738934701,3120.14182782416
2,0,0,3,0.0,0.0,0.0
2,0,0,3,0.0,0.0,0.0
2,0,0,3,0.0,0.0,0.0
2,0,0,3,0.0,0.0,0.0
2,0,0,3,0.0047825405422668,26.005367976842,340.805354391813
