cost_model,startup,shutdown,n_coefficients,coeff_n,coeff1,coeff0
2,0,0,3,0.0,0.0,0.0
2,0,0,3,0.0040491438935668,53.7695863455353,242.734881622488
2,0,0,3,0.0039091563357748,49.4096638924557,1462.56020148071
2,0,0,3,0.0041496095861019,56.9835506168661,2343.49325703918
2,0,0,3,0.0,0.0,0.0
2,0,0,3,0.0,0.0,0.0
2,0,0,3,0.0078318835881968,41.1508892450874,117.857493360958
2,0,0,3,0.0,0.0,0.0
2,0,0,3,0.0028017446676427,54.6268768956641,46.3457657211314
2,0,0,3,0.0,0.0,0.0
2,0,0,3,0.0,0.0,0.0
2,0,0,3,0.0,0.0,0.0
2,0,0,3,0.0,0.0,0.0
2,0,0,3,0.0,0.0,0.0
2,0,0,3,0.0,0.0,0.0
2,0,0,3,0.0,0.0,0.0
2,0,0,3,0.0070856238137673,50.7890507913112,209.529324266781
2,0,0,3,0.0,0.0,0.0
2,0,0,3,0.0043754693787984,46.2108310410183,1992.20791603946
2,0,0,3,0.005481072619178,41.8360701966402,267.691430876419
2,0,0,3,0.0053504196302628,31.6546864108135,8.49176791819857
2,0,0,3,0.0029984673419289,36.7340341701503,648.321122311291
2,0,0,3,0.0,0.0,0.0
2,0,0,3,0.0,0.0,0.0
2,0,0,3,0.003192059891682,44.4314766604796,1143.83222074438
2,0,0,3,0.0073276533108267,32.6708324416052,888.347361044393
2,0,0,3,0.0,0.0,0.0
2,0,0,3,0.0,0.0,0.0
2,0,0,3,0.0,0.0,0.0
2,0,0,3,0.0,0.0,0.0
2,0,0,3,0.0073956053688893,54.1860338017893,3684.22261360404
