cost_model,startup,shutdown,n_coefficients,coeff_n,coeff1,coeff0
2,0,0,3,0.0,0.0,0.0
2,0,0,3,0.0062415675315796,39.267844748535,403.02585116133
2,0,0,3,0.0,0.0,0.0
2,0,0,3,0.0057338463404574,37.791929230536,1727.01330680429
2,0,0,3,0.0,0.0,0.0
2,0,0,3,0.0,0.0,0.0
2,0,0,3,0.0071104020278766,51.1307946044497,121.529822599471
2,0,0,3,0.0,0.0,0.0
2,0,0,3,0.0,0.0,0.0
2,0,0,3,0.0073973543295518,37.454991223294,1381.02529299956
2,0,0,3,0.0,0.0,0.0
2,0,0,3,0.0034987578489385,41.8410696748169,2763.27422183744
2,0,0,3,0.0070524404182938,53.5634713012296,412.233463102141
2,0,0,3,0.0037344115112131,48.6778286316903,529.608852202219
2,0,0,3,0.0,0.0,0.0
2,0,0,3,0.0,0.0,0.0
2,0,0,3,0.0,0.0,0.0
2,0,0,3,0.0,0.0,0.0
2,0,0,3,0.0036888218233888,32.103452081444,2832.52902122427
2,0,0,3,0.0066968357066841,26.5001904129766,124.312440083253
2,0,0,3,0.0066948267703524,48.2079601856954,1225.19827283443
2,0,0,3,0.0,0.0,0.0
2,0,0,3,0.0,0.0,0.0
2,0,0,3,0.0040358368387037,25.1086240801769,609.858169962631
2,0,0,3,0.0,0.0,0.0
2,0,0,3,0.0,0.0,0.0
2,0,0,3,0.0,0.0,0.0
2,0,0,3,0.0,0.0,0.0
