cost_model,startup,shutdown,n_coefficients,coeff_n,coeff1,coeff0
2,0,0,3,0.0028196336968688,45.796299609686,1097.03319538426
2,0,0,3,0.0,0.0,0.0
2,0,0,3,0.0024134788874002,55.0771257799866,251.301658110257
2,0,0,3,0.0,0.0,0.0
2,0,0,3,0.0032183885033017,34.1579315232676,308.222205429976
2,0,0,3,0.0,0.0,0.0
2,0,0,3,0.0024678470742572,30.5643189628509,2591.63060189212
2,0,0,3,0.0,0.0,0.0
2,0,0,3,0.0,0.0,0.0
2,0,0,3,0.0067745507910985,45.6888342753043,2326.70671615158
2,0,0,3,0.006569866600219,26.4634162620768,511.598420032666
2,0,0,3,0.0,0.0,0.0
2,0,0,3,0.0,0.0,0.0
2,0,0,3,0.0053272759223708,30.0325975800666,3473.39712843615
2,0,0,3,0.0,0.0,0.0
2,0,0,3,0.0,0.0,0.0
2,0,0,3,0.0,0.0,0.0
2,0,0,3,0.0,0.0,0.0
2,0,0,3,0.0021522060853464,53.5765421911036,201.1222552248
2,0,0,3,0.0,0.0,0.0
2,0,0,3,0.0,0.0,0.0
2,0,0,3,0.0035010768689742,29.3432207035963,2814.24122288122
2,0,0,3,0.0,0.0,0.0
2,0,0,3,0.0,0.0,0.0
2,0,0,3,0.0,0.0,0.0
2,0,0,3,0.0046093655747532,48.3336688080366,511.052259581376
