bus_number,P_output,Q_output,voltage_mag,gen_status,P_max,P_min
3,1720.41948747764,0,1,1,1720.41948747764,0
11,55.7578170284409,0,1,1,55.7578170284409,0
16,107.964421024242,0,1,1,107.964421024242,0
17,89.0848991278844,0,1,1,89.0848991278844,0
20,25.2404983821143,0,1,1,25.2404983821143,0
27,123.922575879255,0,1,1,388.991125868263,0
29,463.483149469846,0,1,1,463.483149469846,0
33,465.136139959614,0,1,1,465.136139959614,0
37,0.0,0,1,0,308.916163070313,0
39,112.226897529455,0,1,1,112.226897529455,0
53,298.110527882508,0,1,1,298.110527882508,0
56,0.0,0,1,0,927.24315510526,0
59,0.0,0,1,0,317.765866404873,0
60,0.0,0,1,0,305.892522156592,0
67,42.9254197223829,0,1,1,421.838972568447,0
71,0.0,0,1,0,309.547205595132,0
73,0.0,0,1,0,205.495685880303,0
76,129.326194458152,0,1,1,129.326194458152,0
81,532.69732101771,0,1,1,532.69732101771,0
83,643.316153455954,0,1,1,643.316153455954,0
88,204.507342215161,0,1,1,204.507342215161,0
94,6.0404610057423405e-19,0,1,1,615.675504112958,0
101,506.804978173485,0,1,1,506.804978173485,0
105,377.54093523848,0,1,1,377.54093523848,0
107,60.6928439576439,0,1,1,60.6928439576439,0
108,245.391781124097,0,1,1,245.391781124097,0
110,0.0,0,1,0,332.580299150265,0
113,285.287709048497,0,1,1,285.287709048497,0
114,174.96663028847,0,1,1,174.96663028847,0
