cost_model,startup,shutdown,n_coefficients,coeff_n,coeff1,coeff0
2,0,0,3,0.0049401468016422,31.3024978347408,912.70582189232
2,0,0,3,0.0055913215193857,25.335434558087,3263.52593058849
2,0,0,3,0.0065063746912939,52.2262982943026,1032.00910817892
2,0,0,3,0.0,0.0,0.0
2,0,0,3,0.0,0.0,0.0
2,0,0,3,0.0,0.0,0.0
2,0,0,3,0.0058090558752527,26.1417571194903,3259.0321088954
2,0,0,3,0.0066080609792865,23.9458843328331,249.303718889319
2,0,0,3,0.0,0.0,0.0
2,0,0,3,0.0,0.0,0.0
2,0,0,3,0.0075110833433017,34.2364357811491,678.492238461954
2,0,0,3,0.0076311594255717,52.2592227659778,460.580047052166
2,0,0,3,0.0,0.0,0.0
2,0,0,3,0.0,0.0,0.0
2,0,0,3,0.0,0.0,0.0
2,0,0,3,0.003462527632791,23.5256875764123,3843.62335464709
2,0,0,3,0.0,0.0,0.0
2,0,0,3,0.0040264898984465,35.7580734052388,138.228892199204
2,0,0,3,0.0,0.0,0.0
2,0,0,3,0.0,0.0,0.0
2,0,0,3,0.0,0.0,0.0
2,0,0,3,0.0,0.0,0.0
2,0,0,3,0.0,0.0,0.0
2,0,0,3,0.0072160906098229,25.470575566315,151.178425647698
2,0,0,3,0.0,0.0,0.0
2,0,0,3,0.0048502914459571,28.6149372604295,37.5289740385734
2,0,0,3,0.0,0.0,0.0
