cost_model,startup,shutdown,n_coefficients,coeff_n,coeff1,coeff0
2,0,0,3,0.0,0.0,0.0
2,0,0,3,0.0,0.0,0.0
2,0,0,3,0.0,0.0,0.0
2,0,0,3,0.0,0.0,0.0
2,0,0,3,0.0054775398191079,34.4710891141999,415.816717107946
2,0,0,3,0.0,0.0,0.0
2,0,0,3,0.0,0.0,0.0
2,0,0,3,0.0,0.0,0.0
2,0,0,3,0.0,0.0,0.0
2,0,0,3,0.0,0.0,0.0
2,0,0,3,0.0048171808976694,31.2546852143492,185.579299524848
2,0,0,3,0.0045006615954228,29.4513644175472,3845.40335254001
2,0,0,3,0.0027003679140286,26.3854254880787,794.661334255176
2,0,0,3,0.0,0.0,0.0
2,0,0,3,0.0044723200456266,54.5515945944053,2176.54914826884
2,0,0,3,0.0041923648978055,41.9246739801697,1417.67778633139
2,0,0,3,0.0026877300070744,26.7900805770916,599.828676607809
2,0,0,3,0.004170946490598,28.3899792214691,1457.32457035434
2,0,0,3,0.0,0.0,0.0
2,0,0,3,0.0,0.0,0.0
2,0,0,3,0.0046835764615182,30.5992598852282,2511.1067105547
2,0,0,3,0.0,0.0,0.0
2,0,0,3,0.0,0.0,0.0
2,0,0,3,0.0066343899318201,31.4862809670908,448.132422260303
2,0,0,3,0.0,0.0,0.0
2,0,0,3,0.0071924234499586,32.9170021546225,288.749509475157
2,0,0,3,0.0,0.0,0.0
