cost_model,startup,shutdown,n_coefficients,coeff_n,coeff1,coeff0
2,0,0,3,0.0057274894365409,48.7572480393638,529.945203621222
2,0,0,3,0.0036931509473564,41.6113329069173,429.240551540322
2,0,0,3,0.0031529115061389,55.6141916657224,141.120865161902
2,0,0,3,0.0,0.0,0.0
2,0,0,3,0.0021828789622725,39.1038011482729,3259.13892028477
2,0,0,3,0.0059714964481376,31.8179092414084,335.467310817054
2,0,0,3,0.0,0.0,0.0
2,0,0,3,0.0023953124140576,42.1446941490564,3396.06144729824
2,0,0,3,0.0,0.0,0.0
2,0,0,3,0.0,0.0,0.0
2,0,0,3,0.0,0.0,0.0
2,0,0,3,0.003719650135566,53.6348270119917,2140.19710580196
2,0,0,3,0.0,0.0,0.0
2,0,0,3,0.0,0.0,0.0
2,0,0,3,0.0,0.0,0.0
2,0,0,3,0.0,0.0,0.0
2,0,0,3,0.0,0.0,0.0
2,0,0,3,0.0,0.0,0.0
2,0,0,3,0.0,0.0,0.0
2,0,0,3,0.0,0.0,0.0
2,0,0,3,0.0,0.0,0.0
2,0,0,3,0.0074777181977962,33.7246350833719,493.42926486495
2,0,0,3,0.003647727146047,28.7836312006744,3230.08910704639
2,0,0,3,0.0043980489133688,39.0373933126383,676.488455492255
2,0,0,3,0.0,0.0,0.0
2,0,0,3,0.0,0.0,0.0
2,0,0,3,0.0056758492134271,55.8919599764836,274.683504534105
2,0,0,3,0.0,0.0,0.0
