bus_number,P_output,Q_output,voltage_mag,gen_status,P_max,P_min
10,152.533640644252,0,1,1,152.533640644269,0
16,1679.62903502694,0,1,1,1679.62903502695,0
19,226.352777333871,0,1,1,252.087112947202,0
27,179.708367001054,0,1,1,511.204808625607,0
37,421.6010818838,0,1,1,421.601081883834,0
41,0.0,0,1,0,220.452033667197,0
43,1306.57013374199,0,1,1,1306.57013374199,0
46,66.615027818842,0,1,1,66.6150278188462,0
51,134.123344131884,0,1,1,134.123344131888,0
52,164.220676881067,0,1,1,164.220676881071,0
57,41.9681309159282,0,1,1,41.9681309159409,0
64,0.0,0,1,0,777.310104802512,0
65,0.0,0,1,0,706.769387613598,0
70,15.3651135338343,0,1,1,15.3651135338381,0
71,7.96209595529375e-11,0,1,1,58.2442792765345,0
75,414.419666247506,0,1,1,414.419666247511,0
77,319.647604423638,0,1,1,319.647604423642,0
80,0.0,0,1,0,796.548451853997,0
81,18.6928501294779,0,1,1,165.523358292078,0
85,605.174615484599,0,1,1,605.174615484603,0
86,32.4995509334813,0,1,1,32.4995509334847,0
88,254.765516173887,0,1,1,254.765516173895,0
89,151.097222251903,0,1,1,151.097222251912,0
94,248.045660119229,0,1,1,466.192761214159,0
102,59.4366990946625,0,1,1,59.4366990946659,0
103,0.0,0,1,0,685.565860601464,0
107,28.2599684551584,0,1,1,28.2599684551622,0
112,111.216658155783,0,1,1,111.216658155787,0
114,32.8603820781526,0,1,1,32.8603820781566,0
