bus_number,P_output,Q_output,voltage_mag,gen_status,P_max,P_min
5,0.0,0,1,0,153.900719097194,0
6,0.0,0,1,0,460.936079081115,0
7,0.0,0,1,0,429.351657539258,0
10,269.946668707607,0,1,1,269.946668707607,0
11,811.069951698262,0,1,1,922.590433350435,0
21,0.0,0,1,0,392.230312675587,0
25,913.714421182239,0,1,1,913.714421182239,0
27,99.079208547858,0,1,1,99.079208547858,0
36,0.0,0,1,0,369.75184887373,0
40,0.0,0,1,0,336.469607387609,0
42,69.1351246394129,0,1,1,69.1351246394129,0
53,57.2118687963258,0,1,1,57.2118687963258,0
54,0.0,0,1,0,244.715368379295,0
55,59.5267720369616,0,1,1,504.672079905942,0
58,288.388163112339,0,1,1,288.388163112339,0
64,180.212156966738,0,1,1,180.212156966738,0
68,16.3299454861521,0,1,1,118.01558943537,0
74,566.901090750025,0,1,1,566.901090750025,0
75,279.00037663963,0,1,1,279.00037663963,0
76,0.0,0,1,0,0.86198613507142,0
78,826.072618731061,0,1,1,826.072618731061,0
89,12.2797060479747,0,1,1,12.2797060479747,0
94,199.607301819075,0,1,1,199.607301819075,0
95,161.188236136819,0,1,1,161.188236136819,0
96,651.748316501402,0,1,1,651.748316501402,0
99,190.345104385559,0,1,1,229.856098984571,0
100,-1.35948425049664e-16,0,1,1,331.869882215568,0
102,0.0,0,1,0,136.708129226578,0
104,544.716339185506,0,1,1,544.716339185506,0
107,0.0,0,1,0,228.667271364824,0
108,223.621612764241,0,1,1,223.621612764241,0
113,0.0,0,1,0,356.187247559169,0
114,72.2947050322317,0,1,1,72.2947050322317,0
