cost_model,startup,shutdown,n_coefficients,coeff_n,coeff1,coeff0
2,0,0,3,0.002418361238797,38.4397537783996,409.546734782672
2,0,0,3,0.0040047713712122,37.2998393960259,975.010338245055
2,0,0,3,0.0,0.0,0.0
2,0,0,3,0.0053677202618417,54.3194382636509,1470.84802385327
2,0,0,3,0.0054184891407003,55.3372641542696,1055.56813920812
2,0,0,3,0.0,0.0,0.0
2,0,0,3,0.0059878340904624,44.2879685294916,821.756402279885
2,0,0,3,0.0,0.0,0.0
2,0,0,3,0.0,0.0,0.0
2,0,0,3,0.0,0.0,0.0
2,0,0,3,0.0042505492909094,45.0249481429326,463.241280898044
2,0,0,3,0.0,0.0,0.0
2,0,0,3,0.0060812597448605,27.9236396656506,543.093277953565
2,0,0,3,0.0,0.0,0.0
2,0,0,3,0.0,0.0,0.0
2,0,0,3,0.0,0.0,0.0
2,0,0,3,0.0,0.0,0.0
2,0,0,3,0.0,0.0,0.0
2,0,0,3,0.0,0.0,0.0
2,0,0,3,0.0,0.0,0.0
2,0,0,3,0.0033357416978819,35.3527676373652,2019.88223594812
2,0,0,3,0.0,0.0,0.0
2,0,0,3,0.0,0.0,0.0
2,0,0,3,0.0,0.0,0.0
2,0,0,3,0.0040032964317959,52.263075638057,137.779882595604
2,0,0,3,0.0,0.0,0.0
2,0,0,3,0.0052752597587462,56.5741068649837,189.472175846868
2,0,0,3,0.0069334393295609,35.556558030376,3137.05609979607
2,0,0,3,0.0044952901278662,38.5542236665015,118.999068558943
2,0,0,3,0.0,0.0,0.0
