bus_number,P_output,Q_output,voltage_mag,gen_status,P_max,P_min
2,177.600028222636,0,1,1,177.600028222636,0
4,581.773767134569,0,1,1,1255.57020509706,0
6,0.0,0,1,0,609.870305113135,0
11,966.417566738975,0,1,1,966.417566738975,0
13,0.0,0,1,0,458.480324959362,0
14,306.115674713369,0,1,1,306.115674713369,0
21,83.3121064239225,0,1,1,83.3121064239225,0
29,795.129376314525,0,1,1,795.129376314525,0
30,281.987628642586,0,1,1,281.987628642586,0
32,-2.3740808070788e-23,0,1,1,75.0370913771255,0
46,308.921976947584,0,1,1,308.921976947584,0
52,444.222570580386,0,1,1,790.448400750038,0
54,17.8487664864767,0,1,1,17.8487664864767,0
55,248.706700676559,0,1,1,248.706700676559,0
56,245.686461520224,0,1,1,245.686461520224,0
62,760.825512626408,0,1,1,760.825512626408,0
69,0.0,0,1,0,210.420295915764,0
83,0.0,0,1,0,358.56746337802,0
86,-5.2689493218367904e-23,0,1,1,346.427161048644,0
88,111.004609726351,0,1,1,111.004609726351,0
92,108.14699926497,0,1,1,164.91710648154,0
95,-1.12053803808227e-22,0,1,1,114.625662205402,0
97,104.896447769488,0,1,1,104.896447769488,0
99,94.8181593734077,0,1,1,94.8181593734077,0
102,299.167885837094,0,1,1,588.845701307558,0
106,0.0,0,1,0,427.200009494146,0
115,728.221483461492,0,1,1,728.221483461492,0
