bus_number,P_output,Q_output,voltage_mag,gen_status,P_max,P_min
2,1348.90593446192,0,1,1,1362.09367386541,0
4,1109.87459714556,0,1,1,1109.87459714556,0
5,1.92621625565572e-15,0,1,1,113.048345367634,0
7,0.0,0,1,0,529.31510382851,0
15,0.0,0,1,0,265.060010925867,0
18,188.09286655797,0,1,1,189.431160912105,0
27,0.0,0,1,0,93.4909401730459,0
30,831.391995741586,0,1,1,831.391995741586,0
36,674.953522417411,0,1,1,676.267595844838,0
46,899.51517819068,0,1,1,899.51517819068,0
58,14.9757628721182,0,1,1,14.9757628721182,0
65,2.42569225238866,0,1,1,227.613814812103,0
70,0.0,0,1,0,284.713509701121,0
71,33.0627650275638,0,1,1,33.0627650275638,0
72,57.9414436767995,0,1,1,57.9414436767995,0
76,230.263104537131,0,1,1,230.263104537131,0
78,0.0,0,1,0,659.10285424862,0
79,23.8200692823125,0,1,1,23.8200692823125,0
85,0.0,0,1,0,56.106465357505,0
86,765.852809531546,0,1,1,907.869079863633,0
91,4.47664166724509,0,1,1,4.47664166724509,0
94,0.0,0,1,0,279.868600146048,0
96,200.675969654924,0,1,1,230.799032689465,0
102,0.0,0,1,0,578.409208365632,0
104,0.0,0,1,0,379.247221772999,0
105,0.0,0,1,0,315.568681312401,0
110,106.206108189433,0,1,1,106.206108189433,0
114,2.74866705180188,0,1,1,2.74866705180188,0
115,30.5520490909582,0,1,1,30.5520490909582,0
118,139.068545111683,0,1,1,139.068545111683,0
