bus_number,P_output,Q_output,voltage_mag,gen_status,P_max,P_min
1,0.0,0,1,0,414.97529535383,0
2,702.861256702817,0,1,1,702.861256702827,0
3,219.744870492116,0,1,1,561.732056381393,0
10,842.756269051262,0,1,1,947.542111014373,0
13,337.172906255424,0,1,1,337.17290625542,0
17,494.206516050189,0,1,1,494.206516050194,0
18,0.0,0,1,0,447.182970598609,0
22,293.481242831987,0,1,1,293.481242831982,0
24,617.324503348462,0,1,1,617.324503348471,0
26,0.0,0,1,0,436.34151211847,0
37,198.434770013454,0,1,1,198.434770013448,0
41,-3.63507645242221e-13,0,1,1,340.663565345815,0
44,872.474839380791,0,1,1,872.474839380804,0
49,0.0,0,1,0,379.271960637533,0
54,0.0,0,1,0,280.713439681581,0
56,18.032296081892,0,1,1,18.0323120695526,0
79,830.656291404259,0,1,1,830.656291404268,0
82,77.1836237924425,0,1,1,255.735015401795,0
87,138.819382647503,0,1,1,244.932694835243,0
91,28.0686697332897,0,1,1,28.0686697332886,0
98,2.5992328256926202e-14,0,1,1,108.225590352419,0
100,523.097144221885,0,1,1,660.568474178824,0
104,0.0,0,1,0,348.801254709914,0
107,60.8279532553172,0,1,1,97.6795397738851,0
111,186.749562319418,0,1,1,186.749562319418,0
112,0.0,0,1,0,305.162251399979,0
117,222.911624878474,0,1,1,222.911624878466,0
