bus_number,P_output,Q_output,voltage_mag,gen_status,P_max,P_min
12,1140.49506081137,0,1,1,1140.49506081137,0
16,828.829528730706,0,1,1,923.645742855241,0
19,0.0,0,1,0,637.589938603425,0
22,50.7801333956895,0,1,1,50.7801333956895,0
38,14.7568323550005,0,1,1,14.7568323550009,0
45,0.0,0,1,0,259.717852769302,0
46,442.322777384352,0,1,1,552.414048834392,0
49,160.603470581613,0,1,1,196.047256028012,0
51,0.0,0,1,0,286.805960220568,0
58,0.0,0,1,0,63.3329950035968,0
65,0.0,0,1,0,289.451158415433,0
67,0.0,0,1,0,137.275163719978,0
69,686.599523247675,0,1,1,686.599523247675,0
74,900.216940481356,0,1,1,900.216940481356,0
80,383.649949690714,0,1,1,471.410212043572,0
82,0.0,0,1,0,296.290626107838,0
84,34.0437978711098,0,1,1,34.0437978711098,0
85,3.24368800043934e-14,0,1,1,12.5151275912578,0
86,172.703353512822,0,1,1,172.703353512822,0
89,111.317127047792,0,1,1,138.501085557316,0
94,834.602284565609,0,1,1,834.602284565609,0
96,2.15942636947646e-15,0,1,1,46.2488336430582,0
103,173.156379670095,0,1,1,173.156379670095,0
106,104.464221801468,0,1,1,218.665527995531,0
108,162.152610553358,0,1,1,162.152610553358,0
113,0.0,0,1,0,467.984686358441,0
118,464.109730760278,0,1,1,472.68577369885,0
