cost_model,startup,shutdown,n_coefficients,coeff_n,coeff1,coeff0
2,0,0,3,0.0,0.0,0.0
2,0,0,3,0.0,0.0,0.0
2,0,0,3,0.0078323160821031,32.1486509201573,3405.19126227466
2,0,0,3,0.0064687222934785,30.3918039714529,78.8432436695308
2,0,0,3,0.0,0.0,0.0
2,0,0,3,0.002863729138425,25.4469743626061,3310.2496282954
2,0,0,3,0.0034449315168194,28.370134971911,3502.91535651838
2,0,0,3,0.0,0.0,0.0
2,0,0,3,0.0,0.0,0.0
2,0,0,3,0.0071370182252487,25.9999459572609,1879.1805958131
2,0,0,3,0.0072964573132154,43.1810336266123,1914.75762585295
2,0,0,3,0.0,0.0,0.0
2,0,0,3,0.0,0.0,0.0
2,0,0,3,0.0061699152947778,53.8990120406245,522.32702052627
2,0,0,3,0.0,0.0,0.0
2,0,0,3,0.0,0.0,0.0
2,0,0,3,0.0,0.0,0.0
2,0,0,3,0.0032627435447996,50.9430023057823,160.860788456944
2,0,0,3,0.0,0.0,0.0
2,0,0,3,0.0,0.0,0.0
2,0,0,3,0.0,0.0,0.0
2,0,0,3,0.0,0.0,0.0
2,0,0,3,0.0,0.0,0.0
2,0,0,3,0.0,0.0,0.0
2,0,0,3,0.0,0.0,0.0
2,0,0,3,0.0067974505045914,29.6962471897617,958.215159467561
2,0,0,3,0.0026831774698768,45.9653079263528,324.507955805854
2,0,0,3,0.0,0.0,0.0
2,0,0,3,0.0058037371112564,32.2704893922376,151.891310156595
