cost_model,startup,shutdown,n_coefficients,coeff_n,coeff1,coeff0
2,0,0,3,0.0,0.0,0.0
2,0,0,3,0.0079314625592929,47.275481188002,356.973238534023
2,0,0,3,0.0074123760888151,28.9073876946353,775.528397667766
2,0,0,3,0.0078614533547097,44.2097239472009,411.481951426988
2,0,0,3,0.0,0.0,0.0
2,0,0,3,0.0,0.0,0.0
2,0,0,3,0.0,0.0,0.0
2,0,0,3,0.0,0.0,0.0
2,0,0,3,0.0046173665294998,26.9547324927683,104.771478406845
2,0,0,3,0.0,0.0,0.0
2,0,0,3,0.0,0.0,0.0
2,0,0,3,0.0,0.0,0.0
2,0,0,3,0.0,0.0,0.0
2,0,0,3,0.0030525977139777,37.8455486587413,2988.35009470018
2,0,0,3,0.0,0.0,0.0
2,0,0,3,0.0043386429605316,42.0359210001538,1289.15263840331
2,0,0,3,0.0069258894361111,55.8476619119415,2203.49612047813
2,0,0,3,0.0030844494165457,25.6469424506315,2041.21751293003
2,0,0,3,0.0053479366029889,54.5985465038866,230.281907094737
2,0,0,3,0.0,0.0,0.0
2,0,0,3,0.0,0.0,0.0
2,0,0,3,0.0,0.0,0.0
2,0,0,3,0.0048680224605284,29.0950428869592,121.471054394757
2,0,0,3,0.0,0.0,0.0
2,0,0,3,0.0,0.0,0.0
2,0,0,3,0.0,0.0,0.0
