cost_model,startup,shutdown,n_coefficients,coeff_n,coeff1,coeff0
2,0,0,3,0.0,0.0,0.0
2,0,0,3,0.0,0.0,0.0
2,0,0,3,0.0041779188059005,41.5358069619932,1591.24424419039
2,0,0,3,0.0,0.0,0.0
2,0,0,3,0.0068059600544862,27.5341648956775,891.895780586479
2,0,0,3,0.0063579823492829,54.5858311219356,265.607469181038
2,0,0,3,0.0,0.0,0.0
2,0,0,3,0.0071111588291643,43.1769849454726,3175.75109609188
2,0,0,3,0.0,0.0,0.0
2,0,0,3,0.0,0.0,0.0
2,0,0,3,0.0035543810112848,29.4582013998083,416.518512405221
2,0,0,3,0.0,0.0,0.0
2,0,0,3,0.0,0.0,0.0
2,0,0,3,0.0,0.0,0.0
2,0,0,3,0.0021157190313753,49.3805011122344,2018.49793037572
2,0,0,3,0.0,0.0,0.0
2,0,0,3,0.0,0.0,0.0
2,0,0,3,0.0038810111635497,54.6690756226558,1408.08649368253
2,0,0,3,0.0044363685369166,25.3499001888365,3696.4444855073
2,0,0,3,0.0044777265348988,54.7611579258568,316.453308416758
2,0,0,3,0.0,0.0,0.0
2,0,0,3,0.0056216049098346,38.8626220290228,566.943658383488
2,0,0,3,0.0,0.0,0.0
2,0,0,3,0.0,0.0,0.0
2,0,0,3,0.0,0.0,0.0
2,0,0,3,0.0,0.0,0.0
2,0,0,3,0.0041810484642477,53.3747811969678,2659.01881572961
