cost_model,startup,shutdown,n_coefficients,coeff_n,coeff1,coeff0
2,0,0,3,0.0,0.0,0.0
2,0,0,3,0.0055623821919093,40.5918188358518,1083.06045145527
2,0,0,3,0.002341145546409,52.1374175221106,1887.89228825314
2,0,0,3,0.0,0.0,0.0
2,0,0,3,0.0,0.0,0.0
2,0,0,3,0.0,0.0,0.0
2,0,0,3,0.0,0.0,0.0
2,0,0,3,0.0,0.0,0.0
2,0,0,3,0.0,0.0,0.0
2,0,0,3,0.0,0.0,0.0
2,0,0,3,0.006708528099895,52.9770921744576,359.259321800402
2,0,0,3,0.0075384718028685,54.031894239908,742.048013369394
2,0,0,3,0.0063004841623494,25.3919060674625,334.691389498593
2,0,0,3,0.0,0.0,0.0
2,0,0,3,0.0,0.0,0.0
2,0,0,3,0.0,0.0,0.0
2,0,0,3,0.0054086391277543,36.259972383874,325.939735482705
2,0,0,3,0.0,0.0,0.0
2,0,0,3,0.0028439819521719,25.9686384657426,55.7073584845619
2,0,0,3,0.005884000660561,30.6252499897749,480.292678148236
2,0,0,3,0.0,0.0,0.0
2,0,0,3,0.0075049108608475,56.819927825669,608.458988923306
2,0,0,3,0.0,0.0,0.0
2,0,0,3,0.0,0.0,0.0
2,0,0,3,0.0,0.0,0.0
2,0,0,3,0.0048888344065676,52.0416176069628,2060.7271736847
2,0,0,3,0.0,0.0,0.0
2,0,0,3,0.0,0.0,0.0
2,0,0,3,0.0044474289619,30.8996673953619,87.4657075624655
