cost_model,startup,shutdown,n_coefficients,coeff_n,coeff1,coeff0
2,0,0,3,0.0054033775353202,29.0669920748146,3193.80692939012
2,0,0,3,0.0,0.0,0.0
2,0,0,3,0.007421637022796,48.3103199796285,1564.924911619
2,0,0,3,0.0,0.0,0.0
2,0,0,3,0.0034114796016848,49.7462980144273,222.604566324521
2,0,0,3,0.0,0.0,0.0
2,0,0,3,0.0,0.0,0.0
2,0,0,3,0.0,0.0,0.0
2,0,0,3,0.0035542653584943,46.2443960002244,2146.08162713695
2,0,0,3,0.0042489639580507,54.8556205711966,356.374375646177
2,0,0,3,0.0,0.0,0.0
2,0,0,3,0.0,0.0,0.0
2,0,0,3,0.0023473803297778,23.7140471578277,10.2744802419278
2,0,0,3,0.0,0.0,0.0
2,0,0,3,0.0,0.0,0.0
2,0,0,3,0.0020430323668612,49.8472923017178,1984.03992743673
2,0,0,3,0.0043915841811938,33.205130485591,2339.16578828787
2,0,0,3,0.0,0.0,0.0
2,0,0,3,0.0,0.0,0.0
2,0,0,3,0.0031363875169029,44.6951816387205,559.483427810853
2,0,0,3,0.0,0.0,0.0
2,0,0,3,0.0,0.0,0.0
2,0,0,3,0.0,0.0,0.0
2,0,0,3,0.0026842911283443,34.8149093232324,1371.14236715125
2,0,0,3,0.0,0.0,0.0
2,0,0,3,0.0,0.0,0.0
2,0,0,3,0.0,0.0,0.0
2,0,0,3,0.0046142843000556,33.8640342000285,106.359919449417
