bus_number,P_output,Q_output,voltage_mag,gen_status,P_max,P_min
2,1103.54612834597,0,1,1,1373.14919569667,0
7,159.016275148074,0,1,1,202.390645777113,0
14,0.0,0,1,0,264.045668235684,0
15,150.5266970726,0,1,1,150.526697073105,0
25,0.0,0,1,0,330.681736304798,0
31,0.0,0,1,0,204.710204344946,0
33,1083.91232266456,0,1,1,1083.91232266497,0
35,120.605388619496,0,1,1,120.605388620249,0
40,43.9725418741265,0,1,1,139.109157936126,0
42,0.0,0,1,0,258.347958711507,0
49,0.0,0,1,0,421.804906296114,0
57,130.233469513061,0,1,1,294.353721638227,0
61,909.586138769859,0,1,1,909.586138770442,0
62,0.0,0,1,0,70.9384053045958,0
63,842.543467904164,0,1,1,842.543467906865,0
64,84.9793657456589,0,1,1,84.9793657463691,0
71,7.577016604454239e-11,0,1,1,9.76527988206162,0
74,0.0,0,1,0,810.115252825011,0
78,629.251219407042,0,1,1,629.251219407608,0
79,83.9025452554051,0,1,1,83.9025452560922,0
88,0.0,0,1,0,230.608733403024,0
90,0.0,0,1,0,329.850652472842,0
93,179.845828626849,0,1,1,179.845828627553,0
103,188.858277228305,0,1,1,188.858277228999,0
106,153.864868524796,0,1,1,153.864868525464,0
109,0.0,0,1,0,529.293030057358,0
114,2.73893053312822,0,1,1,2.73893053375036,0
115,0.0,0,1,0,551.901775787261,0
117,180.220851736258,0,1,1,180.220851736996,0
