bus_number,P_output,Q_output,voltage_mag,gen_status,P_max,P_min
3,5.51685559937808,0,1,1,5.51685559937808,0
7,0.0,0,1,0,240.493434784987,0
8,901.850646343418,0,1,1,901.850646343418,0
9,1268.88481276079,0,1,1,1268.88481276079,0
13,32.231292908405,0,1,1,32.231292908405,0
15,0.0,0,1,0,122.633413301569,0
16,1083.73215333779,0,1,1,1083.73215333779,0
17,0.0,0,1,0,261.92753855806,0
21,39.3642366524596,0,1,1,39.3642366524596,0
22,1031.08985646704,0,1,1,1031.08985646704,0
25,0.0,0,1,0,495.195621119896,0
38,179.871305665967,0,1,1,179.871305665967,0
39,0.0,0,1,0,276.400232453375,0
44,855.857290263702,0,1,1,964.253387909679,0
46,784.844660171448,0,1,1,934.927184947329,0
50,12.3352060561614,0,1,1,12.3352060561614,0
55,0.0,0,1,0,655.458593892447,0
58,91.2602385921419,0,1,1,91.2602385921419,0
60,0.0,0,1,0,506.50805778744,0
61,53.2319817283927,0,1,1,53.2319817283927,0
75,0.0,0,1,0,328.085728576273,0
80,0.0,0,1,0,335.157306805939,0
93,0.0,0,1,0,389.98799183574,0
96,139.691229794302,0,1,1,153.010526856611,0
97,0.0,0,1,0,345.585689178981,0
99,41.7993191002076,0,1,1,41.7993191002076,0
103,33.0444833292382,0,1,1,33.0444833292382,0
106,110.198153689912,0,1,1,110.198153689912,0
