bus_number,P_output,Q_output,voltage_mag,gen_status,P_max,P_min
2,0.0,0,1,0,943.886508608236,0
4,98.0070614599669,0,1,1,98.0070614599652,0
5,1396.26971349221,0,1,1,1483.63718180376,0
8,1268.22413175874,0,1,1,1268.22413175874,0
15,1226.52634670018,0,1,1,1271.93279848177,0
24,0.0,0,1,0,466.890113764781,0
25,154.775415128113,0,1,1,154.775415128112,0
26,111.479313295519,0,1,1,111.479313295518,0
31,0.0,0,1,0,142.734042697226,0
39,25.459546047371,0,1,1,25.4595460473692,0
40,629.481804174695,0,1,1,629.481804174694,0
42,0.0,0,1,0,334.14571258675,0
44,201.960719956932,0,1,1,201.960719956931,0
45,0.0,0,1,0,498.199394736148,0
49,38.6918371860101,0,1,1,38.691837186008,0
52,0.0,0,1,0,995.441622117492,0
63,232.916875219155,0,1,1,482.830018034539,0
64,72.2717662211374,0,1,1,72.2717662211359,0
67,81.007687023181,0,1,1,81.0076870231789,0
74,0.0,0,1,0,374.6549887614,0
92,162.773097966022,0,1,1,162.773097966021,0
96,0.0,0,1,0,20.4923722983749,0
98,1.7263635095405002e-10,0,1,1,27.5349629010059,0
103,153.630704089239,0,1,1,153.630704089238,0
105,0.0,0,1,0,349.942580229134,0
109,229.579248547775,0,1,1,229.579248547773,0
114,0.0,0,1,0,12.2375968965049,0
