cost_model,startup,shutdown,n_coefficients,coeff_n,coeff1,coeff0
2,0,0,3,0.0030362290884204,40.3864071681807,3014.09117782296
2,0,0,3,0.00360745492077,37.5040143180359,2158.26453636265
2,0,0,3,0.0,0.0,0.0
2,0,0,3,0.0,0.0,0.0
2,0,0,3,0.0054650519736611,36.5607312027318,255.779760156542
2,0,0,3,0.0,0.0,0.0
2,0,0,3,0.0,0.0,0.0
2,0,0,3,0.004956619575136,56.4366633132934,872.366491485227
2,0,0,3,0.0,0.0,0.0
2,0,0,3,0.0,0.0,0.0
2,0,0,3,0.0,0.0,0.0
2,0,0,3,0.004891156303847,30.0895462327782,188.266524931648
2,0,0,3,0.0,0.0,0.0
2,0,0,3,0.0,0.0,0.0
2,0,0,3,0.0042300287060257,38.4421703291015,991.686918815962
2,0,0,3,0.0024460786060224,30.1039135166203,442.921551400395
2,0,0,3,0.0,0.0,0.0
2,0,0,3,0.0,0.0,0.0
2,0,0,3,0.0,0.0,0.0
2,0,0,3,0.0,0.0,0.0
2,0,0,3,0.0075527051986841,52.7714964336357,188.738100032477
2,0,0,3,0.0,0.0,0.0
2,0,0,3,0.0,0.0,0.0
2,0,0,3,0.0026942101700221,27.5811713349605,1255.4038602379
2,0,0,3,0.0,0.0,0.0
2,0,0,3,0.0072869679697085,45.7724242699035,688.534758974808
2,0,0,3,0.0,0.0,0.0
2,0,0,3,0.0027837447960579,35.9064134089233,417.952481808285
