bus_number,P_output,Q_output,voltage_mag,gen_status,P_max,P_min
3,635.800850889917,0,1,1,1347.33037469015,0
9,1277.81475695086,0,1,1,1277.81475695086,0
11,620.246274242084,0,1,1,620.246274242308,0
17,266.89072926984,0,1,1,266.890729269841,0
18,417.400589286343,0,1,1,417.400589286467,0
19,296.527717565206,0,1,1,296.52771756521,0
26,393.195486360883,0,1,1,393.195486360896,0
27,0.0,0,1,0,1137.85598877796,0
32,150.209991705049,0,1,1,150.20999170505,0
35,0.0,0,1,0,915.87832657003,0
37,108.895583258031,0,1,1,108.895583258186,0
51,0.0,0,1,0,456.07134973059,0
60,447.029235626611,0,1,1,447.029235626614,0
61,252.273865337615,0,1,1,312.96903351792,0
63,121.52223942979,0,1,1,121.522239429772,0
67,134.581447075668,0,1,1,225.61100594119,0
72,82.9615011735291,0,1,1,82.961501173529,0
76,385.841706245954,0,1,1,385.841706245956,0
77,388.991199532968,0,1,1,388.991199532971,0
80,127.571843934499,0,1,1,127.571843934555,0
91,116.572768443074,0,1,1,116.572768443073,0
95,181.628385383518,0,1,1,181.628385383512,0
98,101.322504875256,0,1,1,101.322504875254,0
101,90.8876994766912,0,1,1,90.8876994766721,0
103,23.5646505230131,0,1,1,23.564650523009,0
114,26.9384363218637,0,1,1,26.9384363218648,0
116,16.1342595527401,0,1,1,16.1342595527588,0
117,0.0,0,1,0,594.038588385601,0
