cost_model,startup,shutdown,n_coefficients,coeff_n,coeff1,coeff0
2,0,0,3,0.0,0.0,0.0
2,0,0,3,0.0058313134058511,56.1979588958609,718.378170739958
2,0,0,3,0.0077853028828047,50.3058059310797,789.057056721773
2,0,0,3,0.0047335424779363,29.9355430597836,163.524036000864
2,0,0,3,0.0038022064177138,41.0819659246112,250.194204281084
2,0,0,3,0.0,0.0,0.0
2,0,0,3,0.0,0.0,0.0
2,0,0,3,0.0052765169270561,33.0508918267987,3564.95779259655
2,0,0,3,0.0039653269140073,26.704099081511,970.097854805122
2,0,0,3,0.0,0.0,0.0
2,0,0,3,0.0070673032208872,53.3510380350941,2783.48606369458
2,0,0,3,0.0,0.0,0.0
2,0,0,3,0.0071091791868314,29.2128883015665,437.491724440849
2,0,0,3,0.0,0.0,0.0
2,0,0,3,0.0063726186989769,39.7326512262393,2444.36213623053
2,0,0,3,0.0,0.0,0.0
2,0,0,3,0.0,0.0,0.0
2,0,0,3,0.0,0.0,0.0
2,0,0,3,0.0,0.0,0.0
2,0,0,3,0.0023096744678035,52.8388430024306,394.806896882516
2,0,0,3,0.0,0.0,0.0
2,0,0,3,0.0,0.0,0.0
2,0,0,3,0.0036685450464493,32.2242095325157,3791.36920003961
2,0,0,3,0.0,0.0,0.0
2,0,0,3,0.0,0.0,0.0
2,0,0,3,0.0,0.0,0.0
2,0,0,3,0.0,0.0,0.0
