cost_model,startup,shutdown,n_coefficients,coeff_n,coeff1,coeff0
2,0,0,3,0.0052469226637993,50.6692411109547,1048.02240418708
2,0,0,3,0.0,0.0,0.0
2,0,0,3,0.0026740861252733,40.3146951966158,2276.50904276363
2,0,0,3,0.0034512382032572,37.4378437434058,2934.18456267852
2,0,0,3,0.0,0.0,0.0
2,0,0,3,0.0,0.0,0.0
2,0,0,3,0.0,0.0,0.0
2,0,0,3,0.0060910421631801,30.2319551266792,123.176886401122
2,0,0,3,0.0066709736177212,34.3118580612945,474.1284868626
2,0,0,3,0.0,0.0,0.0
2,0,0,3,0.0,0.0,0.0
2,0,0,3,0.0,0.0,0.0
2,0,0,3,0.0071400079092743,24.981472955419,3355.90371909118
2,0,0,3,0.0,0.0,0.0
2,0,0,3,0.0,0.0,0.0
2,0,0,3,0.007206488678543,53.7473715167092,2408.54334801656
2,0,0,3,0.0,0.0,0.0
2,0,0,3,0.0,0.0,0.0
2,0,0,3,0.0042344701874221,27.5760287048046,3491.70278754865
2,0,0,3,0.0,0.0,0.0
2,0,0,3,0.004211805799282,27.0748369034238,1.36460489347785
2,0,0,3,0.0072045232778402,42.3709081862651,345.014618912578
2,0,0,3,0.0,0.0,0.0
2,0,0,3,0.0,0.0,0.0
2,0,0,3,0.0,0.0,0.0
2,0,0,3,0.0022046597370279,38.7783684586473,303.37991449073
2,0,0,3,0.0,0.0,0.0
