bus_number,P_output,Q_output,voltage_mag,gen_status,P_max,P_min
3,0.0,0,1,0,850.301621718036,0
7,0.0,0,1,0,546.593927227199,0
15,0.0,0,1,0,333.250483483286,0
18,126.184545142724,0,1,1,170.98685807165,0
21,150.281630677661,0,1,1,150.281630677661,0
30,140.227393649307,0,1,1,140.227393649308,0
31,520.194665564856,0,1,1,520.194665564856,0
36,14.4804279887688,0,1,1,14.4804279887689,0
49,0.0,0,1,0,501.196710598309,0
50,23.1689703260112,0,1,1,23.1689703260114,0
55,1392.66048473733,0,1,1,1618.93053095503,0
66,162.99864102402,0,1,1,162.99864102402,0
67,120.981634215754,0,1,1,338.472595928518,0
68,0.0,0,1,0,304.305704797671,0
73,77.1917663874835,0,1,1,159.459827251444,0
79,1573.61377207039,0,1,1,1573.61377207039,0
81,0.0,0,1,0,493.923257687534,0
86,0.0,0,1,0,281.650799349711,0
87,9.55574026442725,0,1,1,9.55574026442734,0
90,785.756872507203,0,1,1,785.756872507203,0
104,178.769451656639,0,1,1,178.769451656639,0
105,1297.82856687793,0,1,1,1382.87318460362,0
118,90.9091593705146,0,1,1,90.9091593705147,0
