cost_model,startup,shutdown,n_coefficients,coeff_n,coeff1,coeff0
2,0,0,3,0.0033215799687137,47.6014773820746,634.466165059135
2,0,0,3,0.0,0.0,0.0
2,0,0,3,0.0,0.0,0.0
2,0,0,3,0.0043051945567887,26.0420384821254,2587.23606631589
2,0,0,3,0.0,0.0,0.0
2,0,0,3,0.0067693416323013,39.4353409944569,3125.82003116654
2,0,0,3,0.0046626177911692,34.1558347922858,269.105480624992
2,0,0,3,0.0,0.0,0.0
2,0,0,3,0.0,0.0,0.0
2,0,0,3,0.0057356052724232,23.2331422959063,2392.94378706443
2,0,0,3,0.0,0.0,0.0
2,0,0,3,0.0062341465404469,38.6452097793427,407.877657666888
2,0,0,3,0.0,0.0,0.0
2,0,0,3,0.0,0.0,0.0
2,0,0,3,0.0,0.0,0.0
2,0,0,3,0.0,0.0,0.0
2,0,0,3,0.0,0.0,0.0
2,0,0,3,0.0030221069721197,49.169061419208,110.758465768913
2,0,0,3,0.0,0.0,0.0
2,0,0,3,0.0,0.0,0.0
2,0,0,3,0.0,0.0,0.0
2,0,0,3,0.0054568999463212,27.0325908758033,570.981665855714
2,0,0,3,0.0,0.0,0.0
2,0,0,3,0.0070303896515855,40.3889390300958,3447.66802779148
2,0,0,3,0.007279746734134,31.3520734695562,586.458388292564
2,0,0,3,0.0,0.0,0.0
2,0,0,3,0.0077893661886841,33.2318725836463,468.452859381174
2,0,0,3,0.0,0.0,0.0
