cost_model,startup,shutdown,n_coefficients,coeff_n,coeff1,coeff0
2,0,0,3,0.0,0.0,0.0
2,0,0,3,0.0,0.0,0.0
2,0,0,3,0.0,0.0,0.0
2,0,0,3,0.00619773073525,46.7575780732943,945.767315194671
2,0,0,3,0.0028511392909741,38.815195540725,2074.37649328114
2,0,0,3,0.0054923118271883,30.9165815935655,2039.96422155219
2,0,0,3,0.0,0.0,0.0
2,0,0,3,0.0,0.0,0.0
2,0,0,3,0.0,0.0,0.0
2,0,0,3,0.0,0.0,0.0
2,0,0,3,0.0,0.0,0.0
2,0,0,3,0.0,0.0,0.0
2,0,0,3,0.0064837543223087,35.0602848033439,3077.13079550492
2,0,0,3,0.0068958621663188,43.8227200433303,1552.08156701293
2,0,0,3,0.0,0.0,0.0
2,0,0,3,0.0,0.0,0.0
2,0,0,3,0.0027325311610317,56.6454409482817,971.856187744139
2,0,0,3,0.0050768414338621,42.1990898709351,324.814290040002
2,0,0,3,0.0,0.0,0.0
2,0,0,3,0.0,0.0,0.0
2,0,0,3,0.0,0.0,0.0
2,0,0,3,0.0053020127858242,51.1588964551802,1367.11598820832
2,0,0,3,0.0075028770844801,32.4154897311467,239.549929338983
2,0,0,3,0.0079783911811765,36.5487822308182,464.539951847814
2,0,0,3,0.0049821842353021,31.801747809714,541.106380436134
2,0,0,3,0.0,0.0,0.0
2,0,0,3,0.0,0.0,0.0
