cost_model,startup,shutdown,n_coefficients,coeff_n,coeff1,coeff0
2,0,0,3,0.0,0.0,0.0
2,0,0,3,0.0039127240644938,50.104550940733,1043.74346707137
2,0,0,3,0.0,0.0,0.0
2,0,0,3,0.0,0.0,0.0
2,0,0,3,0.0,0.0,0.0
2,0,0,3,0.0044943988690049,24.5090998841653,2846.1922987855
2,0,0,3,0.0069780803661316,31.7981009946625,344.913548367206
2,0,0,3,0.0061437891616933,44.0218905904423,2267.05054631435
2,0,0,3,0.0,0.0,0.0
2,0,0,3,0.0048945608201955,31.4481160980003,1836.33179003562
2,0,0,3,0.0032972800259722,32.979191603653,515.214356298738
2,0,0,3,0.0,0.0,0.0
2,0,0,3,0.0,0.0,0.0
2,0,0,3,0.004894850148321,25.0287172577826,274.559312174836
2,0,0,3,0.0,0.0,0.0
2,0,0,3,0.0,0.0,0.0
2,0,0,3,0.0,0.0,0.0
2,0,0,3,0.0055643962736643,42.2761545599944,518.36142118791
2,0,0,3,0.0,0.0,0.0
2,0,0,3,0.0,0.0,0.0
2,0,0,3,0.00640786197135,25.1427760279173,954.491927019464
2,0,0,3,0.0,0.0,0.0
2,0,0,3,0.0042368719175591,56.4998500247898,3544.75204601142
2,0,0,3,0.0,0.0,0.0
2,0,0,3,0.0,0.0,0.0
2,0,0,3,0.0,0.0,0.0
