bus_number,P_output,Q_output,voltage_mag,gen_status,P_max,P_min
4,0.0,0,1,0,526.760779862893,0
10,669.537046242868,0,1,1,669.537046243516,0
18,133.617816241881,0,1,1,208.021986535887,0
21,21.9434638860518,0,1,1,65.9592642598122,0
22,107.022992388214,0,1,1,107.022992389015,0
27,1261.22256296412,0,1,1,1670.62632757505,0
30,0.0,0,1,0,401.816081388904,0
35,83.8268548064385,0,1,1,83.8268548099091,0
37,984.568546420875,0,1,1,984.568546421639,0
38,0.0,0,1,0,258.422483677767,0
39,953.694881837561,0,1,1,953.694881838386,0
44,0.0,0,1,0,260.687292443161,0
47,0.0,0,1,0,147.71541873561,0
48,407.321794851195,0,1,1,407.321794851923,0
51,0.0,0,1,0,299.241702268365,0
52,81.2883205671067,0,1,1,81.2883205678136,0
56,0.0,0,1,0,512.453439939807,0
66,141.715993618887,0,1,1,141.715993619558,0
72,862.314427369826,0,1,1,862.314427376626,0
73,0.0,0,1,0,309.193406633412,0
75,57.8971083971589,0,1,1,57.8971083978306,0
82,106.542429458909,0,1,1,106.542429460438,0
88,0.0,0,1,0,722.984164052521,0
94,4.24086066169485,0,1,1,4.24086066228421,0
106,161.397079496906,0,1,1,161.3970795069,0
109,107.791720281579,0,1,1,107.79172028229,0
117,518.859822969747,0,1,1,518.859822970488,0
