cost_model,startup,shutdown,n_coefficients,coeff_n,coeff1,coeff0
2,0,0,3,0.0,0.0,0.0
2,0,0,3,0.0,0.0,0.0
2,0,0,3,0.0,0.0,0.0
2,0,0,3,0.0039535847600422,46.7929990631626,1021.40821068856
2,0,0,3,0.0073612941283266,45.4514186054245,117.043680203443
2,0,0,3,0.0059017847439362,51.7585642008994,1793.68447200735
2,0,0,3,0.0020840196373064,37.9849376821582,1063.28906467095
2,0,0,3,0.0,0.0,0.0
2,0,0,3,0.0036929621288278,48.1046868442,2233.20192704161
2,0,0,3,0.0,0.0,0.0
2,0,0,3,0.0,0.0,0.0
2,0,0,3,0.0,0.0,0.0
2,0,0,3,0.0,0.0,0.0
2,0,0,3,0.0025252579622096,48.476674449315,553.278470616184
2,0,0,3,0.0,0.0,0.0
2,0,0,3,0.0,0.0,0.0
2,0,0,3,0.0069382007822241,36.9499293667342,285.106055944696
2,0,0,3,0.0021879089565027,37.1627318524549,574.85808622399
2,0,0,3,0.0057898113231388,30.9931661161092,56.1007775991296
2,0,0,3,0.0,0.0,0.0
2,0,0,3,0.0064884308033536,56.2337418348646,3723.262154495
2,0,0,3,0.0,0.0,0.0
2,0,0,3,0.0036224213376498,49.3073929362219,228.491704477
2,0,0,3,0.0,0.0,0.0
2,0,0,3,0.0062936343227893,23.3041407825253,229.175029524691
2,0,0,3,0.0,0.0,0.0
2,0,0,3,0.0,0.0,0.0
2,0,0,3,0.0,0.0,0.0
2,0,0,3,0.0,0.0,0.0
2,0,0,3,0.0,0.0,0.0
2,0,0,3,0.0064631922530894,42.4225616125641,495.462317713942
2,0,0,3,0.0079618094794651,30.7823626169915,188.567659383027
