bus_number,P_output,Q_output,voltage_mag,gen_status,P_max,P_min
7,0.0,0,1,0,538.335806555081,0
9,216.788041531755,0,1,1,271.916935663065,0
19,1250.16125025444,0,1,1,1627.89625540904,0
21,1416.24925558657,0,1,1,1416.24925558893,0
23,109.557251395676,0,1,1,125.017119201824,0
27,148.991307955156,0,1,1,223.062056181474,0
28,202.10308358951,0,1,1,202.103083595113,0
35,0.0,0,1,0,538.416483252868,0
37,0.0,0,1,0,282.176411927845,0
42,190.207992865238,0,1,1,190.207992867277,0
53,186.894787716425,0,1,1,418.973280917327,0
54,298.291307718145,0,1,1,742.696798554319,0
56,897.877652237895,0,1,1,897.877652240109,0
58,0.0,0,1,0,291.757542794616,0
61,450.125981259028,0,1,1,450.12598126124,0
76,0.0,0,1,0,425.804789409944,0
77,120.01924770031,0,1,1,120.01924770396,0
78,38.2731126796583,0,1,1,38.2731126820165,0
90,59.7901918102125,0,1,1,160.815627461165,0
91,0.0,0,1,0,49.2523201081567,0
100,257.266624619165,0,1,1,517.240868638566,0
101,122.229023975224,0,1,1,143.211051988942,0
108,0.0,0,1,0,310.276366566887,0
109,0.0,0,1,0,432.770610904235,0
116,115.276677106289,0,1,1,115.276677107813,0
117,102.148898187611,0,1,1,102.148898189991,0
