bus_number,P_output,Q_output,voltage_mag,gen_status,P_max,P_min
1,0.0,0,1,0,122.591241158566,0
3,83.2068236211544,0,1,1,83.2068236211544,0
5,0.0,0,1,0,529.077735029018,0
8,478.384403283159,0,1,1,541.998396436576,0
10,0.0,0,1,0,482.733729736769,0
11,573.019897203065,0,1,1,573.019897203065,0
23,7.20184574004626e-16,0,1,1,300.942475206756,0
28,0.0,0,1,0,206.445502642252,0
33,73.1657395403947,0,1,1,73.1657395403947,0
37,0.0,0,1,0,85.0350059415399,0
40,61.4794338763195,0,1,1,61.4794338763195,0
43,244.709160926626,0,1,1,244.709160926626,0
48,0.0,0,1,0,171.855701827043,0
55,1365.01923244534,0,1,1,1682.93634571622,0
62,275.546798342841,0,1,1,275.546798342841,0
64,1259.60009960594,0,1,1,1363.37663674865,0
65,105.493043778354,0,1,1,105.493043778354,0
69,159.609918440626,0,1,1,159.609918440626,0
74,618.832761446703,0,1,1,618.832761446703,0
77,66.2014627550476,0,1,1,66.2014627550476,0
79,0.0,0,1,0,91.0596161464747,0
81,33.2466424244986,0,1,1,33.2466424244986,0
82,0.0,0,1,0,613.513681763873,0
83,107.509435910375,0,1,1,107.509435910375,0
87,276.554584791944,0,1,1,276.554584791944,0
88,591.428093233295,0,1,1,591.428093233295,0
92,0.0,0,1,0,677.195426910589,0
103,56.6952781154,0,1,1,56.6952781154,0
107,136.334651998401,0,1,1,136.334651998401,0
108,0.0,0,1,0,100.529107723358,0
113,29.6361119788205,0,1,1,130.447748636348,0
115,69.130148742726,0,1,1,69.130148742726,0
