bus_number,P_output,Q_output,voltage_mag,gen_status,P_max,P_min
2,323.635389753369,0,1,1,323.635389753369,0
11,35.4036373557963,0,1,1,35.4036373557944,0
12,0.0,0,1,0,476.074632075256,0
13,0.0,0,1,0,172.724467790606,0
22,0.0,0,1,0,648.403906869634,0
23,317.771832435638,0,1,1,317.771832435637,0
25,257.535257381923,0,1,1,257.535257381924,0
27,0.0,0,1,0,450.423283726378,0
29,1147.23379965722,0,1,1,1289.5576283446,0
38,34.7015091098434,0,1,1,317.010862546005,0
42,0.0,0,1,0,363.848007108828,0
51,1223.19013142411,0,1,1,1223.19013142411,0
64,1023.88315508432,0,1,1,1023.88315508432,0
68,0.0,0,1,0,345.354890932036,0
70,0.0,0,1,0,418.279317137487,0
71,48.5387875664409,0,1,1,87.7586370829084,0
75,730.118984967245,0,1,1,730.118984967247,0
76,919.837155305774,0,1,1,919.837155305776,0
77,62.4785253989602,0,1,1,62.8734292450252,0
92,704.414729851259,0,1,1,704.41472985126,0
93,-4.963195928140499e-12,0,1,1,140.217867818566,0
94,0.0,0,1,0,162.05534021381,0
103,2.85978051479545,0,1,1,2.85978051479159,0
107,102.453529412456,0,1,1,102.453529412648,0
115,-5.8360152527997395e-12,0,1,1,56.2163723937773,0
