cost_model,startup,shutdown,n_coefficients,coeff_n,coeff1,coeff0
2,0,0,3,0.005072267922189,39.0973334062408,23.669506089216
2,0,0,3,0.0,0.0,0.0
2,0,0,3,0.0,0.0,0.0
2,0,0,3,0.0,0.0,0.0
2,0,0,3,0.0064133881708357,29.4096505340072,2280.45191369376
2,0,0,3,0.0065928612946691,37.4392339506493,3496.41968472449
2,0,0,3,0.0,0.0,0.0
2,0,0,3,0.0,0.0,0.0
2,0,0,3,0.0,0.0,0.0
2,0,0,3,0.0,0.0,0.0
2,0,0,3,0.006228296033964,38.3693451686342,1540.75293402764
2,0,0,3,0.0,0.0,0.0
2,0,0,3,0.0045789099947287,32.3825363231323,3.72802091466344
2,0,0,3,0.0025240961141584,39.6866218296059,3351.47530950966
2,0,0,3,0.0,0.0,0.0
2,0,0,3,0.0,0.0,0.0
2,0,0,3,0.0,0.0,0.0
2,0,0,3,0.0,0.0,0.0
2,0,0,3,0.0076958759218561,40.3015759385824,274.945542133482
2,0,0,3,0.0035902576678419,50.036903795885,282.005675754353
2,0,0,3,0.0,0.0,0.0
2,0,0,3,0.00297370806638,43.1075718445667,340.57196043759
2,0,0,3,0.0051713099326556,48.8339116339136,1079.80516250719
2,0,0,3,0.0,0.0,0.0
2,0,0,3,0.007168381770631,27.6511974980903,492.234255097365
2,0,0,3,0.0,0.0,0.0
2,0,0,3,0.0,0.0,0.0
2,0,0,3,0.0,0.0,0.0
