bus_number,P_output,Q_output,voltage_mag,gen_status,P_max,P_min
8,0.0,0,1,0,389.173147767314,0
9,1014.4345040176,0,1,1,1544.1199165168,0
10,286.965963607574,0,1,1,286.965963607574,0
11,625.827651995338,0,1,1,625.827651995338,0
24,630.397097981215,0,1,1,709.632587334151,0
25,306.203989452105,0,1,1,306.203989452105,0
33,606.090483439363,0,1,1,607.840021488097,0
35,319.574897000656,0,1,1,319.574897000656,0
38,80.8598332244845,0,1,1,80.8598332244845,0
40,1.5664348056718499e-22,0,1,1,284.627240611905,0
41,0.0,0,1,0,824.044517739602,0
47,4.2408156376179804e-23,0,1,1,106.48483046937,0
48,0.0,0,1,0,156.088098522972,0
50,50.3938054631217,0,1,1,50.3938054631217,0
51,0.0,0,1,0,325.932234683435,0
55,0.0,0,1,0,352.800724483237,0
62,747.366196839538,0,1,1,747.366196839538,0
65,93.6610755974924,0,1,1,93.6610755974924,0
67,724.593936156878,0,1,1,724.593936156878,0
71,0.0,0,1,0,570.701652838694,0
74,77.8739290753119,0,1,1,156.846194042969,0
82,0.0,0,1,0,232.267466287446,0
87,40.1995442321199,0,1,1,40.1995442321199,0
90,777.128461939514,0,1,1,777.128461939514,0
92,283.23235243871,0,1,1,283.23235243871,0
98,0.0,0,1,0,35.3358860382771,0
