bus_number,P_output,Q_output,voltage_mag,gen_status,P_max,P_min
4,124.322557455661,0,1,1,124.322557455662,0
9,151.358170550588,0,1,1,151.35817055059,0
18,20.5598962910167,0,1,1,20.5598962910173,0
20,194.717354804024,0,1,1,194.717354804026,0
21,228.412560874291,0,1,1,228.412560874292,0
23,102.607085224483,0,1,1,102.607085224484,0
30,77.9212095817816,0,1,1,77.9212095817833,0
33,0.0,0,1,0,578.087762141574,0
35,65.4523587356637,0,1,1,65.4523587356644,0
38,290.055808509429,0,1,1,290.05580850943,0
39,77.1283114540197,0,1,1,77.1283114540204,0
40,1334.15423509576,0,1,1,2424.83190172589,0
43,1908.31063708034,0,1,1,1908.31063708034,0
44,0.0,0,1,0,263.580353378124,0
45,151.300085872604,0,1,1,151.300085872606,0
52,15.1201482155746,0,1,1,252.943955995399,0
64,148.351529387751,0,1,1,148.351529387752,0
71,46.4582901132876,0,1,1,46.4582901132887,0
72,310.065575318663,0,1,1,310.065575318665,0
73,244.710582531681,0,1,1,244.710582531681,0
79,27.2008663284401,0,1,1,27.2008663284407,0
84,0.0,0,1,0,562.815345268723,0
93,62.4100286524744,0,1,1,62.4100286524751,0
97,329.256561073925,0,1,1,329.256561073927,0
98,56.9617069057625,0,1,1,56.9617069057632,0
100,163.421477833472,0,1,1,347.511001039399,0
103,346.446596905773,0,1,1,363.714318541543,0
107,0.0,0,1,0,762.53137685463,0
109,60.4958978190648,0,1,1,60.4958978190655,0
110,123.717273902114,0,1,1,123.717273902114,0
113,274.111863359431,0,1,1,274.111863359432,0
