cost_model,startup,shutdown,n_coefficients,coeff_n,coeff1,coeff0
2,0,0,3,0.0046158797165313,39.0583238200349,3624.13392862375
2,0,0,3,0.0,0.0,0.0
2,0,0,3,0.0054403546019372,56.5212124442945,3795.92873459744
2,0,0,3,0.0031631389146332,43.3969055064476,118.822319300534
2,0,0,3,0.0,0.0,0.0
2,0,0,3,0.0,0.0,0.0
2,0,0,3,0.0,0.0,0.0
2,0,0,3,0.0,0.0,0.0
2,0,0,3,0.0,0.0,0.0
2,0,0,3,0.0,0.0,0.0
2,0,0,3,0.0050266785418378,35.5195627888735,313.584359383292
2,0,0,3,0.0070346978706065,27.8861361785094,1288.2720496285
2,0,0,3,0.002412390452566,54.0469016025255,545.210014956789
2,0,0,3,0.0066061520854587,44.3831257073187,2309.93536656891
2,0,0,3,0.0,0.0,0.0
2,0,0,3,0.0,0.0,0.0
2,0,0,3,0.006662304471007,30.6956531420043,128.802266178349
2,0,0,3,0.0,0.0,0.0
2,0,0,3,0.0,0.0,0.0
2,0,0,3,0.0,0.0,0.0
2,0,0,3,0.0,0.0,0.0
2,0,0,3,0.0,0.0,0.0
2,0,0,3,0.0042238164305492,42.4949694009239,88.8361193466646
2,0,0,3,0.0078725328020488,26.6395770066371,3444.50497733935
2,0,0,3,0.0,0.0,0.0
2,0,0,3,0.0,0.0,0.0
2,0,0,3,0.0040715757645671,26.0013393094934,341.119019610427
