bus_number,P_output,Q_output,voltage_mag,gen_status,P_max,P_min
2,26.0767836214045,0,1,1,26.0767836214045,0
3,1818.70164950776,0,1,1,2790.31006020193,0
9,1311.144265365,0,1,1,1311.144265365,0
13,0.0,0,1,0,475.833518037708,0
16,465.078245606621,0,1,1,465.078245606621,0
18,2.4097156083805e-17,0,1,1,463.178467072096,0
25,404.590611677321,0,1,1,404.590611677321,0
29,249.024703945371,0,1,1,249.024703945371,0
36,271.197458046486,0,1,1,271.197458046486,0
46,339.283510398727,0,1,1,339.283510398727,0
48,369.681194912202,0,1,1,369.681194912202,0
57,75.7200309808499,0,1,1,126.537126770068,0
59,124.958582767462,0,1,1,124.958582767462,0
66,137.706758190884,0,1,1,140.564426862266,0
68,0.0,0,1,0,253.317061216501,0
76,0.0,0,1,0,93.6119990126509,0
84,18.5446806134208,0,1,1,188.64487504965,0
86,-6.271713154722401e-20,0,1,1,58.2221504991698,0
89,202.194633846932,0,1,1,592.216647857086,0
92,48.1169016697721,0,1,1,48.1169016697721,0
99,-1.11911302547373e-19,0,1,1,107.725576587523,0
101,143.517591698898,0,1,1,143.517591698898,0
102,125.64647314567,0,1,1,125.64647314567,0
104,51.0469116309944,0,1,1,51.0469116309944,0
105,197.231707227469,0,1,1,197.231707227469,0
107,0.0,0,1,0,611.067153715084,0
108,285.341027607777,0,1,1,391.130153604389,0
109,0.0,0,1,0,212.948068572288,0
