bus_number,P_output,Q_output,voltage_mag,gen_status,P_max,P_min
4,1401.10682755719,0,1,1,1401.10682755724,0
12,0.0,0,1,0,50.6473061745927,0
13,242.890700434817,0,1,1,242.890700434818,0
21,0.0,0,1,0,215.677640774256,0
28,197.493252404268,0,1,1,197.493252404268,0
30,0.0,0,1,0,282.644709975979,0
32,1368.17605705689,0,1,1,1382.95010796469,0
35,0.0,0,1,0,288.828846977754,0
36,558.119813533101,0,1,1,558.119813533174,0
38,318.209787000533,0,1,1,318.209787000537,0
41,140.481697247446,0,1,1,140.481697247448,0
56,0.0,0,1,0,238.018735369068,0
58,667.719406131824,0,1,1,667.71940613183,0
60,150.097012535319,0,1,1,150.09701253532,0
62,0.0,0,1,0,178.552119800833,0
65,25.7715546646549,0,1,1,25.7715546646617,0
67,113.191059838656,0,1,1,113.191059838665,0
68,0.0,0,1,0,530.395577739468,0
69,509.301592675855,0,1,1,876.532702274936,0
77,13.8721425552649,0,1,1,13.8721425552659,0
81,154.060867846208,0,1,1,154.060867846224,0
83,151.11065432069,0,1,1,151.110654320689,0
85,0.0,0,1,0,436.133237318236,0
86,0.0,0,1,0,427.443742164053,0
87,45.8455234827602,0,1,1,45.845523482759,0
96,0.0,0,1,0,208.870918960368,0
102,0.0,0,1,0,227.001261335825,0
104,31.9381301054561,0,1,1,31.9381301054559,0
105,479.691497101397,0,1,1,479.691497101402,0
107,0.0,0,1,0,348.766378320158,0
110,152.033641730251,0,1,1,152.033641730273,0
117,95.8053731315591,0,1,1,95.8053731315566,0
