cost_model,startup,shutdown,n_coefficients,coeff_n,coeff1,coeff0
2,0,0,3,0.005784060606761,54.2732476484653,1494.16907765879
2,0,0,3,0.0052106228982733,51.9038383210058,144.718768464761
2,0,0,3,0.0065685330227027,53.3986390097704,3540.25197464781
2,0,0,3,0.0078019771718546,28.6092726554326,320.894397376265
2,0,0,3,0.0,0.0,0.0
2,0,0,3,0.0026604122318061,34.8477264561055,2951.62527293467
2,0,0,3,0.0048879816862435,30.6075961865926,3587.07194864507
2,0,0,3,0.0023819048413271,26.2682857177213,252.926544436712
2,0,0,3,0.0,0.0,0.0
2,0,0,3,0.0,0.0,0.0
2,0,0,3,0.0,0.0,0.0
2,0,0,3,0.0,0.0,0.0
2,0,0,3,0.002285371106054,28.0056004495197,346.272185758615
2,0,0,3,0.0042690536037334,44.3105736470068,2404.04855331351
2,0,0,3,0.0,0.0,0.0
2,0,0,3,0.0,0.0,0.0
2,0,0,3,0.0,0.0,0.0
2,0,0,3,0.0,0.0,0.0
2,0,0,3,0.0,0.0,0.0
2,0,0,3,0.0,0.0,0.0
2,0,0,3,0.0021673279101689,46.7015871393804,188.994153483141
2,0,0,3,0.0,0.0,0.0
2,0,0,3,0.0,0.0,0.0
2,0,0,3,0.0,0.0,0.0
2,0,0,3,0.0,0.0,0.0
2,0,0,3,0.0077188357934,47.3802702203672,143.086691215273
2,0,0,3,0.0,0.0,0.0
