bus_number,P_output,Q_output,voltage_mag,gen_status,P_max,P_min
6,942.797622398865,0,1,1,942.79762239889,0
10,0.0,0,1,0,806.061895938576,0
14,0.0,0,1,0,435.212760324495,0
19,47.5489770038308,0,1,1,47.5489770038558,0
20,1527.05611554533,0,1,1,1527.05614113988,0
21,0.0,0,1,0,512.778757024245,0
22,0.0,0,1,0,352.162238591148,0
25,0.0,0,1,0,585.924698193037,0
26,0.0,0,1,0,105.684285562363,0
34,213.285818348554,0,1,1,213.285818348578,0
50,1211.38939599158,0,1,1,1252.53864641386,0
55,68.7398378747376,0,1,1,130.961955799684,0
59,50.6755737754906,0,1,1,50.675573775516,0
60,853.435177125486,0,1,1,853.435177125505,0
76,567.716631078315,0,1,1,567.716631078333,0
78,39.4894223990352,0,1,1,39.4894223990549,0
80,523.247884809612,0,1,1,523.247884809631,0
85,0.0,0,1,0,190.163656656404,0
87,86.9034585034805,0,1,1,86.9034585035058,0
89,0.0,0,1,0,358.870504940822,0
90,250.047029494827,0,1,1,250.047029494842,0
91,35.883699507798,0,1,1,79.1556166361897,0
95,8.045010200151159e-11,0,1,1,10.8187014133447,0
97,1.28338665446521e-10,0,1,1,34.4214317618635,0
98,246.587078603697,0,1,1,318.62983011047,0
109,0.0,0,1,0,167.167493846549,0
112,0.0,0,1,0,189.14601748116,0
