cost_model,startup,shutdown,n_coefficients,coeff_n,coeff1,coeff0
2,0,0,3,0.0,0.0,0.0
2,0,0,3,0.0050898783675253,53.0143505845315,737.615807190706
2,0,0,3,0.0035747427041226,49.4893838957212,111.07419272462
2,0,0,3,0.0,0.0,0.0
2,0,0,3,0.0,0.0,0.0
2,0,0,3,0.0,0.0,0.0
2,0,0,3,0.0,0.0,0.0
2,0,0,3,0.0,0.0,0.0
2,0,0,3,0.0038891925292839,42.4364986315567,247.551394750368
2,0,0,3,0.0,0.0,0.0
2,0,0,3,0.0,0.0,0.0
2,0,0,3,0.0032840988573116,49.2834183505991,1753.17141220154
2,0,0,3,0.0064846075261869,32.8166390153308,3089.29026932332
2,0,0,3,0.0,0.0,0.0
2,0,0,3,0.0026401143521482,23.1578342954336,1242.30343912972
2,0,0,3,0.0,0.0,0.0
2,0,0,3,0.0,0.0,0.0
2,0,0,3,0.0023082136743444,42.6650125761537,488.779393444783
2,0,0,3,0.0,0.0,0.0
2,0,0,3,0.0,0.0,0.0
2,0,0,3,0.0,0.0,0.0
2,0,0,3,0.0059276556469333,30.2899144346495,944.392350298526
2,0,0,3,0.0,0.0,0.0
2,0,0,3,0.0,0.0,0.0
2,0,0,3,0.0049896912697932,54.7254332262367,2554.06162007466
2,0,0,3,0.0049358666512535,50.0550432363773,292.544583091453
2,0,0,3,0.0067673057340902,25.8281553574217,3395.37050196641
2,0,0,3,0.0,0.0,0.0
2,0,0,3,0.0,0.0,0.0
