cost_model,startup,shutdown,n_coefficients,coeff_n,coeff1,coeff0
2,0,0,3,0.0055327658394262,48.3895337543022,1155.59431750571
2,0,0,3,0.0054052945719298,41.6110590469396,706.842450379778
2,0,0,3,0.0,0.0,0.0
2,0,0,3,0.0,0.0,0.0
2,0,0,3,0.0,0.0,0.0
2,0,0,3,0.0,0.0,0.0
2,0,0,3,0.0077023130751263,28.4747376074901,3729.15235994197
2,0,0,3,0.003726716232954,37.2404835356394,2939.06713194684
2,0,0,3,0.0,0.0,0.0
2,0,0,3,0.0,0.0,0.0
2,0,0,3,0.0068683074944062,26.4229866851929,162.517592379912
2,0,0,3,0.0,0.0,0.0
2,0,0,3,0.0,0.0,0.0
2,0,0,3,0.0,0.0,0.0
2,0,0,3,0.0057235814660419,32.6431155923014,556.119862472336
2,0,0,3,0.0,0.0,0.0
2,0,0,3,0.0,0.0,0.0
2,0,0,3,0.0,0.0,0.0
2,0,0,3,0.0036039047747909,28.9243387771121,1652.18943743201
2,0,0,3,0.0050731407744249,36.7460826975806,7.19997081100019
2,0,0,3,0.0040678477666281,41.6040593314167,3767.61816308217
2,0,0,3,0.0,0.0,0.0
2,0,0,3,0.0,0.0,0.0
2,0,0,3,0.0054916427764488,42.4156100820296,525.831490487738
2,0,0,3,0.0,0.0,0.0
2,0,0,3,0.0,0.0,0.0
2,0,0,3,0.0,0.0,0.0
2,0,0,3,0.0045292239857674,45.8922269709209,379.997886372792
