bus_number,P_output,Q_output,voltage_mag,gen_status,P_max,P_min
9,786.465588340046,0,1,1,1347.90807892357,0
11,871.340677118656,0,1,1,1043.49421769761,0
14,922.365091656079,0,1,1,1042.87407092055,0
21,0.0,0,1,0,397.577378535355,0
24,113.284451377705,0,1,1,113.284451377705,0
28,0.0,0,1,0,393.349884483746,0
30,0.0,0,1,0,420.622444771907,0
32,217.764690089347,0,1,1,217.764690089347,0
35,891.062562066862,0,1,1,891.062562066862,0
37,0.0,0,1,0,3.60554337124948,0
38,0.0,0,1,0,597.558345619338,0
40,0.0,0,1,0,403.194297795288,0
44,312.904329085138,0,1,1,312.904329085138,0
51,263.077997518297,0,1,1,263.077997518298,0
55,123.283860927618,0,1,1,123.283860927618,0
58,359.081453693898,0,1,1,359.081453693898,0
64,-5.67157900192899e-17,0,1,1,56.3414971775411,0
67,58.7649106597851,0,1,1,58.7649106597852,0
68,5.1811193106587e-15,0,1,1,70.9924351314914,0
72,341.911813937291,0,1,1,341.911813937291,0
77,539.432744323496,0,1,1,541.085364569174,0
83,53.0395627347347,0,1,1,53.0395627347348,0
88,445.853593420447,0,1,1,445.853593420447,0
92,207.792957088591,0,1,1,207.792957088591,0
100,0.0,0,1,0,159.72309697624,0
102,0.0,0,1,0,558.233589049228,0
106,157.377438423041,0,1,1,207.519799149806,0
