bus_number,P_output,Q_output,voltage_mag,gen_status,P_max,P_min
7,55.0786278403611,0,1,1,55.0786278403938,0
9,341.285274877982,0,1,1,341.285274878013,0
13,1795.10326782863,0,1,1,1853.3920280078,0
14,7.732034659274731e-10,0,1,1,492.262657465647,0
19,182.473062430804,0,1,1,182.47306243084,0
22,53.2248344539084,0,1,1,53.2248344539508,0
31,268.422900643696,0,1,1,268.422900643852,0
33,9.21227901639815e-12,0,1,1,59.7659364423894,0
35,910.348002646088,0,1,1,1151.03438404996,0
37,250.241639441779,0,1,1,250.241639442508,0
40,170.548038625839,0,1,1,170.548038625862,0
41,142.930436606534,0,1,1,142.930436606577,0
42,0.0,0,1,0,141.709191124629,0
48,58.038447832505,0,1,1,58.0384478325374,0
52,0.0,0,1,0,72.7723007154773,0
57,0.0,0,1,0,642.806295447198,0
59,71.2987733176217,0,1,1,526.125863423228,0
60,173.351449702365,0,1,1,173.35144970255,0
62,589.329780033765,0,1,1,954.148552497524,0
63,119.215388515693,0,1,1,119.215388515714,0
64,0.0,0,1,0,770.273197959634,0
66,8.1270706557506,0,1,1,8.12707065578125,0
80,226.369135500137,0,1,1,226.369135500193,0
86,208.239381122941,0,1,1,208.239381122932,0
87,263.166996547466,0,1,1,263.166996547502,0
94,68.9370987356875,0,1,1,68.9370987357151,0
97,217.998229739998,0,1,1,330.454698772304,0
101,77.5294247522755,0,1,1,77.529424752443,0
103,237.036311772402,0,1,1,237.036311772429,0
109,195.307060522957,0,1,1,195.307060523114,0
112,171.32304760047,0,1,1,171.323047600498,0
116,0.0,0,1,0,371.650731138098,0
