bus_number,P_output,Q_output,voltage_mag,gen_status,P_max,P_min
5,556.060007470023,0,1,1,556.060007470023,0
8,449.243152362934,0,1,1,449.243152362934,0
13,176.337691697391,0,1,1,176.337691697575,0
16,73.6746703953814,0,1,1,228.275909060375,0
20,0.0,0,1,0,366.590556747885,0
21,457.786227660346,0,1,1,1348.83270864048,0
22,90.9037136188029,0,1,1,124.531412387928,0
24,97.2586438998135,0,1,1,97.2586438998135,0
28,7.65103630716525,0,1,1,172.98267215608,0
34,171.36468467166,0,1,1,171.36468467166,0
41,433.812590446033,0,1,1,433.812590446033,0
48,1061.56896695762,0,1,1,1061.56896695762,0
50,148.263249799566,0,1,1,148.263249799566,0
53,43.7433538429713,0,1,1,43.7433538429713,0
57,62.7029971440972,0,1,1,62.7029971440972,0
58,0.0,0,1,0,732.076331756906,0
61,310.716095204226,0,1,1,310.716095204226,0
65,932.187944304436,0,1,1,932.187944304437,0
74,367.250980833307,0,1,1,367.250980833307,0
81,305.592233532478,0,1,1,305.592233532478,0
92,0.0,0,1,0,299.791473486347,0
93,896.938252656037,0,1,1,935.135761079405,0
98,19.7532106203252,0,1,1,19.7532106203252,0
102,2.07020776080237e-13,0,1,1,115.972837708152,0
104,8.346660578990471e-14,0,1,1,496.044993901387,0
110,0.0,0,1,0,567.20438369343,0
116,75.0506685647139,0,1,1,108.607383366364,0
