bus_number,P_output,Q_output,voltage_mag,gen_status,P_max,P_min
4,520.30756138699,0,1,1,520.307561386991,0
10,523.559895744265,0,1,1,523.55989574428,0
12,129.3249013555,0,1,1,129.324901355501,0
17,112.407396735455,0,1,1,112.407396735456,0
20,505.279849305183,0,1,1,505.279849305183,0
29,2.81143729683104e-12,0,1,1,477.593776604794,0
35,421.083920222738,0,1,1,421.083920222739,0
36,1.66014933852315,0,1,1,1.66014933869643,0
37,1737.36071665965,0,1,1,2264.60855182508,0
38,20.583357712352,0,1,1,307.661590129317,0
40,0.0,0,1,0,885.464336625896,0
42,77.1328682372986,0,1,1,77.1328682372991,0
43,576.745972222625,0,1,1,601.752419402608,0
52,1.8500374349595398e-11,0,1,1,110.985749211082,0
58,133.748884266091,0,1,1,407.295116689551,0
65,0.0,0,1,0,383.400710722569,0
67,437.143963631558,0,1,1,437.143963631559,0
73,94.9193031186443,0,1,1,94.9193031186448,0
89,0.0,0,1,0,158.46430868601,0
93,0.0,0,1,0,810.035596122391,0
101,41.2321385181854,0,1,1,41.2321385181859,0
104,99.4688020216817,0,1,1,99.468802021682,0
107,596.606908896535,0,1,1,596.606908896535,0
108,89.0064653211058,0,1,1,89.0064653211135,0
112,267.950099543322,0,1,1,267.950099543334,0
114,255.016568973006,0,1,1,283.291848125018,0
117,24.2639992502804,0,1,1,24.2639992502819,0
