bus_number,P_output,Q_output,voltage_mag,gen_status,P_max,P_min
4,0.0,0,1,0,298.877985804121,0
13,568.537233009198,0,1,1,568.537233009204,0
19,79.0699381610672,0,1,1,79.0699381610821,0
20,40.2028375703518,0,1,1,40.2028375703562,0
21,1840.24962767121,0,1,1,1889.44006375621,0
25,371.59846587896,0,1,1,371.598465878977,0
26,156.688390429552,0,1,1,407.374258780045,0
28,0.0,0,1,0,323.420244672292,0
31,96.6490321371579,0,1,1,96.6490321371625,0
34,243.463700809806,0,1,1,243.463700809812,0
35,984.570765781935,0,1,1,1229.44946247192,0
37,0.0,0,1,0,1034.74067115882,0
47,80.0839162787443,0,1,1,80.0839162787591,0
50,252.741999421974,0,1,1,252.741999421979,0
57,0.0,0,1,0,289.67659014267,0
59,299.604741945828,0,1,1,299.604741945833,0
70,538.664741722391,0,1,1,538.664741722397,0
71,26.6939701388153,0,1,1,26.6939701388215,0
75,0.0,0,1,0,692.990159467329,0
76,0.0,0,1,0,188.634505369426,0
78,97.9496978432534,0,1,1,97.9496978432604,0
83,624.478252360003,0,1,1,624.478252360042,0
98,29.4928086055527,0,1,1,105.018621792761,0
99,0.0,0,1,0,230.070108668968,0
101,83.7276458159124,0,1,1,83.7276458159147,0
107,492.847299279996,0,1,1,492.847299279996,0
113,45.8960823136345,0,1,1,45.8960823136399,0
