cost_model,startup,shutdown,n_coefficients,coeff_n,coeff1,coeff0
2,0,0,3,0.0068758793429993,41.8801708215119,3652.51900245934
2,0,0,3,0.0,0.0,0.0
2,0,0,3,0.0070102203153564,33.5135082912056,3852.64590913387
2,0,0,3,0.004425127798223,47.9485225941702,558.172777408896
2,0,0,3,0.0064364995626704,29.0875082527635,2130.58776557899
2,0,0,3,0.0,0.0,0.0
2,0,0,3,0.0,0.0,0.0
2,0,0,3,0.0,0.0,0.0
2,0,0,3,0.0033999628553047,31.4998901509439,144.425763719888
2,0,0,3,0.0,0.0,0.0
2,0,0,3,0.0,0.0,0.0
2,0,0,3,0.0,0.0,0.0
2,0,0,3,0.0,0.0,0.0
2,0,0,3,0.0032622533407288,56.5647149076914,2265.23283107583
2,0,0,3,0.0,0.0,0.0
2,0,0,3,0.0,0.0,0.0
2,0,0,3,0.0043865445804198,56.0513251020677,540.73544609775
2,0,0,3,0.0,0.0,0.0
2,0,0,3,0.0,0.0,0.0
2,0,0,3,0.0,0.0,0.0
2,0,0,3,0.0,0.0,0.0
2,0,0,3,0.0,0.0,0.0
2,0,0,3,0.0,0.0,0.0
2,0,0,3,0.0076830131636277,40.0576284821206,367.703816303865
2,0,0,3,0.0066771194746163,51.8098829269039,233.75969565355
2,0,0,3,0.0046895743023159,52.3128608009439,1028.09751497848
2,0,0,3,0.0,0.0,0.0
2,0,0,3,0.0,0.0,0.0
2,0,0,3,0.0065852213368954,41.8804581172535,206.091569578437
