bus_number,P_output,Q_output,voltage_mag,gen_status,P_max,P_min
2,449.686904045898,0,1,1,449.686904045953,0
14,1408.16634640675,0,1,1,1625.01229234884,0
22,97.548030650002,0,1,1,199.49923502518,0
25,0.0,0,1,0,890.115065209765,0
26,176.144538791138,0,1,1,176.144538791139,0
32,1320.38836647961,0,1,1,1320.38836647961,0
41,58.8285762017936,0,1,1,58.828576201796,0
48,347.716134924203,0,1,1,347.716134924209,0
50,1106.72873057591,0,1,1,1106.72873057592,0
51,14.1331119599877,0,1,1,14.1331119599926,0
54,519.82874485636,0,1,1,519.828744856364,0
58,63.0488210046354,0,1,1,208.679763430241,0
60,0.0126679033362507,0,1,1,0.0126679037730067,0
64,0.0,0,1,0,301.64110829359,0
70,0.0,0,1,0,313.861795582992,0
71,6.56790227284267,0,1,1,6.56790227286808,0
72,59.776893017299,0,1,1,59.7768930173643,0
82,635.417646295667,0,1,1,635.417646295699,0
84,139.438859615364,0,1,1,176.900340378507,0
89,0.0,0,1,0,49.6588699831738,0
93,0.0,0,1,0,229.374878705498,0
97,30.7930221825998,0,1,1,30.7930221826129,0
100,0.0,0,1,0,627.729140025454,0
101,0.0,0,1,0,801.901354760051,0
106,0.0,0,1,0,250.926718243572,0
110,139.9032288038,0,1,1,139.903228803814,0
111,90.6751964738219,0,1,1,90.6751964738239,0
