bus_number,P_output,Q_output,voltage_mag,gen_status,P_max,P_min
2,0.0,0,1,0,194.285420460328,0
12,0.0,0,1,0,279.617587116936,0
13,1163.40914797344,0,1,1,1163.40914797344,0
15,182.487648982663,0,1,1,182.487648982667,0
24,68.5995433055919,0,1,1,68.5995433055919,0
33,1062.38918578861,0,1,1,1334.71030015222,0
47,3.95239045110067e-16,0,1,1,69.1635663169324,0
50,50.7926302048111,0,1,1,50.7926302048111,0
58,0.0,0,1,0,437.458957632144,0
59,193.87071437167,0,1,1,193.87071437167,0
62,828.023916739705,0,1,1,1217.097967975,0
64,186.468814617542,0,1,1,186.468814617542,0
69,1168.41592802158,0,1,1,1168.41592802158,0
70,0.0,0,1,0,227.620005419561,0
74,0.0,0,1,0,884.0056789867,0
75,0.0,0,1,0,879.363505455257,0
81,0.0,0,1,0,288.313014811615,0
82,36.4872207081192,0,1,1,36.4872207081192,0
84,264.856440020956,0,1,1,264.856440020956,0
92,32.9417003702528,0,1,1,32.9417003702528,0
96,481.292170893916,0,1,1,481.292170893916,0
101,45.1102357170682,0,1,1,45.1102357170682,0
107,0.0,0,1,0,339.216392859627,0
111,435.666872643465,0,1,1,435.666872643465,0
112,170.650761754399,0,1,1,170.650761754399,0
