cost_model,startup,shutdown,n_coefficients,coeff_n,coeff1,coeff0
2,0,0,3,0.0054230923999727,24.1391673733924,824.569243675722
2,0,0,3,0.006903712493018,41.8731661981461,3582.97686267039
2,0,0,3,0.0,0.0,0.0
2,0,0,3,0.0,0.0,0.0
2,0,0,3,0.0062787117623573,46.6124928757385,419.645097886799
2,0,0,3,0.0,0.0,0.0
2,0,0,3,0.0055730700302671,53.4021911946268,103.823035716631
2,0,0,3,0.0,0.0,0.0
2,0,0,3,0.0,0.0,0.0
2,0,0,3,0.0,0.0,0.0
2,0,0,3,0.0,0.0,0.0
2,0,0,3,0.0,0.0,0.0
2,0,0,3,0.0,0.0,0.0
2,0,0,3,0.0,0.0,0.0
2,0,0,3,0.0,0.0,0.0
2,0,0,3,0.0,0.0,0.0
2,0,0,3,0.0,0.0,0.0
2,0,0,3,0.0071489834544445,30.0325664514706,467.818059084972
2,0,0,3,0.0,0.0,0.0
2,0,0,3,0.0065471556793949,28.574179356886,3374.70463007525
2,0,0,3,0.0035971609623685,46.2291640920688,40.7566636477049
2,0,0,3,0.0050394159179044,25.5407226888227,96.3839464604096
2,0,0,3,0.0,0.0,0.0
2,0,0,3,0.0038044141559408,37.3414892241303,333.639506350368
2,0,0,3,0.0,0.0,0.0
2,0,0,3,0.0051257492407115,55.6930849767882,264.115880859402
2,0,0,3,0.0059514551424023,41.1747327401696,63.0715550849938
