bus_number,P_output,Q_output,voltage_mag,gen_status,P_max,P_min
3,14.310558736301,0,1,1,14.310558736301,0
7,186.897505754303,0,1,1,186.897505754303,0
8,1152.19814516739,0,1,1,1152.19814516739,0
10,173.254776913185,0,1,1,173.254776913185,0
23,0.0,0,1,0,348.055231532555,0
26,598.253439485678,0,1,1,1014.32358709279,0
27,0.0,0,1,0,333.609241136031,0
30,0.0,0,1,0,381.19674327299,0
34,202.360975296547,0,1,1,202.360975296547,0
43,727.46461852386,0,1,1,727.46461852386,0
45,780.795176813207,0,1,1,780.795176813207,0
46,0.0,0,1,0,571.832836136401,0
48,0.0,0,1,0,233.285233515655,0
51,0.0,0,1,0,283.222458114093,0
59,0.0,0,1,0,40.2935180966648,0
64,0.0,0,1,0,96.528633990247,0
66,363.934891952787,0,1,1,363.934891952787,0
67,644.499536621172,0,1,1,644.499536621172,0
70,603.593737246185,0,1,1,603.593737246185,0
73,247.271705469555,0,1,1,283.070942493977,0
74,119.436354800048,0,1,1,274.016226875246,0
75,129.92757772571,0,1,1,129.92757772571,0
80,35.9776348978255,0,1,1,35.9776348978255,0
88,0.0,0,1,0,56.4017226291841,0
92,31.6311343681928,0,1,1,31.6311343681928,0
93,0.0,0,1,0,494.750039182466,0
97,268.270805054834,0,1,1,268.270805054834,0
103,44.5704548972541,0,1,1,44.5704548972541,0
110,83.5137850714736,0,1,1,603.2980235708,0
111,244.073686399081,0,1,1,245.763037897523,0
114,12.5672212664225,0,1,1,12.5672212664225,0
