cost_model,startup,shutdown,n_coefficients,coeff_n,coeff1,coeff0
2,0,0,3,0.0062017425920041,37.790931066726,2782.37603831875
2,0,0,3,0.0,0.0,0.0
2,0,0,3,0.0,0.0,0.0
2,0,0,3,0.0054030970860127,47.6136094010983,1836.01940424791
2,0,0,3,0.0,0.0,0.0
2,0,0,3,0.0060544012054884,52.6895972396242,516.076778034356
2,0,0,3,0.0,0.0,0.0
2,0,0,3,0.0,0.0,0.0
2,0,0,3,0.0,0.0,0.0
2,0,0,3,0.006677770209281,29.085400359498,295.36414971819
2,0,0,3,0.0,0.0,0.0
2,0,0,3,0.0,0.0,0.0
2,0,0,3,0.0,0.0,0.0
2,0,0,3,0.0,0.0,0.0
2,0,0,3,0.002100136145291,56.055482191517,332.3070515468
2,0,0,3,0.0,0.0,0.0
2,0,0,3,0.0034827127176355,53.8740907205873,2064.6749601049
2,0,0,3,0.0033282903153123,43.2506317855296,1482.77961151911
2,0,0,3,0.0,0.0,0.0
2,0,0,3,0.0,0.0,0.0
2,0,0,3,0.0065266835547092,26.5237395076358,148.477310773381
2,0,0,3,0.0071783080357425,30.6697769947823,520.551346354892
2,0,0,3,0.0,0.0,0.0
2,0,0,3,0.0,0.0,0.0
2,0,0,3,0.0055201797529136,55.9061554599093,2344.39771287442
2,0,0,3,0.00391519886003,54.1258959937282,2318.25022371779
2,0,0,3,0.0,0.0,0.0
2,0,0,3,0.0,0.0,0.0
2,0,0,3,0.0,0.0,0.0
