bus_number,P_output,Q_output,voltage_mag,gen_status,P_max,P_min
4,0.0,0,1,0,384.331662823714,0
14,529.834562100639,0,1,1,898.296673519176,0
15,892.172935418274,0,1,1,892.172935418274,0
16,71.9037680130218,0,1,1,71.9037680130218,0
17,0.0,0,1,0,250.027490318447,0
18,47.9174109296588,0,1,1,47.9174109296588,0
22,6.16858848874114,0,1,1,6.16858848874114,0
26,0.0,0,1,0,310.85799503132,0
31,376.560549295618,0,1,1,376.560549295618,0
34,885.483307683902,0,1,1,885.483307683902,0
40,0.0,0,1,0,298.477356648561,0
42,146.758518694959,0,1,1,146.758518694959,0
46,131.382398119154,0,1,1,131.382398119154,0
47,0.0,0,1,0,295.912722142737,0
49,612.772488912435,0,1,1,612.772488912435,0
50,771.769635034487,0,1,1,771.769635034487,0
54,0.0,0,1,0,499.420462832947,0
58,23.3740979891197,0,1,1,23.3740979891197,0
65,141.631908014486,0,1,1,141.631908014486,0
66,430.443207578269,0,1,1,430.443207578269,0
68,0.0,0,1,0,300.37602681096,0
71,0.0,0,1,0,68.5469691210515,0
77,37.6023756876098,0,1,1,37.6023756876098,0
79,248.980994599043,0,1,1,248.980994599043,0
82,530.613990329802,0,1,1,574.202767664205,0
95,620.209239929973,0,1,1,620.209239929973,0
96,105.984945691097,0,1,1,105.984945691097,0
97,23.4209038274471,0,1,1,23.4209038274471,0
99,6.84238041754713,0,1,1,228.049891050467,0
108,22.975515705738,0,1,1,22.975515705738,0
116,0.0,0,1,0,276.735516029165,0
