bus_number,P_output,Q_output,voltage_mag,gen_status,P_max,P_min
2,0.0,0,1,0,250.457156865882,0
8,1826.9918512565,0,1,1,2155.82120750148,0
9,180.979214747747,0,1,1,180.979214747744,0
13,272.981331012766,0,1,1,415.086511182045,0
17,1238.86426139053,0,1,1,1238.86426139054,0
20,0.0,0,1,0,825.965769797348,0
29,84.6656168961739,0,1,1,84.6656168961711,0
32,7.1697226034762,0,1,1,7.16972260425932,0
34,0.0,0,1,0,663.121259222651,0
39,111.225486529895,0,1,1,111.225486529893,0
40,90.7133458483881,0,1,1,90.7133458483874,0
43,117.179754548659,0,1,1,117.179754548658,0
45,0.0,0,1,0,180.380080860624,0
47,0.0,0,1,0,309.820188530909,0
49,0.0,0,1,0,161.025345148313,0
52,0.0,0,1,0,361.73345617917,0
59,598.336762607306,0,1,1,598.336762607306,0
62,444.524873021557,0,1,1,444.524873021556,0
67,0.0,0,1,0,415.573994676419,0
69,0.0,0,1,0,313.599464884523,0
74,181.853091012615,0,1,1,181.853091012612,0
75,623.084415868184,0,1,1,623.084415868185,0
77,153.82295278655,0,1,1,153.822952786547,0
82,0.0,0,1,0,265.133019705899,0
86,0.0,0,1,0,120.193850012411,0
92,133.983096221255,0,1,1,133.983096221253,0
93,91.1027040211112,0,1,1,91.102704021108,0
99,50.5291068317535,0,1,1,50.529106831753,0
108,137.549557851938,0,1,1,137.54955785194,0
117,22.3711003750728,0,1,1,22.3711003750807,0
118,18.6303268877618,0,1,1,18.6303268877734,0
