cost_model,startup,shutdown,n_coefficients,coeff_n,coeff1,coeff0
2,0,0,3,0.0,0.0,0.0
2,0,0,3,0.0075814151043847,36.2895463040414,103.869806169322
2,0,0,3,0.0063556056517876,55.4998727668631,1001.04905827037
2,0,0,3,0.0,0.0,0.0
2,0,0,3,0.005011720003342,55.8158362730275,3596.33583863467
2,0,0,3,0.0,0.0,0.0
2,0,0,3,0.0039317303072288,40.7646979309839,562.799162176696
2,0,0,3,0.0,0.0,0.0
2,0,0,3,0.0,0.0,0.0
2,0,0,3,0.0064506527163956,46.9925016602834,196.554013363536
2,0,0,3,0.0,0.0,0.0
2,0,0,3,0.0,0.0,0.0
2,0,0,3,0.0,0.0,0.0
2,0,0,3,0.0,0.0,0.0
2,0,0,3,0.0,0.0,0.0
2,0,0,3,0.002846112286328,25.0889325847292,2695.08010403663
2,0,0,3,0.0,0.0,0.0
2,0,0,3,0.0,0.0,0.0
2,0,0,3,0.0057990112895637,36.7373726353157,3577.0875324445
2,0,0,3,0.0,0.0,0.0
2,0,0,3,0.0,0.0,0.0
2,0,0,3,0.0055583732022972,46.8864172857405,153.724881746434
2,0,0,3,0.0,0.0,0.0
2,0,0,3,0.0061176280752452,30.1180989616059,1089.67480337537
2,0,0,3,0.0075111102283757,53.2857528204172,551.217186770112
2,0,0,3,0.0052324517272493,31.1342094460862,98.025220128195
2,0,0,3,0.0,0.0,0.0
