bus_number,P_output,Q_output,voltage_mag,gen_status,P_max,P_min
1,1427.61506344779,0,1,1,1813.55019033501,0
6,98.2371858213869,0,1,1,98.2371858213869,0
16,-1.50632315413991e-13,0,1,1,144.912936606675,0
20,99.4520865077803,0,1,1,99.4520865077803,0
24,804.285157157292,0,1,1,804.285157157295,0
33,6.98205414457716,0,1,1,6.98205414457716,0
39,0.0,0,1,0,761.079010786042,0
40,501.670489864748,0,1,1,501.670489864748,0
43,639.66401330998,0,1,1,639.66401330998,0
46,0.0,0,1,0,639.898315671137,0
53,63.728474522077,0,1,1,344.592935405275,0
54,57.8110016409058,0,1,1,57.8110016409057,0
57,16.5020210861893,0,1,1,16.5020210861893,0
59,609.301716580424,0,1,1,609.301716580424,0
60,493.634703863882,0,1,1,695.741503725759,0
69,77.6106286602611,0,1,1,245.74579734447,0
71,82.0955372636468,0,1,1,82.0955372636468,0
74,31.1076239949999,0,1,1,31.1076239950004,0
79,22.8371535148266,0,1,1,189.274438165035,0
83,581.230920617822,0,1,1,581.230920617823,0
89,10.6870458441684,0,1,1,10.6870458441685,0
91,113.779827817145,0,1,1,113.779827817145,0
94,0.0,0,1,0,1217.7294002802,0
101,702.484209706443,0,1,1,702.484209706443,0
107,12.89946155818,0,1,1,12.89946155818,0
109,122.712201395897,0,1,1,122.712201395897,0
116,88.4751441406169,0,1,1,88.4751441406169,0
