cost_model,startup,shutdown,n_coefficients,coeff_n,coeff1,coeff0
2,0,0,3,0.0079520940614946,32.8928108242101,1406.7122715484
2,0,0,3,0.0031280746405961,45.8806003113608,2602.27627010291
2,0,0,3,0.0067217195966785,39.3516561786533,244.581790981364
2,0,0,3,0.0,0.0,0.0
2,0,0,3,0.0,0.0,0.0
2,0,0,3,0.0,0.0,0.0
2,0,0,3,0.0053020111989008,48.3466680347127,996.851008137691
2,0,0,3,0.0045347343287116,52.0871753114766,417.225850740438
2,0,0,3,0.0,0.0,0.0
2,0,0,3,0.0,0.0,0.0
2,0,0,3,0.0,0.0,0.0
2,0,0,3,0.0,0.0,0.0
2,0,0,3,0.0,0.0,0.0
2,0,0,3,0.0,0.0,0.0
2,0,0,3,0.0055478025163044,41.2034552719175,418.941684418458
2,0,0,3,0.0,0.0,0.0
2,0,0,3,0.0041104863867633,42.7969784746558,2604.41598698183
2,0,0,3,0.006414567514896,30.4592038314678,253.841865853442
2,0,0,3,0.0059736334131302,42.6043881024501,460.198660272467
2,0,0,3,0.0,0.0,0.0
2,0,0,3,0.0,0.0,0.0
2,0,0,3,0.0,0.0,0.0
2,0,0,3,0.0,0.0,0.0
2,0,0,3,0.0066883022372913,28.1477572503507,110.137092575918
2,0,0,3,0.0,0.0,0.0
2,0,0,3,0.0042769988546004,30.7991874580705,2982.34279591928
2,0,0,3,0.0,0.0,0.0
