cost_model,startup,shutdown,n_coefficients,coeff_n,coeff1,coeff0
2,0,0,3,0.007683546126107,23.184661870846,3683.94632691913
2,0,0,3,0.0,0.0,0.0
2,0,0,3,0.0,0.0,0.0
2,0,0,3,0.0046693703406074,25.2279841259599,3056.26668640299
2,0,0,3,0.0,0.0,0.0
2,0,0,3,0.0043409658057734,46.1541907951272,380.496615203449
2,0,0,3,0.0021174432274746,52.8904319474193,597.614847757211
2,0,0,3,0.0059675258590535,26.3095836341118,1830.90004635515
2,0,0,3,0.0,0.0,0.0
2,0,0,3,0.0,0.0,0.0
2,0,0,3,0.0,0.0,0.0
2,0,0,3,0.0,0.0,0.0
2,0,0,3,0.0047258097201766,27.8064382146017,3.82445281887087
2,0,0,3,0.0037643549501922,27.2040407175294,496.959068994217
2,0,0,3,0.0,0.0,0.0
2,0,0,3,0.0038193903957221,28.5828598850816,1963.28707934351
2,0,0,3,0.0,0.0,0.0
2,0,0,3,0.0057007440187525,48.5956156728744,51.4568633463572
2,0,0,3,0.0,0.0,0.0
2,0,0,3,0.0,0.0,0.0
2,0,0,3,0.0,0.0,0.0
2,0,0,3,0.0,0.0,0.0
2,0,0,3,0.0,0.0,0.0
2,0,0,3,0.0043421195399325,56.3495493342155,1857.04361878743
2,0,0,3,0.0,0.0,0.0
2,0,0,3,0.0,0.0,0.0
2,0,0,3,0.006425348622736,31.0801132527318,264.568735651545
2,0,0,3,0.0,0.0,0.0
2,0,0,3,0.0036827329433669,51.1639857343792,374.122096376067
2,0,0,3,0.0,0.0,0.0
