bus_number,P_output,Q_output,voltage_mag,gen_status,P_max,P_min
3,0.0,0,1,0,265.724535812027,0
6,396.883685177518,0,1,1,396.883685178277,0
15,0.0,0,1,0,590.865222759869,0
18,0.0,0,1,0,974.39915763452,0
23,0.0,0,1,0,507.296919263097,0
26,0.0,0,1,0,420.729729515767,0
30,154.909281196111,0,1,1,154.909281196714,0
31,396.889586794301,0,1,1,444.833392904802,0
36,0.0,0,1,0,357.007643821731,0
42,94.1241877465884,0,1,1,94.1241877445257,0
45,111.952407639657,0,1,1,111.952407643488,0
49,407.002610601893,0,1,1,489.11721027899,0
58,452.969400994718,0,1,1,452.969400995816,0
59,1602.78132810289,0,1,1,1766.57322934842,0
60,0.0,0,1,0,212.666914489101,0
62,476.611712375421,0,1,1,476.611712377028,0
63,453.397811414236,0,1,1,453.397811415052,0
64,80.2422854726933,0,1,1,80.2422854716415,0
65,1025.1382985087,0,1,1,1025.13829850986,0
69,0.0,0,1,0,274.064557471123,0
72,155.81891611371,0,1,1,155.818916113944,0
75,26.7630785735228,0,1,1,26.7630785713759,0
88,42.4258074834293,0,1,1,42.425807482792,0
102,0.0,0,1,0,434.603006616848,0
103,158.595094263093,0,1,1,158.595094262436,0
111,37.9714579428519,0,1,1,37.9714579418981,0
112,47.2158663654959,0,1,1,47.215866364529,0
113,179.001415586367,0,1,1,179.001415586136,0
