bus_number,P_output,Q_output,voltage_mag,gen_status,P_max,P_min
4,39.8172036715242,0,1,1,39.8172036715233,0
5,276.580177741074,0,1,1,454.135407924564,0
12,171.594949735949,0,1,1,593.429986563526,0
16,162.504057410291,0,1,1,162.50405741029,0
20,79.2214878222106,0,1,1,79.2214878222093,0
21,70.4437149889006,0,1,1,70.4437149888993,0
28,1175.29177079798,0,1,1,1413.82390086352,0
31,1109.81186518726,0,1,1,1109.81186518726,0
32,6.32513928962028,0,1,1,6.32513928962155,0
40,476.185184128661,0,1,1,476.185184128661,0
43,604.051734176451,0,1,1,604.051734176451,0
46,0.0,0,1,0,224.869443507271,0
54,384.034053098036,0,1,1,384.034053098036,0
62,0.0,0,1,0,282.498804582803,0
64,0.0,0,1,0,240.263604085797,0
65,0.0,0,1,0,332.903012156538,0
68,274.232471860312,0,1,1,274.232471860308,0
69,45.861512169868,0,1,1,45.8615121698696,0
73,0.0,0,1,0,645.281820437053,0
75,0.0,0,1,0,712.209852224643,0
77,21.4792334802923,0,1,1,21.4792334802899,0
82,643.485437594112,0,1,1,643.485437594127,0
88,137.110955915945,0,1,1,137.110955915945,0
91,45.4734995765582,0,1,1,45.4734995765593,0
92,53.7996669348402,0,1,1,53.7996669348324,0
102,0.0,0,1,0,331.331661066199,0
106,299.489230779153,0,1,1,299.489230779153,0
108,52.4910052396154,0,1,1,52.4910052396142,0
113,413.486773639391,0,1,1,547.133232082784,0
114,122.032597222972,0,1,1,122.03259722297,0
118,0.0,0,1,0,226.171450730481,0
