cost_model,startup,shutdown,n_coefficients,coeff_n,coeff1,coeff0
2,0,0,3,0.0022944002484432,26.4091080100525,673.215643631286
2,0,0,3,0.0023228392635353,47.0520474226675,13.2846373787031
2,0,0,3,0.0,0.0,0.0
2,0,0,3,0.0,0.0,0.0
2,0,0,3,0.0,0.0,0.0
2,0,0,3,0.0064525827866145,38.8949416383621,3291.71102890622
2,0,0,3,0.0,0.0,0.0
2,0,0,3,0.0079641305273715,47.0799276824278,11.3809677978032
2,0,0,3,0.0075280149401478,55.8828998112886,598.209351216798
2,0,0,3,0.0,0.0,0.0
2,0,0,3,0.0074748574035445,30.6051182295638,378.523259200005
2,0,0,3,0.0,0.0,0.0
2,0,0,3,0.0072297542745953,38.0261368534102,81.7069262258899
2,0,0,3,0.0,0.0,0.0
2,0,0,3,0.0030401709414541,43.0666507871707,502.443429030646
2,0,0,3,0.0,0.0,0.0
2,0,0,3,0.0,0.0,0.0
2,0,0,3,0.0,0.0,0.0
2,0,0,3,0.0059707117131937,48.8762949278015,2416.45832569744
2,0,0,3,0.0077789660053206,45.3672346057585,3123.16491051553
2,0,0,3,0.0050714626910401,26.5892176817821,3295.90120262475
2,0,0,3,0.0,0.0,0.0
2,0,0,3,0.0,0.0,0.0
2,0,0,3,0.0,0.0,0.0
2,0,0,3,0.0,0.0,0.0
2,0,0,3,0.0,0.0,0.0
2,0,0,3,0.0,0.0,0.0
