bus_number,P_output,Q_output,voltage_mag,gen_status,P_max,P_min
3,0.0,0,1,0,77.0963480797597,0
4,916.52191883334,0,1,1,1530.49526524115,0
6,937.307353444909,0,1,1,1174.76805054502,0
7,343.415322134537,0,1,1,343.41532213681,0
20,84.8685290987011,0,1,1,277.313067702464,0
23,-7.290868083162289e-11,0,1,1,46.7152528466243,0
24,388.942777468077,0,1,1,388.942777468056,0
43,157.747935806177,0,1,1,198.212053779708,0
51,321.155092212639,0,1,1,373.11619554077,0
57,0.0,0,1,0,84.0494721005903,0
58,535.485143161556,0,1,1,535.485143161545,0
59,342.568629949864,0,1,1,501.102042980061,0
60,120.188473600387,0,1,1,234.835803470965,0
65,307.428665149442,0,1,1,307.428665149403,0
66,0.0,0,1,0,697.313056576596,0
70,102.240183712681,0,1,1,199.181768210113,0
72,185.121295145103,0,1,1,185.12129514498,0
73,278.804873629329,0,1,1,278.804873629256,0
74,237.058518195222,0,1,1,289.546416369131,0
76,317.752345578229,0,1,1,317.75234557822,0
79,8.45351971251028,0,1,1,8.45351971231757,0
89,175.289091141237,0,1,1,175.289091140949,0
90,126.828013222547,0,1,1,126.828013222237,0
95,5.98522612085222,0,1,1,5.98522612057283,0
96,328.938191064201,0,1,1,328.93819106405,0
102,143.984597416539,0,1,1,143.984597416192,0
105,154.445215617734,0,1,1,154.445215617547,0
107,115.897260444504,0,1,1,115.897260444513,0
111,0.0,0,1,0,586.121761911957,0
113,0.0,0,1,0,535.120655506968,0
117,1.18279690320928e-08,0,1,1,60.7400035224854,0
118,28.3755505885864,0,1,1,28.3755505884779,0
