cost_model,startup,shutdown,n_coefficients,coeff_n,coeff1,coeff0
2,0,0,3,0.0073039009368702,35.3775337358343,2650.02733205559
2,0,0,3,0.0064479025313072,55.6770416893753,2968.00928776748
2,0,0,3,0.0,0.0,0.0
2,0,0,3,0.0,0.0,0.0
2,0,0,3,0.0069058863676834,44.9459239838646,255.304067363528
2,0,0,3,0.0,0.0,0.0
2,0,0,3,0.0074142227366946,43.5954642053341,1045.31998885306
2,0,0,3,0.0,0.0,0.0
2,0,0,3,0.0,0.0,0.0
2,0,0,3,0.0,0.0,0.0
2,0,0,3,0.0,0.0,0.0
2,0,0,3,0.0,0.0,0.0
2,0,0,3,0.0,0.0,0.0
2,0,0,3,0.0024460414641815,44.5219505769756,213.507350134203
2,0,0,3,0.0,0.0,0.0
2,0,0,3,0.0,0.0,0.0
2,0,0,3,0.0,0.0,0.0
2,0,0,3,0.0052115554786223,45.8696731388762,377.506807475815
2,0,0,3,0.0036761280394982,31.6162205923408,3413.45354841316
2,0,0,3,0.0042602130770944,37.5013712743029,2486.855015982
2,0,0,3,0.0066877474391517,30.8135823583942,566.159277413163
2,0,0,3,0.0076838986373019,39.7343563382816,3218.59937703146
2,0,0,3,0.0,0.0,0.0
2,0,0,3,0.0,0.0,0.0
2,0,0,3,0.0,0.0,0.0
2,0,0,3,0.005148597472431,37.9289690541632,35.9419883782568
2,0,0,3,0.0,0.0,0.0
