bus_number,P_output,Q_output,voltage_mag,gen_status,P_max,P_min
6,185.49669925103,0,1,1,185.496699251031,0
12,1002.61971027742,0,1,1,1365.66541006731,0
13,0.0,0,1,0,552.112261236157,0
15,0.0,0,1,0,497.808643440985,0
19,177.669537504356,0,1,1,177.669537504357,0
31,1157.97321374952,0,1,1,1157.97321374952,0
35,813.679438635436,0,1,1,813.679438635437,0
39,416.298080841472,0,1,1,416.298080841473,0
47,1035.69466308361,0,1,1,1035.69466308362,0
56,110.815770294039,0,1,1,110.815770294041,0
66,0.0,0,1,0,313.99786740879,0
67,1011.80865148897,0,1,1,1011.80865148897,0
68,75.5049003112759,0,1,1,75.5049003112771,0
70,0.0,0,1,0,242.322135386366,0
71,119.486149737469,0,1,1,119.486149737471,0
89,34.9692479162686,0,1,1,139.470421408264,0
93,0.0,0,1,0,678.308345390722,0
94,134.026535707674,0,1,1,134.026535707675,0
95,0.0,0,1,0,595.422490867544,0
97,112.120031301026,0,1,1,118.488100703381,0
101,133.047103277057,0,1,1,155.50892236294,0
102,54.6871764746881,0,1,1,71.182813794259,0
105,0.0,0,1,0,574.254361490508,0
108,23.4240910091601,0,1,1,23.4240910091613,0
113,11.1068586923279,0,1,1,11.106858692329,0
114,54.3758629082133,0,1,1,54.3758629082145,0
