cost_model,startup,shutdown,n_coefficients,coeff_n,coeff1,coeff0
2,0,0,3,0.0044362155035708,49.1509872590149,585.679967960931
2,0,0,3,0.0,0.0,0.0
2,0,0,3,0.0022528305490102,48.4250820095575,3553.00798974311
2,0,0,3,0.0,0.0,0.0
2,0,0,3,0.0078238632287497,34.0568856311221,2056.00929573989
2,0,0,3,0.0,0.0,0.0
2,0,0,3,0.0,0.0,0.0
2,0,0,3,0.0,0.0,0.0
2,0,0,3,0.0,0.0,0.0
2,0,0,3,0.0,0.0,0.0
2,0,0,3,0.0053058141477723,44.1922492470726,3849.87303030648
2,0,0,3,0.0,0.0,0.0
2,0,0,3,0.0,0.0,0.0
2,0,0,3,0.0037478845455177,56.0811693778214,498.814493208406
2,0,0,3,0.0064377130936726,34.7040758424952,2585.48260924044
2,0,0,3,0.0,0.0,0.0
2,0,0,3,0.0042064417103159,29.8812859308747,1266.47930771191
2,0,0,3,0.0,0.0,0.0
2,0,0,3,0.0,0.0,0.0
2,0,0,3,0.0,0.0,0.0
2,0,0,3,0.0,0.0,0.0
2,0,0,3,0.0054132940345979,46.8388160725687,234.198493883887
2,0,0,3,0.0067471216676708,51.2468308991093,474.785910227172
2,0,0,3,0.0,0.0,0.0
