bus_number,P_output,Q_output,voltage_mag,gen_status,P_max,P_min
4,0.0,0,1,0,572.791846603135,0
5,259.798811698121,0,1,1,360.190148135731,0
6,172.256777724964,0,1,1,626.840103364249,0
10,380.64049844294,0,1,1,380.64049844294,0
23,0.0,0,1,0,330.435558105874,0
28,717.538791104129,0,1,1,717.538791104129,0
29,758.325635332075,0,1,1,758.325635332075,0
31,35.5553031305163,0,1,1,35.5553031305163,0
34,192.912328199861,0,1,1,192.912328199861,0
39,578.761223288512,0,1,1,578.761223288512,0
46,1054.2965256156,0,1,1,1054.29652561562,0
68,0.0,0,1,0,149.716249537819,0
70,0.0,0,1,0,554.242300919115,0
82,39.972511208588,0,1,1,39.972511208588,0
84,227.505291154803,0,1,1,227.505291154803,0
85,172.947920798387,0,1,1,172.947920798387,0
88,266.056132024465,0,1,1,266.056132024465,0
89,426.35999209425,0,1,1,426.35999209425,0
90,0.0,0,1,0,508.886506275189,0
95,47.4766118369628,0,1,1,47.4766118369628,0
96,79.4417261950839,0,1,1,79.4417261950839,0
97,-1.62615208813521e-16,0,1,1,101.446303670505,0
99,352.468995370882,0,1,1,594.588940239104,0
102,878.885010624586,0,1,1,878.885010624586,0
103,23.6036366163032,0,1,1,23.6036366163032,0
110,0.0,0,1,0,518.268724995197,0
111,0.0,0,1,0,434.216407258805,0
