cost_model,startup,shutdown,n_coefficients,coeff_n,coeff1,coeff0
2,0,0,3,0.0,0.0,0.0
2,0,0,3,0.0047216619844655,36.7831534702059,2044.66368732189
2,0,0,3,0.0,0.0,0.0
2,0,0,3,0.0,0.0,0.0
2,0,0,3,0.0,0.0,0.0
2,0,0,3,0.0052561822724845,49.096286563054,415.210652430271
2,0,0,3,0.0055807053650017,46.8473460618976,1277.1047990509
2,0,0,3,0.0,0.0,0.0
2,0,0,3,0.0,0.0,0.0
2,0,0,3,0.0,0.0,0.0
2,0,0,3,0.0,0.0,0.0
2,0,0,3,0.0,0.0,0.0
2,0,0,3,0.0042161589077426,39.0440832501254,311.479221330094
2,0,0,3,0.0,0.0,0.0
2,0,0,3,0.007275884771238,23.1340918094931,1941.26833991261
2,0,0,3,0.0021227951190136,35.7015577023222,93.4259210133674
2,0,0,3,0.0,0.0,0.0
2,0,0,3,0.0071542594175233,40.7496720556282,1661.50504257523
2,0,0,3,0.0,0.0,0.0
2,0,0,3,0.0,0.0,0.0
2,0,0,3,0.0068230651131756,52.0766998625968,20.9959055425789
2,0,0,3,0.0,0.0,0.0
2,0,0,3,0.0,0.0,0.0
2,0,0,3,0.0027569755411848,56.4401842053411,21.4031427934341
2,0,0,3,0.0036804724645375,37.9174670693567,45.4685137504148
2,0,0,3,0.0076009452697656,44.5510983764832,559.530844738718
2,0,0,3,0.0,0.0,0.0
