bus_number,P_output,Q_output,voltage_mag,gen_status,P_max,P_min
3,1273.12242098855,0,1,1,1273.12242098855,0
7,85.09524485545,0,1,1,85.09524485545,0
8,37.6233020380282,0,1,1,271.687266320585,0
21,0.0,0,1,0,948.88694388389,0
28,924.087539299574,0,1,1,984.729139804597,0
41,36.1276465125917,0,1,1,116.545491112628,0
43,57.3921336378927,0,1,1,57.3921336378927,0
47,0.916133494546413,0,1,1,0.916133494546416,0
48,318.916098745273,0,1,1,318.916098745273,0
49,0.0,0,1,0,239.228633253107,0
52,1035.15731120641,0,1,1,1035.15731120641,0
54,12.6200514696701,0,1,1,12.6200514696702,0
59,6.07739419343292e-13,0,1,1,290.829390093442,0
65,371.993752388368,0,1,1,371.993752388368,0
66,0.0,0,1,0,347.079712828317,0
67,0.0,0,1,0,686.403450605431,0
70,0.0,0,1,0,427.939117055206,0
83,468.47069418678,0,1,1,468.470694186781,0
88,59.8231364962712,0,1,1,179.778470222143,0
89,375.869907086007,0,1,1,375.869907086007,0
91,52.8814528929992,0,1,1,145.884268449108,0
92,971.208611587963,0,1,1,1409.85830950976,0
102,322.309864987651,0,1,1,322.309864987651,0
103,15.0871656805311,0,1,1,15.0871656805312,0
110,130.412888387581,0,1,1,130.412888387581,0
115,115.688366518881,0,1,1,115.688366518881,0
