bus_number,P_output,Q_output,voltage_mag,gen_status,P_max,P_min
4,293.142036477741,0,1,1,351.981641301816,0
7,0.0,0,1,0,430.558582223429,0
14,0.0,0,1,0,420.917149891701,0
25,457.612131170305,0,1,1,457.612131170306,0
27,67.7676437011336,0,1,1,67.7676437011336,0
30,0.0,0,1,0,113.572174102707,0
42,0.0,0,1,0,588.755653596446,0
55,0.0,0,1,0,193.741367273501,0
56,733.365613464119,0,1,1,823.800265253418,0
58,36.6454250276668,0,1,1,216.961132703156,0
60,0.0,0,1,0,395.769010748819,0
64,39.2509122064463,0,1,1,39.2509122064464,0
65,143.200083263933,0,1,1,143.200083263933,0
67,323.989315688517,0,1,1,350.544486109745,0
68,1004.66592160681,0,1,1,1163.74195513445,0
69,1.26690150273212e-13,0,1,1,305.308870093965,0
71,2.51603541691497e-14,0,1,1,51.4969666813008,0
78,981.231607105148,0,1,1,981.231607105148,0
83,325.468075611156,0,1,1,325.468075611156,0
93,313.884088982196,0,1,1,523.661832877716,0
94,6.7081415566346e-14,0,1,1,48.8438740672895,0
97,0.0,0,1,0,565.756701264621,0
98,94.3370040987549,0,1,1,94.337004098756,0
103,0.0,0,1,0,127.379242233754,0
108,1070.59800988453,0,1,1,1070.59800988453,0
115,263.889389491929,0,1,1,263.889389491929,0
117,515.756464680624,0,1,1,515.756464680624,0
