bus_number,P_output,Q_output,voltage_mag,gen_status,P_max,P_min
6,50.3818504881544,0,1,1,50.3818504881544,0
11,176.121676436986,0,1,1,176.121676436986,0
13,1016.99248767648,0,1,1,1264.06536201204,0
14,0.0,0,1,0,450.052585060586,0
16,308.429188124682,0,1,1,308.429188124682,0
22,355.745975706684,0,1,1,355.745975706684,0
25,0.0,0,1,0,346.597336705456,0
27,499.042627134623,0,1,1,499.042627134624,0
33,0.0,0,1,0,677.415039739142,0
34,456.118301604204,0,1,1,641.191799122711,0
38,638.718662326467,0,1,1,638.718662326467,0
40,481.245940983236,0,1,1,481.245940983236,0
41,398.681458112661,0,1,1,505.470772350446,0
42,0.0,0,1,0,179.152783209932,0
44,19.5398738717589,0,1,1,200.666526227437,0
47,43.7625142520321,0,1,1,43.7625142520321,0
50,539.584972913835,0,1,1,539.584972913835,0
53,15.2711881628384,0,1,1,15.2711881628384,0
54,28.4537716269658,0,1,1,28.4537716269658,0
55,0.0,0,1,0,351.185852649802,0
59,25.5569506276964,0,1,1,25.5569506276964,0
60,522.182055573164,0,1,1,522.182055573164,0
62,150.947749229303,0,1,1,150.947749229303,0
64,322.67114160865,0,1,1,428.472233767927,0
76,0.0,0,1,0,513.371980788508,0
81,0.0,0,1,0,331.951231512636,0
84,39.0348376821032,0,1,1,39.0348376821032,0
85,41.7760682655739,0,1,1,41.7760682655739,0
92,123.273074756414,0,1,1,123.273074756414,0
95,0.0,0,1,0,105.402585226223,0
103,1.47475309972149e-16,0,1,1,43.7363297816922,0
105,1.39755382799272e-17,0,1,1,87.1032525467263,0
106,0.0,0,1,0,248.8767213903,0
112,0.0,0,1,0,146.238323356256,0
117,71.4224070332247,0,1,1,71.4224070332247,0
