cost_model,startup,shutdown,n_coefficients,coeff_n,coeff1,coeff0
2,0,0,3,0.0027163788805408,31.3048184254145,895.736427438732
2,0,0,3,0.0,0.0,0.0
2,0,0,3,0.0049094099866524,40.7685766800549,175.229855904992
2,0,0,3,0.0,0.0,0.0
2,0,0,3,0.0038904518299704,51.0360050737253,3283.42466086876
2,0,0,3,0.0,0.0,0.0
2,0,0,3,0.0033178888465553,28.9355535305747,171.000996410052
2,0,0,3,0.0045683650850319,56.1941075116066,3566.12664164165
2,0,0,3,0.0064778549000157,44.2318870887834,548.595048743051
2,0,0,3,0.0,0.0,0.0
2,0,0,3,0.0041254076230709,36.7381544552847,2491.97574060024
2,0,0,3,0.0,0.0,0.0
2,0,0,3,0.0034370932105605,24.7654098131604,3005.80023115747
2,0,0,3,0.0,0.0,0.0
2,0,0,3,0.0,0.0,0.0
2,0,0,3,0.0,0.0,0.0
2,0,0,3,0.0046920496935565,50.1451024724953,504.845966825379
2,0,0,3,0.0,0.0,0.0
2,0,0,3,0.0,0.0,0.0
2,0,0,3,0.0040604469723323,28.5641876388327,574.431194238092
2,0,0,3,0.0,0.0,0.0
2,0,0,3,0.0,0.0,0.0
2,0,0,3,0.0,0.0,0.0
2,0,0,3,0.0070205835738033,29.7403217674727,118.268158506834
2,0,0,3,0.0,0.0,0.0
2,0,0,3,0.0,0.0,0.0
2,0,0,3,0.0,0.0,0.0
