cost_model,startup,shutdown,n_coefficients,coeff_n,coeff1,coeff0
2,0,0,3,0.0025767007674271,38.3489808847834,3456.78425570594
2,0,0,3,0.0073763713806045,25.1519265730191,583.035466558812
2,0,0,3,0.0,0.0,0.0
2,0,0,3,0.0,0.0,0.0
2,0,0,3,0.0,0.0,0.0
2,0,0,3,0.0064138918252649,53.6969423771723,200.937015601423
2,0,0,3,0.0023073749135762,56.8230362107717,568.173063172028
2,0,0,3,0.0,0.0,0.0
2,0,0,3,0.0071933066840399,44.8894819852059,287.432513343457
2,0,0,3,0.0038860520613955,41.6393187311215,1109.67963118281
2,0,0,3,0.0,0.0,0.0
2,0,0,3,0.0040167002312712,30.0869318885345,1134.22285373037
2,0,0,3,0.0,0.0,0.0
2,0,0,3,0.004493109300277,30.2906116661939,3491.89622910296
2,0,0,3,0.0,0.0,0.0
2,0,0,3,0.0036227516581195,35.4063461860458,1082.66987487699
2,0,0,3,0.0,0.0,0.0
2,0,0,3,0.0,0.0,0.0
2,0,0,3,0.0,0.0,0.0
2,0,0,3,0.0,0.0,0.0
2,0,0,3,0.0,0.0,0.0
2,0,0,3,0.0,0.0,0.0
2,0,0,3,0.0041760979897387,27.5747810523715,175.512553186409
2,0,0,3,0.0,0.0,0.0
2,0,0,3,0.0,0.0,0.0
2,0,0,3,0.0032761533732862,48.143308094954,2202.9233817453
2,0,0,3,0.0,0.0,0.0
