bus_number,P_output,Q_output,voltage_mag,gen_status,P_max,P_min
2,533.799023970885,0,1,1,533.799023970889,0
4,0.0,0,1,0,393.005815014744,0
11,0.0,0,1,0,12.8978864625924,0
14,139.457782613452,0,1,1,139.457782613454,0
18,1.80588517080298,0,1,1,1.80588517080459,0
29,92.2872822377451,0,1,1,92.2872822377513,0
31,1611.67577031397,0,1,1,1837.57822133376,0
35,15.8595366352086,0,1,1,15.8595366352104,0
56,7.39446128881536,0,1,1,7.39446128883293,0
57,173.517045415667,0,1,1,324.626576322812,0
67,0.0,0,1,0,833.66636408784,0
68,451.138753910064,0,1,1,451.138753910068,0
77,227.27305830496,0,1,1,295.373283114969,0
78,0.0,0,1,0,291.871248736918,0
80,25.951328895863,0,1,1,25.9513288958674,0
85,72.0549590624436,0,1,1,72.0549590624477,0
87,0.0,0,1,0,409.130170748861,0
89,189.267772455496,0,1,1,189.2677724555,0
92,0.0,0,1,0,787.135242282754,0
95,0.0,0,1,0,382.266240702803,0
97,702.368652394095,0,1,1,702.368703797443,0
102,719.575578543136,0,1,1,719.575578543137,0
106,312.728857566209,0,1,1,474.919057312446,0
107,555.748734933768,0,1,1,555.748734933772,0
108,675.374583364567,0,1,1,675.374583364571,0
109,90.8916685040295,0,1,1,90.8916685040336,0
113,155.375930208525,0,1,1,155.375930208529,0
