bus_number,P_output,Q_output,voltage_mag,gen_status,P_max,P_min
5,808.623457375344,0,1,1,1286.4509151584,0
6,203.670824346493,0,1,1,203.670824346493,0
12,0.0,0,1,0,281.790482108364,0
13,0.0,0,1,0,316.380747951903,0
15,43.3055226656319,0,1,1,43.3055226656319,0
18,1092.37684387891,0,1,1,1092.37684387891,0
19,46.157570042565,0,1,1,46.157570042565,0
20,66.6928621413662,0,1,1,66.6928621413662,0
23,0.0,0,1,0,388.69156995214,0
29,433.837809526328,0,1,1,433.837809526328,0
30,437.102886247303,0,1,1,437.102886247303,0
36,250.942514753374,0,1,1,250.942514753374,0
53,848.687715269681,0,1,1,848.687715269682,0
57,11.7850868029066,0,1,1,11.7850868029066,0
59,30.3361549186097,0,1,1,140.408490832231,0
62,0.0,0,1,0,530.734684372774,0
63,910.123614533833,0,1,1,1057.08585345886,0
66,0.0,0,1,0,248.655375030977,0
68,125.582112600237,0,1,1,125.582112600237,0
70,32.5255394487931,0,1,1,32.5255394487931,0
71,102.63852001638,0,1,1,102.63852001638,0
75,207.099027474524,0,1,1,207.099027474524,0
76,0.0,0,1,0,90.7167807226872,0
78,66.0044239436615,0,1,1,66.0044239436615,0
81,0.0,0,1,0,349.624577196264,0
82,40.9744847250329,0,1,1,40.9744847250329,0
86,95.5771975759694,0,1,1,95.5771975759694,0
88,0.0,0,1,0,40.784165461968,0
89,67.3101608500596,0,1,1,67.3101608500596,0
99,0.0,0,1,0,507.692196849537,0
101,0.0,0,1,0,101.534568930241,0
111,392.589372420314,0,1,1,392.589372420314,0
112,350.8600209037,0,1,1,350.8600209037,0
