bus_number,P_output,Q_output,voltage_mag,gen_status,P_max,P_min
10,75.2318762871133,0,1,1,75.2318762871184,0
14,226.245453965973,0,1,1,848.215101880157,0
16,72.2846342989135,0,1,1,72.2846342989253,0
21,539.506402205033,0,1,1,539.506402205059,0
22,0.0,0,1,0,273.873110234298,0
23,169.96296066356,0,1,1,169.962960663571,0
31,825.226880787879,0,1,1,825.226880787903,0
32,232.615509494266,0,1,1,232.615509494292,0
33,83.531568513746,0,1,1,171.985595843462,0
35,686.822036067431,0,1,1,686.822036067438,0
38,0.0,0,1,0,455.867038609164,0
43,146.376424757132,0,1,1,146.376424757114,0
50,660.684327063534,0,1,1,660.68432706366,0
53,255.672748112181,0,1,1,431.601977034794,0
57,161.931411722214,0,1,1,161.931411722386,0
60,0.0,0,1,0,328.386389146373,0
71,0.0,0,1,0,450.803931266421,0
73,161.217807677306,0,1,1,161.217807677578,0
78,135.265015042482,0,1,1,231.595725270968,0
80,137.669289443132,0,1,1,137.66928944313,0
87,804.330205480889,0,1,1,804.330205481059,0
89,28.8930871297061,0,1,1,28.8930871296949,0
90,0.0,0,1,0,322.181343341688,0
94,177.405347498906,0,1,1,177.405347498898,0
95,581.447780829222,0,1,1,581.447780829521,0
101,0.0,0,1,0,499.042669236439,0
112,502.482955420317,0,1,1,502.482955420336,0
