bus_number,P_output,Q_output,voltage_mag,gen_status,P_max,P_min
7,1689.85014658571,0,1,1,2006.08627421922,0
11,101.475891806865,0,1,1,210.085155181661,0
12,0.0,0,1,0,183.024084701485,0
13,208.04295051168,0,1,1,208.04295051168,0
17,570.093995031914,0,1,1,1103.77668659677,0
19,0.0,0,1,0,306.412632914864,0
27,680.596636684062,0,1,1,680.596636684062,0
35,0.0,0,1,0,849.146155696954,0
36,148.40126790681,0,1,1,148.40126790681,0
39,147.716758562418,0,1,1,147.716758562418,0
41,192.356170110535,0,1,1,192.356170110535,0
51,132.38753676146,0,1,1,132.38753676146,0
52,265.115307564311,0,1,1,265.115307564311,0
53,0.0,0,1,0,573.90324592143,0
56,54.6839025912892,0,1,1,54.6839025912892,0
60,1140.90804658546,0,1,1,1140.90804658546,0
64,0.0,0,1,0,580.980528854885,0
72,577.279885964317,0,1,1,577.279885964317,0
75,0.0,0,1,0,227.522161598512,0
77,109.214880839505,0,1,1,109.214880839505,0
86,85.8770452448356,0,1,1,85.8770452448356,0
88,0.0,0,1,0,310.668994621299,0
93,0.0,0,1,0,149.507022104738,0
101,65.8159548286833,0,1,1,65.8159548286833,0
106,0.0,0,1,0,278.895101605811,0
108,10.205230335758,0,1,1,10.205230335758,0
111,33.2926082630583,0,1,1,33.2926082630583,0
