bus_number,P_output,Q_output,voltage_mag,gen_status,P_max,P_min
3,3.81258525133153e-08,0,1,1,114.980833800471,0
5,0.0,0,1,0,572.927010495762,0
7,8.43856733287143,0,1,1,8.43856733302695,0
13,0.0,0,1,0,321.767283047146,0
14,13.3977471543709,0,1,1,13.3977471544411,0
18,0.0,0,1,0,789.509648314456,0
20,0.0,0,1,0,348.735602815428,0
23,111.403478031314,0,1,1,111.403478031378,0
26,1201.41140380209,0,1,1,1201.41140380221,0
29,149.938021522348,0,1,1,149.938021522414,0
35,1017.5854091084,0,1,1,1143.12837843663,0
37,27.8290167754711,0,1,1,27.829016775625,0
49,71.4447526045569,0,1,1,71.4447526048032,0
50,14.7524915858748,0,1,1,14.7524915859443,0
52,39.3872778284234,0,1,1,73.4087023886471,0
54,0.0,0,1,0,38.8903181504212,0
69,1138.99147110753,0,1,1,1138.99147110759,0
71,0.0,0,1,0,193.765108828338,0
75,145.9890020233,0,1,1,145.989002023356,0
80,42.2254872946307,0,1,1,151.767272428937,0
83,945.759859099734,0,1,1,945.759859100195,0
98,66.5782006788982,0,1,1,66.5782006789586,0
108,0.0,0,1,0,340.114474028716,0
113,998.095461381873,0,1,1,998.095461381939,0
116,0.0,0,1,0,12.9292084631986,0
117,890.244610936648,0,1,1,890.244610936708,0
