cost_model,startup,shutdown,n_coefficients,coeff_n,coeff1,coeff0
2,0,0,3,0.0,0.0,0.0
2,0,0,3,0.0070455212080611,36.5396545256904,830.965886759747
2,0,0,3,0.0,0.0,0.0
2,0,0,3,0.0067790110370981,31.8810638855134,1660.87618234455
2,0,0,3,0.0,0.0,0.0
2,0,0,3,0.0,0.0,0.0
2,0,0,3,0.0,0.0,0.0
2,0,0,3,0.0,0.0,0.0
2,0,0,3,0.0,0.0,0.0
2,0,0,3,0.0,0.0,0.0
2,0,0,3,0.0077391750974262,24.6267838230661,418.757907887406
2,0,0,3,0.0077543017063171,42.091613967314,1902.72243949767
2,0,0,3,0.0050889016990343,24.1157517276139,236.683326421876
2,0,0,3,0.0,0.0,0.0
2,0,0,3,0.0,0.0,0.0
2,0,0,3,0.0,0.0,0.0
2,0,0,3,0.0,0.0,0.0
2,0,0,3,0.0049076025153579,52.8825935539987,92.383295488611
2,0,0,3,0.0036533238126089,25.3561352185725,3604.20562972935
2,0,0,3,0.0056052807560314,40.0719228583956,531.987076677689
2,0,0,3,0.0022744993167813,49.6514125102704,1251.18941124491
2,0,0,3,0.0050436122068408,39.7786499579444,378.820142262584
2,0,0,3,0.0,0.0,0.0
2,0,0,3,0.0029168109868641,55.489726041577,596.067377632699
2,0,0,3,0.0,0.0,0.0
2,0,0,3,0.0,0.0,0.0
2,0,0,3,0.0,0.0,0.0
