cost_model,startup,shutdown,n_coefficients,coeff_n,coeff1,coeff0
2,0,0,3,0.0075171046589516,51.8358580340776,2732.31860393573
2,0,0,3,0.0,0.0,0.0
2,0,0,3,0.005806565462527,34.2894212791487,1976.5324942594
2,0,0,3,0.0031058623901101,45.4788341979137,317.81124604966
2,0,0,3,0.0056523020536554,35.2286319323213,28.6016448862572
2,0,0,3,0.0,0.0,0.0
2,0,0,3,0.0,0.0,0.0
2,0,0,3,0.0,0.0,0.0
2,0,0,3,0.0,0.0,0.0
2,0,0,3,0.0,0.0,0.0
2,0,0,3,0.0,0.0,0.0
2,0,0,3,0.0065800830485867,27.8725365242234,459.904643956715
2,0,0,3,0.0036301916325956,40.3693320296514,19.0085292532552
2,0,0,3,0.0045846921838037,50.1150446303933,658.613695761655
2,0,0,3,0.0030969973040087,25.8901694502445,69.4839550478539
2,0,0,3,0.0,0.0,0.0
2,0,0,3,0.0,0.0,0.0
2,0,0,3,0.0064485103279065,41.83635753148,1984.65595992129
2,0,0,3,0.0,0.0,0.0
2,0,0,3,0.0,0.0,0.0
2,0,0,3,0.0,0.0,0.0
2,0,0,3,0.0046310881693241,46.3359786863501,2845.23271411438
2,0,0,3,0.0021714059555446,56.0043364806529,544.954577424821
2,0,0,3,0.0,0.0,0.0
2,0,0,3,0.0,0.0,0.0
2,0,0,3,0.0,0.0,0.0
2,0,0,3,0.003248795840226,37.9134072116281,388.072742948626
2,0,0,3,0.0,0.0,0.0
2,0,0,3,0.0048670903392317,44.7056277694729,461.713019295532
2,0,0,3,0.0,0.0,0.0
2,0,0,3,0.0,0.0,0.0
