cost_model,startup,shutdown,n_coefficients,coeff_n,coeff1,coeff0
2,0,0,3,0.0,0.0,0.0
2,0,0,3,0.0021190881403206,48.926286748519,1932.64391982818
2,0,0,3,0.0033696220588404,32.4107969888709,1468.13243987801
2,0,0,3,0.0061633276233806,44.613198576949,850.48975384075
2,0,0,3,0.005598385523143,47.6668367167756,2345.57052739255
2,0,0,3,0.0,0.0,0.0
2,0,0,3,0.0024852265720845,43.7696947595567,2998.68184872433
2,0,0,3,0.0078723412592131,43.3899944912528,493.231875354265
2,0,0,3,0.0,0.0,0.0
2,0,0,3,0.0,0.0,0.0
2,0,0,3,0.0,0.0,0.0
2,0,0,3,0.0,0.0,0.0
2,0,0,3,0.0067742695884799,38.405353980703,173.571154882795
2,0,0,3,0.0,0.0,0.0
2,0,0,3,0.0,0.0,0.0
2,0,0,3,0.0,0.0,0.0
2,0,0,3,0.0051154289573572,37.9447403270084,537.340909647424
2,0,0,3,0.0,0.0,0.0
2,0,0,3,0.0079184017618825,27.7482556961167,425.100741066645
2,0,0,3,0.0034339065119488,53.9222287528489,539.573188697967
2,0,0,3,0.0,0.0,0.0
2,0,0,3,0.0,0.0,0.0
2,0,0,3,0.0054087990918805,23.5780561281729,586.440094414109
2,0,0,3,0.0,0.0,0.0
2,0,0,3,0.0,0.0,0.0
2,0,0,3,0.0,0.0,0.0
2,0,0,3,0.0,0.0,0.0
