bus_number,P_output,Q_output,voltage_mag,gen_status,P_max,P_min
5,215.61154549564,0,1,1,215.61154549564,0
12,0.0,0,1,0,365.549776438888,0
19,966.648833135275,0,1,1,966.648833135275,0
25,0.0,0,1,0,494.067489762615,0
33,1816.0277864933,0,1,1,1816.0277864933,0
37,140.844102069408,0,1,1,140.844102069408,0
38,278.083989794468,0,1,1,278.083989794468,0
39,1067.43132150625,0,1,1,1170.80384678136,0
43,0.0,0,1,0,509.912741137053,0
46,1.54468032038312e-18,0,1,1,28.7921716034158,0
54,28.6043244700502,0,1,1,28.6043244700502,0
60,327.761335233948,0,1,1,327.761335233948,0
64,0.0,0,1,0,395.507487687794,0
66,158.900758911816,0,1,1,158.900758911816,0
70,242.535919058475,0,1,1,242.535919058475,0
82,0.0,0,1,0,658.078952544582,0
83,264.495957749055,0,1,1,337.055220317077,0
88,522.486138759572,0,1,1,522.486138759572,0
92,2.72812321677878e-18,0,1,1,81.5886400568005,0
97,311.295476486694,0,1,1,311.295476486694,0
99,264.389764084849,0,1,1,264.389764084849,0
105,0.0,0,1,0,480.185135263277,0
106,59.6864692122301,0,1,1,159.672708084478,0
107,0.0,0,1,0,615.364983078748,0
115,-1.0804442242446899e-18,0,1,1,6.9387331547884,0
118,0.0,0,1,0,55.1943668674318,0
