cost_model,startup,shutdown,n_coefficients,coeff_n,coeff1,coeff0
2,0,0,3,0.0033284370331631,35.2474363983261,3115.10226962228
2,0,0,3,0.0077382994289205,44.9073471958015,1964.42310442037
2,0,0,3,0.0041231941420881,35.4356172205957,1458.70921587558
2,0,0,3,0.0,0.0,0.0
2,0,0,3,0.0,0.0,0.0
2,0,0,3,0.0066794080916938,29.6792742915007,1937.05231921828
2,0,0,3,0.004671981914443,42.9826847003944,520.874612016888
2,0,0,3,0.0040536954987597,36.5075028585162,41.851000061774
2,0,0,3,0.0,0.0,0.0
2,0,0,3,0.0077112363605823,25.5122788709226,191.633269998705
2,0,0,3,0.0,0.0,0.0
2,0,0,3,0.0066915174767766,27.6027063502612,3004.51958957975
2,0,0,3,0.0,0.0,0.0
2,0,0,3,0.0,0.0,0.0
2,0,0,3,0.0,0.0,0.0
2,0,0,3,0.0,0.0,0.0
2,0,0,3,0.0,0.0,0.0
2,0,0,3,0.0,0.0,0.0
2,0,0,3,0.0,0.0,0.0
2,0,0,3,0.0,0.0,0.0
2,0,0,3,0.0,0.0,0.0
2,0,0,3,0.0,0.0,0.0
2,0,0,3,0.0040536941053985,46.9997589512739,570.581271592616
2,0,0,3,0.0,0.0,0.0
2,0,0,3,0.0045728039377608,48.2322688331901,3750.19753877371
2,0,0,3,0.0,0.0,0.0
2,0,0,3,0.0,0.0,0.0
2,0,0,3,0.0020609057091781,37.9237024334108,420.313275689432
2,0,0,3,0.0,0.0,0.0
