cost_model,startup,shutdown,n_coefficients,coeff_n,coeff1,coeff0
2,0,0,3,0.0,0.0,0.0
2,0,0,3,0.0046272723077607,46.0218696672459,1674.69251892178
2,0,0,3,0.0,0.0,0.0
2,0,0,3,0.0,0.0,0.0
2,0,0,3,0.0,0.0,0.0
2,0,0,3,0.0,0.0,0.0
2,0,0,3,0.0031946326133651,33.7261541286406,30.6049939068656
2,0,0,3,0.0,0.0,0.0
2,0,0,3,0.0056371342517197,35.1466505629083,125.291327222983
2,0,0,3,0.0,0.0,0.0
2,0,0,3,0.0,0.0,0.0
2,0,0,3,0.0,0.0,0.0
2,0,0,3,0.0,0.0,0.0
2,0,0,3,0.0,0.0,0.0
2,0,0,3,0.0,0.0,0.0
2,0,0,3,0.0049703570257667,34.2609605839612,575.537262080811
2,0,0,3,0.0033262582164803,34.4966036455585,1178.0280810724
2,0,0,3,0.0,0.0,0.0
2,0,0,3,0.0043895757090939,25.0703048343651,2125.46118562428
2,0,0,3,0.0,0.0,0.0
2,0,0,3,0.0,0.0,0.0
2,0,0,3,0.0034666238291421,32.7653992084511,83.0807147464496
2,0,0,3,0.0030830058540799,25.3750056484174,514.717257631365
2,0,0,3,0.006987042584032,55.7000100268955,235.059710581968
2,0,0,3,0.0,0.0,0.0
2,0,0,3,0.0,0.0,0.0
2,0,0,3,0.0040008977345271,26.5586939768449,108.918511428745
2,0,0,3,0.0034474199115359,55.938946079735,576.013345480842
