cost_model,startup,shutdown,n_coefficients,coeff_n,coeff1,coeff0
2,0,0,3,0.0068381794565052,38.2328017922182,2803.91517720989
2,0,0,3,0.0,0.0,0.0
2,0,0,3,0.0057064940417515,53.3415899249024,1120.9217032285
2,0,0,3,0.0022686560548517,49.4659225385601,1263.27353298812
2,0,0,3,0.0039107432365504,51.6170502211502,243.768951322679
2,0,0,3,0.0020341654945111,37.6343793790993,160.233279441176
2,0,0,3,0.0,0.0,0.0
2,0,0,3,0.0030371185524992,46.4855433791265,3115.79024249018
2,0,0,3,0.0,0.0,0.0
2,0,0,3,0.0,0.0,0.0
2,0,0,3,0.0022464070502498,27.5511169586551,446.055855968736
2,0,0,3,0.0,0.0,0.0
2,0,0,3,0.0031879550894207,47.3616685090005,2251.43769045346
2,0,0,3,0.0068960856183847,43.5483663141533,57.835381617942
2,0,0,3,0.0,0.0,0.0
2,0,0,3,0.0,0.0,0.0
2,0,0,3,0.0,0.0,0.0
2,0,0,3,0.0,0.0,0.0
2,0,0,3,0.0,0.0,0.0
2,0,0,3,0.0,0.0,0.0
2,0,0,3,0.0023533391976318,30.6764581653085,2721.04968700598
2,0,0,3,0.0,0.0,0.0
2,0,0,3,0.0,0.0,0.0
2,0,0,3,0.0066292472996909,32.1027000690543,3228.44533165311
2,0,0,3,0.0,0.0,0.0
2,0,0,3,0.0,0.0,0.0
2,0,0,3,0.0,0.0,0.0
