bus_number,P_output,Q_output,voltage_mag,gen_status,P_max,P_min
2,900.525082370917,0,1,1,1282.35114677292,0
6,381.604221972088,0,1,1,1174.11799525048,0
7,111.525566622323,0,1,1,111.525566622342,0
8,206.704287798645,0,1,1,206.704287798662,0
12,81.6614172682514,0,1,1,249.084556826821,0
20,224.111243118655,0,1,1,224.111243118671,0
28,389.876399063833,0,1,1,389.876399063843,0
29,21.0109053636988,0,1,1,53.965964607934,0
30,848.243694908106,0,1,1,848.243694908109,0
33,0.0,0,1,0,470.044096722422,0
37,975.619005745799,0,1,1,975.619005745811,0
39,19.253787847345,0,1,1,19.2537878473791,0
45,317.422825870248,0,1,1,317.422825870257,0
53,79.5339925137237,0,1,1,79.5339925137413,0
63,0.0,0,1,0,350.500718185667,0
66,165.702237136718,0,1,1,327.662389906863,0
73,0.0,0,1,0,845.257654544214,0
75,0.0,0,1,0,661.816548335117,0
79,119.598930678274,0,1,1,222.400227947952,0
86,495.268766122794,0,1,1,495.2687661228,0
92,144.993862499662,0,1,1,144.993862499675,0
96,92.5378943460636,0,1,1,92.5378943460804,0
99,83.4944374604914,0,1,1,83.4944374605087,0
105,206.928536347821,0,1,1,206.928536347835,0
106,115.725376373449,0,1,1,115.725376373486,0
111,120.457881674449,0,1,1,120.457881674464,0
113,24.9601188496459,0,1,1,24.9601188496596,0
114,77.914864654039,0,1,1,77.9148646540554,0
116,144.46307834844,0,1,1,144.463078348457,0
117,315.665307505563,0,1,1,315.665307505573,0
