cost_model,startup,shutdown,n_coefficients,coeff_n,coeff1,coeff0
2,0,0,3,0.0,0.0,0.0
2,0,0,3,0.0026148396208165,40.4085172945645,3599.47277284087
2,0,0,3,0.0073912786046724,51.6737267231571,2342.33511060892
2,0,0,3,0.0061739302942042,43.4474630318311,1314.74252415109
2,0,0,3,0.0,0.0,0.0
2,0,0,3,0.0061553725069518,40.6688936291881,2522.05709671328
2,0,0,3,0.0054258531799497,30.5251701072637,684.205592336604
2,0,0,3,0.0,0.0,0.0
2,0,0,3,0.0,0.0,0.0
2,0,0,3,0.0,0.0,0.0
2,0,0,3,0.0,0.0,0.0
2,0,0,3,0.0057188766541941,52.7384121350939,465.556199782988
2,0,0,3,0.0071140028007969,40.1231280277493,315.438343082485
2,0,0,3,0.0,0.0,0.0
2,0,0,3,0.0,0.0,0.0
2,0,0,3,0.0056103898846635,28.3025893838882,385.750692816073
2,0,0,3,0.0,0.0,0.0
2,0,0,3,0.0071968843899885,39.4259656225217,979.908565443583
2,0,0,3,0.0,0.0,0.0
2,0,0,3,0.0,0.0,0.0
2,0,0,3,0.0,0.0,0.0
2,0,0,3,0.0,0.0,0.0
2,0,0,3,0.0,0.0,0.0
2,0,0,3,0.0048392021349962,53.354501035664,445.488027356109
2,0,0,3,0.0,0.0,0.0
2,0,0,3,0.0,0.0,0.0
2,0,0,3,0.0074450830300101,34.9580109810601,322.327185803743
