cost_model,startup,shutdown,n_coefficients,coeff_n,coeff1,coeff0
2,0,0,3,0.0024087744694553,55.304895537996,367.406790257572
2,0,0,3,0.0056188797014889,56.4826775705216,1506.00882911534
2,0,0,3,0.0,0.0,0.0
2,0,0,3,0.0052164906411674,56.2612811114435,504.524182058775
2,0,0,3,0.0,0.0,0.0
2,0,0,3,0.0,0.0,0.0
2,0,0,3,0.0,0.0,0.0
2,0,0,3,0.0033583028400876,25.1095063578553,2028.33484229901
2,0,0,3,0.0070166538038987,40.1958247584831,264.394803289068
2,0,0,3,0.0,0.0,0.0
2,0,0,3,0.0050669271068671,37.3868976980625,598.034865487489
2,0,0,3,0.0,0.0,0.0
2,0,0,3,0.004753381527034,40.5075318345577,2277.00103760481
2,0,0,3,0.0042302697451368,51.9376625668566,3092.71979946994
2,0,0,3,0.0,0.0,0.0
2,0,0,3,0.0,0.0,0.0
2,0,0,3,0.0037062293503594,24.4928320687983,3494.3007196908
2,0,0,3,0.0062161684668715,47.5569708002978,2916.12863931045
2,0,0,3,0.0,0.0,0.0
2,0,0,3,0.0,0.0,0.0
2,0,0,3,0.0,0.0,0.0
2,0,0,3,0.0,0.0,0.0
2,0,0,3,0.0,0.0,0.0
2,0,0,3,0.0,0.0,0.0
2,0,0,3,0.0,0.0,0.0
2,0,0,3,0.0,0.0,0.0
2,0,0,3,0.0,0.0,0.0
2,0,0,3,0.0072154194740792,31.4343357317084,124.921486353262
2,0,0,3,0.0,0.0,0.0
