bus_number,P_output,Q_output,voltage_mag,gen_status,P_max,P_min
4,0.0,0,1,0,164.65338373104,0
6,152.566841207587,0,1,1,152.566841207853,0
10,1373.5085604522,0,1,1,1489.62865031959,0
14,205.143036901334,0,1,1,205.143036902045,0
15,0.0,0,1,0,160.826080593895,0
24,0.0,0,1,0,265.753314074075,0
32,0.0,0,1,0,201.592121632808,0
33,77.3264647421549,0,1,1,77.3264647423365,0
35,1025.13242822035,0,1,1,1434.6188428304,0
37,0.0,0,1,0,974.339578341188,0
43,105.805470484375,0,1,1,105.805470484509,0
44,1200.44477906095,0,1,1,1200.44477906131,0
46,23.4344440234591,0,1,1,23.4344440239171,0
51,102.335647056531,0,1,1,102.335647056654,0
52,1336.37787619086,0,1,1,1336.37787619119,0
54,78.3009995251328,0,1,1,78.3009995322465,0
59,0.0,0,1,0,287.583478062419,0
65,34.928777052958,0,1,1,34.9287770534045,0
71,58.1818817826394,0,1,1,58.1818817829413,0
73,362.965999479096,0,1,1,362.965999479394,0
92,0.0,0,1,0,649.132790553405,0
93,0.0,0,1,0,81.7228945755257,0
94,217.884093844694,0,1,1,217.884093844522,0
96,0.0,0,1,0,273.145376977123,0
102,9.773298424951941e-09,0,1,1,122.889413715013,0
104,129.310770833381,0,1,1,129.310770833908,0
105,181.155651593455,0,1,1,181.155651593556,0
109,0.0,0,1,0,206.304890748714,0
114,-8.07425264724065e-10,0,1,1,53.5486768268187,0
