cost_model,startup,shutdown,n_coefficients,coeff_n,coeff1,coeff0
2,0,0,3,0.0061782634996232,25.0653525532745,3106.202103956
2,0,0,3,0.0,0.0,0.0
2,0,0,3,0.0074921258953352,38.0680531782905,453.707929150964
2,0,0,3,0.0,0.0,0.0
2,0,0,3,0.0040295687423157,44.0871153998971,2183.74437039285
2,0,0,3,0.0028586260716443,30.9704105191746,434.108840147156
2,0,0,3,0.0,0.0,0.0
2,0,0,3,0.0,0.0,0.0
2,0,0,3,0.0,0.0,0.0
2,0,0,3,0.0,0.0,0.0
2,0,0,3,0.0071331398152057,34.248191468404,128.02104811438
2,0,0,3,0.0,0.0,0.0
2,0,0,3,0.0,0.0,0.0
2,0,0,3,0.0023397446410755,31.9014794470366,2663.62282472623
2,0,0,3,0.0,0.0,0.0
2,0,0,3,0.0028091794214266,26.9637361360463,565.696131894259
2,0,0,3,0.0031160618790695,41.4771716461173,2616.16197406127
2,0,0,3,0.0,0.0,0.0
2,0,0,3,0.0,0.0,0.0
2,0,0,3,0.0,0.0,0.0
2,0,0,3,0.0,0.0,0.0
2,0,0,3,0.0,0.0,0.0
2,0,0,3,0.0,0.0,0.0
2,0,0,3,0.0049121319506923,55.2164111673624,382.832406350628
2,0,0,3,0.0,0.0,0.0
2,0,0,3,0.0047307630358513,29.9762843852179,255.548264979417
