cost_model,startup,shutdown,n_coefficients,coeff_n,coeff1,coeff0
2,0,0,3,0.0,0.0,0.0
2,0,0,3,0.0020204659369328,29.3778759875571,2349.41322405925
2,0,0,3,0.0074030672605069,37.165469584141,2111.3444507836
2,0,0,3,0.0073064248130974,29.9054369349035,520.91147374439
2,0,0,3,0.0074358937419306,36.6318584882063,2263.5454829947
2,0,0,3,0.0,0.0,0.0
2,0,0,3,0.0,0.0,0.0
2,0,0,3,0.0068690527966358,52.3633305042,840.593105628576
2,0,0,3,0.0047752302586575,47.5178454541473,1597.59028305149
2,0,0,3,0.0,0.0,0.0
2,0,0,3,0.0,0.0,0.0
2,0,0,3,0.0,0.0,0.0
2,0,0,3,0.0,0.0,0.0
2,0,0,3,0.0034599817545554,26.4354490988975,101.736475523261
2,0,0,3,0.0,0.0,0.0
2,0,0,3,0.0,0.0,0.0
2,0,0,3,0.0,0.0,0.0
2,0,0,3,0.0044816433702617,54.3786056349319,456.586475524005
2,0,0,3,0.0051978346257272,44.1306963503397,2009.87583674972
2,0,0,3,0.0,0.0,0.0
2,0,0,3,0.0,0.0,0.0
2,0,0,3,0.0,0.0,0.0
2,0,0,3,0.0,0.0,0.0
2,0,0,3,0.0,0.0,0.0
2,0,0,3,0.0027925808653539,39.5234381813651,305.486193918278
2,0,0,3,0.0043726557008589,23.7477203742989,259.632950585653
2,0,0,3,0.0,0.0,0.0
2,0,0,3,0.0,0.0,0.0
