bus_number,P_output,Q_output,voltage_mag,gen_status,P_max,P_min
2,0.0,0,1,0,129.270128569338,0
14,138.301698488239,0,1,1,138.301698488563,0
15,1248.39510343138,0,1,1,1248.39510343143,0
18,170.402236451005,0,1,1,170.402236451045,0
28,0.0,0,1,0,155.928260817241,0
34,11.2472360360896,0,1,1,11.2472360367201,0
35,813.635665492789,0,1,1,1119.96247668768,0
39,0.0,0,1,0,540.083589617299,0
40,179.445545470714,0,1,1,179.445545470691,0
42,105.109256755055,0,1,1,105.109256755024,0
47,55.2445519658992,0,1,1,55.2445519658646,0
51,0.0,0,1,0,178.850284904018,0
53,54.7981125045425,0,1,1,54.7981125046191,0
56,0.0,0,1,0,273.263788516681,0
58,0.0,0,1,0,330.857277155914,0
61,792.897074571901,0,1,1,792.897074571902,0
62,61.4055331563758,0,1,1,61.4055331563701,0
64,1091.43305501333,0,1,1,1091.43305501415,0
65,736.135761838231,0,1,1,736.135761838229,0
67,0.0,0,1,0,511.552992672836,0
68,0.0,0,1,0,211.137619641285,0
71,1047.83046443319,0,1,1,1047.8304644332,0
75,69.5856229212518,0,1,1,69.5856229212418,0
78,0.0,0,1,0,324.354092021789,0
81,35.0714772588449,0,1,1,35.0714772588693,0
86,0.0,0,1,0,277.513509096239,0
91,6.62968285600741,0,1,1,6.62968285682249,0
94,0.0,0,1,0,202.97733989614,0
103,0.0,0,1,0,605.072378440122,0
105,47.2356438160877,0,1,1,47.2356438161921,0
117,0.0,0,1,0,248.867513749921,0
