cost_model,startup,shutdown,n_coefficients,coeff_n,coeff1,coeff0
2,0,0,3,0.0,0.0,0.0
2,0,0,3,0.0,0.0,0.0
2,0,0,3,0.0,0.0,0.0
2,0,0,3,0.004339537035407,40.684094604798,2873.70734249827
2,0,0,3,0.0021202631522683,51.6012487648311,114.244468939358
2,0,0,3,0.0056529883149395,34.0274596994091,150.806233343499
2,0,0,3,0.0,0.0,0.0
2,0,0,3,0.0,0.0,0.0
2,0,0,3,0.0,0.0,0.0
2,0,0,3,0.0,0.0,0.0
2,0,0,3,0.0024708099561689,45.8797034414012,2821.27254135043
2,0,0,3,0.0035185541784518,56.4461443767491,1073.77583287614
2,0,0,3,0.0035180055068009,40.2525193719422,936.024400618222
2,0,0,3,0.0,0.0,0.0
2,0,0,3,0.0,0.0,0.0
2,0,0,3,0.0,0.0,0.0
2,0,0,3,0.0075002831388879,23.9701154439019,178.669793069503
2,0,0,3,0.0,0.0,0.0
2,0,0,3,0.0067680742958031,49.0279119704577,1763.45301702142
2,0,0,3,0.0,0.0,0.0
2,0,0,3,0.0,0.0,0.0
2,0,0,3,0.0,0.0,0.0
2,0,0,3,0.0,0.0,0.0
2,0,0,3,0.0074388205886776,35.7474783023489,115.41149824349
2,0,0,3,0.0,0.0,0.0
2,0,0,3,0.0022159121671703,31.5382176438185,290.22507967558
2,0,0,3,0.0068810056038155,32.4635540321697,3493.96825339924
