cost_model,startup,shutdown,n_coefficients,coeff_n,coeff1,coeff0
2,0,0,3,0.0046045784176178,40.7470526843958,2558.18286857129
2,0,0,3,0.0038738079641873,31.3480116808438,2489.10952923843
2,0,0,3,0.0,0.0,0.0
2,0,0,3,0.0,0.0,0.0
2,0,0,3,0.004445081088297,47.538256851126,23.4359021646856
2,0,0,3,0.0072754884766096,31.2314491717079,1660.6980520348
2,0,0,3,0.0056706392581967,54.6094342724063,418.271584704201
2,0,0,3,0.0,0.0,0.0
2,0,0,3,0.006079415770277,29.3454393928882,68.1155852960252
2,0,0,3,0.0,0.0,0.0
2,0,0,3,0.0073581276337693,42.5851830121084,345.99960760451
2,0,0,3,0.0022542372774784,48.4483022238854,1303.55004969023
2,0,0,3,0.0,0.0,0.0
2,0,0,3,0.0,0.0,0.0
2,0,0,3,0.0059872957595897,29.9786837262407,3538.93348016941
2,0,0,3,0.0026267034256457,29.4025992412363,32.7614652182044
2,0,0,3,0.0,0.0,0.0
2,0,0,3,0.0,0.0,0.0
2,0,0,3,0.002136758744307,27.6874826384179,1110.41436558085
2,0,0,3,0.0040661416308769,28.368784689593,221.522709526924
2,0,0,3,0.0,0.0,0.0
2,0,0,3,0.0,0.0,0.0
2,0,0,3,0.0,0.0,0.0
2,0,0,3,0.0,0.0,0.0
2,0,0,3,0.0,0.0,0.0
2,0,0,3,0.0063522316143283,38.0757317325324,69.1045379585225
2,0,0,3,0.0,0.0,0.0
2,0,0,3,0.0,0.0,0.0
2,0,0,3,0.0,0.0,0.0
2,0,0,3,0.0,0.0,0.0
2,0,0,3,0.0,0.0,0.0
