cost_model,startup,shutdown,n_coefficients,coeff_n,coeff1,coeff0
2,0,0,3,0.0033825079621519,23.6077529445679,877.360473863465
2,0,0,3,0.0,0.0,0.0
2,0,0,3,0.0,0.0,0.0
2,0,0,3,0.0,0.0,0.0
2,0,0,3,0.0,0.0,0.0
2,0,0,3,0.0,0.0,0.0
2,0,0,3,0.0,0.0,0.0
2,0,0,3,0.0,0.0,0.0
2,0,0,3,0.0054830684377286,27.9659557523263,2900.10628085914
2,0,0,3,0.006409278773551,43.5033990055306,142.509124815482
2,0,0,3,0.0034978492865151,28.1670798192684,721.240762853884
2,0,0,3,0.0,0.0,0.0
2,0,0,3,0.0073841181606605,55.3826785353294,2355.27183112566
2,0,0,3,0.0,0.0,0.0
2,0,0,3,0.0043129769904743,36.3203647832471,244.39636032194
2,0,0,3,0.0,0.0,0.0
2,0,0,3,0.0055192545417982,44.7205106700315,2362.56797974367
2,0,0,3,0.0026782755365818,23.9995636287298,876.524547519986
2,0,0,3,0.0,0.0,0.0
2,0,0,3,0.0,0.0,0.0
2,0,0,3,0.0075453084132582,29.6916061145436,485.084061676076
2,0,0,3,0.0,0.0,0.0
2,0,0,3,0.0,0.0,0.0
2,0,0,3,0.0,0.0,0.0
