cost_model,startup,shutdown,n_coefficients,coeff_n,coeff1,coeff0
2,0,0,3,0.0,0.0,0.0
2,0,0,3,0.0,0.0,0.0
2,0,0,3,0.0,0.0,0.0
2,0,0,3,0.0,0.0,0.0
2,0,0,3,0.0038781262772779,26.620159674253,687.790327417306
2,0,0,3,0.0,0.0,0.0
2,0,0,3,0.0,0.0,0.0
2,0,0,3,0.003670707861629,24.3340689091662,555.294113753734
2,0,0,3,0.0,0.0,0.0
2,0,0,3,0.0,0.0,0.0
2,0,0,3,0.0,0.0,0.0
2,0,0,3,0.0,0.0,0.0
2,0,0,3,0.0,0.0,0.0
2,0,0,3,0.007949685943304,23.7404779902147,326.712661697672
2,0,0,3,0.0039091660508333,30.3172448186464,3750.62986839331
2,0,0,3,0.0078103908525904,55.425003618432,173.218448889097
2,0,0,3,0.0,0.0,0.0
2,0,0,3,0.0038769404772256,48.8319655833326,399.561946118424
2,0,0,3,0.0,0.0,0.0
2,0,0,3,0.0076731900250665,31.686916806018,1268.36225659203
2,0,0,3,0.0,0.0,0.0
2,0,0,3,0.0,0.0,0.0
2,0,0,3,0.0028978640679206,31.8008990440166,366.891401215528
2,0,0,3,0.0078643168705115,36.8237679763446,303.26590004483
2,0,0,3,0.0,0.0,0.0
2,0,0,3,0.0,0.0,0.0
2,0,0,3,0.0,0.0,0.0
2,0,0,3,0.0,0.0,0.0
2,0,0,3,0.0044056872903199,37.0954537739167,348.851303912249
2,0,0,3,0.0069481475690818,45.6224085580333,405.362663006105
2,0,0,3,0.0026936119695113,38.5146415580854,524.428604118226
2,0,0,3,0.0,0.0,0.0
2,0,0,3,0.0,0.0,0.0
2,0,0,3,0.0065792813981805,49.0962119675287,1117.12522305164
2,0,0,3,0.0054454270673077,34.6157366422345,447.310797354957
