cost_model,startup,shutdown,n_coefficients,coeff_n,coeff1,coeff0
2,0,0,3,0.0043666540123516,50.8439601270892,279.400643188273
2,0,0,3,0.0,0.0,0.0
2,0,0,3,0.0,0.0,0.0
2,0,0,3,0.0035252039072419,31.3417235528943,1753.08139642429
2,0,0,3,0.0056312119573475,53.0403728745029,92.650514709256
2,0,0,3,0.0032329876644388,37.7119997629725,3772.05599581511
2,0,0,3,0.0,0.0,0.0
2,0,0,3,0.0,0.0,0.0
2,0,0,3,0.0,0.0,0.0
2,0,0,3,0.0,0.0,0.0
2,0,0,3,0.0050427919272265,46.096073329371,878.753735291801
2,0,0,3,0.0,0.0,0.0
2,0,0,3,0.0043249570377793,26.684017796036,562.60073861744
2,0,0,3,0.002654489019704,32.1293800479589,826.375651986921
2,0,0,3,0.0,0.0,0.0
2,0,0,3,0.0049706202961417,32.6188199732786,421.447912253405
2,0,0,3,0.0,0.0,0.0
2,0,0,3,0.0029012780243168,33.5743418237046,176.257468347269
2,0,0,3,0.0,0.0,0.0
2,0,0,3,0.0,0.0,0.0
2,0,0,3,0.0,0.0,0.0
2,0,0,3,0.0,0.0,0.0
2,0,0,3,0.0,0.0,0.0
2,0,0,3,0.0,0.0,0.0
2,0,0,3,0.0,0.0,0.0
2,0,0,3,0.0,0.0,0.0
2,0,0,3,0.0077374123796503,49.1778098088566,1470.92338192515
2,0,0,3,0.0026376275262279,47.2559681261456,2928.40859474036
2,0,0,3,0.0054481475359506,24.6504146801896,168.747181613183
2,0,0,3,0.0,0.0,0.0
2,0,0,3,0.0070514987082221,55.7542938344038,387.169313176465
