cost_model,startup,shutdown,n_coefficients,coeff_n,coeff1,coeff0
2,0,0,3,0.0037191863092935,49.0046677895594,3006.7531919893
2,0,0,3,0.0,0.0,0.0
2,0,0,3,0.0,0.0,0.0
2,0,0,3,0.003903179380987,53.4306797931656,1830.71035890629
2,0,0,3,0.0067201741210555,43.197072103875,263.711490276476
2,0,0,3,0.0,0.0,0.0
2,0,0,3,0.0,0.0,0.0
2,0,0,3,0.0,0.0,0.0
2,0,0,3,0.0058955809557353,41.6647704671942,1711.18832649412
2,0,0,3,0.0,0.0,0.0
2,0,0,3,0.0029906400927244,23.740903915893,406.6429255293
2,0,0,3,0.0024226305878624,34.4677291524473,1708.56003314763
2,0,0,3,0.0,0.0,0.0
2,0,0,3,0.0078210440814366,38.9456036146589,568.713960112706
2,0,0,3,0.0,0.0,0.0
2,0,0,3,0.0037347312722225,34.9636164601006,2382.30012995809
2,0,0,3,0.0,0.0,0.0
2,0,0,3,0.0055267463696723,56.8738436889213,186.150616397202
2,0,0,3,0.0,0.0,0.0
2,0,0,3,0.0,0.0,0.0
2,0,0,3,0.0,0.0,0.0
2,0,0,3,0.0034333172303791,53.8513645136076,555.07216556346
2,0,0,3,0.0,0.0,0.0
2,0,0,3,0.0,0.0,0.0
2,0,0,3,0.0,0.0,0.0
2,0,0,3,0.0,0.0,0.0
2,0,0,3,0.0040961311582822,45.6206196705779,446.174229766135
2,0,0,3,0.0045804159027137,40.2861141028053,308.915717027192
2,0,0,3,0.0,0.0,0.0
2,0,0,3,0.0,0.0,0.0
2,0,0,3,0.0058467490338356,41.4141405488008,244.326619183711
