cost_model,startup,shutdown,n_coefficients,coeff_n,coeff1,coeff0
2,0,0,3,0.007851557008636,54.31484091017,398.062879186474
2,0,0,3,0.003165642604863,37.633847493569,407.584163631962
2,0,0,3,0.0028110928881097,40.3322270757473,3194.99939602518
2,0,0,3,0.0072594879765933,55.0347520337652,246.789816423818
2,0,0,3,0.0,0.0,0.0
2,0,0,3,0.0,0.0,0.0
2,0,0,3,0.0067084186188309,50.1915469356419,3208.31618068782
2,0,0,3,0.0056861124663072,25.7147931454952,237.273878572506
2,0,0,3,0.0,0.0,0.0
2,0,0,3,0.0,0.0,0.0
2,0,0,3,0.003186466990828,24.8318779422649,2619.5143642765
2,0,0,3,0.0,0.0,0.0
2,0,0,3,0.0,0.0,0.0
2,0,0,3,0.0068575586400858,25.1495339140979,3252.06973797793
2,0,0,3,0.0,0.0,0.0
2,0,0,3,0.0,0.0,0.0
2,0,0,3,0.0,0.0,0.0
2,0,0,3,0.0,0.0,0.0
2,0,0,3,0.0,0.0,0.0
2,0,0,3,0.0,0.0,0.0
2,0,0,3,0.0,0.0,0.0
2,0,0,3,0.0,0.0,0.0
2,0,0,3,0.0,0.0,0.0
2,0,0,3,0.0,0.0,0.0
2,0,0,3,0.0055038523622076,27.8976858286949,41.9857412748149
2,0,0,3,0.0038280819338977,53.7810512297441,302.435782377351
2,0,0,3,0.0032014007826163,50.5140884914099,445.322080424355
2,0,0,3,0.0037631659662842,44.2737199819495,454.838243196531
2,0,0,3,0.0,0.0,0.0
2,0,0,3,0.0,0.0,0.0
2,0,0,3,0.005172826383814,38.7217065978867,502.057457898093
