bus_number,P_output,Q_output,voltage_mag,gen_status,P_max,P_min
1,390.377065536175,0,1,1,393.765809551649,0
6,0.241675678634247,0,1,1,142.754959541048,0
11,573.407820045581,0,1,1,573.407820045581,0
14,1140.25393328573,0,1,1,1569.3616181282,0
15,103.726863529507,0,1,1,103.726863529507,0
18,462.826247904928,0,1,1,462.826247904949,0
21,8.72417660063843e-13,0,1,1,291.959349127202,0
33,636.296627768218,0,1,1,636.296627768219,0
43,181.609012873782,0,1,1,181.609012873782,0
44,169.56634947621,0,1,1,169.56634947621,0
45,580.99298797592,0,1,1,1486.42259407809,0
59,49.0273780718895,0,1,1,49.0273780718897,0
61,186.349694445906,0,1,1,186.349694445907,0
63,381.645016742134,0,1,1,381.645016742134,0
65,0.0,0,1,0,1058.6119997166,0
73,27.746238316344,0,1,1,27.7462383163442,0
77,137.95877812597,0,1,1,137.958778125971,0
81,30.6557304576076,0,1,1,30.6557304576078,0
83,307.714679763662,0,1,1,307.714679763664,0
84,31.9001559370533,0,1,1,208.60821647661,0
86,36.0620265979911,0,1,1,36.0620265979913,0
87,0.0,0,1,0,682.942732499979,0
94,996.615938107559,0,1,1,996.615938107559,0
97,257.396270508878,0,1,1,257.396270508878,0
99,37.0083888989102,0,1,1,37.0083888989104,0
109,128.188815563342,0,1,1,128.188815563343,0
117,93.6730704539884,0,1,1,93.6730704539886,0
