cost_model,startup,shutdown,n_coefficients,coeff_n,coeff1,coeff0
2,0,0,3,0.0,0.0,0.0
2,0,0,3,0.0030427228719517,24.2812408350356,2060.3253907023
2,0,0,3,0.0,0.0,0.0
2,0,0,3,0.0,0.0,0.0
2,0,0,3,0.0,0.0,0.0
2,0,0,3,0.0,0.0,0.0
2,0,0,3,0.0,0.0,0.0
2,0,0,3,0.0,0.0,0.0
2,0,0,3,0.0,0.0,0.0
2,0,0,3,0.002559169970925,27.0594802518522,195.734867099369
2,0,0,3,0.0,0.0,0.0
2,0,0,3,0.0046084636365455,41.4560185570305,185.241586055788
2,0,0,3,0.0027814635944315,32.0184551526739,2007.90314942158
2,0,0,3,0.0,0.0,0.0
2,0,0,3,0.0078525135859758,32.0648869556129,71.311085603323
2,0,0,3,0.0,0.0,0.0
2,0,0,3,0.0,0.0,0.0
2,0,0,3,0.0030452519284145,27.2564533522225,581.029722132142
2,0,0,3,0.0,0.0,0.0
2,0,0,3,0.0059656847267326,27.0839204720417,3591.81142366441
2,0,0,3,0.0062867716181358,40.0190232729136,251.999634332595
2,0,0,3,0.0075672513471236,42.6853209685547,309.466823609423
2,0,0,3,0.0078665762515786,24.3791286634442,91.0854686073137
2,0,0,3,0.0,0.0,0.0
2,0,0,3,0.0,0.0,0.0
2,0,0,3,0.0,0.0,0.0
