bus_number,P_output,Q_output,voltage_mag,gen_status,P_max,P_min
2,80.0249324399566,0,1,1,306.897544041608,0
12,696.533006276982,0,1,1,696.533006281321,0
14,102.409380275565,0,1,1,187.703014039488,0
16,1721.70124436731,0,1,1,2010.57121552558,0
17,137.888918296735,0,1,1,137.888918317687,0
18,0.0,0,1,0,798.420703694243,0
26,0.0,0,1,0,459.499138603261,0
30,38.0064199594097,0,1,1,38.0064199700433,0
33,79.4162957957136,0,1,1,138.833941709105,0
63,211.420727092932,0,1,1,211.420727113693,0
66,0.0,0,1,0,665.110071594046,0
67,2.83822917824389e-10,0,1,1,126.049852879861,0
74,2.38274930045739e-08,0,1,1,63.4844432654221,0
76,130.955787060472,0,1,1,498.923691686488,0
86,1.64775029137138e-08,0,1,1,7.32814689481987,0
88,8.71696146406432e-10,0,1,1,4.41845093104212,0
93,1629.04950438921,0,1,1,1765.44619581889,0
95,3.24362931529442e-08,0,1,1,464.60950812809,0
99,596.03989867922,0,1,1,731.288318003723,0
101,311.575225003094,0,1,1,311.575225333918,0
103,1.55448600859777e-08,0,1,1,32.6886618494724,0
104,55.190341417856,0,1,1,55.1903414333158,0
105,299.775002060135,0,1,1,299.775002091316,0
107,203.327949966781,0,1,1,203.327949980089,0
108,2.20713120983704e-08,0,1,1,236.956631553178,0
110,127.138261966273,0,1,1,127.138262192526,0
118,1.89378862236919e-08,0,1,1,52.8168438395862,0
