cost_model,startup,shutdown,n_coefficients,coeff_n,coeff1,coeff0
2,0,0,3,0.0056901207480084,26.3247244047455,3460.04578641506
2,0,0,3,0.0,0.0,0.0
2,0,0,3,0.0,0.0,0.0
2,0,0,3,0.0,0.0,0.0
2,0,0,3,0.0,0.0,0.0
2,0,0,3,0.0,0.0,0.0
2,0,0,3,0.0,0.0,0.0
2,0,0,3,0.002309081756097,45.7063894787494,27.0782100093985
2,0,0,3,0.0,0.0,0.0
2,0,0,3,0.0,0.0,0.0
2,0,0,3,0.004344811704887,41.0064877395017,887.496618426845
2,0,0,3,0.0,0.0,0.0
2,0,0,3,0.0072762234859595,41.8561567558042,2931.19458851445
2,0,0,3,0.0055703098465527,30.1188648015543,3414.25293497924
2,0,0,3,0.0,0.0,0.0
2,0,0,3,0.0077168789059223,33.4651845927855,2699.26604285979
2,0,0,3,0.0,0.0,0.0
2,0,0,3,0.0022502209882248,52.1937956995006,131.657126441995
2,0,0,3,0.0074617923559251,29.2201067442466,273.817922891135
2,0,0,3,0.0075903606654445,36.826282443056,3071.56958434207
2,0,0,3,0.0,0.0,0.0
2,0,0,3,0.0,0.0,0.0
2,0,0,3,0.0,0.0,0.0
2,0,0,3,0.0,0.0,0.0
2,0,0,3,0.0071197765723848,56.5391982434946,33.5466072854846
