cost_model,startup,shutdown,n_coefficients,coeff_n,coeff1,coeff0
2,0,0,3,0.0059607255133752,23.1668542406741,1767.0615157672
2,0,0,3,0.0,0.0,0.0
2,0,0,3,0.00698705045414,49.3472605708177,3013.50699762543
2,0,0,3,0.0,0.0,0.0
2,0,0,3,0.0,0.0,0.0
2,0,0,3,0.0,0.0,0.0
2,0,0,3,0.0032803503800798,34.7054224683344,48.3232597481759
2,0,0,3,0.0,0.0,0.0
2,0,0,3,0.0,0.0,0.0
2,0,0,3,0.0,0.0,0.0
2,0,0,3,0.0024926435723365,27.8594443402165,734.030827491216
2,0,0,3,0.0067568363332401,45.7176139758172,1195.65238585007
2,0,0,3,0.0,0.0,0.0
2,0,0,3,0.0067616537342317,33.1920966525838,50.4472051406765
2,0,0,3,0.0059395570040991,29.4777636441225,581.265204076541
2,0,0,3,0.0,0.0,0.0
2,0,0,3,0.0,0.0,0.0
2,0,0,3,0.0,0.0,0.0
2,0,0,3,0.0042837597032186,33.1462440203109,547.781491321422
2,0,0,3,0.0,0.0,0.0
2,0,0,3,0.0,0.0,0.0
2,0,0,3,0.0,0.0,0.0
2,0,0,3,0.0037675745318714,24.7257832268191,118.127575385261
2,0,0,3,0.0027710531671242,28.7735210713264,379.777302931899
2,0,0,3,0.0039935211494782,50.0690352570992,886.105480475588
2,0,0,3,0.0,0.0,0.0
2,0,0,3,0.0,0.0,0.0
