cost_model,startup,shutdown,n_coefficients,coeff_n,coeff1,coeff0
2,0,0,3,0.0038047680001064,47.1100205224556,1150.51571122063
2,0,0,3,0.0,0.0,0.0
2,0,0,3,0.0072622692218793,26.5209340387848,345.709918901405
2,0,0,3,0.0,0.0,0.0
2,0,0,3,0.0,0.0,0.0
2,0,0,3,0.0,0.0,0.0
2,0,0,3,0.0054109687858692,27.762532833633,511.506477157141
2,0,0,3,0.0,0.0,0.0
2,0,0,3,0.0076038444480693,31.8921428770334,3626.89316032208
2,0,0,3,0.0,0.0,0.0
2,0,0,3,0.0058330757290434,55.6016501193267,1929.9208044276
2,0,0,3,0.0028229286017736,55.9909524344641,533.927514880906
2,0,0,3,0.0033909743659562,47.7346819453041,257.300958420443
2,0,0,3,0.0065399490754962,39.5529861579042,573.445653685628
2,0,0,3,0.0,0.0,0.0
2,0,0,3,0.0,0.0,0.0
2,0,0,3,0.0,0.0,0.0
2,0,0,3,0.0,0.0,0.0
2,0,0,3,0.0041125464066456,39.9160545609855,55.5402968069067
2,0,0,3,0.0,0.0,0.0
2,0,0,3,0.0,0.0,0.0
2,0,0,3,0.0,0.0,0.0
2,0,0,3,0.0,0.0,0.0
2,0,0,3,0.0032757463390012,47.7442781550888,250.36552789674
2,0,0,3,0.0,0.0,0.0
2,0,0,3,0.0045645922346064,30.9304225443171,398.580246197934
2,0,0,3,0.0,0.0,0.0
