cost_model,startup,shutdown,n_coefficients,coeff_n,coeff1,coeff0
2,0,0,3,0.0,0.0,0.0
2,0,0,3,0.0,0.0,0.0
2,0,0,3,0.0074326291086156,54.622517557868,1031.51046560845
2,0,0,3,0.0,0.0,0.0
2,0,0,3,0.0045212022754223,35.1325124666569,3648.1192025558
2,0,0,3,0.0041490707777805,55.6520276074415,87.699608068052
2,0,0,3,0.0022562975559661,50.2356178662577,80.7987323768573
2,0,0,3,0.0,0.0,0.0
2,0,0,3,0.0,0.0,0.0
2,0,0,3,0.0,0.0,0.0
2,0,0,3,0.0,0.0,0.0
2,0,0,3,0.0,0.0,0.0
2,0,0,3,0.0,0.0,0.0
2,0,0,3,0.0,0.0,0.0
2,0,0,3,0.0,0.0,0.0
2,0,0,3,0.0,0.0,0.0
2,0,0,3,0.0,0.0,0.0
2,0,0,3,0.0071006497804191,56.5624563598423,2253.6124242456
2,0,0,3,0.0061283887296215,47.0974631726436,473.530674922614
2,0,0,3,0.0035401929376181,54.4694408080295,232.141853673385
2,0,0,3,0.0075248929370594,38.6653416687293,3542.3043183342
2,0,0,3,0.0,0.0,0.0
2,0,0,3,0.0,0.0,0.0
2,0,0,3,0.003567497843303,38.9988992946575,215.942407122004
2,0,0,3,0.007908280467196,27.208122905335,1806.91493180586
