cost_model,startup,shutdown,n_coefficients,coeff_n,coeff1,coeff0
2,0,0,3,0.0,0.0,0.0
2,0,0,3,0.0,0.0,0.0
2,0,0,3,0.0,0.0,0.0
2,0,0,3,0.0,0.0,0.0
2,0,0,3,0.0,0.0,0.0
2,0,0,3,0.0,0.0,0.0
2,0,0,3,0.0064360419411462,54.1735771320934,243.458489704121
2,0,0,3,0.0,0.0,0.0
2,0,0,3,0.0021883217607385,50.4463274250935,396.521677772131
2,0,0,3,0.0,0.0,0.0
2,0,0,3,0.0,0.0,0.0
2,0,0,3,0.0063879434875584,51.3032498030992,920.130563766959
2,0,0,3,0.0024717097110927,33.2558874278605,358.460876828633
2,0,0,3,0.0045122786528355,51.007468381973,584.987369392462
2,0,0,3,0.0036519719749181,34.2760846321231,3179.59206206358
2,0,0,3,0.0,0.0,0.0
2,0,0,3,0.0,0.0,0.0
2,0,0,3,0.0057523163063088,41.580125355747,1.36109909900779
2,0,0,3,0.0,0.0,0.0
2,0,0,3,0.0022596952197863,28.0020098754687,2359.92744764782
2,0,0,3,0.004242667147144,54.1604123357275,2559.94467835114
2,0,0,3,0.0,0.0,0.0
2,0,0,3,0.0,0.0,0.0
2,0,0,3,0.0,0.0,0.0
2,0,0,3,0.0025523800365733,43.6275264022811,2488.04201162631
2,0,0,3,0.0043490042095903,24.0895579912167,2317.85930127763
2,0,0,3,0.0,0.0,0.0
