bus_number,P_output,Q_output,voltage_mag,gen_status,P_max,P_min
2,0.0,0,1,0,264.237877788347,0
8,1721.33830275138,0,1,1,1721.33830275231,0
11,0.0,0,1,0,482.512773081057,0
13,237.037990095344,0,1,1,237.03799009548,0
23,114.269417369058,0,1,1,114.269417369208,0
25,0.0,0,1,0,420.855678243621,0
26,107.857771866143,0,1,1,107.857771866321,0
31,6.10473969873656e-10,0,1,1,91.4527838869557,0
34,90.1681469392709,0,1,1,90.168146939759,0
36,0.0,0,1,0,362.600005008345,0
41,1604.19695884933,0,1,1,1604.19695884933,0
43,0.0,0,1,0,497.803093330042,0
50,67.7046084818577,0,1,1,190.967426359376,0
61,199.574141594459,0,1,1,199.574141594596,0
63,398.411174062822,0,1,1,544.32814486236,0
64,0.0,0,1,0,645.339959324892,0
70,0.0,0,1,0,413.234902719409,0
71,0.0,0,1,0,237.105449196707,0
74,1378.8324952896,0,1,1,1378.8324952896,0
94,0.0,0,1,0,14.4593096886203,0
101,8.91029935206858,0,1,1,8.91029935206858,0
104,32.3632718763479,0,1,1,214.450473737416,0
111,0.0,0,1,0,259.43694872784,0
112,342.316396342579,0,1,1,408.937874101212,0
115,7.79846087207771e-11,0,1,1,121.99400260692,0
