cost_model,startup,shutdown,n_coefficients,coeff_n,coeff1,coeff0
2,0,0,3,0.0,0.0,0.0
2,0,0,3,0.0,0.0,0.0
2,0,0,3,0.0,0.0,0.0
2,0,0,3,0.0047757368085879,37.9120226853418,2998.33207952755
2,0,0,3,0.0029255353585285,54.4667947363034,402.966737413707
2,0,0,3,0.0,0.0,0.0
2,0,0,3,0.0,0.0,0.0
2,0,0,3,0.0068891584895389,52.2023982039466,3037.85018550107
2,0,0,3,0.0060850898146482,23.289686614849,1316.5910392667
2,0,0,3,0.0,0.0,0.0
2,0,0,3,0.0,0.0,0.0
2,0,0,3,0.0054794120092943,40.408472169461,817.176193638423
2,0,0,3,0.0,0.0,0.0
2,0,0,3,0.0038442634019808,51.7311731495293,2606.32758559294
2,0,0,3,0.0070821629562805,56.1374662982868,447.517276218567
2,0,0,3,0.0,0.0,0.0
2,0,0,3,0.0,0.0,0.0
2,0,0,3,0.0,0.0,0.0
2,0,0,3,0.0,0.0,0.0
2,0,0,3,0.0040332934919204,38.066747430149,1588.77384976782
2,0,0,3,0.0,0.0,0.0
2,0,0,3,0.0,0.0,0.0
2,0,0,3,0.0035797937155162,23.5461978313069,70.2895757477339
2,0,0,3,0.006924756526386,52.6297130008017,3576.64752271064
2,0,0,3,0.0055747628142845,23.791665740886,84.2725852233552
2,0,0,3,0.005998291038644,26.8958864203844,3354.02545788926
2,0,0,3,0.0,0.0,0.0
2,0,0,3,0.0,0.0,0.0
2,0,0,3,0.0,0.0,0.0
2,0,0,3,0.0,0.0,0.0
