cost_model,startup,shutdown,n_coefficients,coeff_n,coeff1,coeff0
2,0,0,3,0.0021236240865301,52.9356982831757,1196.21578047603
2,0,0,3,0.0,0.0,0.0
2,0,0,3,0.0,0.0,0.0
2,0,0,3,0.0065846408442866,38.8259413710361,2125.45105105397
2,0,0,3,0.0,0.0,0.0
2,0,0,3,0.0033947628919822,34.5844802014835,515.020461641469
2,0,0,3,0.0,0.0,0.0
2,0,0,3,0.0,0.0,0.0
2,0,0,3,0.0066288279737319,33.7320629262417,3782.88252757728
2,0,0,3,0.0,0.0,0.0
2,0,0,3,0.0057829640649385,27.4055050539032,2116.02255897624
2,0,0,3,0.0,0.0,0.0
2,0,0,3,0.0,0.0,0.0
2,0,0,3,0.0078544605758417,40.411266634248,2738.04016675089
2,0,0,3,0.0,0.0,0.0
2,0,0,3,0.0072074407721322,42.4647383315,165.541408836288
2,0,0,3,0.0028445904093201,27.9551880666937,1381.46032352948
2,0,0,3,0.0,0.0,0.0
2,0,0,3,0.0,0.0,0.0
2,0,0,3,0.0,0.0,0.0
2,0,0,3,0.0,0.0,0.0
2,0,0,3,0.0024391686204593,48.5758348318899,250.938207803767
2,0,0,3,0.0050836201023393,31.4773153797317,75.8831425574133
2,0,0,3,0.0,0.0,0.0
2,0,0,3,0.0,0.0,0.0
