cost_model,startup,shutdown,n_coefficients,coeff_n,coeff1,coeff0
2,0,0,3,0.0021260187031588,32.1208576864166,940.641442375295
2,0,0,3,0.0054879570211694,37.3791232934523,131.150887001913
2,0,0,3,0.0,0.0,0.0
2,0,0,3,0.0023273400890848,23.3587872894656,379.131730701834
2,0,0,3,0.0029363405036287,34.9974522867254,852.288124127897
2,0,0,3,0.0,0.0,0.0
2,0,0,3,0.0023326634490443,29.1890136387742,164.409726305369
2,0,0,3,0.0,0.0,0.0
2,0,0,3,0.0,0.0,0.0
2,0,0,3,0.0,0.0,0.0
2,0,0,3,0.0,0.0,0.0
2,0,0,3,0.0,0.0,0.0
2,0,0,3,0.0,0.0,0.0
2,0,0,3,0.0,0.0,0.0
2,0,0,3,0.0065595010411975,39.1285670077226,144.847640160826
2,0,0,3,0.0077852504650421,28.8729574699718,532.500241713361
2,0,0,3,0.0,0.0,0.0
2,0,0,3,0.0,0.0,0.0
2,0,0,3,0.0,0.0,0.0
2,0,0,3,0.0024388170160505,24.7724814629863,466.940597769317
2,0,0,3,0.0,0.0,0.0
2,0,0,3,0.0,0.0,0.0
2,0,0,3,0.0,0.0,0.0
2,0,0,3,0.0,0.0,0.0
2,0,0,3,0.0,0.0,0.0
2,0,0,3,0.0039757781434781,52.8646457526973,1585.95321550827
2,0,0,3,0.0039117026565984,32.5194028013108,3776.77367729009
2,0,0,3,0.0071173712779776,26.0428578178337,2955.45650665815
2,0,0,3,0.0,0.0,0.0
